CASE_ID,ACCIDENT_YEAR,PROC_DATE,JURIS,COLLISION_DATE,COLLISION_TIME,OFFICER_ID,REPORTING_DISTRICT,DAY_OF_WEEK,CHP_SHIFT,POPULATION,CNTY_CITY_LOC,SPECIAL_COND,BEAT_TYPE,CHP_BEAT_TYPE,CITY_DIVISION_LAPD,CHP_BEAT_CLASS,BEAT_NUMBER,PRIMARY_RD,SECONDARY_RD,DISTANCE,DIRECTION,INTERSECTION,WEATHER_1,WEATHER_2,STATE_HWY_IND,CALTRANS_COUNTY,CALTRANS_DISTRICT,STATE_ROUTE,ROUTE_SUFFIX,POSTMILE_PREFIX,POSTMILE,LOCATION_TYPE,RAMP_INTERSECTION,SIDE_OF_HWY,TOW_AWAY,COLLISION_SEVERITY,NUMBER_KILLED,NUMBER_INJURED,PARTY_COUNT,PRIMARY_COLL_FACTOR,PCF_CODE_OF_VIOL,PCF_VIOL_CATEGORY,PCF_VIOLATION,PCF_VIOL_SUBSECTION,HIT_AND_RUN,TYPE_OF_COLLISION,MVIW,PED_ACTION,ROAD_SURFACE,ROAD_COND_1,ROAD_COND_2,LIGHTING,CONTROL_DEVICE,CHP_ROAD_TYPE,PEDESTRIAN_ACCIDENT,BICYCLE_ACCIDENT,MOTORCYCLE_ACCIDENT,TRUCK_ACCIDENT,NOT_PRIVATE_PROPERTY,ALCOHOL_INVOLVED,STWD_VEHTYPE_AT_FAULT,CHP_VEHTYPE_AT_FAULT,COUNT_SEVERE_INJ,COUNT_VISIBLE_INJ,COUNT_COMPLAINT_PAIN,COUNT_PED_KILLED,COUNT_PED_INJURED,COUNT_BICYCLIST_KILLED,COUNT_BICYCLIST_INJURED,COUNT_MC_KILLED,COUNT_MC_INJURED,PRIMARY_RAMP,SECONDARY_RAMP,LATITUDE,LONGITUDE,COUNTY,CITY,POINT_X,POINT_Y
92080989,2023,2023-05-30,9525,2023-05-20,1730,023132,NA,6,2,5,1906,0,1,1,NA,2,103,I-10 W/B (SAN BERNARDINO FWY),FRAZIER ST.,528,E,N,A,-,Y,LA,NA,10,NA,NA,31.816,H,NA,L,Y,4,0,1,3,A,-,03,22350,NA,N,C,C,A,A,H,-,A,D,0,NA,NA,NA,NA,Y,NA,A,01,0,0,1,0,0,0,0,0,0,-,-,34.066871643066406,-117.98841094970705,LOS ANGELES,BALDWIN PARK,-117.98838043212892,34.066734313964844
92080993,2023,2023-05-30,9580,2023-05-20,2350,022755,NA,6,3,7,1942,0,1,2,NA,2,104,US-101 N/B (VENTURA FREEWAY),RESEDA BLVD,500,N,N,A,-,Y,LA,NA,101,NA,NA,21.562,H,NA,R,Y,4,0,2,2,A,-,03,22350,NA,N,C,C,A,A,H,-,D,D,0,NA,NA,NA,NA,Y,NA,A,01,0,0,2,0,0,0,0,0,0,-,-,34.173458099365234,-118.54120635986328,LOS ANGELES,LOS ANGELES,-118.54120635986328,34.17345428466797
92081004,2023,2023-05-30,9525,2023-05-20,1753,022627,NA,6,2,5,1990,0,1,3,NA,2,574,SR-57 N/B (ORANGE FWY),BREA CANYON RD,475,S,N,A,-,Y,LA,NA,57,NA,R,0.792,H,NA,R,N,4,0,2,2,A,-,03,22350,NA,M,C,C,A,A,H,-,A,D,0,NA,NA,NA,NA,Y,NA,D,22,0,0,2,0,0,0,0,0,0,-,-,33.95616912841797,-117.86134338378906,LOS ANGELES,DIAMOND BAR,-117.8612060546875,33.956111907958984
92081012,2023,2023-05-30,9580,2023-05-21,1240,023101,NA,7,1,9,1900,0,3,5,NA,1,020,OLD TOPANGA CANYON RD,ADAMSVILLE AVENUE,5280,W,N,A,-,Y,NA,NA,NA,NA,NA,NA,NA,NA,NA,Y,4,0,2,2,A,-,05,21460,A,N,B,C,A,A,H,-,A,D,0,NA,NA,NA,NA,Y,NA,A,07,0,0,2,0,0,0,0,0,0,-,-,34.122928619384766,-118.63134765625,LOS ANGELES,UNINCORPORATED,NA,NA
92081024,2023,2023-05-30,9550,2023-05-17,915,018187,NA,3,1,9,1900,0,2,4,NA,1,012,WASHINGTON BL,GRETNA AVE,0,NA,Y,B,-,N,NA,NA,NA,NA,NA,NA,NA,NA,NA,N,4,0,1,3,A,-,09,21801,A,N,D,C,A,A,H,-,A,D,0,NA,NA,NA,NA,Y,NA,A,07,0,0,1,0,0,0,0,0,0,-,-,33.9705696105957,-118.06510925292967,LOS ANGELES,UNINCORPORATED,-118.06504058837892,33.97056198120117
92081047,2023,2023-05-30,9545,2023-05-22,1800,022558,NA,1,2,9,1900,0,3,5,NA,2,001,LANCASTER RD,170TH ST  W,1675,E,N,A,-,N,NA,NA,NA,NA,NA,NA,NA,NA,NA,Y,4,0,2,1,A,-,03,22350,NA,N,E,I,A,A,H,-,A,D,0,NA,NA,NA,NA,Y,NA,A,01,0,0,2,0,0,0,0,0,0,-,-,34.73862075805664,-118.42571258544922,LOS ANGELES,UNINCORPORATED,-118.42577362060548,34.73865509033203
92081067,2023,2023-05-30,9525,2023-05-18,1555,019188,NA,4,2,9,1900,0,2,4,NA,2,022,BARRANCA AVE,ARROW HIGHWAY,0,NA,Y,A,-,N,NA,NA,NA,NA,NA,NA,NA,NA,NA,Y,2,0,1,2,A,-,09,21801,A,N,D,C,A,A,H,-,A,A,0,NA,NA,Y,NA,Y,NA,A,01,1,0,0,0,0,0,0,0,1,-,-,34.10667037963867,-117.88144683837892,LOS ANGELES,UNINCORPORATED,-117.88150787353516,34.10667037963867
92081083,2023,2023-05-30,9545,2023-05-24,1905,020244,NA,3,2,9,1900,0,3,5,NA,2,003,ANGELES FOREST HWY,ALISO CANYON RD,6336,S,N,A,-,N,NA,NA,NA,NA,NA,NA,NA,NA,NA,N,3,0,1,1,A,-,03,22350,NA,N,F,A,A,A,H,-,A,D,0,NA,NA,NA,NA,Y,NA,A,07,0,1,0,0,0,0,0,0,0,-,-,34.403411865234375,-118.07553863525392,LOS ANGELES,UNINCORPORATED,-118.0768585205078,34.4041633605957
92081085,2023,2023-05-30,9575,2023-05-14,2140,023204,NA,7,2,9,1900,0,2,4,NA,2,084,DUARTE ROAD (9000 BLOCK),ROSEMEAD BOULEVARD,30,E,N,A,-,N,NA,NA,NA,NA,NA,NA,NA,NA,NA,Y,2,0,2,2,A,-,01,23152,A,F,C,C,A,A,H,-,C,A,0,NA,NA,NA,NA,Y,Y,A,07,1,1,0,0,0,0,0,0,0,-,-,34.123130798339844,-118.0727081298828,LOS ANGELES,UNINCORPORATED,-118.07281494140624,34.1230354309082
92081098,2023,2023-05-30,9545,2023-05-26,145,021434,NA,5,3,9,1900,0,1,3,NA,2,031,SR-14 S/B,SANTIAGO ROAD,528,N,N,A,G,Y,LA,NA,14,NA,R,51.244,H,NA,L,N,3,0,1,1,A,-,01,23152,A,N,E,I,A,A,H,-,D,D,0,NA,NA,NA,NA,Y,Y,A,01,0,1,0,0,0,0,0,0,0,-,-,34.48577880859375,-118.15534210205078,LOS ANGELES,UNINCORPORATED,-118.15534210205078,34.48576354980469
92081108,2023,2023-05-30,9580,2023-05-22,1655,021607,NA,1,2,9,1900,0,1,3,NA,1,271,OLD TOPANGA CANYON RD,MONTE VISTA DR,4752,N,N,A,-,N,NA,NA,NA,NA,NA,NA,NA,NA,NA,Y,3,0,1,1,A,-,08,22107,NA,N,E,J,A,A,H,-,A,D,0,NA,NA,NA,NA,Y,NA,A,01,0,1,0,0,0,0,0,0,0,-,-,34.10074996948242,-118.6196517944336,LOS ANGELES,UNINCORPORATED,-118.61880493164064,34.10028076171875
92081114,2023,2023-05-30,9575,2023-05-19,1915,022526,NA,5,2,7,1942,0,1,1,NA,2,050,I-5 N/B (GOLDEN STATE FREEWAY),ZOO DRIVE,468,S,N,A,-,Y,LA,NA,5,NA,NA,26.375,H,NA,R,N,4,0,1,1,C,-,18,NA,NA,N,E,J,A,A,H,-,A,D,0,NA,NA,NA,NA,Y,NA,-,-,0,0,1,0,0,0,0,0,0,-,-,34.14936065673828,-118.27970123291016,LOS ANGELES,LOS ANGELES,-118.27977752685548,34.149330139160156
92081130,2023,2023-05-30,9550,2023-05-24,820,020014,NA,3,1,9,1900,0,3,5,NA,2,002,IMPERIAL HWY,CARMENITA RD,40,W,N,B,-,N,NA,NA,NA,NA,NA,NA,NA,NA,NA,N,4,0,1,2,A,-,03,22350,NA,N,C,C,A,A,H,-,A,D,0,NA,NA,NA,NA,Y,NA,D,22,0,0,1,0,0,0,0,0,0,-,-,33.91691970825195,-118.04702758789064,LOS ANGELES,UNINCORPORATED,-118.04694366455078,33.91694641113281
92081142,2023,2023-05-30,9540,2023-05-24,1510,021124,NA,3,2,7,1942,0,1,1,NA,1,503,I-5 SB (GOLDEN STATE FREEWAY),ROXFORD STREET,1300,N,N,A,-,Y,LA,NA,5,NA,NA,42.911,H,NA,L,Y,3,0,2,2,A,-,08,22107,NA,N,B,2,A,A,H,-,A,D,0,NA,NA,NA,NA,Y,NA,A,01,0,1,1,0,0,0,0,0,0,-,-,34.30617904663086,-118.48246002197266,LOS ANGELES,LOS ANGELES,-118.48251342773438,34.30614471435547
92081149,2023,2023-06-23,9580,2023-05-26,2010,018583,NA,5,2,9,1900,0,2,4,NA,1,128,KANAN RD,TRIUNFO CANYON RD,5,S,N,B,-,N,NA,NA,NA,NA,NA,NA,NA,NA,NA,N,4,0,1,1,A,-,08,22107,NA,N,E,8,A,A,H,-,C,A,0,NA,NA,NA,NA,Y,NA,A,01,0,0,1,0,0,0,0,0,0,-,-,34.118648529052734,-118.78703308105467,LOS ANGELES,UNINCORPORATED,-118.7869873046875,34.118473052978516
92081153,2023,2023-05-30,9545,2023-05-27,715,016124,NA,6,1,9,1900,0,3,5,NA,2,004,96TH STREET EAST,AVENUE T,90,N,N,A,-,N,NA,NA,NA,NA,NA,NA,NA,NA,NA,N,4,0,1,1,A,-,08,22107,NA,N,E,I,A,A,H,-,A,D,0,NA,NA,NA,NA,Y,NA,D,22,0,0,1,0,0,0,0,0,0,-,-,34.54391098022461,-117.95809173583984,LOS ANGELES,UNINCORPORATED,-117.95812225341795,34.54318618774414
92081156,2023,2023-05-30,9580,2023-05-26,1000,023181,NA,5,1,7,1942,0,1,2,NA,2,100,US-101 N/B (HOLLYWOOD FREEWAY),VINELAND AVE,528,N,N,A,-,Y,LA,NA,101,NA,NA,11.192,H,NA,R,N,4,0,1,2,A,-,08,22107,NA,N,C,C,A,A,H,-,A,D,0,NA,NA,NA,NA,Y,NA,A,07,0,0,1,0,0,0,0,0,0,-,-,34.14768981933594,-118.37117004394533,LOS ANGELES,LOS ANGELES,-118.37120056152344,34.14765930175781
92081169,2023,2023-05-30,9565,2023-04-09,52,021951,NA,7,3,4,1918,0,1,1,NA,2,061,I-405 N/B (SAN DIEGO FREEWAY),CULVER BOULEVARD,283,S,N,A,-,Y,LA,NA,405,NA,NA,27.147,H,NA,R,Y,1,1,0,2,A,-,03,22350,NA,N,C,C,A,A,H,-,C,D,0,NA,NA,Y,NA,Y,NA,C,02,0,0,0,0,0,0,0,1,0,-,-,34.00244140625,-118.41050720214844,LOS ANGELES,CULVER CITY,-118.41056823730467,34.00240707397461
92081170,2023,2023-05-30,9525,2023-05-22,1500,023132,NA,1,2,4,1937,0,3,5,NA,2,004,WORKMAN MILL RD,3RD AVE,0,NA,Y,A,-,N,NA,NA,NA,NA,NA,NA,NA,NA,NA,Y,4,0,3,2,A,-,12,21453,A,N,D,C,A,A,H,-,A,A,0,NA,NA,NA,NA,Y,NA,A,01,0,0,3,0,0,0,0,0,0,-,-,34.04359817504883,-117.99085235595705,LOS ANGELES,LA PUENTE,-117.99086761474608,34.04347229003906
92081179,2023,2023-05-30,9580,2023-05-26,950,023181,NA,5,1,7,1942,0,1,2,NA,2,100,US-101 N/B (HOLLYWOOD FREEWAY),VINELAND AVE,528,N,N,A,-,Y,LA,NA,101,NA,NA,11.194,H,NA,R,Y,4,0,3,2,A,-,08,22107,NA,N,E,I,A,A,H,-,A,D,0,NA,NA,NA,NA,Y,NA,-,-,0,0,3,0,0,0,0,0,0,-,-,34.147621154785156,-118.3712921142578,LOS ANGELES,LOS ANGELES,-118.37123107910156,34.14767837524414
92081207,2023,2023-05-30,9525,2023-05-22,1625,022183,NA,1,2,9,1900,0,3,5,NA,2,003,MAPLEGROVE ST (15700 BLOCK),GRIFFITH AVE,30,E,N,A,-,N,NA,NA,NA,NA,NA,NA,NA,NA,NA,N,4,0,1,2,A,-,03,22350,NA,N,C,C,A,A,H,-,A,A,0,NA,NA,NA,NA,Y,NA,A,07,0,0,1,0,0,0,0,0,0,-,-,34.0452995300293,-117.9429168701172,LOS ANGELES,UNINCORPORATED,-117.94300842285156,34.045284271240234
92081214,2023,2023-05-30,9580,2023-05-25,2322,023213,NA,4,3,7,1942,0,1,3,NA,2,171,SR-170 S/B (HOLLYWOOD FWY) TO VICTORY BLVD W/B,VICTORY BLVD,875,N,N,B,-,Y,NA,NA,NA,NA,NA,NA,NA,NA,NA,N,4,0,2,2,A,-,08,22107,NA,M,B,C,A,A,H,-,C,D,0,NA,NA,NA,NA,Y,NA,-,99,0,0,2,0,0,0,0,0,0,-,-,34.189178466796875,-118.40241241455078,LOS ANGELES,LOS ANGELES,-118.40241241455078,34.189178466796875
92081221,2023,2023-05-30,9525,2023-05-22,1727,022627,NA,1,2,5,1990,0,1,3,NA,2,601,SR-60 W/B (POMONA FWY),GRAND AVE (WEST EDGE),30,E,N,A,-,Y,LA,NA,60,NA,R,24.455,H,NA,L,Y,4,0,1,4,A,-,03,22350,NA,M,C,C,A,A,H,-,A,D,0,NA,NA,NA,Y,Y,NA,G,25,0,0,1,0,0,0,0,0,0,-,-,34.01041030883789,-117.8234634399414,LOS ANGELES,DIAMOND BAR,-117.82335662841795,34.01033020019531
92081231,2023,2023-05-30,9530,2023-05-28,2105,021842,NA,7,2,9,1900,0,3,5,NA,2,001,COMPTON AVE.,FLORENCE AVE.,0,NA,Y,A,-,N,NA,NA,NA,NA,NA,NA,NA,NA,NA,Y,4,0,2,2,A,-,01,23152,A,N,D,C,A,A,H,-,C,A,0,NA,NA,NA,NA,Y,Y,A,01,0,0,2,0,0,0,0,0,0,-,-,33.9747314453125,-118.24770355224608,LOS ANGELES,UNINCORPORATED,-118.2476806640625,33.97473907470703
92081237,2023,2023-05-30,9580,2023-05-25,1640,021236,NA,4,2,3,1989,0,1,2,NA,2,107,US-101 S/B (VENTURA FREEWAY),MUREAU RD,500,S,N,B,-,Y,LA,NA,101,NA,NA,28.967,H,NA,L,Y,3,0,1,2,A,-,03,22350,NA,N,C,C,A,A,H,-,A,D,0,NA,NA,NA,NA,Y,NA,A,01,0,1,0,0,0,0,0,0,0,-,-,34.14994812011719,-118.66326141357422,LOS ANGELES,CALABASAS,-118.66324615478516,34.14990997314453
92081240,2023,2023-05-30,9580,2023-05-25,1605,019679,NA,4,2,7,1942,0,1,3,NA,2,116,SR-118 E/B (RONALD REAGAN FWY.) FROM HAYVENHURST A,OF THE EAST ROAD EDGE OF HAYVENHURST AVE,500,E,N,A,-,Y,NA,NA,NA,NA,NA,NA,NA,NA,NA,Y,3,0,2,2,A,-,03,22350,NA,N,C,C,A,A,H,-,A,D,0,NA,NA,NA,NA,Y,NA,A,07,0,2,0,0,0,0,0,0,0,-,-,34.27320861816406,-118.49214935302734,LOS ANGELES,LOS ANGELES,-118.49214935302734,34.27320861816406
92081296,2023,2023-05-30,9525,2023-05-25,915,018761,NA,4,1,9,1900,0,3,5,NA,2,003,PASS AND COVINA RD.,DOUBLEGROVE ST,0,NA,Y,A,-,N,NA,NA,NA,NA,NA,NA,NA,NA,NA,N,4,0,2,2,A,-,09,21802,A,N,D,C,A,A,H,-,A,D,0,NA,NA,NA,NA,Y,NA,A,01,0,0,2,0,0,0,0,0,0,-,-,34.048011779785156,-117.92283630371094,LOS ANGELES,UNINCORPORATED,-117.92285919189452,34.04801559448242
92081337,2023,2023-05-30,9525,2023-05-25,1402,022770,NA,4,2,6,1955,0,1,3,NA,2,572,SR-57 N/B (ORANGE FWY),I-10 E/B (SAN BERNARDINO FWY),2957,S,N,A,-,Y,LA,NA,57,NA,R,7.13,H,NA,R,Y,4,0,3,4,A,-,03,22350,NA,N,C,C,A,A,H,-,A,D,0,NA,NA,NA,NA,Y,NA,A,01,0,0,3,0,0,0,0,0,0,-,-,34.057098388671875,-117.80381011962892,LOS ANGELES,POMONA,-117.80387878417967,34.05708694458008
92081346,2023,2023-05-30,9565,2023-04-19,2500,015587,NA,3,4,7,1942,0,1,1,NA,2,083,INTERSTATE 10 EASTBOUND,MANNING AVENUE,735.75,W,N,A,-,Y,LA,NA,10,NA,R,6.946,H,NA,R,Y,1,1,0,1,A,-,08,22107,NA,N,E,8,A,A,H,-,C,D,0,NA,NA,NA,NA,Y,NA,A,01,0,0,0,0,0,0,0,0,0,-,-,34.02988815307617,-118.40799713134766,LOS ANGELES,LOS ANGELES,-118.40798950195313,34.02998733520508
92081353,2023,2023-05-30,9540,2023-04-29,1433,022189,NA,6,2,7,1942,0,1,1,NA,1,502,I-5 N/B,SAN FERNANDO RD,2300,N,N,A,-,Y,LA,NA,5,NA,R,45.361,H,NA,R,Y,3,0,1,2,A,-,03,22350,NA,N,C,C,A,A,H,-,A,D,0,NA,NA,NA,NA,Y,NA,A,01,0,1,0,0,0,0,0,0,0,-,-,34.331050872802734,-118.50626373291016,LOS ANGELES,LOS ANGELES,-118.50640106201172,34.33100128173828
92081365,2023,2023-05-30,9580,2023-05-24,2004,022591,NA,3,2,7,1942,0,1,3,NA,2,170,SR-170 N/B (HOLLYWOOD FWY.),VICTORY BLVD,500,S,N,A,-,Y,LA,NA,170,NA,R,16.829,H,NA,R,Y,4,0,2,2,A,-,03,22350,NA,N,C,C,A,A,G,-,B,D,0,NA,NA,NA,NA,Y,NA,A,07,0,0,2,0,0,0,0,0,0,-,-,34.181819915771484,-118.39698791503906,LOS ANGELES,LOS ANGELES,-118.39691925048828,34.18186950683594
92081367,2023,2023-07-10,9580,2023-05-24,1646,021966,NA,3,2,7,1942,0,1,2,NA,2,100,SR-170 N/B (HOLLYWOOD FWY.),BURBANK BLVD,1075,N,N,A,-,Y,LA,NA,170,NA,R,16.238,H,NA,R,N,4,0,1,1,C,-,18,NA,NA,N,H,J,A,A,H,-,A,D,0,NA,NA,NA,NA,Y,NA,-,-,0,0,1,0,0,0,0,0,0,-,-,34.174190521240234,-118.39176940917967,LOS ANGELES,LOS ANGELES,-118.39170837402344,34.17423629760742
92081404,2023,2023-05-30,9565,2023-05-18,1617,022761,NA,4,2,4,1918,0,1,1,NA,2,061,I-405 SOUTHBOUND,WASHINGTON PL,200,N,N,A,-,Y,LA,NA,405,NA,NA,27.659,H,NA,L,N,3,0,1,3,A,-,08,22107,NA,N,B,C,A,A,H,-,A,D,0,NA,NA,Y,NA,Y,NA,C,02,0,1,0,0,0,0,0,0,1,-,-,34.00844955444336,-118.41564178466795,LOS ANGELES,CULVER CITY,-118.41561889648438,34.008460998535156
92081458,2023,2023-05-30,9545,2023-05-23,515,017305,NA,2,3,9,1900,0,1,3,NA,2,031,SR-14 S/B,SIERRA HIGHWAY,100,S,N,A,-,Y,LA,NA,14,NA,R,52.023,H,NA,L,N,2,0,1,1,A,-,08,22107,NA,N,E,I,A,A,H,-,B,D,0,NA,NA,NA,NA,Y,NA,A,01,1,0,0,0,0,0,0,0,0,-,-,34.48643112182617,-118.14203643798828,LOS ANGELES,UNINCORPORATED,-118.14203643798828,34.48643112182617
92081527,2023,2023-05-30,9530,2023-05-18,750,022986,NA,4,1,7,1942,0,1,1,NA,2,200,I-105 W/B (GLENN ANDERSON FWY),BROADWAY,60,W,N,A,-,Y,LA,NA,105,NA,R,7.522,H,NA,L,Y,2,0,1,3,A,-,07,21658,A,N,B,C,A,A,H,-,A,D,0,NA,NA,Y,NA,Y,NA,A,01,1,0,0,0,0,0,0,0,1,-,-,33.92890930175781,-118.27839660644533,LOS ANGELES,LOS ANGELES,-118.27839660644533,33.92890167236328
92081532,2023,2023-05-30,9580,2023-05-15,1850,021627,NA,1,2,7,1942,0,1,2,NA,2,104,US-101 N/B TO TAMPA AVE,TAMPA AVE.,739,S,N,A,-,Y,LA,NA,101,NA,NA,22.168,H,NA,R,N,4,0,1,2,A,-,03,22350,NA,M,C,C,A,A,H,-,A,D,0,NA,NA,NA,NA,Y,NA,A,01,0,0,1,0,0,0,0,0,0,-,-,34.173789978027344,-118.5517807006836,LOS ANGELES,LOS ANGELES,-118.5517807006836,34.17362976074219
92081535,2023,2023-05-30,9590,2023-05-15,1617,023162,NA,1,2,7,1942,0,1,1,NA,2,062,I-10 E/B (SANTA MONICA FREEWAY),SOUTH BUDLONG AVENUE,100,E,N,A,-,Y,LA,NA,10,NA,R,13.575,H,NA,R,N,4,0,1,3,A,-,03,22350,NA,N,C,C,A,A,H,-,A,D,0,NA,NA,NA,NA,Y,NA,A,01,0,0,1,0,0,0,0,0,0,-,-,34.036930084228516,-118.29589080810548,LOS ANGELES,LOS ANGELES,-118.29589080810548,34.036895751953125
92081543,2023,2023-05-30,9545,2023-05-24,744,019816,NA,3,1,9,1900,0,1,3,NA,2,021,SR-14 S/B,AVENUE Q,370,S,N,A,-,Y,LA,NA,14,NA,R,60.121,H,NA,L,N,4,0,1,2,A,-,03,22350,NA,N,C,C,A,A,H,-,A,D,0,NA,NA,NA,NA,Y,NA,D,22,0,0,1,0,0,0,0,0,0,-,-,34.585941314697266,-118.13407135009766,LOS ANGELES,UNINCORPORATED,-118.1339874267578,34.585941314697266
92081551,2023,2023-05-30,9525,2023-05-26,1400,022770,NA,5,2,4,1960,0,1,1,NA,2,206,I-210 E/B (FOOTHILL FREEWAY),LONE HILL AVE,2112,W,N,B,-,Y,LA,NA,210,NA,R,43.814,H,NA,R,N,4,0,1,2,A,-,03,22350,NA,N,C,C,A,A,H,-,A,D,0,NA,NA,NA,NA,Y,NA,A,08,0,0,1,0,0,0,0,0,0,-,-,34.12057876586914,-117.83589935302734,LOS ANGELES,SAN DIMAS,-117.83587646484376,34.12052536010742
92081581,2023,2023-05-30,9530,2023-05-18,1745,023090,NA,4,2,6,1972,0,1,1,NA,2,400,I-405 S/B (SAN DIEGO FREEWAY),REDONDO BEACH BLVD.,20,N,N,A,-,Y,LA,NA,405,NA,NA,16.9,H,NA,L,N,4,0,1,3,A,-,03,22350,NA,N,C,C,A,A,H,-,A,D,0,NA,NA,NA,NA,Y,NA,A,01,0,0,1,0,0,0,0,0,0,-,-,33.876869201660156,-118.34528350830078,LOS ANGELES,TORRANCE,-118.34520721435548,33.87689971923828
92081590,2023,2023-05-30,9550,2023-05-26,1310,019808,NA,5,1,9,1900,0,1,1,NA,2,650,I-605 SOUTHBOUND,BEVERLY BOULEVARD,1500,N,N,B,-,Y,LA,NA,605,NA,R,14.619,H,NA,L,N,3,0,1,2,A,-,03,22350,NA,N,C,C,A,A,H,-,A,D,0,NA,NA,NA,NA,Y,NA,D,22,0,1,0,0,0,0,0,0,0,-,-,34.00743865966797,-118.06012725830078,LOS ANGELES,UNINCORPORATED,-118.06017303466795,34.007476806640625
92081599,2023,2023-05-30,9550,2023-05-21,1715,022769,NA,7,2,9,1900,0,1,1,NA,2,650,I-605 SB,TELEGRAPH RD,500,N,N,A,-,Y,LA,NA,605,NA,R,10.395,H,NA,L,Y,4,0,1,2,A,-,03,22350,NA,N,C,C,A,A,H,-,A,D,0,NA,NA,NA,NA,Y,NA,D,22,0,0,1,0,0,0,0,0,0,-,-,33.95161819458008,-118.0909423828125,LOS ANGELES,UNINCORPORATED,-118.09096527099608,33.951629638671875
92081603,2023,2023-05-30,9530,2023-05-18,1830,023090,NA,4,2,7,1941,0,1,1,NA,2,430,I-405 S/B (SAN DIEGO FREEWAY),SPRING ST.,140,N,N,A,-,Y,LA,NA,405,NA,NA,4.599,H,NA,L,N,4,0,1,2,A,-,03,22350,NA,N,C,C,A,A,H,-,A,D,0,NA,NA,NA,NA,Y,NA,D,22,0,0,1,0,0,0,0,0,0,-,-,33.81201171875,-118.16327667236328,LOS ANGELES,LONG BEACH,-118.16323089599608,33.81209945678711
92081669,2023,2023-05-30,9530,2023-05-18,1335,023090,NA,4,1,6,1972,0,1,1,NA,2,400,I-405 S/B (SAN DIEGO FREEWAY),YUKON AVE,30,S,N,A,-,Y,LA,NA,405,NA,NA,15.969,H,NA,L,Y,4,0,1,2,A,-,03,22350,NA,N,C,C,A,A,H,-,A,D,0,NA,NA,NA,NA,Y,NA,A,07,0,0,1,0,0,0,0,0,0,-,-,33.86698913574219,-118.33474731445313,LOS ANGELES,TORRANCE,-118.3347625732422,33.8669548034668
92081672,2023,2023-05-30,9530,2023-05-18,1515,023038,NA,4,2,9,1900,0,3,5,NA,2,001,NADEAU ST (2000 BLOCK),ALIX AVE.,42,E,N,A,-,N,NA,NA,NA,NA,NA,NA,NA,NA,NA,N,3,0,2,3,A,-,03,22350,NA,N,C,C,A,A,H,-,A,D,0,NA,NA,NA,NA,Y,NA,A,07,0,2,0,0,0,0,0,0,0,-,-,33.96738815307617,-118.23576354980467,LOS ANGELES,UNINCORPORATED,-118.23576354980467,33.96742248535156
92081677,2023,2023-05-30,9530,2023-05-20,1320,023143,NA,6,1,9,1900,0,3,5,NA,2,001,COMPTON AVE.,59TH ST.,0,NA,Y,A,-,N,NA,NA,NA,NA,NA,NA,NA,NA,NA,Y,4,0,1,3,A,-,09,21801,A,F,A,C,A,A,H,-,A,D,0,NA,NA,NA,NA,Y,NA,-,99,0,0,1,0,0,0,0,0,0,-,-,33.98707962036133,-118.24783325195313,LOS ANGELES,UNINCORPORATED,-118.24774932861328,33.987022399902344
92081688,2023,2023-05-30,9550,2023-05-26,1515,022982,NA,5,2,9,1900,0,1,1,NA,2,650,I-605 N/B,OBREGON ST,400,S,N,A,-,Y,LA,NA,605,NA,R,13.904,H,NA,R,N,4,0,1,2,A,-,03,22350,NA,N,C,C,A,A,H,-,A,D,0,NA,NA,NA,NA,Y,NA,D,22,0,0,1,0,0,0,0,0,0,-,-,33.998199462890625,-118.06803894042967,LOS ANGELES,UNINCORPORATED,-118.06798553466795,33.998191833496094
92081735,2023,2023-05-30,9590,2023-05-19,1055,021848,NA,5,1,7,1942,0,1,1,NA,2,082,I-5 N/B (GOLDEN STATE FREEWAY),RIVERSIDE DRIVE,2600,N,N,B,-,Y,LA,NA,5,NA,NA,21.377,H,NA,R,N,4,0,4,2,A,-,03,22350,NA,N,C,C,A,A,H,-,A,D,0,NA,NA,NA,NA,Y,NA,A,01,0,0,4,0,0,0,0,0,0,-,-,34.08921813964844,-118.23741912841795,LOS ANGELES,LOS ANGELES,-118.23737335205078,34.08926773071289
92081745,2023,2023-05-30,9530,2023-05-19,1720,022986,NA,5,2,7,1941,0,1,1,NA,2,072,I-710 N/B (LONG BEACH FREEWAY),PACIFIC COAST HWY.,600,N,N,A,-,Y,LA,NA,710,NA,NA,7.155,H,NA,R,N,4,0,1,2,A,-,03,22350,NA,N,C,C,A,A,H,-,A,D,0,NA,NA,NA,NA,Y,NA,A,01,0,0,1,0,0,0,0,0,0,-,-,33.79383087158203,-118.20703887939452,LOS ANGELES,LONG BEACH,-118.20713043212892,33.793846130371094