CASE_ID,ACCIDENT_YEAR,PROC_DATE,JURIS,COLLISION_DATE,COLLISION_TIME,OFFICER_ID,REPORTING_DISTRICT,DAY_OF_WEEK,CHP_SHIFT,POPULATION,CNTY_CITY_LOC,SPECIAL_COND,BEAT_TYPE,CHP_BEAT_TYPE,CITY_DIVISION_LAPD,CHP_BEAT_CLASS,BEAT_NUMBER,PRIMARY_RD,SECONDARY_RD,DISTANCE,DIRECTION,INTERSECTION,WEATHER_1,WEATHER_2,STATE_HWY_IND,CALTRANS_COUNTY,CALTRANS_DISTRICT,STATE_ROUTE,ROUTE_SUFFIX,POSTMILE_PREFIX,POSTMILE,LOCATION_TYPE,RAMP_INTERSECTION,SIDE_OF_HWY,TOW_AWAY,COLLISION_SEVERITY,NUMBER_KILLED,NUMBER_INJURED,PARTY_COUNT,PRIMARY_COLL_FACTOR,PCF_CODE_OF_VIOL,PCF_VIOL_CATEGORY,PCF_VIOLATION,PCF_VIOL_SUBSECTION,HIT_AND_RUN,TYPE_OF_COLLISION,MVIW,PED_ACTION,ROAD_SURFACE,ROAD_COND_1,ROAD_COND_2,LIGHTING,CONTROL_DEVICE,CHP_ROAD_TYPE,PEDESTRIAN_ACCIDENT,BICYCLE_ACCIDENT,MOTORCYCLE_ACCIDENT,TRUCK_ACCIDENT,NOT_PRIVATE_PROPERTY,ALCOHOL_INVOLVED,STWD_VEHTYPE_AT_FAULT,CHP_VEHTYPE_AT_FAULT,COUNT_SEVERE_INJ,COUNT_VISIBLE_INJ,COUNT_COMPLAINT_PAIN,COUNT_PED_KILLED,COUNT_PED_INJURED,COUNT_BICYCLIST_KILLED,COUNT_BICYCLIST_INJURED,COUNT_MC_KILLED,COUNT_MC_INJURED,PRIMARY_RAMP,SECONDARY_RAMP,LATITUDE,LONGITUDE,COUNTY,CITY,POINT_X,POINT_Y
92084979,2023,2023-06-02,9590,2023-05-20,150,023269,NA,6,3,7,1942,0,1,2,NA,2,073,US-101 SOUTHBOUND (HOLLYWOOD FREEWAY),NORMANDIE AVE,130,S,N,B,-,Y,LA,NA,101,NA,NA,4.972,H,NA,L,Y,4,0,1,2,A,-,03,22350,NA,F,C,C,A,A,H,-,C,D,0,NA,NA,NA,NA,Y,NA,A,01,0,0,1,0,0,0,0,0,0,-,-,34.0843505859375,-118.30005645751952,LOS ANGELES,LOS ANGELES,-118.3000259399414,34.08438491821289
92084985,2023,2023-06-05,9590,2023-05-22,2255,022750,NA,1,3,7,1942,0,1,1,NA,2,052,I-110 N/B (HARBOR FREEWAY),2ND STREET,100,S,N,B,-,Y,LA,NA,110,NA,NA,23.253,H,NA,R,N,4,0,1,2,A,-,08,22107,NA,N,B,C,A,A,H,-,C,D,0,NA,NA,NA,NA,Y,NA,A,01,0,0,1,0,0,0,0,0,0,-,-,34.05754852294922,-118.25440216064452,LOS ANGELES,LOS ANGELES,-118.2544403076172,34.057579040527344
92084987,2023,2023-06-05,9590,2023-05-20,1845,023162,NA,6,2,7,1942,0,1,1,NA,2,013,SR-110 S/B (ARROYO SECO PARKWAY) FROM AVE 57,VIA MARISOL,100,S,N,A,-,Y,LA,NA,110,NA,NA,28.292,H,NA,L,N,4,0,1,2,A,-,03,22350,NA,N,C,C,A,A,H,-,A,A,0,NA,NA,Y,NA,Y,NA,A,01,0,0,1,0,0,0,0,0,1,-,-,34.103309631347656,-118.19236755371094,LOS ANGELES,LOS ANGELES,-118.19232940673828,34.103248596191406
92084994,2023,2023-06-05,9590,2023-06-02,1455,021492,NA,5,2,7,1942,0,1,3,NA,2,095,SR-2 W/B (GLENDALE FREEWAY),AVE 36,400,W,N,A,-,Y,LA,NA,2,NA,NA,16.551,H,NA,L,Y,4,0,1,2,A,-,03,22350,NA,N,C,C,A,A,H,-,A,D,0,NA,NA,NA,NA,Y,NA,A,01,0,0,1,0,0,0,0,0,0,-,-,34.117408752441406,-118.2363510131836,LOS ANGELES,LOS ANGELES,-118.23631286621094,34.11736297607422
92085214,2023,2023-06-05,9575,2023-03-09,1707,019952,NA,4,2,6,1912,0,1,3,NA,2,044,SR-134 E/B (VENTURA FREEWAY),PASS AVE,1320,W,N,A,-,Y,LA,NA,134,NA,NA,1.392,H,NA,R,N,3,0,2,2,A,-,07,21658,A,N,B,C,A,A,H,-,B,D,0,NA,NA,NA,NA,Y,NA,A,01,0,2,0,0,0,0,0,0,0,-,-,34.15311813354492,-118.35236358642578,LOS ANGELES,BURBANK,-118.35234832763672,34.153045654296875
92085230,2023,2023-06-05,9575,2023-05-20,1250,022781,NA,6,1,7,1942,0,1,1,NA,2,053,I-5 N/B (GOLDEN STATE FREEWAY),SR-118 E/B (RONALD REAGAN FREEWAY),2920,S,N,A,-,Y,LA,NA,5,NA,NA,38.793,H,NA,R,N,4,0,1,2,A,-,03,22350,NA,N,C,C,A,A,H,-,A,D,0,NA,NA,NA,NA,Y,NA,A,01,0,0,1,0,0,0,0,0,0,-,-,34.259849548339844,-118.43797302246094,LOS ANGELES,LOS ANGELES,-118.43814086914064,34.259727478027344
92085237,2023,2023-06-05,9575,2023-05-12,855,022781,NA,5,1,7,1942,0,1,1,NA,2,050,I-5 N/B (GOLDEN STATE FREEWAY),COLORADO STREET FREEWAY EXTENSION,2220,N,N,A,-,Y,LA,NA,5,NA,NA,26.199,H,NA,R,Y,3,0,1,3,A,-,03,22350,NA,N,C,C,A,A,G,-,A,A,0,NA,NA,NA,NA,Y,NA,A,01,0,1,0,0,0,0,0,0,0,-,-,34.14693069458008,-118.27896118164064,LOS ANGELES,LOS ANGELES,-118.27899932861328,34.14692306518555
92085389,2023,2023-06-12,9575,2023-06-01,740,017722,NA,4,1,9,1900,0,3,5,NA,2,002,LINCOLN AVE.,ALVEY ST.,0,NA,Y,A,-,N,NA,NA,NA,NA,NA,NA,NA,NA,NA,N,3,0,2,3,A,-,09,21801,A,N,A,C,A,A,H,-,A,A,0,NA,NA,NA,NA,Y,NA,A,07,0,1,1,0,0,0,0,0,0,-,-,34.18389892578125,-118.15963745117188,LOS ANGELES,UNINCORPORATED,-118.15969848632813,34.18389892578125
92085393,2023,2023-06-05,9575,2023-05-29,2240,022918,NA,1,3,6,1912,0,1,3,NA,2,044,SR-134 WESTBOUND (VENTURA FREEWAY),ALAMEDA AVE.,10,E,N,A,-,Y,LA,NA,134,NA,NA,2.098,H,NA,L,Y,4,0,1,1,A,-,08,22107,NA,N,E,8,A,A,H,-,C,D,0,NA,NA,NA,NA,Y,NA,A,01,0,0,1,0,0,0,0,0,0,-,-,34.15380096435547,-118.34024047851564,LOS ANGELES,BURBANK,-118.34024810791016,34.15373611450195
92085417,2023,2023-06-05,9575,2023-05-04,1158,020251,NA,4,1,6,1925,0,1,3,NA,2,090,SR-2 W/B (GLENDALE FREEWAY),SHERER LN.,1000,E,N,C,-,Y,LA,NA,2,NA,R,21.029,H,NA,L,Y,4,0,1,2,A,-,03,22350,NA,N,C,C,A,B,H,-,A,D,0,NA,NA,NA,NA,Y,NA,A,01,0,0,1,0,0,0,0,0,0,-,-,34.17802047729492,-118.22071075439452,LOS ANGELES,GLENDALE,-118.22071838378906,34.17802047729492
92085564,2023,2023-06-05,9575,2023-05-01,325,023072,NA,1,3,7,1942,0,1,S,NA,2,904,SR-110 N/B (ARROYO SECO PARKWAY),AVENUE 43,1506,S,N,A,-,Y,LA,NA,110,NA,NA,26.819,H,NA,R,Y,4,0,1,2,A,-,03,22350,NA,N,C,E,A,A,H,-,C,D,0,NA,NA,NA,NA,Y,NA,A,01,0,0,1,0,0,0,0,0,0,-,-,34.08927917480469,-118.20809936523438,LOS ANGELES,LOS ANGELES,-118.2081298828125,34.089298248291016
92085577,2023,2023-06-05,9540,2023-05-20,1710,021845,NA,6,2,9,1900,0,1,3,NA,2,147,SR-14 S/B,SOLEDAD CANYON RD,3696,N,N,A,-,Y,LA,NA,14,NA,NA,36.465,H,NA,L,Y,3,0,1,1,A,-,08,22107,NA,N,E,I,A,A,H,-,A,D,0,NA,NA,NA,NA,Y,NA,A,01,0,1,0,0,0,0,0,0,0,-,-,34.43703079223633,-118.37355041503906,LOS ANGELES,UNINCORPORATED,-118.37357330322266,34.43709182739258
92085586,2023,2023-06-05,9540,2023-05-20,1705,021845,NA,6,2,9,1900,0,2,4,NA,1,202,SOLEDAD CANYON RD,SOLEDAD CANYON RD TO SR-14 N/B,0,NA,Y,A,-,N,NA,NA,NA,NA,NA,NA,NA,NA,NA,N,4,0,1,2,A,-,09,21802,A,N,D,C,A,A,H,-,A,A,0,NA,NA,NA,NA,Y,NA,A,01,0,0,1,0,0,0,0,0,0,-,-,34.43431091308594,-118.38661193847656,LOS ANGELES,UNINCORPORATED,-118.38559722900392,34.43355941772461
92085589,2023,2023-06-05,9590,2023-04-30,35,022690,NA,7,3,7,1942,0,1,1,NA,2,085,I-5 S/B (GSF),COLORADO ST.,150,S,N,B,-,Y,LA,NA,5,NA,NA,25.736,H,NA,L,N,3,0,1,2,A,-,08,22107,NA,F,C,C,A,A,H,-,C,D,0,NA,NA,NA,NA,Y,NA,-,99,0,1,0,0,0,0,0,0,0,-,-,34.14020919799805,-118.27751159667967,LOS ANGELES,LOS ANGELES,-118.27753448486328,34.14020538330078
92085598,2023,2023-06-05,9545,2023-05-29,850,019951,NA,1,1,9,1900,0,3,5,NA,2,001,SIERRA HIGHWAY,AVENUE B,20,S,N,A,-,N,NA,NA,NA,NA,NA,NA,NA,NA,NA,N,3,0,1,1,A,-,08,22107,NA,N,F,A,A,A,H,-,A,D,0,NA,NA,NA,NA,Y,NA,A,08,0,1,0,0,0,0,0,0,0,-,-,34.80643081665039,-118.15386199951172,LOS ANGELES,UNINCORPORATED,-118.15377044677734,34.80614471435547
92085606,2023,2023-06-05,9590,2023-04-23,545,021926,NA,7,3,7,1942,0,1,1,NA,2,061,I-10 W/B (SANTA MONICA FREEWAY),WESTERN AVE.,315,W,N,A,-,Y,LA,NA,10,NA,R,12.684,H,NA,L,N,3,0,1,2,A,-,08,22107,NA,N,B,I,A,A,H,-,B,D,0,NA,NA,NA,NA,Y,NA,A,01,0,1,0,0,0,0,0,0,0,-,-,34.03725051879883,-118.31137084960938,LOS ANGELES,LOS ANGELES,-118.31137084960938,34.03727340698242
92085607,2023,2023-06-05,9545,2023-05-26,2254,021819,NA,5,3,9,1900,0,3,5,NA,2,004,90TH STREET EAST,AVENUE N,2075,N,N,A,-,N,NA,NA,NA,NA,NA,NA,NA,NA,NA,Y,3,0,1,1,A,-,01,23152,A,N,E,J,A,A,H,-,D,D,0,NA,NA,NA,NA,Y,Y,A,01,0,1,0,0,0,0,0,0,0,-,-,34.636268615722656,-118.96961212158205,LOS ANGELES,UNINCORPORATED,-117.96968841552734,34.637027740478516
92085618,2023,2023-06-05,9545,2023-05-29,2210,022130,NA,1,3,9,1900,0,3,5,NA,2,004,AVENUE N,60TH ST E,1320,E,N,A,-,N,NA,NA,NA,NA,NA,NA,NA,NA,NA,Y,4,0,1,1,A,-,08,22107,NA,N,E,I,A,A,H,-,C,D,0,NA,NA,NA,NA,Y,NA,A,01,0,0,1,0,0,0,0,0,0,-,-,34.63117980957031,-118.01880645751952,LOS ANGELES,UNINCORPORATED,-118.01890563964844,34.63124465942383
92085619,2023,2023-06-05,9545,2023-04-16,1110,019951,NA,7,1,9,1900,0,3,5,NA,2,003,ANGELES FOREST HIGHWAY,MOUNT EMMA ROAD,4752,S,N,A,-,N,NA,NA,NA,NA,NA,NA,NA,NA,NA,N,1,1,0,1,A,-,03,22350,NA,N,E,I,A,A,H,-,A,D,0,NA,NA,Y,NA,Y,NA,C,02,0,0,0,0,0,0,0,1,0,-,-,34.435821533203125,-118.08963775634766,LOS ANGELES,UNINCORPORATED,-118.09098815917967,34.437286376953125
92085639,2023,2023-06-05,9565,2023-05-23,710,022763,NA,2,1,9,1900,0,1,1,NA,2,012,I-105 W/B (CENTURY FREEWAY),WESTERN AVE,600,E,N,C,-,Y,LA,NA,105,NA,R,5.861,H,NA,L,N,4,0,1,4,A,-,03,22350,NA,N,C,C,A,B,H,-,A,D,0,NA,NA,NA,NA,Y,NA,D,22,0,0,1,0,0,0,0,0,0,-,-,33.92625045776367,-118.30699920654295,LOS ANGELES,UNINCORPORATED,-118.30697631835938,33.92618179321289
92085646,2023,2023-06-05,9565,2023-05-23,1840,016074,NA,2,2,7,1942,0,1,1,NA,2,064,I-405 N/B (SAN DIEGO FWY,BEL AIR CREST RD,2000,S,N,B,-,Y,LA,NA,405,NA,NA,35.702,H,NA,R,Y,4,0,1,2,A,-,03,22350,NA,N,C,C,A,A,H,-,A,D,0,NA,NA,NA,NA,Y,NA,A,01,0,0,1,0,0,0,0,0,0,-,-,34.10911178588867,-118.48036956787108,LOS ANGELES,LOS ANGELES,-118.48052978515624,34.10902786254883
92085649,2023,2023-06-05,9565,2023-05-23,1800,021759,NA,2,2,7,1942,0,1,1,NA,2,060,I-405 N/B TO LA TIJERA BLVD,LA TIJERA BLVD,341,S,N,B,-,Y,LA,NA,405,NA,NA,24.193,H,NA,R,N,4,0,1,2,A,-,03,22350,NA,N,C,C,A,A,H,-,A,D,0,NA,NA,NA,NA,Y,NA,A,01,0,0,1,0,0,0,0,0,0,-,-,33.97148132324219,-118.3765869140625,LOS ANGELES,LOS ANGELES,-118.37672424316406,33.97129821777344
92085661,2023,2023-06-05,9580,2023-05-24,630,021306,NA,3,1,7,1942,0,1,2,NA,2,103,US-101 S/B (VENTURA FREEWAY),BALBOA AVENUE,1320,S,N,A,-,Y,LA,NA,101,NA,NA,18.897,H,NA,L,N,3,0,2,4,A,-,03,22350,NA,N,C,C,A,A,H,-,A,D,0,NA,NA,NA,NA,Y,NA,A,07,0,2,0,0,0,0,0,0,0,-,-,34.16749954223633,-118.49643707275392,LOS ANGELES,LOS ANGELES,-118.49644470214844,34.1674919128418
92085667,2023,2023-06-05,9565,2023-05-30,845,018193,NA,2,1,9,1900,0,1,1,NA,2,061,I-405 N/B,MC DONALD ST,125,S,N,B,-,Y,LA,NA,405,NA,NA,26.428,H,NA,R,Y,3,0,1,2,A,-,07,21658,A,N,C,C,A,A,H,-,A,D,0,NA,NA,Y,NA,Y,NA,A,07,0,1,0,0,0,0,0,0,1,-,-,33.993629455566406,-118.40370178222656,LOS ANGELES,UNINCORPORATED,-118.40365600585938,33.993656158447266
92085677,2023,2023-06-05,9565,2023-05-30,1530,016074,NA,2,2,7,1942,0,1,1,NA,2,064,I-405 N/B (SAN DIEGO FWY),BEL AIR CREST RD,2000,N,N,B,-,Y,LA,NA,405,NA,NA,36.317,H,NA,R,Y,4,0,2,2,A,-,03,22350,NA,N,C,C,A,A,H,-,A,D,0,NA,NA,NA,NA,Y,NA,A,01,0,0,2,0,0,0,0,0,0,-,-,34.11759948730469,-118.48150634765624,LOS ANGELES,LOS ANGELES,-118.4816665649414,34.11761474609375
92085681,2023,2023-06-05,9540,2023-05-28,1840,021190,NA,7,2,9,1900,0,1,1,NA,2,506,I-5 N/B TO VALENCIA BOULEVARD,VALENCIA BOULEVARD,10,S,N,A,-,Y,NA,NA,NA,NA,NA,NA,NA,NA,NA,N,4,0,1,2,A,-,03,22350,NA,N,C,C,A,A,H,-,A,A,0,NA,NA,NA,NA,Y,NA,A,07,0,0,1,0,0,0,0,0,0,-,-,34.4085693359375,-118.57462310791016,LOS ANGELES,UNINCORPORATED,-118.57462310791016,34.4085693359375
92085705,2023,2023-06-05,9540,2023-05-27,555,019254,NA,6,3,9,1900,0,1,1,NA,2,511,I-5 S/B (GOLDEN STATE FREEWAY),VISTA DEL LAGO ROAD (O/C),23760,S,N,A,-,Y,LA,NA,5,NA,R,69.899,H,NA,L,Y,4,0,3,2,A,-,08,22107,NA,N,B,C,A,A,H,-,A,D,0,NA,NA,NA,NA,Y,NA,-,-,0,0,3,0,0,0,0,0,0,-,-,34.619178771972656,-118.71643829345705,LOS ANGELES,UNINCORPORATED,-118.71642303466795,34.61918640136719
92085713,2023,2023-06-05,9565,2023-05-30,1530,023173,NA,2,2,9,1900,0,3,5,NA,2,002,91ST ST,BUDLONG AVE,560,E,N,A,-,N,NA,NA,NA,NA,NA,NA,NA,NA,NA,Y,3,0,2,2,A,-,09,21801,A,N,D,C,A,A,H,-,A,D,0,NA,NA,Y,NA,Y,NA,A,01,0,1,1,0,0,0,0,0,1,-,-,33.954551696777344,-118.2939910888672,LOS ANGELES,UNINCORPORATED,-118.2959213256836,33.9541015625
92085733,2023,2023-06-05,9565,2023-05-28,30,023033,NA,7,3,9,1900,0,3,5,NA,2,002,WILTON PLACE,104TH STREET,0,NA,Y,A,-,N,NA,NA,NA,NA,NA,NA,NA,NA,NA,Y,4,0,2,2,A,-,12,22450,A,N,D,C,A,A,H,-,C,A,0,NA,NA,NA,NA,Y,NA,A,07,0,0,2,0,0,0,0,0,0,-,-,33.94184112548828,-118.31434631347656,LOS ANGELES,UNINCORPORATED,-118.31431579589844,33.94184494018555
92085734,2023,2023-06-05,9580,2023-05-25,1530,022663,NA,4,2,7,1942,0,1,3,NA,2,171,US-101 S/B (HOLLYWOOD FREEWAY),US-101 (VENTURA FREEWAY),528,N,N,A,-,Y,LA,NA,170,NA,R,14.748,H,NA,L,Y,3,0,1,2,A,-,08,22107,NA,N,E,I,A,A,H,-,A,D,0,NA,NA,NA,NA,Y,NA,A,07,0,1,0,0,0,0,0,0,0,-,-,34.15618133544922,-118.37893676757813,LOS ANGELES,LOS ANGELES,-118.37889862060548,34.15619659423828
92085739,2023,2023-06-05,9580,2023-06-01,2320,023213,NA,4,3,7,1942,0,1,2,NA,2,103,US-101 S/B (VENTURA FREEWAY) FROM BALBOA BLVD,BALBOA BLVD,375,S,N,B,-,Y,NA,NA,NA,NA,NA,NA,NA,NA,NA,Y,4,0,1,1,A,-,08,22107,NA,N,B,I,A,A,H,-,D,D,0,NA,NA,NA,NA,Y,NA,A,01,0,0,1,0,0,0,0,0,0,-,-,34.169281005859375,-118.4997787475586,LOS ANGELES,LOS ANGELES,-118.4997787475586,34.169281005859375
92085754,2023,2023-06-05,9565,2023-05-27,1930,022780,NA,6,2,9,1900,0,1,1,NA,2,063,I-405 S/B TO WILSHIRE BLVD E/B,WILSHIRE BOULEVARD,410,S,N,A,-,Y,LA,NA,405,NA,NA,31.462,H,NA,L,N,4,0,2,1,A,-,03,22350,NA,N,E,I,A,A,H,-,B,D,0,NA,NA,NA,NA,Y,NA,A,01,0,0,2,0,0,0,0,0,0,-,-,34.05445861816406,-118.4515380859375,LOS ANGELES,UNINCORPORATED,-118.4512939453125,34.054603576660156
92085755,2023,2023-06-05,9580,2023-05-25,1802,022663,NA,4,2,7,1942,0,1,2,NA,2,103,US-101 N/B (VENTURA FREEWAY),HAYVENHURST AVE,1848,S,N,A,-,Y,LA,NA,101,NA,NA,18.273,H,NA,R,N,4,0,1,2,A,-,03,22350,NA,M,C,C,A,A,H,-,A,D,0,NA,NA,NA,NA,Y,NA,-,99,0,0,1,0,0,0,0,0,0,-,-,34.16537094116211,-118.48641204833984,LOS ANGELES,LOS ANGELES,-118.48641204833984,34.165340423583984
92085778,2023,2023-06-05,9575,2023-05-30,959,023204,NA,2,1,5,1902,0,1,1,NA,2,065,I-210 W/B (FOOTHILL FREEWAY),HUNTINGTON DRIVE,1773,W,N,B,-,Y,LA,NA,210,NA,R,32.584,H,NA,L,N,4,0,1,2,A,-,03,22350,NA,M,C,C,A,A,H,-,A,D,0,NA,NA,NA,NA,Y,NA,-,99,0,0,1,0,0,0,0,0,0,-,-,34.143280029296875,-118.02115631103516,LOS ANGELES,ARCADIA,-118.02120971679688,34.14320373535156
92085794,2023,2023-06-05,9550,2023-05-19,1400,023127,NA,5,2,9,1900,0,1,1,NA,2,650,INTERSTATE 605 NORTHBOUND,SLAUSON AVENUE,285,S,N,A,-,Y,LA,NA,605,NA,R,11.498,H,NA,R,N,3,0,1,1,A,-,08,22107,NA,N,F,A,A,A,H,-,A,D,0,NA,NA,Y,NA,Y,NA,C,02,0,1,0,0,0,0,0,0,1,-,-,33.96636962890625,-118.08370971679688,LOS ANGELES,UNINCORPORATED,-118.08360290527344,33.966339111328125
92085826,2023,2023-06-05,9580,2023-05-26,1535,022663,NA,5,2,7,1942,0,1,2,NA,2,100,US-101 N/B (VENTURA FREEWAY),TUJUNGA AVE,950,N,N,A,-,Y,LA,NA,101,NA,NA,12.049,H,NA,R,Y,4,0,2,3,A,-,03,22350,NA,N,C,C,A,A,H,-,A,D,0,NA,NA,NA,Y,Y,NA,G,25,0,0,2,0,0,0,0,0,0,-,-,34.15454864501953,-118.38227081298828,LOS ANGELES,LOS ANGELES,-118.38227081298828,34.15458679199219
92085853,2023,2023-06-05,9550,2023-05-24,730,017719,NA,3,1,9,1900,0,3,5,NA,2,004,FLAMSTEAD DRIVE,SIGMAN STREET,0,NA,Y,C,-,N,NA,NA,NA,NA,NA,NA,NA,NA,NA,N,3,0,1,2,A,-,09,21804,A,N,D,C,A,B,H,-,A,A,0,NA,NA,NA,NA,Y,NA,M,94,0,1,0,0,0,0,0,0,0,-,-,33.998531341552734,-117.95497131347656,LOS ANGELES,UNINCORPORATED,-117.95458221435548,33.99864196777344
92085857,2023,2023-06-05,9580,2023-05-26,1715,022632,NA,5,2,7,1942,0,1,1,NA,2,407,I-405 S/B (SAN DIEGO FWY),PLUMMER ST,475,N,N,B,-,Y,LA,NA,405,NA,NA,45.347,H,NA,L,Y,3,0,1,3,A,-,03,22350,NA,N,C,C,A,A,H,-,A,D,0,NA,NA,NA,NA,Y,NA,A,01,0,1,0,0,0,0,0,0,0,-,-,34.24422836303711,-118.47315979003906,LOS ANGELES,LOS ANGELES,-118.47309112548828,34.24422836303711
92085858,2023,2023-06-05,9565,2023-05-27,1255,022672,NA,6,1,7,1942,0,1,1,NA,2,062,I-405 S/B (SAN DIEGO FREEWAY),NATIONAL BLVD.,1230,S,N,A,-,Y,LA,NA,405,NA,NA,28.926,H,NA,L,N,3,0,1,2,A,-,07,21658,A,N,B,D,A,A,H,-,A,D,0,NA,NA,Y,NA,Y,NA,A,07,0,1,0,0,0,0,0,0,1,-,-,34.023841857910156,-118.42777252197266,LOS ANGELES,LOS ANGELES,-118.42779541015624,34.02382278442383
92085904,2023,2023-06-05,9580,2023-05-30,1230,023097,NA,2,1,7,1942,0,1,2,NA,2,101,US-101 S/B (HOLLYWOOD FREEWAY),VINELAND AVE,528,N,N,A,-,Y,LA,NA,101,NA,NA,11.419,H,NA,L,N,4,0,1,3,A,-,07,21658,A,M,B,C,A,A,H,-,A,D,0,NA,NA,NA,NA,Y,Y,-,99,0,0,1,0,0,0,0,0,0,-,-,34.150001525878906,-118.3742218017578,LOS ANGELES,LOS ANGELES,-118.37413787841795,34.15004348754883
92085928,2023,2023-06-05,9580,2023-05-30,1140,021491,NA,2,1,7,1942,0,1,2,NA,2,102,US-101 N/B TO SB I-405 TRANSITION ROAD,VENTURA BLVD,1056,N,N,A,-,Y,LA,NA,101,NA,NA,17.172,H,NA,R,N,4,0,1,2,A,-,03,22350,NA,N,C,C,A,A,H,-,A,D,0,NA,NA,NA,NA,Y,NA,A,01,0,0,1,0,0,0,0,0,0,-,-,34.160980224609375,-118.4697723388672,LOS ANGELES,LOS ANGELES,-118.46965789794922,34.16108703613281
92085949,2023,2023-06-05,9580,2023-05-28,55,022799,NA,7,3,7,1942,0,1,3,NA,2,119,SR-118 W/B (RONALD REAGAN FWY.),DE SOTO AVE,1584,W,N,A,-,Y,LA,NA,118,NA,R,2.115,H,NA,L,Y,4,0,3,2,A,-,08,22107,NA,N,D,2,A,A,H,-,C,D,0,NA,NA,NA,NA,Y,NA,A,01,0,0,3,0,0,0,0,0,0,-,-,34.276039123535156,-118.59967041015624,LOS ANGELES,LOS ANGELES,-118.59967803955078,34.27602005004883
92085961,2023,2023-06-05,9525,2023-05-16,1058,016450,NA,2,1,9,1900,0,3,5,NA,2,004,DON JULIAN RD. (13100 BLOCK),SAN ANGELO AVE,40,W,N,A,-,N,NA,NA,NA,NA,NA,NA,NA,NA,NA,Y,2,0,2,1,A,-,03,22350,NA,N,E,I,A,A,H,-,A,D,0,NA,NA,NA,NA,Y,NA,D,22,1,1,0,0,0,0,0,0,0,-,-,34.0459098815918,-118.0052490234375,LOS ANGELES,UNINCORPORATED,-118.00518035888672,34.04612350463867
92085990,2023,2023-06-05,9575,2023-05-27,2034,023126,NA,6,2,6,1953,0,1,3,NA,2,040,SR-134 W/B (VENTURA FREEWAY),PATRICIAN WAY,1100,E,N,B,-,Y,LA,NA,134,NA,R,11.901,H,NA,L,N,4,0,1,1,A,-,08,22107,NA,N,E,I,A,A,H,-,C,D,0,NA,NA,NA,NA,Y,NA,A,07,0,0,1,0,0,0,0,0,0,-,-,34.14139175415039,-118.17835235595705,LOS ANGELES,PASADENA,-118.1783447265625,34.14128112792969
92085994,2023,2023-06-05,9565,2023-05-26,2127,023014,NA,5,2,9,1900,0,3,5,NA,2,003,OVERHILL DR,STOCKER ST,50,S,N,A,-,N,NA,NA,NA,NA,NA,NA,NA,NA,NA,N,4,0,3,2,A,-,07,21658,A,N,C,C,A,A,H,-,C,A,0,NA,NA,NA,NA,Y,NA,A,01,0,0,3,0,0,0,0,0,0,-,-,33.99660110473633,-118.35758209228516,LOS ANGELES,UNINCORPORATED,-118.3577880859375,33.99692153930664
92086020,2023,2023-06-05,9540,2023-05-26,1548,021374,NA,5,2,9,1900,0,2,4,NA,1,102,HASLEY CANYON RD,CAMBRIDGE AVE,0,NA,Y,A,-,N,NA,NA,NA,NA,NA,NA,NA,NA,NA,Y,2,0,2,2,A,-,09,21801,A,N,D,C,A,A,H,-,A,A,0,NA,NA,NA,NA,Y,NA,D,22,1,1,0,0,0,0,0,0,0,-,-,34.45499038696289,-118.62142944335938,LOS ANGELES,UNINCORPORATED,-118.62142944335938,34.4549446105957
92086027,2023,2023-06-05,9540,2023-05-26,1845,021124,NA,5,2,6,1985,0,1,3,NA,1,142,SR-14 N/B (ANTELOPE VALLEY FREEWAY),NEWHALL AVENUE,3643,S,N,A,-,Y,LA,NA,14,NA,R,26.325,H,NA,R,Y,3,0,1,3,A,-,03,22350,NA,F,C,C,A,A,H,-,A,D,0,NA,NA,NA,NA,Y,NA,D,22,0,1,0,0,0,0,0,0,0,-,-,34.35517120361328,-118.5058364868164,LOS ANGELES,SANTA CLARITA,-118.5058364868164,34.35517120361328
92086041,2023,2023-06-05,9540,2023-05-26,1020,022385,NA,5,1,7,1942,0,1,1,NA,1,502,I-5 N/B (GOLDEN STATE FREEWAY),ROXFORD STREET,1584,N,N,B,-,Y,LA,NA,5,NA,NA,42.961,H,NA,R,Y,4,0,2,4,A,-,07,21658,A,N,B,C,A,A,H,-,A,D,0,NA,NA,NA,NA,Y,NA,A,01,0,0,2,0,0,0,0,0,0,-,-,34.3067512512207,-118.48287963867188,LOS ANGELES,LOS ANGELES,-118.48281860351564,34.30678939819336