CASE_ID,ACCIDENT_YEAR,PROC_DATE,JURIS,COLLISION_DATE,COLLISION_TIME,OFFICER_ID,REPORTING_DISTRICT,DAY_OF_WEEK,CHP_SHIFT,POPULATION,CNTY_CITY_LOC,SPECIAL_COND,BEAT_TYPE,CHP_BEAT_TYPE,CITY_DIVISION_LAPD,CHP_BEAT_CLASS,BEAT_NUMBER,PRIMARY_RD,SECONDARY_RD,DISTANCE,DIRECTION,INTERSECTION,WEATHER_1,WEATHER_2,STATE_HWY_IND,CALTRANS_COUNTY,CALTRANS_DISTRICT,STATE_ROUTE,ROUTE_SUFFIX,POSTMILE_PREFIX,POSTMILE,LOCATION_TYPE,RAMP_INTERSECTION,SIDE_OF_HWY,TOW_AWAY,COLLISION_SEVERITY,NUMBER_KILLED,NUMBER_INJURED,PARTY_COUNT,PRIMARY_COLL_FACTOR,PCF_CODE_OF_VIOL,PCF_VIOL_CATEGORY,PCF_VIOLATION,PCF_VIOL_SUBSECTION,HIT_AND_RUN,TYPE_OF_COLLISION,MVIW,PED_ACTION,ROAD_SURFACE,ROAD_COND_1,ROAD_COND_2,LIGHTING,CONTROL_DEVICE,CHP_ROAD_TYPE,PEDESTRIAN_ACCIDENT,BICYCLE_ACCIDENT,MOTORCYCLE_ACCIDENT,TRUCK_ACCIDENT,NOT_PRIVATE_PROPERTY,ALCOHOL_INVOLVED,STWD_VEHTYPE_AT_FAULT,CHP_VEHTYPE_AT_FAULT,COUNT_SEVERE_INJ,COUNT_VISIBLE_INJ,COUNT_COMPLAINT_PAIN,COUNT_PED_KILLED,COUNT_PED_INJURED,COUNT_BICYCLIST_KILLED,COUNT_BICYCLIST_INJURED,COUNT_MC_KILLED,COUNT_MC_INJURED,PRIMARY_RAMP,SECONDARY_RAMP,LATITUDE,LONGITUDE,COUNTY,CITY,POINT_X,POINT_Y
92097192,2023,2023-06-19,9575,2023-06-11,1625,022839,NA,7,2,6,1912,0,1,3,NA,2,044,SR-134 E/B (VENTURA FREEWAY),LOS ANGELES RIVER,1056,W,N,A,-,Y,LA,NA,134,NA,NA,3.26,H,NA,R,Y,4,0,3,3,A,-,08,22107,NA,N,C,2,A,A,H,-,A,D,0,NA,NA,NA,NA,Y,NA,A,01,0,0,3,0,0,0,0,0,0,-,-,34.154659271240234,-118.32073974609376,LOS ANGELES,BURBANK,-118.32074737548828,34.1546745300293
92097194,2023,2023-06-19,9575,2023-06-07,1719,023134,NA,3,2,7,1942,0,1,1,NA,2,052,I-5 N/B (GOLDEN STATE FREEWAY),PEORIA ST.,15,N,N,B,-,Y,LA,NA,5,NA,NA,35.357,H,NA,R,N,4,0,2,4,A,-,03,22350,NA,M,C,C,A,A,H,-,A,D,0,NA,NA,NA,NA,Y,NA,A,07,0,0,2,0,0,0,0,0,0,-,-,34.229129791259766,-118.39340972900392,LOS ANGELES,LOS ANGELES,-118.39338684082033,34.22916030883789
92097208,2023,2023-06-19,9575,2023-06-10,1405,022839,NA,6,2,7,1942,0,1,3,NA,2,043,SR-134 E/B (VENTURA FREEWAY),FOREST LAWN DRIVE,1202,E,N,B,-,Y,LA,NA,134,NA,NA,4.052,H,NA,R,N,4,0,3,3,A,-,03,22350,NA,N,C,2,A,A,H,-,A,D,0,NA,NA,NA,NA,Y,NA,A,07,0,0,3,0,0,0,0,0,0,-,-,34.15578079223633,-118.30699157714844,LOS ANGELES,LOS ANGELES,-118.30699157714844,34.15578842163086
92097245,2023,2023-06-19,9535,2023-06-08,2040,022521,NA,4,2,5,1906,0,1,S,NA,2,904,I-605 N/B FROM TEMPLE AVE,VALLEY BLVD,20,N,N,A,-,Y,NA,NA,NA,NA,NA,NA,NA,NA,NA,N,4,0,1,2,A,-,03,22350,NA,N,C,C,A,A,H,-,C,D,0,NA,NA,NA,NA,Y,NA,A,07,0,0,1,0,0,0,0,0,0,-,-,34.053489685058594,-118.00247192382813,LOS ANGELES,BALDWIN PARK,-118.00247192382813,34.053489685058594
92097250,2023,2023-06-19,9535,2023-05-29,1118,022025,NA,1,1,5,1901,0,1,1,NA,2,421,I-10 W/B (SAN BERNARDINO FREEWAY),WARWICK RD POC,515,W,N,B,-,Y,LA,NA,10,NA,NA,21.787,H,NA,L,Y,3,0,2,3,A,-,03,22350,NA,F,C,C,A,A,H,-,A,D,0,NA,NA,NA,NA,Y,NA,A,01,0,2,0,0,0,0,0,0,0,-,-,34.06441879272461,-118.15921020507813,LOS ANGELES,ALHAMBRA,-118.15916442871094,34.064353942871094
92097282,2023,2023-06-19,9550,2023-06-09,1610,023164,NA,5,2,9,1900,0,2,4,NA,1,042,COLIMA RD,SKYLINE DR,80,E,N,B,-,N,NA,NA,NA,NA,NA,NA,NA,NA,NA,Y,4,0,1,4,A,-,03,22350,NA,N,C,C,A,A,H,-,A,A,0,NA,NA,NA,NA,Y,NA,A,01,0,0,1,0,0,0,0,0,0,-,-,33.97623825073242,-117.98336791992188,LOS ANGELES,UNINCORPORATED,-117.98352813720705,33.97621154785156
92097311,2023,2023-06-19,9575,2023-06-03,2110,023126,NA,6,2,7,1942,0,1,1,NA,2,052,I-5 N/B (GOLDEN STATE FREEWAY),LAUREL CANYON BLVD,105,S,N,B,-,Y,LA,NA,5,NA,NA,35.907,H,NA,R,N,4,0,4,2,A,-,01,23152,A,M,C,C,A,A,H,-,C,D,0,NA,NA,NA,NA,Y,Y,A,01,0,0,4,0,0,0,0,0,0,-,-,34.231468200683594,-118.40267944335938,LOS ANGELES,LOS ANGELES,-118.40267944335938,34.231475830078125
92097316,2023,2023-06-19,9550,2023-05-26,2307,023248,NA,5,3,5,1908,0,1,3,NA,2,091,SR-91,LAKEWOOD BOULEVARD,600,W,N,A,-,Y,LA,NA,91,NA,R,14.494,H,NA,R,Y,3,0,1,1,A,-,01,23152,A,N,E,8,A,A,H,-,C,D,0,NA,NA,NA,NA,Y,Y,A,01,0,1,0,0,0,0,0,0,0,-,-,33.87685012817383,-118.14478302001952,LOS ANGELES,BELLFLOWER,-118.14478302001952,33.87700653076172
92097348,2023,2023-06-19,9590,2023-06-18,1830,022431,NA,7,2,7,1942,0,1,3,NA,2,031,SR-60 W/B (POMONA FREEWAY),SANTA FE AVENUE,1400,E,N,A,-,Y,LA,NA,60,NA,NA,0.016,H,NA,L,Y,3,0,1,1,A,-,08,22107,NA,N,E,I,A,A,H,-,A,D,0,NA,NA,NA,NA,Y,NA,A,01,0,1,0,0,0,0,0,0,0,-,-,34.02946853637695,-118.22537231445313,LOS ANGELES,LOS ANGELES,-118.22534942626952,34.02939224243164
92097349,2023,2023-06-19,9575,2023-06-10,1820,023134,NA,6,2,5,1902,0,1,1,NA,2,065,I-210 E/B (FOOTHILL FREEWAY),SANTA ANITA AVE.,845,W,N,B,-,Y,LA,NA,210,NA,R,31.74,H,NA,R,N,4,0,1,2,A,-,03,22350,NA,N,C,C,A,A,H,-,A,D,0,NA,NA,NA,NA,Y,NA,A,07,0,0,1,0,0,0,0,0,0,-,-,34.14813995361328,-118.03423309326172,LOS ANGELES,ARCADIA,-118.03423309326172,34.148109436035156
92097413,2023,2023-06-20,9550,2023-06-12,1840,020861,NA,1,2,3,1964,0,1,1,NA,2,650,I-605 S/B (SAN GABRIEL RIVER FREEWAY),RIVERA ROAD,2640,S,N,A,-,Y,LA,NA,605,NA,R,10.93,H,NA,L,Y,4,0,2,2,A,-,03,22350,NA,N,C,C,A,A,H,-,A,D,0,NA,NA,NA,NA,Y,NA,A,01,0,0,2,0,0,0,0,0,0,-,-,33.95866012573242,-118.08708953857422,LOS ANGELES,SANTA FE SPRINGS,-118.08705139160156,33.958648681640625
92097591,2023,2023-07-20,9525,2023-06-08,2020,022569,NA,4,2,5,1990,0,1,3,NA,2,573,SR-57 S/B (ORANGE FREEWAY),BREA CANYON RD,400,S,N,A,-,Y,LA,NA,57,NA,R,0.86,H,NA,L,Y,4,0,1,2,A,-,03,22350,NA,M,C,C,A,A,H,-,C,D,0,NA,NA,NA,NA,Y,NA,A,01,0,0,1,0,0,0,0,0,0,-,-,33.9570198059082,-117.86096954345705,LOS ANGELES,DIAMOND BAR,-117.86097717285156,33.95702362060547
92097597,2023,2023-06-20,9525,2023-06-09,510,022772,NA,5,3,4,1960,0,1,3,NA,2,571,SR-57 S/B TO SR-71 S/B,I-10 W/B (SAN BERNARDINO FWY),2112,N,N,A,-,Y,NA,NA,NA,NA,NA,NA,NA,NA,NA,Y,4,0,1,1,A,-,08,22107,NA,N,E,8,A,A,H,-,C,D,0,NA,NA,NA,NA,Y,NA,A,01,0,0,1,0,0,0,0,0,0,-,-,34.07149124145508,-117.80924987792967,LOS ANGELES,SAN DIMAS,-117.80924987792967,34.07149124145508
92097602,2023,2023-06-20,9535,2023-06-04,1840,022159,NA,7,2,4,1907,0,1,1,NA,2,072,I-710 N/B (LONG BEACH FREEWAY),ATLANTIC BLVD.,1225,S,N,A,-,Y,LA,NA,710,NA,NA,21.678,H,NA,R,Y,4,0,1,2,A,-,08,22107,NA,F,B,C,A,A,H,-,A,D,0,NA,NA,NA,NA,Y,NA,A,01,0,0,1,0,0,0,0,0,0,-,-,33.99422836303711,-118.17645263671876,LOS ANGELES,BELL,-118.1764678955078,33.994224548339844
92097628,2023,2023-06-20,9525,2023-06-14,740,018505,NA,3,1,4,1946,0,1,1,NA,2,211,I-210 W/B (FOOTHILL FWY),MYRTLE AVE,60,E,N,B,-,Y,LA,NA,210,NA,R,33.967,H,NA,L,Y,4,0,6,3,A,-,03,22350,NA,N,C,C,A,A,H,-,A,D,0,NA,NA,NA,NA,Y,NA,A,01,0,0,6,0,0,0,0,0,0,-,-,34.135528564453125,-118.00003051757813,LOS ANGELES,MONROVIA,-118.00003051757813,34.13557052612305
92097644,2023,2023-06-20,9525,2023-06-10,221,021986,NA,6,3,6,1955,0,1,3,NA,2,071,SR-71 S/B,RIO RANCHO ROAD,280,S,N,A,-,Y,LA,NA,71,NA,R,3.675,H,NA,R,Y,3,0,4,3,A,-,03,22350,NA,N,D,2,E,A,H,-,D,D,0,Y,NA,NA,NA,Y,NA,A,01,0,4,0,0,1,0,0,0,0,-,-,34.03105163574219,-117.7577667236328,LOS ANGELES,POMONA,-117.75775909423828,34.03105545043945
92097665,2023,2023-06-20,9525,2023-06-11,532,020552,NA,7,3,5,1906,0,1,1,NA,2,651,I-605 S/B TO I-10 W/B,S/B I-605 FREEWAY TO W/B I-10 FREEWAY,85,W,N,B,C,Y,NA,NA,NA,NA,NA,NA,NA,NA,NA,Y,2,0,1,1,A,-,01,23152,A,N,E,I,A,B,H,-,C,D,0,NA,NA,NA,NA,Y,Y,D,22,1,0,0,0,0,0,0,0,0,-,-,34.0653190612793,-118.00200653076172,LOS ANGELES,BALDWIN PARK,-118.00200653076172,34.0653190612793
92097666,2023,2023-06-20,9525,2023-06-11,1255,022605,NA,7,1,1,1934,0,1,1,NA,2,203,I-210 W/B TO I-605 S/B,I-605 (SAN GABRIEL RIVER FWY),10,E,N,C,-,Y,LA,NA,605,NA,NA,25.718,H,NA,L,Y,3,0,1,1,A,-,03,22350,NA,N,E,I,A,B,H,-,E,D,0,NA,NA,NA,NA,Y,NA,A,01,0,1,0,0,0,0,0,0,0,-,-,34.133949279785156,-117.9576416015625,LOS ANGELES,IRWINDALE,-117.95758056640624,34.13386917114258
92097713,2023,2023-06-20,9525,2023-06-01,1640,023176,NA,4,2,1,1934,0,1,1,NA,2,651,I-605 S/B (SAN GABRIEL RIVER FWY),LOWER AZUSA RD.,2640,S,N,B,-,Y,LA,NA,605,NA,NA,22.725,H,NA,L,Y,4,0,1,3,A,-,03,22350,NA,N,C,C,A,A,H,-,A,D,0,NA,NA,NA,NA,Y,NA,A,01,0,0,1,0,0,0,0,0,0,-,-,34.09828186035156,-117.9855728149414,LOS ANGELES,IRWINDALE,-117.98561096191406,34.098289489746094
92097717,2023,2023-06-20,9525,2023-06-11,2107,022925,NA,7,2,9,1900,0,3,5,NA,2,004,VINELAND AVE,TEMPLE AVE,0,NA,Y,C,-,N,NA,NA,NA,NA,NA,NA,NA,NA,NA,Y,4,0,2,2,A,-,09,21801,A,N,D,C,A,B,H,-,C,A,0,NA,NA,NA,NA,Y,NA,A,01,0,0,2,0,0,0,0,0,0,-,-,34.053958892822266,-117.9868392944336,LOS ANGELES,UNINCORPORATED,-117.98671722412108,34.05389404296875
92097738,2023,2023-06-20,9525,2023-06-10,222,021986,NA,6,3,6,1955,0,1,3,NA,2,071,SR-71 S/B (CHINO VALLEY FREEWAY),RIO RANCHO ROAD,280,S,N,A,-,Y,LA,NA,71,NA,R,3.676,H,NA,R,Y,3,0,1,2,A,-,03,22350,NA,N,D,C,A,A,H,-,D,D,0,NA,NA,NA,NA,Y,NA,A,01,0,1,0,0,0,0,0,0,0,-,-,34.03104019165039,-117.7577667236328,LOS ANGELES,POMONA,-117.75775146484376,34.03105163574219
92097754,2023,2023-06-20,9535,2023-06-05,1220,022011,NA,1,1,9,1900,0,2,4,NA,2,018,3RD ST (4600 BLOCK),MEDNIK AVE.,85,W,N,B,-,N,NA,NA,NA,NA,NA,NA,NA,NA,NA,N,4,0,1,2,A,-,03,22350,NA,M,C,C,A,A,H,-,A,D,0,NA,NA,NA,NA,Y,NA,-,-,0,0,1,0,0,0,0,0,0,-,-,34.033260345458984,-118.16397857666016,LOS ANGELES,UNINCORPORATED,-118.16256713867188,34.03327941894531
92097760,2023,2023-06-20,9540,2023-06-15,1940,021374,NA,4,2,7,1942,0,1,1,NA,2,500,I-5 N/B (GOLDEN STATE FREEWAY),ROXFORD ST,2300,S,N,B,-,Y,LA,NA,5,NA,NA,42.208,H,NA,R,N,3,0,1,2,A,-,03,22350,NA,N,C,C,A,A,H,-,A,D,0,NA,NA,NA,NA,Y,NA,A,07,0,1,0,0,0,0,0,0,0,-,-,34.29840850830078,-118.47460174560548,LOS ANGELES,LOS ANGELES,-118.47470092773438,34.298343658447266
92097761,2023,2023-07-21,9565,2023-06-08,645,014952,NA,4,1,9,1900,0,3,5,NA,2,004,104TH ST,HAWTHORNE BL.,0,NA,Y,A,-,N,NA,NA,NA,NA,NA,NA,NA,NA,NA,N,3,0,1,2,A,-,09,21453,B,N,H,G,A,A,H,-,A,A,0,NA,Y,NA,NA,Y,NA,A,07,0,1,0,0,0,0,1,0,0,-,-,33.94181823730469,-118.35238647460938,LOS ANGELES,UNINCORPORATED,-118.35272979736328,33.94180679321289
92097781,2023,2023-06-20,9565,2023-06-08,1240,022902,NA,4,1,9,1900,0,3,5,NA,2,004,131ST ST,SHOUP AVE,100,E,N,A,-,N,NA,NA,NA,NA,NA,NA,NA,NA,NA,Y,4,0,1,2,A,-,08,22107,NA,N,B,C,A,A,H,-,A,D,0,NA,NA,NA,NA,Y,NA,A,07,0,0,1,0,0,0,0,0,0,-,-,33.913818359375,-118.36318206787108,LOS ANGELES,UNINCORPORATED,-118.3638916015625,33.913787841796875
92097822,2023,2023-06-20,9535,2023-04-01,2350,022335,NA,6,3,9,1900,0,1,1,NA,2,500,I-5 N/B (SANTA ANA FREEWAY),DOWNEY ROAD,245,E,N,A,-,Y,LA,NA,5,NA,NA,14.212,H,NA,R,N,4,0,1,2,A,-,03,22350,NA,M,C,C,A,A,H,-,D,D,0,NA,NA,NA,NA,Y,NA,A,01,0,0,1,0,0,0,0,0,0,-,-,34.01935958862305,-118.17923736572266,LOS ANGELES,UNINCORPORATED,-118.17922973632813,34.01938247680664
92097845,2023,2023-06-20,9530,2023-06-08,1300,020816,NA,4,1,7,1941,0,1,1,NA,2,071,I-710 S/B (LONG BEACH FREEWAY),SR-91 (ARTESIA FWY),1800,N,N,B,-,Y,LA,NA,710,NA,NA,13.339,H,NA,L,N,4,0,1,2,A,-,07,21658,A,N,B,C,A,A,H,-,A,D,0,NA,NA,NA,Y,Y,NA,G,25,0,0,1,0,0,0,0,0,0,-,-,33.88072967529297,-118.19206237792967,LOS ANGELES,LONG BEACH,-118.19202423095705,33.88072204589844
92097855,2023,2023-06-20,9530,2023-06-08,801,022377,NA,4,1,9,1900,0,3,5,NA,2,001,58TH DR. (1500 BLOCK),COMPTON AVE.,140,E,N,A,-,N,NA,NA,NA,NA,NA,NA,NA,NA,NA,N,4,0,1,2,A,-,21,22106,NA,N,B,C,A,A,H,-,A,D,0,NA,NA,NA,NA,Y,NA,A,01,0,0,1,0,0,0,0,0,0,-,-,33.98754119873047,-118.24716949462892,LOS ANGELES,UNINCORPORATED,-118.24729919433594,33.987510681152344
92097881,2023,2023-06-20,9535,2023-06-08,1845,022822,NA,4,2,9,1900,0,3,5,NA,2,001,DOBINSON ST (3900 BLOCK),BONNIE BEACH PL,70,W,N,A,-,N,NA,NA,NA,NA,NA,NA,NA,NA,NA,N,3,0,1,2,A,-,11,21950,B,N,G,B,E,A,H,-,A,D,0,Y,NA,NA,NA,Y,NA,N,60,0,1,0,0,1,0,0,0,0,-,-,34.048309326171875,-118.18128204345705,LOS ANGELES,UNINCORPORATED,-118.18132781982422,34.04825973510742
92097911,2023,2023-06-20,9535,2023-06-08,2245,023260,NA,4,3,1,1973,0,1,1,NA,2,073,I-710 S/B (LONG BEACH FREEWAY),BANDINI BLVD,50,S,N,A,-,Y,LA,NA,710,NA,NA,21.973,H,NA,L,Y,4,0,1,2,A,-,08,22107,NA,F,B,2,A,A,H,-,C,D,0,NA,NA,NA,NA,Y,NA,D,22,0,0,1,0,0,0,0,0,0,-,-,33.99831008911133,-118.1764907836914,LOS ANGELES,VERNON,-118.176513671875,33.99831771850586
92097916,2022,2023-06-20,9545,2022-12-24,1850,021173,NA,6,2,9,1900,0,3,5,NA,2,004,AVENUE T,LONGVIEW RD,5280,E,N,A,-,N,NA,NA,NA,NA,NA,NA,NA,NA,NA,Y,4,0,1,3,A,-,08,22107,NA,F,F,A,A,A,H,-,D,D,0,NA,NA,NA,NA,Y,NA,-,99,0,0,1,0,0,0,0,0,0,-,-,34.54275131225586,-117.87236785888672,LOS ANGELES,UNINCORPORATED,-117.87256622314452,34.542728424072266
92097942,2023,2023-06-20,9565,2023-06-08,1340,022923,NA,4,1,4,1918,0,1,1,NA,2,061,I-405 SOUTHBOUND (SAN DIEGO FREEWAY),JEFFERSON BOULEVARD,1050,N,N,A,-,Y,LA,NA,405,NA,NA,26.112,H,NA,L,N,4,0,2,2,A,-,08,22107,NA,N,C,C,A,A,H,-,A,D,0,NA,NA,NA,NA,Y,Y,A,01,0,0,2,0,0,0,0,0,0,-,-,33.989768981933594,-118.40078735351564,LOS ANGELES,CULVER CITY,-118.40081787109376,33.98975372314453
92097943,2023,2023-06-20,9530,2023-06-08,230,023237,NA,4,3,9,1900,0,1,1,NA,2,120,I-110 S/B (HARBOR FREEWAY),223RD ST,750,S,N,A,-,Y,LA,NA,110,NA,NA,6.325,H,NA,L,Y,4,0,2,2,A,-,03,22350,NA,N,C,C,A,A,H,-,C,D,0,NA,NA,NA,NA,Y,NA,D,22,0,0,2,0,0,0,0,0,0,-,-,33.821571350097656,-118.28742980957033,LOS ANGELES,UNINCORPORATED,-118.28749847412108,33.82156753540039
92097955,2023,2023-06-20,9530,2023-06-18,147,022292,NA,7,3,7,1941,0,2,S,NA,2,901,LONG BEACH BOULEVARD (6400 BLOCK),STATE ROUTE 91 WESTBOUND TO LONG BEACH BOULEVARD,111,S,N,A,-,N,NA,NA,NA,NA,NA,NA,NA,NA,NA,Y,2,0,1,1,A,-,03,22350,NA,N,E,I,A,A,H,-,C,D,0,NA,NA,NA,NA,Y,NA,A,07,1,0,0,0,0,0,0,0,0,-,-,33.872501373291016,-118.20207214355467,LOS ANGELES,LONG BEACH,-118.19377136230467,33.846519470214844
92097959,2023,2023-06-20,9530,2023-06-08,231,023237,NA,4,3,9,1900,0,1,1,NA,2,120,I-110 S/B (HARBOR FREEWAY),223RD ST,760,S,N,A,-,Y,LA,NA,110,NA,NA,6.371,H,NA,L,Y,4,0,1,2,A,-,03,22350,NA,N,C,C,A,A,H,-,C,D,0,NA,NA,NA,NA,Y,NA,A,01,0,0,1,0,0,0,0,0,0,-,-,33.82223892211914,-118.28743743896484,LOS ANGELES,UNINCORPORATED,-118.28750610351564,33.82223892211914
92097978,2023,2023-06-20,9565,2023-06-08,1840,022104,NA,4,2,5,1965,0,1,1,NA,2,081,I-10 W/B,11TH ST.,220,W,N,A,-,Y,LA,NA,10,NA,R,2.335,H,NA,L,N,4,0,1,2,A,-,03,22350,NA,N,C,C,A,A,H,-,A,D,0,NA,NA,NA,NA,Y,NA,A,01,0,0,1,0,0,0,0,0,0,-,-,34.01647186279297,-118.48348999023438,LOS ANGELES,SANTA MONICA,-118.48345947265624,34.016441345214844
92098011,2023,2023-06-20,9525,2023-06-12,310,022925,NA,1,3,1,1934,0,1,1,NA,2,652,I-605 N/B (SAN GABRIEL RIVER FWY),LOWER AZUSA RD.,1584,N,N,C,-,Y,LA,NA,605,NA,NA,22.519,H,NA,R,Y,4,0,2,1,A,-,03,22350,NA,N,E,8,A,B,H,-,C,D,0,NA,NA,NA,NA,Y,NA,A,01,0,0,2,0,0,0,0,0,0,-,-,34.09513854980469,-117.9871063232422,LOS ANGELES,IRWINDALE,-117.9871826171875,34.09518814086914
92098018,2023,2023-06-20,9590,2023-06-05,1340,021492,NA,1,1,7,1942,1,1,1,NA,2,085,I-5 S/B (GOLDEN STATE FREEWAY),FLETCHER DR,1056,N,N,A,-,Y,LA,NA,5,NA,NA,23.209,H,NA,L,N,4,0,2,2,A,-,07,21658,A,F,B,C,A,A,H,-,A,D,0,NA,NA,NA,NA,Y,NA,-,99,0,0,2,0,0,0,0,0,0,-,-,34.10824966430664,-118.25917053222656,LOS ANGELES,LOS ANGELES,-118.2591552734375,34.10826873779297
92098019,2023,2023-06-20,9530,2023-06-04,1906,022995,NA,7,2,7,1942,0,1,1,NA,2,110,I-110 N/B TO I-105 W/B,IMPERIAL HIGHWAY,300,S,N,A,-,Y,LA,NA,110,NA,NA,13.667,H,NA,R,N,4,0,1,2,A,-,02,22400,A,N,B,C,A,A,H,-,B,D,0,NA,NA,NA,NA,Y,NA,A,01,0,0,1,0,0,0,0,0,0,-,-,33.92654037475586,-118.28060913085938,LOS ANGELES,LOS ANGELES,-118.28092956542967,33.926570892333984
92098029,2023,2023-06-20,9590,2023-06-07,1230,015575,NA,3,1,7,1942,0,1,1,NA,2,083,I-5 S/B (GOLDEN STATE FREEWAY),RIVERSIDE DRIVE,668,S,N,A,-,Y,LA,NA,5,NA,NA,21.81,H,NA,L,Y,4,0,1,3,A,-,03,22350,NA,N,C,C,A,A,H,-,A,D,0,NA,NA,NA,Y,Y,NA,D,22,0,0,1,0,0,0,0,0,0,-,-,34.09395980834961,-118.24249267578124,LOS ANGELES,LOS ANGELES,-118.24250793457033,34.09394836425781
92098061,2023,2023-06-20,9525,2023-06-11,1610,023176,NA,7,2,9,1900,0,3,5,NA,2,004,VAN WIG AVE (602 BLOCK),TEMPLE AVE,68,N,N,B,-,N,NA,NA,NA,NA,NA,NA,NA,NA,NA,N,4,0,1,2,A,-,08,22107,NA,N,A,A,A,A,A,-,A,A,0,NA,NA,NA,NA,Y,Y,A,01,0,0,1,0,0,0,0,0,0,-,-,34.05173110961914,-117.98312377929688,LOS ANGELES,UNINCORPORATED,-117.98298645019533,34.0517463684082
92098083,2023,2023-06-20,9535,2023-06-13,955,021371,NA,2,1,9,1900,0,1,1,NA,2,651,I-605 S/B (SAN GABRIEL RIVER FREEWAY),SR-60,1320,N,N,B,-,Y,LA,NA,605,NA,R,17.618,H,NA,L,Y,3,0,3,2,A,-,07,21658,A,N,B,C,A,A,H,-,A,D,0,NA,NA,NA,NA,Y,NA,A,07,0,1,2,0,0,0,0,0,0,-,-,34.036319732666016,-118.02442169189452,LOS ANGELES,UNINCORPORATED,-118.0243682861328,34.03627395629883
92098093,2023,2023-06-20,9550,2023-06-03,1815,022769,NA,6,2,9,1900,0,1,1,NA,2,650,I-605 SB,PECK RD.,2640,S,N,A,-,Y,LA,NA,605,NA,R,16.244,H,NA,L,Y,3,0,2,2,A,-,08,22107,NA,N,B,C,A,A,H,-,A,D,0,NA,NA,NA,NA,Y,NA,A,01,0,2,0,0,0,0,0,0,0,-,-,34.02391815185547,-118.04331970214844,LOS ANGELES,UNINCORPORATED,-118.04334259033205,34.02394485473633
92098110,2023,2023-06-20,9525,2023-06-12,1720,022521,NA,1,2,9,1900,0,3,5,NA,2,004,VALLEY BLVD,SAN ANGELO AVE,52,E,N,B,-,N,NA,NA,NA,NA,NA,NA,NA,NA,NA,N,3,0,1,2,A,-,03,22350,NA,N,F,8,A,A,H,-,A,D,0,NA,NA,Y,NA,Y,NA,C,02,0,1,0,0,0,0,0,0,1,-,-,34.05165100097656,-117.99993896484376,LOS ANGELES,UNINCORPORATED,-117.99996948242188,34.05171203613281
92098134,2023,2023-06-20,9575,2023-06-10,20,023205,NA,6,3,7,1942,0,1,1,NA,2,061,I-210 (FOOTHILL FREEWAY),WHEATLAND AVENUE,1910,E,N,A,-,Y,LA,NA,210,NA,R,9.822,H,NA,R,Y,3,0,1,1,C,-,18,NA,NA,N,E,I,A,B,H,-,D,D,0,NA,NA,NA,NA,Y,NA,-,-,0,1,0,0,0,0,0,0,0,-,-,34.27138137817383,-118.3466796875,LOS ANGELES,LOS ANGELES,-118.3467025756836,34.271278381347656
92098155,2023,2023-06-20,9525,2023-06-12,830,015445,NA,1,1,6,1975,0,1,1,NA,2,105,I-10 W/B (SAN BERNARDINO FWY),VINCENT AVE,1500,E,N,B,-,Y,LA,NA,10,NA,NA,35.698,H,NA,L,N,4,0,1,3,A,-,03,22350,NA,N,C,C,A,A,H,-,A,D,0,NA,NA,NA,NA,Y,NA,A,01,0,0,1,0,0,0,0,0,0,-,-,34.07236099243164,-117.92154693603516,LOS ANGELES,WEST COVINA,-117.92154693603516,34.072364807128906
92098167,2023,2023-06-20,9575,2023-06-10,19,023205,NA,6,3,7,1942,0,1,1,NA,2,061,I-210 (FOOTHILL FREEWAY),WHEATLAND AVENUE,2095,E,N,A,-,Y,LA,NA,210,NA,R,9.858,H,NA,R,Y,3,0,3,3,A,-,03,22350,NA,N,C,C,A,A,H,-,D,D,0,NA,NA,NA,NA,Y,NA,A,01,0,3,0,0,0,0,0,0,0,-,-,34.27130889892578,-118.3460693359375,LOS ANGELES,LOS ANGELES,-118.34609222412108,34.27119445800781
92098177,2023,2023-06-20,9525,2023-06-12,1840,020042,NA,1,2,1,1934,0,1,1,NA,2,204,I-210 E/B (FOOTHILL FWY),I-605 N/B (SAN GABRIEL RIVER FWY),528,E,N,B,-,Y,LA,NA,210,NA,R,36.491,H,NA,R,Y,4,0,1,2,A,-,03,22350,NA,N,C,C,A,A,H,-,A,D,0,NA,NA,NA,NA,Y,NA,A,01,0,0,1,0,0,0,0,0,0,-,-,34.133949279785156,-117.95630645751952,LOS ANGELES,IRWINDALE,-117.95632934570313,34.13390350341797