CASE_ID,ACCIDENT_YEAR,PROC_DATE,JURIS,COLLISION_DATE,COLLISION_TIME,OFFICER_ID,REPORTING_DISTRICT,DAY_OF_WEEK,CHP_SHIFT,POPULATION,CNTY_CITY_LOC,SPECIAL_COND,BEAT_TYPE,CHP_BEAT_TYPE,CITY_DIVISION_LAPD,CHP_BEAT_CLASS,BEAT_NUMBER,PRIMARY_RD,SECONDARY_RD,DISTANCE,DIRECTION,INTERSECTION,WEATHER_1,WEATHER_2,STATE_HWY_IND,CALTRANS_COUNTY,CALTRANS_DISTRICT,STATE_ROUTE,ROUTE_SUFFIX,POSTMILE_PREFIX,POSTMILE,LOCATION_TYPE,RAMP_INTERSECTION,SIDE_OF_HWY,TOW_AWAY,COLLISION_SEVERITY,NUMBER_KILLED,NUMBER_INJURED,PARTY_COUNT,PRIMARY_COLL_FACTOR,PCF_CODE_OF_VIOL,PCF_VIOL_CATEGORY,PCF_VIOLATION,PCF_VIOL_SUBSECTION,HIT_AND_RUN,TYPE_OF_COLLISION,MVIW,PED_ACTION,ROAD_SURFACE,ROAD_COND_1,ROAD_COND_2,LIGHTING,CONTROL_DEVICE,CHP_ROAD_TYPE,PEDESTRIAN_ACCIDENT,BICYCLE_ACCIDENT,MOTORCYCLE_ACCIDENT,TRUCK_ACCIDENT,NOT_PRIVATE_PROPERTY,ALCOHOL_INVOLVED,STWD_VEHTYPE_AT_FAULT,CHP_VEHTYPE_AT_FAULT,COUNT_SEVERE_INJ,COUNT_VISIBLE_INJ,COUNT_COMPLAINT_PAIN,COUNT_PED_KILLED,COUNT_PED_INJURED,COUNT_BICYCLIST_KILLED,COUNT_BICYCLIST_INJURED,COUNT_MC_KILLED,COUNT_MC_INJURED,PRIMARY_RAMP,SECONDARY_RAMP,LATITUDE,LONGITUDE,COUNTY,CITY,POINT_X,POINT_Y
92102215,2023,2023-06-26,9540,2023-06-23,1600,020918,NA,5,2,6,1985,0,1,3,NA,2,148,SR-14 NORTHBOUND (N/B) (ANTELOPE VALLEY FWY.),VIA PRINCESSA,2587,N,N,A,-,Y,LA,NA,14,NA,R,31.421,H,NA,R,Y,4,0,2,2,A,-,03,22350,NA,N,C,C,A,A,H,-,A,D,0,NA,NA,NA,NA,Y,NA,A,01,0,0,2,0,0,0,0,0,0,-,-,34.407039642333984,-118.4477996826172,LOS ANGELES,SANTA CLARITA,-118.44776153564452,34.40701675415039
92102232,2023,2023-06-26,9590,2023-06-13,326,022720,NA,2,3,7,1942,0,1,2,NA,2,072,US-101 N/B (HOLLYWOOD FREEWAY),LANKERSHIM BLVD.,350,S,N,A,-,Y,LA,NA,101,NA,NA,10.279,H,NA,R,Y,4,0,1,1,A,-,01,23152,A,N,E,J,A,A,H,-,C,D,0,NA,NA,NA,NA,Y,Y,A,01,0,0,1,0,0,0,0,0,0,-,-,34.13711166381836,-118.36197662353516,LOS ANGELES,LOS ANGELES,-118.36191558837892,34.13717269897461
92102249,2023,2023-06-26,9545,2023-06-22,1348,020547,NA,4,1,9,1900,0,1,3,NA,2,031,SR-14 S/B,CROWN VALLEY RD,400,S,N,A,-,Y,LA,NA,14,NA,R,48.559,H,NA,L,Y,3,0,2,3,A,-,03,22350,NA,N,C,C,A,A,H,-,A,D,0,NA,NA,NA,NA,Y,NA,A,01,0,1,1,0,0,0,0,0,0,-,-,34.491729736328125,-118.19943237304688,LOS ANGELES,UNINCORPORATED,-118.1994400024414,34.49177169799805
92102282,2023,2023-06-26,9540,2023-06-25,620,022401,NA,7,1,9,1900,0,1,1,NA,1,503,I-5 SOUTHBOUND (GSF),WELDON CANYON RD,3000,N,N,A,-,Y,LA,NA,5,NA,R,47.167,H,NA,L,Y,4,0,1,2,A,-,07,21658,A,F,B,C,A,A,H,-,A,D,0,NA,NA,NA,NA,Y,Y,-,99,0,0,1,0,0,0,0,0,0,-,-,34.3448600769043,-118.53175354003906,LOS ANGELES,UNINCORPORATED,-118.53175354003906,34.34485626220703
92102292,2023,2023-06-26,9525,2023-06-19,1530,022959,NA,1,2,5,1990,0,1,3,NA,2,603,SR-60 W/B (POMONA FWY),GRAND AVE,1500,E,N,A,-,Y,LA,NA,60,NA,R,25.265,H,NA,L,N,4,0,2,3,A,-,03,22350,NA,N,C,C,A,A,H,-,A,D,0,NA,NA,NA,NA,Y,NA,A,01,0,0,2,0,0,0,0,0,0,-,-,34.02001953125,-117.81536865234376,LOS ANGELES,DIAMOND BAR,-117.81525421142578,34.019962310791016
92102312,2023,2023-06-26,9545,2023-06-23,1215,018058,NA,5,1,9,1900,0,1,3,NA,2,011,SR-14 S/B ANTELOPE VALLEY FREEWAY,AVENUE B,581,S,N,A,-,Y,LA,NA,14,NA,R,75.895,H,NA,L,N,4,0,1,2,A,-,03,22350,NA,N,C,C,A,A,H,-,A,D,0,NA,NA,NA,NA,Y,NA,A,01,0,0,1,0,0,0,0,0,0,-,-,34.804351806640625,-118.17108917236328,LOS ANGELES,UNINCORPORATED,-118.17110443115234,34.804351806640625
92102318,2023,2023-06-26,9535,2023-06-14,1014,022172,NA,3,1,9,1900,0,2,4,NA,2,024,WHITTIER BOULEVARD,DUNCAN AVENUE,0,NA,Y,B,-,N,NA,NA,NA,NA,NA,NA,NA,NA,NA,N,3,0,1,2,A,-,10,21950,A,N,G,B,B,A,H,-,A,D,0,Y,NA,NA,NA,Y,NA,A,01,0,1,0,0,1,0,0,0,0,-,-,34.02309036254883,-118.16995239257813,LOS ANGELES,UNINCORPORATED,-118.17002868652344,34.023094177246094
92102348,2023,2023-06-26,9540,2023-06-16,1030,021118,NA,5,1,9,1900,0,2,4,NA,2,081,THE OLD RD (28000 BLOCK),RYE CANYON RD,310,N,N,A,-,N,NA,NA,NA,NA,NA,NA,NA,NA,NA,N,4,0,1,2,A,-,09,21804,A,N,C,C,A,A,H,-,A,D,0,NA,NA,NA,NA,Y,NA,A,01,0,0,1,0,0,0,0,0,0,-,-,34.431121826171875,-118.58976745605467,LOS ANGELES,UNINCORPORATED,-118.5897216796875,34.431114196777344
92102402,2023,2023-06-26,9530,2023-05-13,2045,023090,NA,6,2,5,1943,0,1,1,NA,2,210,I-105 W/B (GLENN ANDERSON FWY),WILMINGTON AVE.,1540,E,N,A,-,Y,LA,NA,105,NA,R,10.096,H,NA,L,N,4,0,1,2,A,-,01,23152,A,F,C,C,A,A,H,-,C,D,0,NA,NA,NA,NA,Y,Y,A,07,0,0,1,0,0,0,0,0,0,-,-,33.92824172973633,-118.23394775390624,LOS ANGELES,LYNWOOD,-118.23394775390624,33.928192138671875
92102415,2023,2023-06-26,9545,2023-06-19,2025,022558,NA,1,2,9,1900,0,3,5,NA,2,004,BIG ROCK CREEK RD,BIG PINES HWY,5597,S,N,A,-,N,NA,NA,NA,NA,NA,NA,NA,NA,NA,Y,4,0,1,1,A,-,03,22350,NA,N,E,I,A,A,H,-,B,D,0,NA,NA,NA,NA,Y,NA,A,01,0,0,1,0,0,0,0,0,0,-,-,34.4179801940918,-117.83912658691406,LOS ANGELES,UNINCORPORATED,-117.83897399902344,34.41804504394531
92102424,2023,2023-06-26,9590,2023-06-15,530,019008,NA,4,3,7,1942,0,1,2,NA,2,070,US-101 NORTHBOUND (SANTA ANA FREEWAY),MISSION ROAD,50,N,N,B,-,Y,LA,NA,101,NA,NA,0.013,H,NA,R,N,4,0,2,2,A,-,01,23152,A,N,C,C,A,A,H,-,C,D,0,NA,NA,NA,NA,Y,Y,A,01,0,0,2,0,0,0,0,0,0,-,-,34.05284118652344,-118.22686767578124,LOS ANGELES,LOS ANGELES,-118.22687530517578,34.05282974243164
92102427,2023,2023-06-26,9575,2023-06-19,1740,023229,NA,1,2,6,1925,0,1,3,NA,2,042,SR-134 E/B (VENTURA FREEWAY),BRAND BLVD.,190,W,N,A,-,Y,LA,NA,134,NA,R,7.084,H,NA,R,N,4,0,1,2,A,-,03,22350,NA,N,C,C,A,A,H,-,A,D,0,NA,NA,NA,NA,Y,NA,A,01,0,0,1,0,0,0,0,0,0,-,-,34.156219482421875,-118.25582122802734,LOS ANGELES,GLENDALE,-118.25582122802734,34.15626907348633
92102447,2023,2023-06-26,9530,2023-05-14,1630,022708,NA,7,2,9,1900,0,3,5,NA,2,001,SANTA FE AVE (7200 BLOCK),FLORENCE AVE,50,S,N,A,-,N,NA,NA,NA,NA,NA,NA,NA,NA,NA,N,4,0,1,2,A,-,09,21801,A,N,D,C,A,A,H,-,A,D,0,NA,NA,Y,NA,Y,NA,A,07,0,0,1,0,0,0,0,0,1,-,-,33.97439956665039,-118.23033142089844,LOS ANGELES,UNINCORPORATED,-118.23029327392578,33.97459411621094
92102449,2023,2023-06-26,9525,2023-06-18,700,021074,NA,7,1,4,1905,0,1,1,NA,2,203,I-210 W/B TO CITRUS AVE.,CITRUS AVE.,500,E,N,A,-,Y,NA,NA,NA,NA,NA,NA,NA,NA,NA,N,4,0,1,3,A,-,03,22350,NA,N,C,C,A,A,H,-,A,D,0,NA,NA,NA,NA,Y,NA,A,01,0,0,1,0,0,0,0,0,0,-,-,34.121280670166016,-117.8874282836914,LOS ANGELES,AZUSA,-117.8874282836914,34.121280670166016
92102480,2022,2023-06-26,9530,2022-03-05,2310,022585,NA,6,3,9,1900,0,3,5,NA,2,002,CENTRAL AVE. (12OO BLOCK),EL SEGUNDO BLVD.,50,N,N,A,-,N,NA,NA,NA,NA,NA,NA,NA,NA,NA,Y,2,0,3,2,A,-,09,21801,A,F,D,C,A,A,H,-,C,D,0,NA,NA,NA,NA,Y,Y,A,01,2,1,0,0,0,0,0,0,0,-,-,33.916648864746094,-118.25434112548828,LOS ANGELES,UNINCORPORATED,-118.2543716430664,33.916358947753906
92102484,2023,2023-06-26,9530,2023-05-20,140,023237,NA,6,3,9,1900,0,3,5,NA,2,006,VERMONT AVE.,214TH ST,0,NA,Y,A,-,N,NA,NA,NA,NA,NA,NA,NA,NA,NA,Y,3,0,1,2,A,-,01,23152,A,N,D,C,A,A,H,-,C,A,0,NA,NA,NA,NA,Y,Y,A,01,0,1,0,0,0,0,0,0,0,-,-,33.83430099487305,-118.29036712646484,LOS ANGELES,UNINCORPORATED,-118.290283203125,33.834293365478516
92102501,2023,2023-07-14,9530,2023-06-03,1238,022930,NA,6,1,9,1900,0,3,5,NA,2,001,FLORENCE AVE. (1400 BLOCK),COMPTON AVE.,200,W,N,A,-,N,NA,NA,NA,NA,NA,NA,NA,NA,NA,N,4,0,1,2,A,-,08,22107,NA,N,B,C,A,A,H,-,A,D,0,NA,NA,NA,NA,Y,NA,A,01,0,0,1,0,0,0,0,0,0,-,-,33.97481918334961,-118.24846649169922,LOS ANGELES,UNINCORPORATED,-118.2483367919922,33.97473907470703
92102521,2023,2023-06-26,9550,2023-06-06,505,022950,NA,2,3,5,1919,0,1,1,NA,2,652,I-605 NB,SOUTH ST,500,S,N,A,-,Y,LA,NA,605,NA,R,3.592,H,NA,R,N,3,0,1,2,A,-,03,22350,NA,N,D,C,A,A,H,-,C,D,0,NA,NA,NA,NA,Y,NA,A,01,0,1,0,0,0,0,0,0,0,-,-,33.8560791015625,-118.09559631347656,LOS ANGELES,CERRITOS,-118.09547424316406,33.856101989746094
92102527,2023,2023-06-26,9545,2023-06-25,1535,023153,NA,7,2,9,1900,0,1,3,NA,2,031,SR-14 S/B,CROWN VALLEY RD,3274,N,N,A,-,Y,LA,NA,14,NA,R,49.242,H,NA,L,Y,3,0,1,2,A,-,07,21658,A,N,B,2,A,A,H,-,A,D,0,NA,NA,NA,NA,Y,NA,A,01,0,1,0,0,0,0,0,0,0,-,-,34.493568420410156,-118.18750762939452,LOS ANGELES,UNINCORPORATED,-118.18750762939452,34.49359130859375
92102528,2023,2023-06-26,9545,2023-06-19,1750,022558,NA,1,2,9,1900,0,1,3,NA,1,042,SR-138,87TH STREET EAST,400,W,N,A,-,Y,LA,NA,138,NA,NA,55.129,H,NA,R,N,4,0,1,2,A,-,03,22350,NA,N,C,C,A,A,H,-,A,D,0,NA,NA,NA,Y,Y,NA,A,01,0,0,1,0,0,0,0,0,0,-,-,34.52109146118164,-117.97630310058594,LOS ANGELES,UNINCORPORATED,-117.97630310058594,34.52112579345703
92102530,2023,2023-06-26,9545,2023-06-19,2100,021640,NA,1,2,9,1900,0,1,3,NA,2,021,SR-14 S/B,AVENUE N,1400,S,N,A,-,Y,LA,NA,14,NA,R,63.403,H,NA,L,N,4,0,4,6,A,-,08,22107,NA,N,C,C,A,A,D,-,D,D,0,NA,NA,NA,NA,Y,NA,A,01,0,0,4,0,0,0,0,0,0,-,-,34.62723922729492,-118.15338897705078,LOS ANGELES,UNINCORPORATED,-118.15338897705078,34.62723922729492
92102534,2023,2023-06-26,9545,2023-06-20,1135,018058,NA,2,1,6,1950,0,1,3,NA,2,021,SR-14 N/B AEROSPACE HIGHWAY,10TH ST WEST,463,N,N,A,-,Y,LA,NA,14,NA,R,61.907,H,NA,R,Y,4,0,1,2,A,-,07,21658,A,N,B,C,A,A,H,-,A,D,0,NA,NA,NA,NA,Y,NA,A,01,0,0,1,0,0,0,0,0,0,-,-,34.60675811767578,-118.14917755126952,LOS ANGELES,PALMDALE,-118.14920043945313,34.60674285888672
92102542,2023,2023-06-26,9545,2023-06-22,930,020244,NA,4,1,9,1900,0,3,5,NA,2,003,WARD RD TO SIERRA HIGHWAY (CONNECTOR ROAD),WARD RD,0,NA,Y,A,-,N,NA,NA,NA,NA,NA,NA,NA,NA,NA,Y,2,0,3,2,A,-,09,21802,A,N,D,C,A,A,H,-,A,A,0,NA,NA,NA,NA,Y,NA,D,22,2,1,0,0,0,0,0,0,0,-,-,34.50130844116211,-118.22833251953124,LOS ANGELES,UNINCORPORATED,NA,NA
92102545,2023,2023-06-26,9545,2023-06-23,440,020244,NA,5,3,9,1900,0,1,3,NA,2,031,SR-14 S/B,RED ROVER MINE RD,150,S,N,A,-,Y,LA,NA,14,NA,R,47.311,H,NA,L,N,4,0,1,2,A,-,03,22350,NA,N,C,C,A,A,H,-,C,D,0,NA,NA,NA,NA,Y,NA,A,07,0,0,1,0,0,0,0,0,0,-,-,34.49734878540039,-118.21942901611328,LOS ANGELES,UNINCORPORATED,-118.21938323974608,34.497406005859375
92102546,2023,2023-06-26,9545,2023-06-25,1135,018862,NA,7,1,9,1900,0,1,3,NA,1,012,SR-138 (AVENUE D),130TH ST  W,2429,W,N,A,G,Y,LA,NA,138,NA,NA,25.585,H,NA,R,Y,3,0,2,1,A,-,08,22107,NA,N,F,A,A,A,H,-,A,D,0,NA,NA,NA,Y,Y,NA,F,26,0,1,1,0,0,0,0,0,0,-,-,34.77555847167969,-118.36911010742188,LOS ANGELES,UNINCORPORATED,-118.36911010742188,34.775543212890625
92102547,2023,2023-06-26,9545,2023-06-25,1435,023153,NA,7,2,9,1900,0,1,3,NA,2,031,SR-14 N/B TO SIERRA HWY OFFRAMP,SR-14 N/B FROM SIERRA HWY ONRAMP,380,S,N,A,-,Y,NA,NA,NA,NA,NA,NA,NA,NA,NA,N,4,0,2,1,A,-,08,22107,NA,N,E,8,A,A,H,-,A,D,0,NA,NA,NA,NA,Y,NA,D,22,0,0,2,0,0,0,0,0,0,-,-,34.51176071166992,-118.10858917236328,LOS ANGELES,UNINCORPORATED,-118.10858917236328,34.51176071166992
92102555,2023,2023-06-26,9580,2023-06-25,530,023224,NA,7,3,3,1994,0,1,2,NA,2,106,US-101 N/B (VENTURA FREEWAY),LIBERTY CANYON RD,400,S,N,A,-,Y,LA,NA,101,NA,NA,32.733,H,NA,R,Y,3,0,1,1,A,-,08,22107,NA,N,F,J,A,A,H,-,B,D,0,NA,NA,NA,NA,Y,NA,A,01,0,1,0,0,0,0,0,0,0,-,-,34.13853073120117,-118.72332763671876,LOS ANGELES,AGOURA HILLS,-118.72331237792967,34.13843536376953
92102567,2023,2023-06-26,9535,2023-06-14,155,023244,NA,3,3,4,1907,0,1,1,NA,2,072,I-710 N/B (LONG BEACH FREEWAY),FLORENCE AVE,1267,S,N,A,-,Y,LA,NA,710,NA,NA,19.479,H,NA,R,Y,3,0,1,1,A,-,01,23152,A,N,E,I,A,A,H,-,D,D,0,NA,NA,NA,NA,Y,Y,A,01,0,1,0,0,0,0,0,0,0,-,-,33.96472930908203,-118.16898345947266,LOS ANGELES,BELL,-118.16888427734376,33.964698791503906
92102573,2023,2023-06-26,9580,2023-06-24,1320,022535,NA,6,1,9,1900,0,3,5,NA,1,020,STUNT RD,STUNT RANCH RD,2798,E,N,A,-,N,NA,NA,NA,NA,NA,NA,NA,NA,NA,Y,4,0,4,1,A,-,08,22107,NA,N,F,J,A,A,H,-,A,D,0,NA,NA,NA,NA,Y,NA,A,07,0,0,4,0,0,0,0,0,0,-,-,34.08679962158203,-118.6639404296875,LOS ANGELES,UNINCORPORATED,NA,NA
92102576,2023,2023-06-26,9580,2023-06-24,655,021491,NA,6,1,7,1942,0,1,2,NA,2,103,US-101 S/B (VENTURA FREEWAY),HASKELL AVE,40,S,N,A,-,Y,LA,NA,101,NA,NA,17.609,H,NA,L,N,4,0,4,2,A,-,07,21658,A,N,B,C,A,A,H,-,A,D,0,NA,NA,NA,NA,Y,NA,A,07,0,0,4,0,0,0,0,0,0,-,-,34.16489028930664,-118.47476959228516,LOS ANGELES,LOS ANGELES,-118.47474670410156,34.164955139160156
92102589,2023,2023-06-26,9580,2023-06-22,1035,019451,NA,4,1,7,1942,0,1,2,NA,2,104,US-101 N/B (VENTURA FREEWAY),FALLBROOK AVE,500,N,N,A,-,Y,LA,NA,101,NA,NA,26.563,H,NA,R,N,4,0,1,1,C,-,18,NA,NA,N,E,I,A,A,H,-,A,D,0,NA,NA,NA,NA,Y,NA,-,-,0,0,1,0,0,0,0,0,0,-,-,34.16416931152344,-118.62506103515624,LOS ANGELES,LOS ANGELES,-118.62501525878906,34.164085388183594
92102660,2023,2023-06-27,9550,2023-06-21,610,020025,NA,3,1,5,1919,0,1,3,NA,2,092,SR91 WB,NORWALK BOULEVARD,960,W,N,A,-,Y,LA,NA,91,NA,R,18.466,H,NA,L,Y,3,0,1,3,A,-,03,22350,NA,N,C,C,A,A,H,-,A,D,0,NA,NA,NA,NA,Y,NA,A,07,0,1,0,0,0,0,0,0,0,-,-,33.87654113769531,-118.0759506225586,LOS ANGELES,CERRITOS,-118.0759506225586,33.87653350830078
92102662,2023,2023-06-27,9550,2023-06-21,1815,022587,NA,3,2,5,1919,0,1,1,NA,2,652,I-605 N/B,195TH ST,20,S,N,A,-,Y,LA,NA,605,NA,R,3.386,H,NA,R,Y,3,0,5,2,A,-,03,22350,NA,N,C,C,A,A,H,-,A,D,0,NA,NA,NA,NA,Y,NA,A,07,0,3,2,0,0,0,0,0,0,-,-,33.85319900512695,-118.0947494506836,LOS ANGELES,CERRITOS,-118.0947723388672,33.85319519042969
92102675,2023,2023-06-27,9550,2023-06-13,845,022391,NA,2,1,6,1949,0,1,1,NA,2,651,I-605 NORTHBOUND,FIRESTONE BOULEVARD,100,S,N,B,-,Y,LA,NA,605,NA,R,8.33,H,NA,R,N,4,0,1,2,A,-,03,22350,NA,N,C,C,A,A,H,-,A,D,0,NA,NA,NA,NA,Y,NA,I,19,0,0,1,0,0,0,0,0,0,-,-,33.92375183105469,-118.10421752929688,LOS ANGELES,NORWALK,-118.10414123535156,33.923744201660156
92102842,2023,2023-06-27,9530,2023-06-15,1615,022636,NA,4,2,9,1900,0,1,3,NA,2,310,SR-91 W/B (ARTESIA FREEWAY),BROADWAY,65,E,N,A,-,Y,LA,NA,91,NA,R,6.734,H,NA,L,N,4,0,1,2,A,-,03,22350,NA,N,C,C,A,A,H,-,A,D,0,NA,NA,NA,NA,Y,NA,A,01,0,0,1,0,0,0,0,0,0,-,-,33.873008728027344,-118.27819061279295,LOS ANGELES,UNINCORPORATED,-118.27819061279295,33.872806549072266
92102850,2023,2023-06-27,9580,2023-06-24,2205,022008,NA,6,3,7,1942,0,1,2,NA,2,101,US-101 S/B (VENTURA FREEWAY),LAUREL CANYON BLVD,528,S,N,A,-,Y,LA,NA,101,NA,NA,12.702,H,NA,L,N,4,0,4,2,A,-,03,22350,NA,M,C,C,A,A,H,-,D,D,0,NA,NA,NA,NA,Y,NA,-,99,0,0,4,0,0,0,0,0,0,-,-,34.154258728027344,-118.39379119873048,LOS ANGELES,LOS ANGELES,-118.39379119873048,34.15434646606445
92102886,2023,2023-06-27,9540,2023-06-22,1605,020918,NA,4,2,6,1985,0,1,3,NA,1,143,SR-14 SOUTHBOUND (S/B) (ANTELOPE VALLEY FWY.),NEWHALL AVE.,2545,S,N,A,-,Y,LA,NA,14,NA,R,26.556,H,NA,L,Y,4,0,2,2,A,-,03,22350,NA,N,C,2,A,A,H,-,A,D,0,NA,NA,NA,NA,Y,NA,D,22,0,0,2,0,0,0,0,0,0,-,-,34.358489990234375,-118.50672149658205,LOS ANGELES,SANTA CLARITA,-118.50667572021484,34.35848617553711
92102889,2023,2023-06-27,9590,2023-06-09,202,022710,NA,5,3,7,1942,0,1,1,NA,2,081,I-5 S/B (GOLDEN STATE FREEWAY) TO MAIN STREET,BROADWAY,600,S,N,A,-,Y,LA,NA,5,NA,NA,19.606,H,NA,L,N,2,0,1,2,A,-,03,22350,NA,F,C,C,A,A,H,-,D,D,0,NA,NA,Y,NA,Y,NA,-,99,1,0,0,0,0,0,0,0,1,-,-,34.07126998901367,-118.21885681152344,LOS ANGELES,LOS ANGELES,-118.21866607666016,34.071353912353516
92102900,2023,2023-06-27,9530,2023-06-15,929,022930,NA,4,1,9,1900,0,3,5,NA,2,002,EL SEGUNDO BLVD.,AVALON BLVD.,0,NA,Y,A,-,N,NA,NA,NA,NA,NA,NA,NA,NA,NA,N,2,0,1,2,A,-,12,21453,A,N,D,B,A,A,H,-,A,A,0,NA,NA,NA,NA,Y,NA,M,94,1,0,0,0,0,0,0,0,0,-,-,33.91651916503906,-118.26531219482422,LOS ANGELES,UNINCORPORATED,-118.26525115966795,33.916419982910156
92102911,2023,2023-06-27,9530,2023-06-15,2240,021906,NA,4,3,9,1900,0,3,5,NA,2,006,VERMONT AVE.,TORRANCE BLVD.,0,NA,Y,A,-,N,NA,NA,NA,NA,NA,NA,NA,NA,NA,Y,3,0,3,2,A,-,01,23152,A,M,D,2,A,A,H,-,C,A,0,NA,NA,NA,NA,Y,Y,A,07,0,1,2,0,0,0,0,0,0,-,-,33.84197998046875,-118.29010009765624,LOS ANGELES,UNINCORPORATED,-118.2900390625,33.84203338623047
92102912,2023,2023-06-27,9525,2023-06-15,1501,022521,NA,4,2,9,1900,0,3,5,NA,2,004,PUENTE AVE (1500 BLOCK),BARRYDALE ST,55,S,N,A,-,N,NA,NA,NA,NA,NA,NA,NA,NA,NA,Y,3,0,2,2,C,-,18,NA,NA,N,E,8,F,A,H,-,A,D,0,Y,NA,NA,NA,Y,NA,-,-,0,1,1,0,1,0,0,0,0,-,-,34.061668395996094,-117.97096252441406,LOS ANGELES,UNINCORPORATED,-117.97102355957033,34.06181335449219
92102919,2023,2023-06-27,9530,2023-06-04,20,022022,NA,7,3,6,1972,0,1,1,NA,2,400,N/B I-405 (SAN DIEGO FWY),YUKON AVE.,876,N,N,A,-,Y,LA,NA,405,NA,NA,16.159,H,NA,R,N,3,0,1,2,A,-,07,21658,A,N,B,C,A,A,H,-,C,D,0,NA,NA,NA,NA,Y,Y,A,01,0,1,0,0,0,0,0,0,0,-,-,33.86833953857422,-118.33766174316406,LOS ANGELES,TORRANCE,-118.33767700195313,33.86832046508789
92102931,2023,2023-06-27,9525,2023-06-16,1520,021545,NA,5,2,6,1955,0,1,1,NA,2,108,I-10 E/B (SAN BERNARDINO FWY),KELLOGG DRIVE,300,W,N,A,-,Y,LA,NA,10,NA,NA,42.057,H,NA,R,Y,4,0,1,2,A,-,03,22350,NA,N,C,C,A,A,H,-,A,D,0,NA,NA,NA,NA,Y,NA,A,07,0,0,1,0,0,0,0,0,0,-,-,34.063690185546875,-117.81295013427734,LOS ANGELES,POMONA,-117.81295013427734,34.0637321472168
92102932,2023,2023-06-27,9580,2023-06-21,1505,019679,NA,3,2,7,1942,0,1,3,NA,2,116,SR-118 E/B (RONALD REAGAN FWY.),OF THE WEST ROAD EDGE OF DE SOTO AVE,100,W,N,A,-,Y,LA,NA,118,NA,R,2.668,H,NA,R,Y,3,0,1,2,A,-,01,23152,A,N,C,C,A,A,H,-,A,D,0,NA,NA,NA,Y,Y,Y,A,01,0,1,0,0,0,0,0,0,0,-,-,34.27339172363281,-118.5905303955078,LOS ANGELES,LOS ANGELES,-118.5905303955078,34.27339553833008
92102933,2023,2023-06-27,9525,2023-06-16,1655,022569,NA,5,2,6,1955,0,1,3,NA,2,573,SR-57 S/B  (ORANGE FREEWAY),STATE STREET,500,N,N,A,-,Y,LA,NA,57,NA,NA,5.721,H,NA,L,N,4,0,1,2,A,-,03,22350,NA,N,C,C,A,A,H,-,A,D,0,NA,NA,NA,NA,Y,NA,A,01,0,0,1,0,0,0,0,0,0,-,-,34.03807067871094,-117.8051528930664,LOS ANGELES,POMONA,-117.80511474609376,34.038047790527344
92102936,2023,2023-06-27,9580,2023-06-22,1725,019679,NA,4,2,7,1942,0,1,3,NA,2,116,SR-118 W/B (RONALD REAGAN FWY.),OF THE EAST ROAD EDGE OF RESEDA BLVD,528,E,N,A,-,Y,LA,NA,118,NA,R,6.112,H,NA,L,N,3,0,1,2,A,-,08,22107,NA,M,B,C,A,A,H,-,A,D,0,NA,NA,NA,NA,Y,Y,-,99,0,1,0,0,0,0,0,0,0,-,-,34.27693176269531,-118.53140258789064,LOS ANGELES,LOS ANGELES,-118.53141021728516,34.276947021484375
92102941,2023,2023-06-27,9530,2023-06-04,246,022122,NA,7,3,6,1972,0,1,1,NA,2,400,I-405 N/B (SAN DIEGO FREEWAY),YUKON AVE,450,N,N,A,-,Y,LA,NA,405,NA,NA,16.073,H,NA,R,Y,2,0,1,2,A,-,01,23152,A,N,C,C,A,A,H,-,C,D,0,NA,NA,Y,NA,Y,Y,C,02,1,0,0,0,0,0,0,0,1,-,-,33.86766815185547,-118.33643341064452,LOS ANGELES,TORRANCE,-118.33639526367188,33.86772155761719
92102942,2023,2023-06-27,9580,2023-06-22,1810,019679,NA,4,2,7,1942,0,1,3,NA,2,116,SR-118 E/B (RONALD REAGAN FWY.),OF THE EAST ROAD EDGE OF TAMPA AVE,528,E,N,A,-,Y,LA,NA,118,NA,R,4.849,H,NA,R,N,3,0,1,2,A,-,03,22350,NA,N,C,C,A,A,H,-,A,D,0,NA,NA,NA,NA,Y,NA,A,01,0,1,0,0,0,0,0,0,0,-,-,34.27241134643555,-118.55254364013672,LOS ANGELES,LOS ANGELES,-118.55255126953124,34.27244567871094