CASE_ID,ACCIDENT_YEAR,PROC_DATE,JURIS,COLLISION_DATE,COLLISION_TIME,OFFICER_ID,REPORTING_DISTRICT,DAY_OF_WEEK,CHP_SHIFT,POPULATION,CNTY_CITY_LOC,SPECIAL_COND,BEAT_TYPE,CHP_BEAT_TYPE,CITY_DIVISION_LAPD,CHP_BEAT_CLASS,BEAT_NUMBER,PRIMARY_RD,SECONDARY_RD,DISTANCE,DIRECTION,INTERSECTION,WEATHER_1,WEATHER_2,STATE_HWY_IND,CALTRANS_COUNTY,CALTRANS_DISTRICT,STATE_ROUTE,ROUTE_SUFFIX,POSTMILE_PREFIX,POSTMILE,LOCATION_TYPE,RAMP_INTERSECTION,SIDE_OF_HWY,TOW_AWAY,COLLISION_SEVERITY,NUMBER_KILLED,NUMBER_INJURED,PARTY_COUNT,PRIMARY_COLL_FACTOR,PCF_CODE_OF_VIOL,PCF_VIOL_CATEGORY,PCF_VIOLATION,PCF_VIOL_SUBSECTION,HIT_AND_RUN,TYPE_OF_COLLISION,MVIW,PED_ACTION,ROAD_SURFACE,ROAD_COND_1,ROAD_COND_2,LIGHTING,CONTROL_DEVICE,CHP_ROAD_TYPE,PEDESTRIAN_ACCIDENT,BICYCLE_ACCIDENT,MOTORCYCLE_ACCIDENT,TRUCK_ACCIDENT,NOT_PRIVATE_PROPERTY,ALCOHOL_INVOLVED,STWD_VEHTYPE_AT_FAULT,CHP_VEHTYPE_AT_FAULT,COUNT_SEVERE_INJ,COUNT_VISIBLE_INJ,COUNT_COMPLAINT_PAIN,COUNT_PED_KILLED,COUNT_PED_INJURED,COUNT_BICYCLIST_KILLED,COUNT_BICYCLIST_INJURED,COUNT_MC_KILLED,COUNT_MC_INJURED,PRIMARY_RAMP,SECONDARY_RAMP,LATITUDE,LONGITUDE,COUNTY,CITY,POINT_X,POINT_Y
92104470,2023,2023-06-28,9550,2023-06-04,1327,022167,NA,7,1,7,1941,0,1,3,NA,2,090,SR-91 E/B,ORANGE AVENUE,810,W,N,A,-,Y,LA,NA,91,NA,R,12.449,H,NA,R,Y,3,0,2,3,A,-,03,22350,NA,F,C,2,A,A,H,-,A,D,0,NA,NA,NA,NA,Y,NA,-,99,0,1,1,0,0,0,0,0,0,-,-,33.87668991088867,-118.18009948730467,LOS ANGELES,LONG BEACH,-118.18009948730467,33.876766204833984
92104473,2023,2023-06-28,9550,2023-06-14,1145,023164,NA,3,1,9,1900,0,3,5,NA,2,001,SHADYSIDE AVE,VANESSA CIRCLE,50,W,N,B,-,N,NA,NA,NA,NA,NA,NA,NA,NA,NA,Y,4,0,1,2,A,-,08,22107,NA,N,C,E,A,A,H,-,A,D,0,NA,NA,NA,NA,Y,NA,A,01,0,0,1,0,0,0,0,0,0,-,-,33.9675407409668,-118.0865478515625,LOS ANGELES,UNINCORPORATED,-118.08646392822266,33.967506408691406
92104523,2023,2023-06-28,9525,2023-06-20,1927,022183,NA,2,2,4,1960,0,1,3,NA,2,571,SR 57 SB (ORANGE FWY),COVINA BLVD,1584,S,N,A,-,Y,LA,NA,57,NA,R,9.991,H,NA,L,Y,2,0,1,1,A,-,08,22107,NA,N,E,8,A,A,H,-,A,D,0,NA,NA,NA,NA,Y,NA,A,07,1,0,0,0,0,0,0,0,0,-,-,34.09503173828125,-117.81973266601564,LOS ANGELES,SAN DIMAS,-117.81959533691406,34.095027923583984
92104551,2023,2023-06-28,9530,2023-06-05,1220,022986,NA,1,1,7,1942,0,1,1,NA,2,110,I-110 S/B TO SR-91 E/B,I-110 S/B (HARBOR FREEWAY),160,E,N,B,-,Y,NA,NA,NA,NA,NA,NA,NA,NA,NA,Y,4,0,1,1,A,-,03,22350,NA,N,A,I,A,A,H,-,A,D,0,NA,NA,NA,NA,Y,NA,A,01,0,0,1,0,0,0,0,0,0,-,-,33.87131118774414,-118.2861328125,LOS ANGELES,LOS ANGELES,-118.2861328125,33.87131118774414
92104561,2023,2023-06-28,9550,2023-06-15,1520,021166,NA,4,2,3,1964,0,1,1,NA,2,650,I-605 S/B,TELEGRAPH RD.,2300,N,N,A,-,Y,LA,NA,605,NA,R,10.71,H,NA,L,Y,4,0,1,2,A,-,08,22107,NA,N,B,C,A,A,H,-,A,D,0,NA,NA,Y,NA,Y,NA,A,07,0,0,1,0,0,0,0,0,1,-,-,33.955718994140625,-118.08850860595705,LOS ANGELES,SANTA FE SPRINGS,-118.08854675292967,33.95573425292969
92104586,2023,2023-06-28,9525,2023-06-16,1215,018997,NA,5,1,5,1990,0,1,3,NA,2,574,SR-57 N/B (ORANGE FWY) TO DIAMOND BAR BLVD.,DIAMOND BAR BLVD.,250,S,N,B,-,Y,LA,NA,57,NA,R,1.763,H,NA,R,Y,4,0,1,3,A,-,03,22350,NA,N,D,C,A,A,D,E,A,D,0,NA,NA,NA,NA,Y,NA,A,01,0,0,1,0,0,0,0,0,0,-,-,33.96609878540039,-117.85028076171876,LOS ANGELES,DIAMOND BAR,-117.8503646850586,33.96613693237305
92104604,2023,2023-07-21,9575,2023-06-15,2315,023072,NA,4,3,6,1925,0,1,1,NA,2,050,I-5 S/B (GOLDEN STATE FREEWAY),WESTERN AVENUE,520,S,N,A,-,Y,LA,NA,5,NA,NA,27.74,H,NA,L,Y,4,0,1,3,A,-,01,23152,A,N,B,C,A,A,H,-,C,D,0,NA,NA,NA,NA,Y,Y,A,01,0,0,1,0,0,0,0,0,0,-,-,34.16352844238281,-118.29519653320313,LOS ANGELES,GLENDALE,-118.29524230957033,34.16349411010742
92104611,2023,2023-06-28,9575,2023-06-16,1320,023016,NA,5,1,7,1942,0,1,1,NA,2,053,I-5 S/B (GOLDEN STATE FREEWAY),OSBORNE ST,685,S,N,A,-,Y,LA,NA,5,NA,NA,37.288,H,NA,L,Y,4,0,4,7,A,-,07,21658,A,N,B,C,A,A,H,-,A,D,0,NA,NA,NA,NA,Y,NA,A,01,0,0,4,0,0,0,0,0,0,-,-,34.243141174316406,-118.42101287841795,LOS ANGELES,LOS ANGELES,-118.4209442138672,34.243186950683594
92104614,2023,2023-06-28,9580,2023-06-21,555,021522,NA,3,3,9,1900,0,3,5,NA,1,010,CORNELL RD,WAGON RD,450,S,N,A,-,N,NA,NA,NA,NA,NA,NA,NA,NA,NA,N,4,0,1,1,A,-,08,22107,NA,N,F,I,A,A,H,-,B,D,0,NA,NA,NA,NA,Y,NA,A,01,0,0,1,0,0,0,0,0,0,-,-,34.126190185546875,-118.75080871582033,LOS ANGELES,UNINCORPORATED,-118.75096893310548,34.12626647949219
92104617,2023,2023-06-28,9580,2023-06-25,1310,023181,NA,7,1,7,1942,0,1,3,NA,2,171,SR-170 S/B (HOLLYWOOD FWY.),MAGNOLIA BLVD,528,S,N,A,-,Y,LA,NA,170,NA,R,15.199,H,NA,L,N,4,0,1,2,A,-,07,21658,A,N,B,C,A,A,H,-,A,D,0,NA,NA,Y,NA,Y,NA,A,01,0,0,1,0,0,0,0,0,1,-,-,34.1627311706543,-118.3817901611328,LOS ANGELES,LOS ANGELES,-118.38187408447266,34.1627082824707
92104624,2023,2023-06-28,9525,2023-06-28,645,019146,NA,3,1,9,1900,0,3,5,NA,2,003,AMAR ROAD,GREYCLIFF AVENUE,40,E,N,A,-,N,NA,NA,NA,NA,NA,NA,NA,NA,NA,N,3,0,2,2,A,-,03,22350,NA,N,C,C,A,A,H,-,A,A,0,NA,NA,NA,NA,Y,NA,A,07,0,1,1,0,0,0,0,0,0,-,-,34.03643035888672,-117.93792724609376,LOS ANGELES,UNINCORPORATED,-117.93795776367188,34.036338806152344
92104630,2023,2023-06-28,9535,2023-05-13,215,022335,NA,6,3,9,1900,0,2,4,NA,2,024,VIAL DEL ORO ST (700 BLOCK),WHITTIER BLVD.,22,N,N,A,-,N,NA,NA,NA,NA,NA,NA,NA,NA,NA,Y,3,0,2,1,A,-,01,23152,A,M,E,I,A,A,H,-,C,D,0,NA,NA,NA,NA,Y,Y,A,01,0,1,1,0,0,0,0,0,0,-,-,34.01533889770508,-118.13263702392578,LOS ANGELES,UNINCORPORATED,-118.13256072998048,34.0152473449707
92104638,2023,2023-06-28,9575,2023-06-22,2020,023227,NA,4,2,6,1925,0,1,1,NA,2,050,I-5 S/B (GOLDEN STATE FREEWAY),SONORA AVE,200,N,N,A,-,Y,LA,NA,5,NA,NA,27.595,H,NA,L,N,4,0,1,3,A,-,07,21658,A,N,B,C,A,A,H,-,B,D,0,NA,NA,NA,NA,Y,NA,A,01,0,0,1,0,0,0,0,0,0,-,-,34.161800384521484,-118.29380035400392,LOS ANGELES,GLENDALE,-118.29373931884766,34.161827087402344
92104639,2023,2023-06-28,9575,2023-06-19,2135,023243,NA,1,2,7,1942,0,1,1,NA,2,053,I-5 S/B (GOLDEN STATE FREEWAY),OSBORNE ST,1360,N,N,A,-,Y,LA,NA,5,NA,NA,37.691,H,NA,L,N,4,0,1,1,C,-,18,NA,NA,N,E,J,A,A,H,-,C,D,0,NA,NA,NA,NA,Y,NA,-,-,0,0,1,0,0,0,0,0,0,-,-,34.247501373291016,-118.42572021484376,LOS ANGELES,LOS ANGELES,-118.42559814453124,34.24758529663086
92104643,2023,2023-06-28,9575,2023-06-22,1751,022526,NA,4,2,7,1942,0,1,3,NA,2,041,SR-134 E/B (VENTURA FREEWAY),ARBOR DELL ROAD,3410,W,N,A,-,Y,LA,NA,134,NA,R,10.334,H,NA,R,N,4,0,1,2,A,-,03,22350,NA,N,C,C,A,A,H,-,A,D,0,NA,NA,NA,NA,Y,NA,A,07,0,0,1,0,0,0,0,0,0,-,-,34.146751403808594,-118.20320892333984,LOS ANGELES,LOS ANGELES,-118.20318603515624,34.14671325683594
92104647,2023,2023-06-28,9575,2023-06-21,941,017722,NA,3,1,9,1900,0,3,5,NA,2,008,ARCADIA AVE. (8900 BLOCK),ROSEMEAD BLVD.,100,W,N,A,-,N,NA,NA,NA,NA,NA,NA,NA,NA,NA,N,4,0,1,2,A,-,09,21804,A,N,C,D,A,A,H,-,A,D,0,NA,NA,NA,NA,Y,NA,A,01,0,0,1,0,0,0,0,0,0,-,-,34.12588882446289,-118.0737762451172,LOS ANGELES,UNINCORPORATED,-118.07339477539064,34.12599563598633
92104673,2023,2023-06-29,9565,2023-06-16,1901,022692,NA,5,2,5,1965,0,1,1,NA,2,081,I-10 W/B TO 4TH ST.,LINCOLN BLVD.,475,W,N,A,-,Y,LA,NA,1,NA,R,34.675,H,NA,R,N,4,0,2,2,A,-,03,22350,NA,N,C,C,A,A,H,-,A,D,0,NA,NA,NA,NA,Y,NA,A,07,0,0,2,0,0,0,0,0,0,-,-,34.01409149169922,-118.48741149902344,LOS ANGELES,SANTA MONICA,-118.48734283447266,34.01401901245117
92104687,2023,2023-06-29,9565,2023-06-16,2205,023279,NA,5,3,9,1900,0,1,1,NA,2,060,I-405 S/B (SAN DIEGO FREEWAY),LENNOX BLVD,450,N,N,A,-,Y,LA,NA,405,NA,NA,21.902,H,NA,L,N,4,0,1,3,A,-,03,22350,NA,N,C,C,A,A,H,-,C,D,0,NA,NA,NA,NA,Y,NA,A,01,0,0,1,0,0,0,0,0,0,-,-,33.940589904785156,-118.36865234375,LOS ANGELES,UNINCORPORATED,-118.36856079101564,33.940589904785156
92104899,2023,2023-06-29,9540,2023-06-22,1630,022740,NA,4,2,9,1900,0,1,3,NA,2,146,SR-14 N/B,ESCONDIDO CANYON RD,7920,N,N,A,-,Y,LA,NA,14,NA,NA,44.791,H,NA,R,Y,3,0,2,3,A,-,03,22350,NA,N,C,C,A,A,H,-,A,D,0,NA,NA,NA,NA,Y,NA,A,01,0,1,1,0,0,0,0,0,0,-,-,34.49909973144531,-118.25904846191406,LOS ANGELES,UNINCORPORATED,-118.2590560913086,34.49910354614258
92104912,2023,2023-06-29,9590,2023-06-09,1044,021926,NA,5,1,7,1942,0,1,1,NA,2,064,I-10 E/B (SANTA MONICA FREEWAY),SANTA FE AVE,100,W,N,B,-,Y,LA,NA,10,NA,NA,17.634,H,NA,R,Y,4,0,1,3,A,-,07,21658,A,N,B,C,A,A,H,-,A,D,0,NA,NA,Y,NA,Y,NA,A,01,0,0,1,0,0,0,0,0,1,-,-,34.027931213378906,-118.231201171875,LOS ANGELES,LOS ANGELES,-118.23118591308594,34.027896881103516
92104916,2023,2023-06-29,9575,2023-06-23,455,022477,NA,5,3,6,1925,0,1,3,NA,2,042,STATE ROUTE 134 E/B,PACIFIC AVENUE,575,E,N,A,-,Y,LA,NA,134,NA,R,6.7,H,NA,R,Y,4,0,1,1,A,-,08,22107,NA,N,E,8,A,A,H,-,C,D,0,NA,NA,NA,NA,Y,NA,A,01,0,0,1,0,0,0,0,0,0,-,-,34.1561393737793,-118.26251983642578,LOS ANGELES,GLENDALE,-118.26251983642578,34.1562385559082
92104924,2023,2023-06-29,9530,2023-06-16,1600,023188,NA,5,2,7,1942,0,1,1,NA,2,110,I-110 N/B (HARBOR FREEWAY),SR-91,1320,N,N,A,-,Y,LA,NA,110,NA,NA,10.503,H,NA,R,N,3,0,1,1,A,-,03,22350,NA,N,F,A,A,A,H,-,A,D,0,NA,NA,Y,NA,Y,NA,C,02,0,1,0,0,0,0,0,0,1,-,-,33.88182067871094,-118.28485107421876,LOS ANGELES,LOS ANGELES,-118.28485107421876,33.88182067871094
92104925,2023,2023-06-29,9575,2023-06-23,1305,022489,NA,5,1,6,1912,0,1,3,NA,2,044,"SR-134 E/B, FROM RIVERSIDE DR.",RIVERSIDE DR.,55,E,N,A,-,Y,NA,NA,NA,NA,NA,NA,NA,NA,NA,N,4,0,1,1,A,-,03,22350,NA,N,E,8,A,A,H,-,A,D,0,NA,NA,NA,NA,Y,NA,A,01,0,0,1,0,0,0,0,0,0,-,-,34.153228759765625,-118.32634735107422,LOS ANGELES,BURBANK,-118.32634735107422,34.153228759765625
92104928,2023,2023-06-29,9575,2023-06-19,943,023204,NA,1,1,6,1953,0,1,3,NA,2,040,SR-134 W/B (VENTURA FREEWAY),SAN RAFAEL AVENUE,1449,W,N,B,-,Y,LA,NA,134,NA,R,12.079,H,NA,L,N,4,0,1,2,A,-,08,22107,NA,M,B,C,A,A,H,-,A,D,0,NA,NA,NA,NA,Y,NA,-,99,0,0,1,0,0,0,0,0,0,-,-,34.141788482666016,-118.17530059814452,LOS ANGELES,PASADENA,-118.17530059814452,34.141780853271484
92104931,2023,2023-06-29,9575,2023-06-19,1850,023134,NA,1,2,9,1900,0,1,3,NA,2,300,SR-2 (ANGELES CREST HIGHWAY),MPM 31.65,6,W,N,A,-,N,NA,NA,NA,NA,NA,NA,NA,NA,NA,N,4,0,1,1,A,-,03,22350,NA,N,F,A,A,A,H,-,A,D,0,NA,NA,Y,NA,Y,NA,C,02,0,0,1,0,0,0,0,0,1,-,-,34.26398849487305,-118.18296051025392,LOS ANGELES,UNINCORPORATED,-118.18287658691406,34.264015197753906
92104932,2023,2023-10-03,9530,2023-05-21,1610,023143,NA,7,2,5,1943,0,1,1,NA,2,210,I-105 E/B TO LONG BEACH BLVD,LONG BEACH BLVD.,600,W,N,A,-,Y,NA,NA,NA,NA,NA,NA,NA,NA,NA,N,2,0,1,1,A,-,03,22350,NA,N,F,A,A,A,H,-,A,D,0,NA,NA,Y,NA,Y,NA,C,02,1,0,0,0,0,0,0,0,1,-,-,33.92464065551758,-118.21151733398438,LOS ANGELES,LYNWOOD,-118.21151733398438,33.92464065551758
92104936,2023,2023-06-29,9590,2023-06-15,1240,021346,NA,4,1,7,1942,0,1,1,NA,2,062,I-10 E/B (SANTA MONICA FREEWAY),VERMONT AVENUE,1000,E,N,A,-,Y,LA,NA,10,NA,R,14.025,H,NA,R,N,3,0,1,2,A,-,03,22350,NA,N,C,C,A,A,H,-,A,D,0,NA,NA,NA,NA,Y,NA,A,01,0,1,0,0,0,0,0,0,0,-,-,34.036861419677734,-118.28800201416016,LOS ANGELES,LOS ANGELES,-118.28800201416016,34.03679656982422
92104945,2023,2023-06-29,9590,2023-06-23,621,019958,NA,5,1,9,1900,0,1,2,NA,2,072,UNIVERSAL STUDIOS BLVD,UNIVERSAL HOLLYWOOD DR,43,N,N,B,-,N,NA,NA,NA,NA,NA,NA,NA,NA,NA,Y,2,0,1,1,A,-,03,22350,NA,N,E,8,A,A,H,-,A,D,0,NA,NA,NA,NA,Y,NA,A,01,1,0,0,0,0,0,0,0,0,-,-,34.13447952270508,-118.35162353515624,LOS ANGELES,UNINCORPORATED,-118.35179138183594,34.13437271118164
92104955,2023,2023-06-29,9530,2023-06-02,1450,023188,NA,5,2,9,1900,0,3,5,NA,2,001,NADEAU ST,HOOPER AVE.,0,NA,Y,A,-,N,NA,NA,NA,NA,NA,NA,NA,NA,NA,N,4,0,1,2,A,-,09,21801,A,N,D,C,A,A,H,-,A,A,0,NA,NA,NA,NA,Y,NA,A,07,0,0,1,0,0,0,0,0,0,-,-,33.967411041259766,-118.25211334228516,LOS ANGELES,UNINCORPORATED,-118.25205993652344,33.96745681762695
92104960,2023,2023-06-29,9525,2023-06-17,1110,019421,NA,6,1,5,1990,0,1,3,NA,2,601,SR-60 W/B (POMONA FWY),GRAND AVE,250,W,N,A,-,Y,LA,NA,60,NA,R,24.423,H,NA,L,N,3,0,1,2,A,-,08,22107,NA,M,C,C,A,A,H,-,A,D,0,NA,NA,NA,NA,Y,NA,A,01,0,1,0,0,0,0,0,0,0,-,-,34.00992965698242,-117.82364654541016,LOS ANGELES,DIAMOND BAR,-117.82373046875,34.00999069213867
92104966,2023,2023-06-29,9525,2023-06-17,1415,022645,NA,6,2,6,1955,0,1,1,NA,2,110,I-10 E/B (SAN BERNARDINO FWY),GAREY AVENUE,106,E,N,A,-,Y,LA,NA,10,NA,NA,45.762,H,NA,R,N,4,0,1,2,A,-,03,22350,NA,N,C,C,A,A,H,-,A,D,0,NA,NA,NA,NA,Y,NA,A,01,0,0,1,0,0,0,0,0,0,-,-,34.07386016845703,-117.75184631347656,LOS ANGELES,POMONA,-117.75189971923828,34.073936462402344
92104971,2023,2023-06-29,9525,2023-06-27,1540,022959,NA,2,2,9,1900,0,3,5,NA,2,004,4TH AVE (300 BLOCK),PROCTOR AVE (13900 BLOCK),0,NA,Y,A,-,N,NA,NA,NA,NA,NA,NA,NA,NA,NA,Y,4,0,2,2,A,-,12,22450,A,N,D,C,A,A,H,-,A,D,0,NA,NA,NA,NA,Y,NA,A,01,0,0,2,0,0,0,0,0,0,-,-,34.039249420166016,-117.9882583618164,LOS ANGELES,UNINCORPORATED,-117.98819732666016,34.03923416137695
92104972,2023,2023-06-29,9525,2023-06-28,535,019146,NA,3,3,9,1900,0,3,5,NA,2,003,RUTHCREST AVENUE,TEMPLE AVENUE,25,N,N,A,-,N,NA,NA,NA,NA,NA,NA,NA,NA,NA,N,4,0,2,2,A,-,08,22107,NA,N,A,C,A,A,H,-,B,D,0,NA,NA,NA,NA,Y,NA,A,01,0,0,2,0,0,0,0,0,0,-,-,34.02809143066406,-117.9330825805664,LOS ANGELES,UNINCORPORATED,-117.93302154541016,34.02799987792969
92104974,2023,2023-06-29,9575,2023-06-20,1500,022503,NA,2,2,9,1900,0,1,1,NA,2,065,I-210 E/B (FOOTHILL FREEWAY),SAN GABRIEL BLVD,200,E,N,A,-,Y,LA,NA,210,NA,R,28.56,H,NA,R,N,4,0,5,4,A,-,07,21658,A,N,B,C,A,A,H,-,A,D,0,NA,NA,NA,NA,Y,NA,-,-,0,0,5,0,0,0,0,0,0,-,-,34.15217971801758,-118.0934600830078,LOS ANGELES,UNINCORPORATED,-118.09345245361328,34.15220642089844
92104975,2023,2023-06-29,9590,2023-01-25,418,018529,NA,3,3,7,1942,0,1,1,NA,2,083,INTERSTATE 5 SOUTHBOUND (GOLDEN STATE FREEWAY),CESAR CHAVEZ AVENUE,405,N,N,A,-,Y,LA,NA,5,NA,NA,18.154,H,NA,L,N,1,1,0,2,A,-,11,21954,A,N,G,B,E,A,H,-,C,D,0,Y,NA,NA,NA,Y,NA,N,60,0,0,0,1,0,0,0,0,0,-,-,34.05091857910156,-118.2141571044922,LOS ANGELES,LOS ANGELES,-118.21410369873048,34.05091857910156
92104980,2023,2023-06-29,9590,2023-06-19,1845,021757,NA,1,2,7,1942,0,1,1,NA,2,062,I-10 E/B (SANTA MONICA FREEWAY),HOOVER ST,800,W,N,B,-,Y,LA,NA,10,NA,NA,14.097,H,NA,R,N,4,0,1,2,A,-,03,22350,NA,N,C,C,A,A,H,-,A,D,0,NA,NA,NA,NA,Y,NA,A,01,0,0,1,0,0,0,0,0,0,-,-,34.036781311035156,-118.28675079345705,LOS ANGELES,LOS ANGELES,-118.28675079345705,34.03679656982422
92104988,2023,2023-06-29,9590,2023-06-19,1515,021912,NA,1,2,7,1942,0,1,2,NA,2,070,US-101 N/B (SANTA ANA FREEWAY),GRAND AVENUE,400,S,N,A,-,Y,LA,NA,101,NA,NA,1.233,H,NA,R,N,4,0,1,2,A,-,03,22350,NA,N,C,C,A,A,H,-,A,D,0,NA,NA,NA,NA,Y,NA,A,07,0,0,1,0,0,0,0,0,0,-,-,34.05833053588867,-118.24442291259766,LOS ANGELES,LOS ANGELES,-118.24439239501952,34.05835723876953
92105023,2023,2023-06-29,9580,2023-06-27,1115,019483,NA,2,1,7,1942,0,1,1,NA,2,405,I-405 S/B (SAN DIEGO FWY),VICTORY BLVD,1100,S,N,A,-,Y,LA,NA,405,NA,NA,41.198,H,NA,L,N,4,0,1,2,A,-,03,22350,NA,N,C,C,A,A,H,-,A,D,0,NA,NA,NA,NA,Y,NA,A,01,0,0,1,0,0,0,0,0,0,-,-,34.184200286865234,-118.47339630126952,LOS ANGELES,LOS ANGELES,-118.47341918945313,34.1841926574707
92105028,2023,2023-06-29,9580,2023-06-23,1345,022663,NA,5,1,7,1942,0,1,2,NA,2,102,US-101 N/B (VENTURA FREEWAY),VAN NUYS BLVD,1320,N,N,A,-,Y,LA,NA,101,NA,NA,16.2,H,NA,R,N,4,0,1,2,A,-,03,22350,NA,N,C,C,A,A,H,-,A,D,0,NA,NA,NA,NA,Y,NA,A,01,0,0,1,0,0,0,0,0,0,-,-,34.157901763916016,-118.453369140625,LOS ANGELES,LOS ANGELES,-118.45337677001952,34.15782165527344
92105029,2023,2023-06-29,9580,2023-06-22,1110,019483,NA,4,1,7,1942,0,1,2,NA,2,102,US-101 N/B (VENTURA FREEWAY),BALBOA BLVD.,75,S,N,A,-,Y,LA,NA,101,NA,NA,19.201,H,NA,R,Y,3,0,3,3,A,-,03,22350,NA,N,C,C,A,A,H,-,A,D,0,NA,NA,NA,NA,Y,NA,A,01,0,1,2,0,0,0,0,0,0,-,-,34.170379638671875,-118.5007095336914,LOS ANGELES,LOS ANGELES,-118.50069427490234,34.1703987121582
92105044,2023,2023-06-29,9580,2023-06-28,1900,023213,NA,3,2,7,1942,0,1,1,NA,2,404,I-405 N/B (SAN DIEGO FREEWAY),VICTORY BLVD,750,N,N,A,-,Y,LA,NA,405,NA,NA,41.493,H,NA,R,N,4,0,2,3,A,-,03,22350,NA,N,C,C,A,A,H,-,A,D,0,NA,NA,NA,NA,Y,NA,A,01,0,0,2,0,0,0,0,0,0,-,-,34.188350677490234,-118.4741668701172,LOS ANGELES,LOS ANGELES,-118.4740982055664,34.188350677490234
92105070,2023,2023-06-29,9535,2023-06-17,1640,022159,NA,6,2,5,1906,0,1,1,NA,2,400,I-10 E/B (SAN BERNARDINO FREEWAY),I-605 (SAN GABRIEL RIVER FREEWAY),1690,W,N,A,-,Y,LA,NA,10,NA,NA,30.826,H,NA,R,N,4,0,1,2,A,-,03,22350,NA,F,C,C,A,A,H,-,A,D,0,NA,NA,NA,NA,Y,NA,-,99,0,0,1,0,0,0,0,0,0,-,-,34.0642204284668,-118.00588989257813,LOS ANGELES,BALDWIN PARK,-118.00588989257813,34.06421661376953
92105076,2023,2023-06-29,9550,2023-06-23,2347,022809,NA,5,3,9,1900,0,1,3,NA,2,602,SR-60 W/B TO NOGALES ST,NOGALES ST,600,E,N,A,-,Y,LA,NA,60,NA,NA,20.559,H,NA,L,Y,4,0,1,1,A,-,08,22107,NA,N,E,I,A,A,H,-,C,D,0,NA,NA,NA,NA,Y,NA,A,01,0,0,1,0,0,0,0,0,0,-,-,33.99449920654297,-117.88636016845705,LOS ANGELES,UNINCORPORATED,-117.88636016845705,33.99424362182617
92105087,2023,2023-06-29,9550,2023-06-28,855,019808,NA,3,1,9,1900,0,1,1,NA,2,650,I-605 NORTHBOUND FROM WHITTIER BOULEVARD,WHITTIER BOULEVARD,600,N,N,A,-,Y,LA,NA,605,NA,R,13.681,H,NA,R,N,4,0,1,2,A,-,08,22107,NA,N,B,C,A,A,H,-,A,D,0,NA,NA,NA,Y,Y,NA,A,01,0,0,1,0,0,0,0,0,0,-,-,33.99494934082031,-118.06851959228516,LOS ANGELES,UNINCORPORATED,-118.06875610351564,33.994991302490234
92105089,2023,2023-06-29,9550,2023-06-11,400,021934,NA,7,3,9,1900,0,3,5,NA,2,004,HALLIBURTON ROAD N/B,STIMSON AVE,175,N,N,A,-,N,NA,NA,NA,NA,NA,NA,NA,NA,NA,N,3,0,1,1,A,-,01,23152,A,N,E,I,A,A,H,-,C,D,0,NA,NA,NA,NA,Y,Y,A,01,0,1,0,0,0,0,0,0,0,-,-,33.99715042114258,-117.96305084228516,LOS ANGELES,UNINCORPORATED,-117.96302795410156,33.99641036987305
92105103,2023,2023-06-29,9525,2023-06-27,1130,021967,NA,2,1,5,1906,0,1,1,NA,2,652,I-605 N/B (SAN GABRIEL RIVER FWY),RAMONA BOULEVARD,600,S,N,A,-,Y,LA,NA,605,NA,NA,20.693,H,NA,R,Y,3,0,1,1,C,-,18,NA,NA,N,F,A,A,A,H,-,A,D,0,NA,NA,Y,NA,Y,NA,-,-,0,1,0,0,0,0,0,0,1,-,-,34.072200775146484,-117.99957275390624,LOS ANGELES,BALDWIN PARK,-117.99949645996094,34.07218551635742
92105108,2023,2023-06-29,9525,2023-06-27,1305,023154,NA,2,1,4,1946,0,1,1,NA,2,201,SR-210 E/B (FOOTHILL FWY),HUNTINGTON DR.,1320,E,N,A,-,Y,LA,NA,210,NA,R,33.16,H,NA,R,Y,4,0,2,2,A,-,07,21658,A,N,B,C,A,A,H,-,A,D,0,NA,NA,NA,NA,Y,NA,A,01,0,0,2,0,0,0,0,0,0,-,-,34.1375617980957,-118.01361846923828,LOS ANGELES,MONROVIA,-118.01358795166016,34.137611389160156
92105113,2023,2023-06-29,9535,2023-06-17,1700,022159,NA,6,2,9,1900,0,1,1,NA,2,651,I-605 S/B (SAN GABRIEL RIVER FREEWAY),SR-60 (POMONA FREEWAY),3866,N,N,A,-,Y,LA,NA,605,NA,R,18.16,H,NA,L,N,4,0,1,2,A,-,07,21658,A,N,B,C,A,A,H,-,A,D,0,NA,NA,NA,NA,Y,NA,A,01,0,0,1,0,0,0,0,0,0,-,-,34.04045104980469,-118.01663208007813,LOS ANGELES,UNINCORPORATED,-118.0166244506836,34.04043960571289