CASE_ID,ACCIDENT_YEAR,PROC_DATE,JURIS,COLLISION_DATE,COLLISION_TIME,OFFICER_ID,REPORTING_DISTRICT,DAY_OF_WEEK,CHP_SHIFT,POPULATION,CNTY_CITY_LOC,SPECIAL_COND,BEAT_TYPE,CHP_BEAT_TYPE,CITY_DIVISION_LAPD,CHP_BEAT_CLASS,BEAT_NUMBER,PRIMARY_RD,SECONDARY_RD,DISTANCE,DIRECTION,INTERSECTION,WEATHER_1,WEATHER_2,STATE_HWY_IND,CALTRANS_COUNTY,CALTRANS_DISTRICT,STATE_ROUTE,ROUTE_SUFFIX,POSTMILE_PREFIX,POSTMILE,LOCATION_TYPE,RAMP_INTERSECTION,SIDE_OF_HWY,TOW_AWAY,COLLISION_SEVERITY,NUMBER_KILLED,NUMBER_INJURED,PARTY_COUNT,PRIMARY_COLL_FACTOR,PCF_CODE_OF_VIOL,PCF_VIOL_CATEGORY,PCF_VIOLATION,PCF_VIOL_SUBSECTION,HIT_AND_RUN,TYPE_OF_COLLISION,MVIW,PED_ACTION,ROAD_SURFACE,ROAD_COND_1,ROAD_COND_2,LIGHTING,CONTROL_DEVICE,CHP_ROAD_TYPE,PEDESTRIAN_ACCIDENT,BICYCLE_ACCIDENT,MOTORCYCLE_ACCIDENT,TRUCK_ACCIDENT,NOT_PRIVATE_PROPERTY,ALCOHOL_INVOLVED,STWD_VEHTYPE_AT_FAULT,CHP_VEHTYPE_AT_FAULT,COUNT_SEVERE_INJ,COUNT_VISIBLE_INJ,COUNT_COMPLAINT_PAIN,COUNT_PED_KILLED,COUNT_PED_INJURED,COUNT_BICYCLIST_KILLED,COUNT_BICYCLIST_INJURED,COUNT_MC_KILLED,COUNT_MC_INJURED,PRIMARY_RAMP,SECONDARY_RAMP,LATITUDE,LONGITUDE,COUNTY,CITY,POINT_X,POINT_Y
92115685,2023,2023-07-13,9525,2023-06-25,915,023154,NA,7,1,9,1900,0,2,4,NA,2,022,ARROW HIGHWAY,GLENDORA AVE,0,NA,Y,B,-,N,NA,NA,NA,NA,NA,NA,NA,NA,NA,Y,4,0,1,3,A,-,09,21800,D,N,D,C,A,A,H,-,A,B,0,NA,NA,NA,NA,Y,NA,-,-,0,0,1,0,0,0,0,0,0,-,-,34.10673904418945,-117.86386871337892,LOS ANGELES,UNINCORPORATED,-117.86380004882813,34.1066780090332
92115690,2023,2023-07-13,9525,2023-07-01,2218,021393,NA,6,3,9,1900,0,3,5,NA,2,003,BACKTON AVE (400 BLOCK),NORTHHAM ST,340,N,N,A,-,N,NA,NA,NA,NA,NA,NA,NA,NA,NA,Y,3,0,1,3,A,-,01,23152,A,N,A,E,A,A,H,-,D,D,0,NA,NA,NA,NA,Y,Y,D,22,0,1,0,0,0,0,0,0,0,-,-,34.01314163208008,-117.91558837890624,LOS ANGELES,UNINCORPORATED,-117.91563415527344,34.013057708740234
92115692,2023,2023-07-13,9525,2023-07-06,558,016450,NA,4,3,6,1975,0,1,1,NA,2,104,I-10 E/B (SAN BERNARDINO FWY),WEST COVINA PKWY,528,E,N,A,-,Y,LA,NA,10,NA,NA,34.787,H,NA,R,Y,4,0,1,1,A,-,08,22107,NA,N,E,8,A,A,H,-,B,D,0,NA,NA,NA,NA,Y,NA,A,07,0,0,1,0,0,0,0,0,0,-,-,34.072418212890625,-117.93744659423828,LOS ANGELES,WEST COVINA,-117.9374542236328,34.07233428955078
9211571,2021,2021-02-04,1942,2021-01-06,0029,38357,0239,3,5,7,1942,0,0,0,B,0,2A39,W 1ST ST,N BEAUDRY AV,311,W,N,A,-,N,NA,NA,NA,NA,NA,NA,NA,NA,NA,Y,1,1,0,1,A,-,05,21460,A,N,H,I,A,A,H,-,C,D,0,NA,NA,NA,NA,Y,Y,A,07,0,0,0,0,0,0,0,0,0,-,-,NA,NA,LOS ANGELES,LOS ANGELES,-118.25501251220705,34.0596809387207
9211572,2021,2021-02-04,1900,2021-01-08,2210,625432,1139,5,5,6,1992,0,0,0,NA,0,112T2,AVE L,40TH ST WEST,6,W,N,A,-,N,NA,NA,NA,NA,NA,NA,NA,NA,NA,Y,1,1,1,1,A,-,08,22107,NA,N,E,I,A,A,H,-,C,D,0,NA,NA,NA,NA,Y,NA,A,01,1,0,0,0,0,0,0,0,0,-,-,NA,NA,LOS ANGELES,LANCASTER,-118.20137786865234,34.660179138183594
92115725,2023,2023-07-13,9575,2023-06-06,2205,022084,NA,2,3,7,1942,0,1,3,NA,2,044,SR-134 E/B (VENTURA FREEWAY),LANKERSHIM BLVD.,660,E,N,B,-,Y,LA,NA,134,NA,NA,0.637,H,NA,R,Y,3,0,1,2,A,-,07,21658,A,F,B,2,A,B,H,-,C,D,0,NA,NA,NA,NA,Y,NA,-,99,0,1,0,0,0,0,0,0,0,-,-,34.153411865234375,-118.36534118652344,LOS ANGELES,LOS ANGELES,-118.36532592773438,34.15315246582031
92115730,2023,2023-07-13,9535,2023-06-30,1411,022298,NA,5,2,4,1907,0,1,1,NA,2,072,I-710 NORTHBOUND (LONG BEACH FREEWAY),SOUTH GATE RAILROAD UNDERPASS,1208,N,N,A,-,Y,LA,NA,710,NA,NA,18.971,H,NA,R,N,3,0,3,3,A,-,03,22350,NA,N,C,C,A,A,H,-,A,D,0,NA,NA,NA,NA,Y,NA,A,01,0,2,1,0,0,0,0,0,0,-,-,33.95745086669922,-118.17031860351564,LOS ANGELES,BELL,-118.17037200927734,33.957454681396484
92115734,2023,2023-07-13,9580,2023-07-06,1815,022663,NA,4,2,7,1942,0,1,2,NA,2,102,US-101 N/B (VENTURA FREEWAY),HAYVENHURST AVE,1584,S,N,A,-,Y,LA,NA,101,NA,NA,18.269,H,NA,R,Y,4,0,1,3,A,-,03,22350,NA,N,C,C,A,A,H,-,A,D,0,NA,NA,NA,Y,Y,NA,-,-,0,0,1,0,0,0,0,0,0,-,-,34.16537094116211,-118.4863510131836,LOS ANGELES,LOS ANGELES,-118.4863510131836,34.165340423583984
92115737,2023,2023-07-13,9590,2023-07-03,1051,023259,NA,1,1,7,1942,0,1,1,NA,2,052,I-110 S/B (HARBOR FREEWAY),EXPOSITION BLVD,213,N,N,A,-,Y,LA,NA,110,NA,NA,20.071,H,NA,R,N,4,0,1,2,A,-,03,22350,NA,N,C,C,A,A,H,-,A,D,0,NA,NA,NA,NA,Y,NA,A,01,0,0,1,0,0,0,0,0,0,-,-,34.019020080566406,-118.27912139892578,LOS ANGELES,LOS ANGELES,-118.27925872802734,34.019081115722656
9211574,2021,2021-02-04,1942,2021-01-12,1159,38687,2105,2,5,7,1942,0,0,0,NA,0,21A5,CANOGA AV,ROSCOE BL,614,S,N,A,-,N,NA,NA,NA,NA,NA,NA,NA,NA,NA,Y,1,1,0,2,A,-,03,22350,NA,N,D,C,A,A,H,-,A,D,0,NA,NA,Y,NA,Y,NA,C,02,0,0,0,0,0,0,0,1,0,-,-,NA,NA,LOS ANGELES,LOS ANGELES,-118.59751892089844,34.218116760253906
92115744,2023,2023-07-13,9580,2023-07-10,1550,022632,NA,1,2,7,1942,0,1,1,NA,2,406,I-405 N/B (SAN DIEGO FWY),NORDHOFF ST,1225,S,N,A,-,Y,LA,NA,405,NA,NA,44.508,H,NA,R,N,4,0,1,2,A,-,03,22350,NA,N,C,C,A,A,H,-,A,D,0,NA,NA,NA,NA,Y,NA,D,22,0,0,1,0,0,0,0,0,0,-,-,34.23210144042969,-118.47300720214844,LOS ANGELES,LOS ANGELES,-118.47297668457033,34.23210144042969
92115746,2023,2023-07-13,9580,2023-07-10,1716,022632,NA,1,2,7,1942,0,1,1,NA,2,407,I-405 S/B (SAN DIEGO FWY),PLUMMER ST,150,N,N,A,-,Y,LA,NA,405,NA,NA,45.284,H,NA,L,Y,3,0,5,4,A,-,03,22350,NA,N,C,C,A,A,H,-,A,D,0,NA,NA,NA,NA,Y,NA,A,01,0,2,3,0,0,0,0,0,0,-,-,34.24332046508789,-118.47318267822266,LOS ANGELES,LOS ANGELES,-118.47310638427734,34.24332046508789
9211575,2021,2021-02-04,1942,2021-01-14,1555,38687,1781,4,5,7,1942,0,0,0,Q,0,17A81,NORDHOFF ST,FULLBRIGHT AV,68,E,N,A,-,N,NA,NA,NA,NA,NA,NA,NA,NA,NA,Y,1,1,1,3,A,-,05,21460,C,F,A,C,A,A,H,-,A,B,0,NA,NA,NA,NA,Y,NA,A,01,0,0,1,0,0,0,0,0,0,-,-,NA,NA,LOS ANGELES,LOS ANGELES,-118.57736206054688,34.23182678222656
92115752,2023,2023-07-13,9580,2023-07-12,320,021461,NA,3,3,7,1942,0,1,2,NA,2,104,US-101 N/B (VENTURA FREEWAY),DE SOTO AVE,100,S,N,A,-,Y,LA,NA,101,NA,NA,24.307,H,NA,R,Y,4,0,1,1,A,-,08,22107,NA,M,E,I,A,A,H,-,C,D,0,NA,NA,NA,NA,Y,NA,A,01,0,0,1,0,0,0,0,0,0,-,-,34.168060302734375,-118.5879364013672,LOS ANGELES,LOS ANGELES,-118.58792877197266,34.168113708496094
92115753,2023,2023-07-13,9590,2023-07-01,1400,022520,NA,6,2,7,1942,0,1,1,NA,2,062,I-10 E/B (SANTA MONICA FREEWAY),TOBERMAN STREET,235,W,N,A,-,Y,LA,NA,10,NA,NA,14.452,H,NA,R,N,4,0,3,4,A,-,03,22350,NA,N,C,C,A,A,H,-,A,D,0,NA,NA,NA,NA,Y,NA,A,07,0,0,3,0,0,0,0,0,0,-,-,34.03755187988281,-118.28028106689452,LOS ANGELES,LOS ANGELES,-118.2803192138672,34.03773498535156
92115754,2023,2023-07-13,9535,2023-06-30,920,022085,NA,5,1,3,1968,0,1,3,NA,2,620,SR-60 E/B (POMONA FREEWAY),PECK RD.,50,W,N,A,-,Y,LA,NA,60,NA,NA,11.003,H,NA,R,Y,4,0,1,2,A,-,04,21703,NA,N,C,C,A,A,H,-,A,D,0,NA,NA,NA,NA,Y,NA,A,07,0,0,1,0,0,0,0,0,0,-,-,34.03742980957031,-118.03871917724608,LOS ANGELES,SOUTH EL MONTE,-118.03874206542967,34.037353515625
9211576,2021,2021-02-04,1942,2021-01-19,2020,32774,1797,2,5,7,1942,0,0,0,Q,0,17A95,ROSCOE BL,HAYVENHURST AV,535,W,N,A,G,N,NA,NA,NA,NA,NA,NA,NA,NA,NA,Y,1,1,0,1,A,-,03,22350,NA,N,E,I,A,A,H,-,C,D,0,NA,NA,NA,NA,Y,NA,A,01,0,0,0,0,0,0,0,0,0,-,-,NA,NA,LOS ANGELES,LOS ANGELES,-118.49378204345705,34.22092819213867
92115801,2023,2023-07-13,9525,2023-07-08,2112,022772,NA,6,2,9,1900,0,3,5,NA,2,004,CALIFORNIA AVENUE,FRANCISQUITO AVENUE,275,S,N,A,-,N,NA,NA,NA,NA,NA,NA,NA,NA,NA,Y,4,0,1,3,A,-,08,22107,NA,N,B,C,A,A,H,-,C,D,0,NA,NA,NA,NA,Y,NA,A,07,0,0,1,0,0,0,0,0,0,-,-,34.049468994140625,-117.95036315917967,LOS ANGELES,UNINCORPORATED,-117.94938659667967,34.05036163330078
92115804,2023,2023-07-13,9525,2023-07-12,45,020632,NA,3,3,6,1955,0,1,3,NA,2,072,SR-71 N/B TO I-10 W/B,KELLOGG DR.,1056,E,N,A,-,Y,LA,NA,10,NA,NA,42.331,H,NA,L,Y,4,0,1,1,A,-,08,22107,NA,N,F,I,A,A,H,-,C,D,0,NA,NA,NA,NA,Y,NA,A,01,0,0,1,0,0,0,0,0,0,-,-,34.06494903564453,-117.80856323242188,LOS ANGELES,POMONA,-117.8084716796875,34.064727783203125
92115810,2023,2023-07-13,9525,2023-07-10,738,017506,NA,1,1,6,1955,0,1,3,NA,2,605,SR-60 W/B (POMONA FWY),RESERVOIR ST.,1500,W,N,A,-,Y,LA,NA,60,NA,R,29.999,H,NA,L,Y,3,0,2,4,A,-,03,22350,NA,N,C,C,A,A,H,-,A,D,0,NA,NA,NA,NA,Y,NA,A,07,0,1,1,0,0,0,0,0,0,-,-,34.02490997314453,-117.73744964599608,LOS ANGELES,POMONA,-117.73744964599608,34.02492904663086
92115819,2023,2023-07-13,9535,2023-06-30,1708,021976,NA,5,2,3,1914,0,1,1,NA,2,501,I-5 S/B (SANTA ANA FREEWAY),WASHINGTON BLVD.,350,S,N,A,-,Y,LA,NA,5,NA,NA,11.488,H,NA,L,N,4,0,1,2,A,-,03,22350,NA,N,C,C,A,A,H,-,A,D,0,NA,NA,NA,NA,Y,NA,A,07,0,0,1,0,0,0,0,0,0,-,-,33.99440002441406,-118.14421081542967,LOS ANGELES,COMMERCE,-118.14421844482422,33.99439239501953
92115824,2023,2023-07-13,9550,2023-07-12,1103,018408,NA,3,1,9,1900,0,1,3,NA,2,600,SR-60 W/B,TURNBULL CANYON RD.,415,E,N,A,-,Y,LA,NA,60,NA,NA,15.194,H,NA,L,N,4,0,1,2,A,-,03,22350,NA,N,C,C,A,A,H,-,A,D,0,NA,NA,NA,NA,Y,NA,D,22,0,0,1,0,0,0,0,0,0,-,-,34.010738372802734,-117.97667694091795,LOS ANGELES,UNINCORPORATED,-117.97666168212892,34.010772705078125
92115867,2022,2023-07-13,9540,2022-10-22,0042,021820,NA,6,3,7,1942,0,1,1,NA,2,210,I-210 W/B (FOOTHILL FREEWAY),ROXFORD STREET,528,W,N,B,F,Y,LA,NA,210,NA,R,1.617,H,NA,L,Y,1,1,2,2,A,-,01,23152,A,N,E,9,A,A,D,-,C,A,0,NA,NA,NA,NA,Y,Y,A,01,2,0,0,0,0,0,0,0,0,-,-,34.323768615722656,-118.4659423828125,LOS ANGELES,LOS ANGELES,-118.4659423828125,34.323760986328125
92115918,2023,2023-07-13,9575,2023-07-08,1925,022502,NA,6,2,7,1942,0,1,1,NA,2,050,I-5 N/B TO SR-134 W/B,ZOO DRIVE,1475,N,N,A,-,Y,LA,NA,134,NA,R,5.424,H,NA,L,Y,3,0,1,2,A,-,03,22350,NA,N,C,C,A,A,H,-,A,D,0,NA,NA,Y,NA,Y,NA,C,02,0,1,0,0,0,0,0,0,1,-,-,34.15325164794922,-118.2841567993164,LOS ANGELES,LOS ANGELES,-118.28403472900392,34.1534309387207
92115944,2023,2023-07-13,9540,2023-07-06,845,019254,NA,4,1,6,1985,0,1,3,NA,1,145,SR-14 S/B (ANTELOPE VALLEY FREEWAY),GOLDEN VALLEY ROAD (O/C),3696,N,N,A,-,Y,LA,NA,14,NA,R,30.379,H,NA,L,Y,3,0,1,2,A,-,03,22350,NA,N,C,C,A,A,D,-,A,D,0,NA,NA,NA,NA,Y,NA,A,07,0,1,0,0,0,0,0,0,0,-,-,34.398311614990234,-118.46260833740234,LOS ANGELES,SANTA CLARITA,-118.4626235961914,34.3983268737793
9211595,2021,2021-02-11,1942,2021-01-03,0050,42118,0563,7,5,7,1942,0,0,0,E,0,5A85,S GAFFEY ST,W 14TH ST,135,N,N,A,-,N,NA,NA,NA,NA,NA,NA,NA,NA,NA,N,1,1,0,2,A,-,11,21954,A,N,G,B,D,A,H,-,C,A,0,Y,NA,NA,NA,Y,NA,N,60,0,0,0,1,0,0,0,0,0,-,-,NA,NA,LOS ANGELES,LOS ANGELES,-118.29237365722656,33.731910705566406
9211597,2021,2021-02-18,1956,2021-01-05,0203,1292,68,2,5,5,1956,0,0,0,NA,0,003,RT 107,ARTESIA BL,45,S,N,A,-,Y,LA,7,107,-,-,4.67,H,-,N,Y,1,1,0,1,A,-,03,22350,NA,N,E,I,A,A,H,-,C,D,0,NA,NA,NA,NA,Y,NA,A,01,0,0,0,0,0,0,0,0,0,-,-,NA,NA,LOS ANGELES,REDONDO BEACH,-118.35234832763672,33.87252426147461
9211598,2021,2021-02-11,1941,2021-01-05,2004,10559,NA,2,5,7,1941,0,0,0,NA,0,NA,ATLANTIC AV,MARKET ST,0,NA,Y,A,-,N,NA,NA,NA,NA,NA,NA,NA,NA,NA,Y,1,1,0,2,A,-,00,24153,A,F,H,B,B,A,H,-,C,A,0,Y,NA,NA,NA,Y,NA,-,NA,0,0,0,1,0,0,0,0,0,-,-,NA,NA,LOS ANGELES,LONG BEACH,-118.18499755859376,33.85433578491211
9211599,2021,2021-02-11,1900,2021-01-06,1825,625597,2619,3,5,6,1950,0,0,0,NA,0,262T1,10TH ST WEST,AVE N-8,234,S,N,A,-,N,NA,NA,NA,NA,NA,NA,NA,NA,NA,Y,1,1,0,2,A,-,11,21954,A,N,C,B,E,A,H,-,D,D,0,Y,NA,NA,NA,Y,NA,N,60,0,0,0,1,0,0,0,0,0,-,-,34.623191833496094,-118.14765167236328,LOS ANGELES,PALMDALE,-118.14773559570313,34.62324905395508
9211601,2021,2021-02-11,1900,2021-01-15,2024,465510,2924,5,5,5,1990,0,0,0,NA,0,292K2,IRONBARK DR,BARBERRY DR,80,S,N,A,-,N,NA,NA,NA,NA,NA,NA,NA,NA,NA,Y,1,1,0,1,A,-,13,22515,A,N,H,A,A,A,H,-,D,D,0,NA,NA,NA,NA,Y,NA,A,01,0,0,0,0,0,0,0,0,0,-,-,33.997928619384766,-117.82015228271484,LOS ANGELES,DIAMOND BAR,-117.82012939453124,33.99776077270508
92116020,2023,2023-07-13,9540,2023-07-12,1535,019772,NA,3,2,9,1900,0,1,3,NA,1,139,SR-138,RIDGE ROUTE RD,3168,E,N,A,-,Y,LA,NA,138,NA,NA,4.695,H,NA,R,N,4,0,1,2,A,-,03,22350,NA,N,C,C,A,D,H,-,A,D,0,NA,NA,NA,NA,Y,NA,A,01,0,0,1,0,0,0,0,0,0,-,-,34.764888763427734,-118.72284698486328,LOS ANGELES,UNINCORPORATED,-118.72284698486328,34.764888763427734
92116030,2023,2023-07-13,9590,2023-06-03,410,023266,NA,6,3,7,1942,0,1,2,NA,2,070,US-101 N/B (HOLLYWOOD FREEWAY),N VIRGIL AVENUE,230,S,N,A,-,Y,LA,NA,101,NA,NA,4.045,H,NA,R,N,3,0,2,2,A,-,01,23152,A,N,B,2,A,A,H,-,C,D,0,NA,NA,NA,NA,Y,Y,A,01,0,1,1,0,0,0,0,0,0,-,-,34.07817840576172,-118.28600311279295,LOS ANGELES,LOS ANGELES,-118.28598785400392,34.078224182128906
92116035,2023,2023-07-13,9550,2023-07-11,1125,017719,NA,2,1,9,1900,0,2,4,NA,1,051,FULLERTON ROAD,CROSSHAVEN DRIVE,40,S,N,A,-,N,NA,NA,NA,NA,NA,NA,NA,NA,NA,N,4,0,1,2,A,-,21,22106,NA,N,C,C,A,A,H,-,A,A,0,NA,NA,NA,NA,Y,NA,A,08,0,0,1,0,0,0,0,0,0,-,-,33.983760833740234,-117.90766143798828,LOS ANGELES,UNINCORPORATED,-117.90772247314452,33.98377990722656
92116036,2023,2023-07-13,9530,2023-06-30,2125,021582,NA,5,2,5,1915,0,1,3,NA,2,310,SR-91 E/B (ARTESIA FREEWAY),WILMINGTON AVE.,185,W,N,A,-,Y,LA,NA,91,NA,R,9.118,H,NA,R,Y,3,0,2,2,A,-,07,21658,A,N,C,C,A,A,H,-,D,D,0,NA,NA,NA,NA,Y,NA,A,01,0,2,0,0,0,0,0,0,0,-,-,33.87358093261719,-118.23681640625,LOS ANGELES,COMPTON,-118.23682403564452,33.87358856201172
92116066,2023,2023-07-13,9590,2023-07-03,1000,023232,NA,1,1,7,1942,0,1,1,NA,2,081,I-5 S/B (GOLDEN STATE FREEWAY),WHITTIER BLVD,150,N,N,A,-,Y,LA,NA,5,NA,NA,17.088,H,NA,L,N,4,0,1,2,A,-,03,22350,NA,N,C,C,A,A,H,-,A,D,0,NA,NA,NA,NA,Y,NA,A,01,0,0,1,0,0,0,0,0,0,-,-,34.036930084228516,-118.22036743164064,LOS ANGELES,LOS ANGELES,-118.2204360961914,34.036949157714844
92116083,2023,2023-07-13,9530,2023-06-30,1435,022079,NA,5,2,5,1977,0,1,1,NA,2,410,I-405 S/B (SAN DIEGO FREEWAY),DEL AMO BLVD.,700,N,N,A,-,Y,LA,NA,405,NA,NA,12.041,H,NA,L,N,4,0,1,2,A,-,03,22350,NA,N,C,C,A,A,H,-,A,D,0,NA,NA,NA,NA,Y,NA,A,01,0,0,1,0,0,0,0,0,0,-,-,33.84782028198242,-118.27281951904295,LOS ANGELES,CARSON,-118.27279663085938,33.847843170166016
92116104,2023,2023-07-13,9530,2023-06-30,1950,023030,NA,5,2,5,1943,0,1,1,NA,2,210,I-105 E/B (GLENN ANDERSON FWY),LONG BEACH BLVD.,175,E,N,A,-,Y,LA,NA,105,NA,R,11.607,H,NA,R,N,4,0,1,2,A,-,03,22350,NA,N,C,C,A,A,H,-,A,D,0,NA,NA,NA,NA,Y,NA,D,22,0,0,1,0,0,0,0,0,0,-,-,33.92433166503906,-118.2091827392578,LOS ANGELES,LYNWOOD,-118.20916748046876,33.924346923828125
92116113,2023,2023-07-13,9550,2023-07-08,1010,020014,NA,6,1,6,1949,0,1,3,NA,2,091,STATE ROUTE 91 EB,PIONEER BOULEVARD,100,W,N,A,-,Y,LA,NA,91,NA,R,18.042,H,NA,R,Y,4,0,1,2,A,-,08,22107,NA,N,B,C,A,A,H,-,A,D,0,NA,NA,NA,NA,Y,NA,A,01,0,0,1,0,0,0,0,0,0,-,-,33.87643814086914,-118.08334350585938,LOS ANGELES,NORWALK,-118.08334350585938,33.87635040283203
92116116,2023,2023-07-13,9535,2023-07-03,610,021538,NA,1,1,3,1914,0,1,1,NA,2,500,I-5 N/B (SANTA ANA FREEWAY),SIMMONS RR UP,250,S,N,B,-,Y,LA,NA,5,NA,NA,11,H,NA,R,N,4,0,1,2,A,-,07,21658,A,N,B,C,A,A,H,-,A,D,0,NA,NA,NA,NA,Y,NA,D,22,0,0,1,0,0,0,0,0,0,-,-,33.988868713378906,-118.13873291015624,LOS ANGELES,COMMERCE,-118.13870239257813,33.988887786865234
92116139,2023,2023-07-13,9590,2023-07-02,140,023052,NA,7,3,7,1942,0,1,1,NA,2,053,I-110 S/B (HARBOR FREEWAY),JEFFERSON BLVD,460,N,N,A,-,Y,LA,NA,110,NA,NA,20.316,H,NA,L,N,4,0,1,2,A,-,03,22350,NA,N,C,C,A,A,H,-,C,D,0,NA,NA,NA,NA,Y,NA,A,01,0,0,1,0,0,0,0,0,0,-,-,34.02251052856445,-118.2776336669922,LOS ANGELES,LOS ANGELES,-118.27743530273438,34.02244186401367
92116141,2023,2023-07-13,9590,2023-07-02,1250,023266,NA,7,1,7,1942,0,1,1,NA,2,061,I-10 W/B (SANTA MONICA FREEWAY),CRENSHAW BLVD.,250,E,N,A,-,Y,LA,NA,10,NA,R,11.333,H,NA,L,N,4,0,5,5,A,-,03,22350,NA,N,C,C,A,A,H,-,A,D,0,NA,NA,NA,NA,Y,NA,A,01,0,0,5,0,0,0,0,0,0,-,-,34.03504943847656,-118.33473205566406,LOS ANGELES,LOS ANGELES,-118.33473205566406,34.03511047363281
92116143,2023,2023-07-13,9525,2023-07-09,1545,023144,NA,7,2,5,1926,0,1,1,NA,2,205,I-210 E/B (FOOTHILL FWY),SUNFLOWER AVE,10,W,N,A,-,Y,LA,NA,210,NA,R,43.15,H,NA,R,N,4,0,2,3,A,-,03,22350,NA,N,C,C,A,A,H,-,A,D,0,NA,NA,NA,NA,Y,NA,D,22,0,0,2,0,0,0,0,0,0,-,-,34.117431640625,-117.84674835205078,LOS ANGELES,GLENDORA,-117.84674835205078,34.117523193359375
92116175,2023,2023-07-13,9530,2023-06-30,1215,022760,NA,5,1,7,1942,0,1,3,NA,2,310,SR-91 W/B TO I-110 S/B,I-110,1175,E,N,A,-,Y,NA,NA,NA,NA,NA,NA,NA,NA,NA,Y,4,0,1,2,A,-,03,22350,NA,M,C,C,A,A,H,-,A,D,0,NA,NA,NA,NA,Y,NA,-,99,0,0,1,0,0,0,0,0,0,-,-,33.873130798339844,-118.28132629394533,LOS ANGELES,LOS ANGELES,-118.28132629394533,33.873130798339844
92116183,2023,2023-07-13,9590,2023-05-23,25,023232,NA,2,3,7,1942,0,1,1,NA,2,012,SR-110 N/B (ARROYO SECO PARKWAY),SANTA FE ARROYO SECO RAILROAD BRIDGE,130,S,N,C,-,Y,LA,NA,110,NA,NA,28.998,H,NA,R,N,3,0,1,1,A,-,08,22107,NA,N,E,8,A,B,H,-,C,D,0,NA,NA,NA,NA,Y,NA,A,01,0,1,0,0,0,0,0,0,0,-,-,34.11056137084961,-118.18460083007813,LOS ANGELES,LOS ANGELES,-118.18457794189452,34.11055374145508
92116186,2023,2023-07-13,9575,2023-07-11,625,022503,NA,2,1,6,1925,0,1,1,NA,2,050,I-5 S/B (GOLDEN STATE FREEWAY),SONORA AVE,400,S,N,A,-,Y,LA,NA,5,NA,NA,27.464,H,NA,L,Y,4,0,2,3,A,-,03,22350,NA,N,B,C,A,A,H,-,B,D,0,NA,NA,NA,NA,Y,NA,A,01,0,0,2,0,0,0,0,0,0,-,-,34.16014862060547,-118.29268646240234,LOS ANGELES,GLENDALE,-118.29273223876952,34.160133361816406
92116194,2023,2023-07-13,9565,2023-06-30,200,021855,NA,5,3,7,1942,0,1,1,NA,2,063,I-405 N/B (SAN DIEGO FWY),SUNSET BLVD,970,S,N,A,-,Y,LA,NA,405,NA,NA,32.828,H,NA,R,Y,3,0,1,1,A,-,08,22107,NA,N,E,8,A,A,H,-,C,D,0,NA,NA,NA,NA,Y,NA,A,01,0,1,0,0,0,0,0,0,0,-,-,34.07102966308594,-118.46463012695313,LOS ANGELES,LOS ANGELES,-118.46487426757813,34.07087326049805
92116198,2023,2023-07-13,9530,2023-06-30,1130,016842,NA,5,1,7,1941,0,1,1,NA,2,420,I-405 N/B (SAN DIEGO FREEWAY),SANTA FE AVE.,528,S,N,A,-,Y,LA,NA,405,NA,NA,7.898,H,NA,R,N,3,0,1,2,A,-,03,22350,NA,N,C,C,A,A,H,-,A,D,0,NA,NA,NA,NA,Y,NA,A,01,0,1,0,0,0,0,0,0,0,-,-,33.82606887817383,-118.2126693725586,LOS ANGELES,LONG BEACH,-118.21269989013672,33.82615661621094
92116199,2023,2023-07-13,9590,2023-07-04,1415,022750,NA,2,2,7,1942,0,1,2,NA,2,072,US-101 N/B (HOLLYWOOD FREEWAY),PILGRIMAGE BRIDGE,1500,N,N,A,-,Y,LA,NA,101,NA,NA,8.329,H,NA,R,N,4,0,1,2,A,-,07,21658,A,N,B,C,A,A,H,-,A,D,0,NA,NA,NA,NA,Y,NA,A,01,0,0,1,0,0,0,0,0,0,-,-,34.11851119995117,-118.33750152587892,LOS ANGELES,LOS ANGELES,-118.33757781982422,34.11848449707031
92116205,2023,2023-07-13,9545,2023-05-07,240,022732,NA,7,3,9,1900,0,3,5,NA,2,004,170TH STREET EAST,AVENUE S,2760,N,N,A,-,N,NA,NA,NA,NA,NA,NA,NA,NA,NA,Y,1,1,1,1,A,-,08,22107,NA,N,E,J,A,A,H,-,D,D,0,NA,NA,NA,NA,Y,NA,A,07,1,0,0,0,0,0,0,0,0,-,-,34.56550979614258,-117.82647705078124,LOS ANGELES,UNINCORPORATED,-117.82652282714844,34.56554412841797
92116210,2023,2023-07-13,9550,2023-07-03,1625,022909,NA,1,2,5,1952,0,1,1,NA,2,151,I-105 E/B,MERKEL AVE,600,W,N,A,-,Y,LA,NA,105,NA,R,14.821,H,NA,R,N,4,0,1,3,A,-,03,22350,NA,N,C,C,A,A,H,-,A,D,0,NA,NA,NA,NA,Y,NA,D,22,0,0,1,0,0,0,0,0,0,-,-,33.91197967529297,-118.15702056884766,LOS ANGELES,PARAMOUNT,-118.1570281982422,33.91205978393555