CASE_ID,ACCIDENT_YEAR,PROC_DATE,JURIS,COLLISION_DATE,COLLISION_TIME,OFFICER_ID,REPORTING_DISTRICT,DAY_OF_WEEK,CHP_SHIFT,POPULATION,CNTY_CITY_LOC,SPECIAL_COND,BEAT_TYPE,CHP_BEAT_TYPE,CITY_DIVISION_LAPD,CHP_BEAT_CLASS,BEAT_NUMBER,PRIMARY_RD,SECONDARY_RD,DISTANCE,DIRECTION,INTERSECTION,WEATHER_1,WEATHER_2,STATE_HWY_IND,CALTRANS_COUNTY,CALTRANS_DISTRICT,STATE_ROUTE,ROUTE_SUFFIX,POSTMILE_PREFIX,POSTMILE,LOCATION_TYPE,RAMP_INTERSECTION,SIDE_OF_HWY,TOW_AWAY,COLLISION_SEVERITY,NUMBER_KILLED,NUMBER_INJURED,PARTY_COUNT,PRIMARY_COLL_FACTOR,PCF_CODE_OF_VIOL,PCF_VIOL_CATEGORY,PCF_VIOLATION,PCF_VIOL_SUBSECTION,HIT_AND_RUN,TYPE_OF_COLLISION,MVIW,PED_ACTION,ROAD_SURFACE,ROAD_COND_1,ROAD_COND_2,LIGHTING,CONTROL_DEVICE,CHP_ROAD_TYPE,PEDESTRIAN_ACCIDENT,BICYCLE_ACCIDENT,MOTORCYCLE_ACCIDENT,TRUCK_ACCIDENT,NOT_PRIVATE_PROPERTY,ALCOHOL_INVOLVED,STWD_VEHTYPE_AT_FAULT,CHP_VEHTYPE_AT_FAULT,COUNT_SEVERE_INJ,COUNT_VISIBLE_INJ,COUNT_COMPLAINT_PAIN,COUNT_PED_KILLED,COUNT_PED_INJURED,COUNT_BICYCLIST_KILLED,COUNT_BICYCLIST_INJURED,COUNT_MC_KILLED,COUNT_MC_INJURED,PRIMARY_RAMP,SECONDARY_RAMP,LATITUDE,LONGITUDE,COUNTY,CITY,POINT_X,POINT_Y
92116865,2023,2023-07-14,9550,2023-06-30,1330,023004,NA,5,1,7,1941,0,1,3,NA,2,090,SR-91 E/B,ATLANTIC AVE,100,E,N,A,-,Y,LA,NA,91,NA,R,12.133,H,NA,R,N,4,0,1,3,A,-,03,22350,NA,M,C,C,A,A,H,-,A,D,0,NA,NA,NA,NA,Y,NA,-,99,0,0,1,0,0,0,0,0,0,-,-,33.876731872558594,-118.18557739257813,LOS ANGELES,LONG BEACH,-118.18557739257813,33.87670135498047
92116874,2023,2023-07-24,9525,2023-07-03,700,018992,NA,1,1,6,1955,0,1,1,NA,2,110,I-10 E/B (SAN BERNARDINO FWY),GAREY AVE.,1200,W,N,A,G,Y,LA,NA,10,NA,NA,45.492,H,NA,R,N,4,0,1,2,A,-,07,21658,A,F,B,C,A,A,H,-,A,D,0,NA,NA,NA,NA,Y,NA,A,01,0,0,1,0,0,0,0,0,0,-,-,34.07223129272461,-117.75608825683594,LOS ANGELES,POMONA,-117.75608825683594,34.072227478027344
92116875,2023,2023-07-14,9550,2023-07-13,1100,018408,NA,4,1,9,1900,0,1,3,NA,2,600,SR-60 W/B,7TH AVE.,250,E,N,A,-,Y,LA,NA,60,NA,NA,14.329,H,NA,L,N,4,0,1,2,A,-,03,22350,NA,N,C,C,A,A,H,-,A,D,0,NA,NA,NA,NA,Y,NA,A,07,0,0,1,0,0,0,0,0,0,-,-,34.019081115722656,-117.98755645751952,LOS ANGELES,UNINCORPORATED,-117.98757934570313,34.019065856933594
92116912,2023,2023-07-14,9545,2023-07-03,1138,019951,NA,1,1,9,1900,0,3,5,NA,2,003,ANGELES FOREST HIGHWAY,MPM 8.92,200,S,N,A,-,N,NA,NA,NA,NA,NA,NA,NA,NA,NA,N,3,0,1,2,A,-,03,22350,NA,N,C,C,A,A,H,-,A,D,0,NA,NA,Y,NA,Y,NA,-,-,0,1,0,0,0,0,0,0,1,-,-,34.400028228759766,-118.07250213623048,LOS ANGELES,UNINCORPORATED,-118.25283050537108,34.041542053222656
92116916,2023,2023-07-14,9565,2023-07-02,1355,022692,NA,7,1,7,1942,0,1,1,NA,2,062,I-405 S/B (SAN DIEGO FWY.),EXPOSITION BLVD.,200,S,N,A,-,Y,LA,NA,405,NA,NA,29.825,H,NA,L,N,4,0,1,2,A,-,08,22107,NA,N,B,2,A,A,H,-,A,D,0,NA,NA,NA,NA,Y,NA,D,22,0,0,1,0,0,0,0,0,0,-,-,34.03416061401367,-118.43708038330078,LOS ANGELES,LOS ANGELES,-118.43714141845705,34.034122467041016
92116926,2023,2023-07-14,9565,2023-07-02,1511,023238,NA,7,2,5,1965,0,1,1,NA,2,081,INTERSTATE 10 W/B (SANTA MONICA FWY),CLOVERFIELD BLVD.,100,E,N,A,-,Y,LA,NA,10,NA,R,3.483,H,NA,L,N,4,0,1,2,A,-,03,22350,NA,N,C,C,A,A,H,-,A,D,0,NA,NA,NA,NA,Y,NA,A,07,0,0,1,0,0,0,0,0,0,-,-,34.02524948120117,-118.46698760986328,LOS ANGELES,SANTA MONICA,-118.46697235107422,34.02521514892578
92116932,2023,2023-07-14,9540,2023-07-10,1525,020678,NA,1,2,6,1985,0,1,3,NA,2,146,SR-14 N/B (ANTELOPE VALLEY FWY),SAND CANYON RD.,5280,N,N,A,-,Y,LA,NA,14,NA,NA,34.893,H,NA,R,Y,4,0,2,2,A,-,03,22350,NA,N,C,C,A,A,H,-,A,D,0,NA,NA,NA,NA,Y,NA,A,01,0,0,2,0,0,0,0,0,0,-,-,34.43035888671875,-118.39935302734376,LOS ANGELES,SANTA CLARITA,-118.39934539794922,34.43035888671875
92116933,2023,2024-02-14,9525,2023-06-23,1820,022770,NA,5,2,1,1934,0,1,1,NA,2,204,I-210 E/B (FOOTHILL FWY),IRWINDALE AVE,2640,E,N,A,-,Y,LA,NA,210,NA,R,38.392,H,NA,R,Y,3,0,1,2,A,-,03,22350,NA,F,C,C,A,A,H,-,A,D,0,NA,NA,NA,NA,Y,NA,D,22,0,1,0,0,0,0,0,0,0,-,-,34.129730224609375,-117.92491912841795,LOS ANGELES,IRWINDALE,-117.92490386962892,34.12975311279297
92117026,2023,2023-07-14,9590,2023-07-06,1310,018345,NA,4,1,7,1942,0,1,1,NA,2,062,I-10 EASTBOUND (SANTA MONICA FREEWAY) COLLECTOR RO,HOOVER ST.,250,E,N,A,-,Y,LA,NA,10,NA,NA,14.281,H,NA,R,N,4,0,1,2,A,-,03,22350,NA,N,C,C,A,A,H,-,A,D,0,NA,NA,Y,NA,Y,NA,C,02,0,0,1,0,0,0,0,0,1,-,-,34.03696060180664,-118.28337860107422,LOS ANGELES,LOS ANGELES,-118.28343963623048,34.03715896606445
92117027,2023,2023-07-14,9530,2023-07-01,1040,022427,NA,6,1,7,1941,0,1,1,NA,2,430,I-405 S/B (SAN DIEGO FREEWAY),BELLFLOWER BLVD.,1320,N,N,A,-,Y,LA,NA,405,NA,NA,2.521,H,NA,L,N,3,0,2,1,A,-,03,22350,NA,N,F,A,A,A,H,-,A,D,0,NA,NA,Y,NA,Y,NA,C,02,0,2,0,0,0,0,0,0,2,-,-,33.80276870727539,-118.12963104248048,LOS ANGELES,LONG BEACH,-118.12963104248048,33.80268478393555
92117063,2023,2023-07-14,9550,2023-07-10,1555,021100,NA,1,2,9,1900,0,1,3,NA,2,602,SR-60 EASTBOUND,FULLERTON RD.,46,E,N,A,-,Y,LA,NA,60,NA,NA,19.497,H,NA,R,N,4,0,1,2,A,-,03,22350,NA,N,C,C,A,A,H,-,A,D,0,NA,NA,NA,NA,Y,NA,A,07,0,0,1,0,0,0,0,0,0,-,-,33.9940299987793,-117.90486907958984,LOS ANGELES,UNINCORPORATED,-117.90486907958984,33.99406433105469
92117064,2023,2023-08-29,9535,2023-07-03,1625,022159,NA,1,2,4,1907,0,1,1,NA,2,073,I-710 S/B (LONG BEACH FREEWAY),FLORENCE AVE.,1373,S,N,A,-,Y,LA,NA,710,NA,NA,19.454,H,NA,L,N,4,0,1,2,A,-,07,21658,A,N,C,C,A,A,H,-,A,D,0,NA,NA,NA,NA,Y,Y,A,01,0,0,1,0,0,0,0,0,0,-,-,33.964420318603516,-118.16934204101564,LOS ANGELES,BELL,-118.1692123413086,33.964378356933594
92117075,2023,2023-07-14,9590,2023-07-02,1215,021926,NA,7,1,7,1942,0,1,1,NA,2,010,I-110 N/B (ASP),LA RIVER,750,S,N,A,-,Y,LA,NA,110,NA,NA,25.268,H,NA,R,N,3,0,1,2,A,-,08,22107,NA,N,B,C,A,A,H,-,A,D,0,NA,NA,NA,NA,Y,NA,A,01,0,1,0,0,0,0,0,0,0,-,-,34.07706069946289,-118.22982025146484,LOS ANGELES,LOS ANGELES,-118.22980499267578,34.07704544067383
92117102,2023,2023-07-14,9565,2023-07-01,2355,023033,NA,6,3,6,1933,0,1,1,NA,2,060,I-405 NORTHBOUND (SAN DIEGO FREEWAY),CENTURY BOULEVARD,450,S,N,A,-,Y,NA,NA,NA,NA,NA,NA,NA,NA,NA,Y,3,0,2,1,A,-,03,22350,NA,N,F,I,A,A,H,-,D,D,0,NA,NA,Y,NA,Y,NA,C,02,0,2,0,0,0,0,0,0,2,-,-,33.94403076171875,-118.3672103881836,LOS ANGELES,INGLEWOOD,-118.36823272705078,33.94419479370117
92117110,2023,2023-07-14,9550,2023-07-10,1725,020974,NA,1,2,9,1900,0,1,1,NA,2,650,I-605 S/B,ROSE HILLS RD,2700,S,N,A,-,Y,LA,NA,605,NA,R,14.857,H,NA,L,N,4,0,1,2,A,-,08,22107,NA,N,B,C,A,A,H,-,A,D,0,NA,NA,NA,NA,Y,Y,A,01,0,0,1,0,0,0,0,0,0,-,-,34.01142883300781,-118.05702209472656,LOS ANGELES,UNINCORPORATED,-118.05703735351564,34.01143264770508
92117114,2023,2023-07-14,9565,2023-07-03,1520,022576,NA,1,2,5,1965,0,1,1,NA,2,081,I-10 W/B,14TH ST,250,E,N,B,-,Y,LA,NA,10,NA,R,2.664,H,NA,L,N,4,0,1,2,A,-,03,22350,NA,N,C,C,A,A,H,-,A,D,0,NA,NA,NA,NA,Y,NA,A,01,0,0,1,0,0,0,0,0,0,-,-,34.019771575927734,-118.47933197021484,LOS ANGELES,SANTA MONICA,-118.4792938232422,34.01974105834961
9211716,2021,2021-03-11,1942,2021-01-31,2225,41911,1822,7,5,7,1942,0,0,0,R,0,18A17,S BROADWAY,W COLDEN AV,95,N,N,A,-,N,NA,NA,NA,NA,NA,NA,NA,NA,NA,Y,1,1,1,2,A,-,06,21750,A,N,B,C,A,A,H,-,C,A,0,NA,NA,Y,NA,Y,NA,C,02,0,0,1,0,0,0,0,1,0,-,-,NA,NA,LOS ANGELES,LOS ANGELES,-118.27840423583984,33.949440002441406
9211717,2021,2021-03-11,1942,2021-02-02,0615,43133,0321,2,5,7,1942,0,0,0,C,0,3A1,S LA CIENEGA BL,OBAMA BL,15,S,N,A,-,N,NA,NA,NA,NA,NA,NA,NA,NA,NA,Y,1,1,0,2,A,-,11,21456,B,N,G,B,B,A,H,-,A,A,0,Y,NA,NA,NA,Y,NA,N,60,0,0,0,1,0,0,0,0,0,-,-,NA,NA,LOS ANGELES,LOS ANGELES,-118.3723602294922,34.02165985107422
9211718,2021,2021-03-17,1942,2021-02-02,2020,42364,0511,2,5,7,1942,0,0,0,E,0,5A11,RT 1,FRAMPTON AV,1,E,N,A,-,Y,LA,7,1,-,-,12.662,I,5,N,N,1,1,0,2,A,-,10,21950,A,N,G,B,B,A,H,-,C,A,0,Y,NA,NA,NA,Y,NA,A,01,0,0,0,1,0,0,0,0,0,-,-,NA,NA,LOS ANGELES,LOS ANGELES,-118.29994201660156,33.789520263671875
92117183,2023,2023-07-14,9540,2023-07-12,1755,020678,NA,3,2,9,1900,0,2,4,NA,1,201,SIERRA HIGHWAY,MINT CANYON RD.,1056,N,N,A,-,Y,NA,NA,NA,NA,NA,NA,NA,NA,NA,Y,3,0,2,2,A,-,03,22350,NA,N,C,C,A,A,H,-,A,D,0,NA,NA,NA,NA,Y,NA,A,01,0,1,1,0,0,0,0,0,0,-,-,34.51380920410156,-118.3381118774414,LOS ANGELES,UNINCORPORATED,-118.31819152832033,34.520240783691406
9211720,2021,2021-03-11,1975,2021-02-07,1927,404,CITRU,7,5,6,1975,0,0,0,NA,0,001,VINCENT AV,GARVEY AV NORTH,15,N,N,A,-,N,NA,NA,NA,NA,NA,NA,NA,NA,NA,Y,1,1,0,2,A,-,10,21950,A,N,G,B,B,A,H,-,C,D,0,Y,NA,NA,NA,Y,NA,A,01,0,0,0,1,0,0,0,0,0,-,-,34.07400894165039,-117.92645263671876,LOS ANGELES,WEST COVINA,-117.92649841308594,34.07406997680664
92117203,2023,2023-07-14,9565,2023-07-02,1148,022902,NA,7,1,7,1942,0,1,1,NA,2,061,I-405 N/B (SAN DIEGO FREEWAY),JEFFERSON BLVD,1145,S,N,A,-,Y,LA,NA,405,NA,NA,25.723,H,NA,R,N,4,0,1,2,A,-,03,22350,NA,N,C,C,A,A,H,-,A,D,0,NA,NA,NA,NA,Y,NA,A,01,0,0,1,0,0,0,0,0,0,-,-,33.985111236572266,-118.39684295654295,LOS ANGELES,LOS ANGELES,-118.39688110351564,33.985084533691406
9211721,2021,2021-03-17,1975,2021-02-12,2155,436,WCPD,5,5,6,1975,0,0,0,NA,0,005,RT 39,AMAR RD,465,S,N,A,-,N,NA,NA,NA,NA,NA,NA,NA,NA,NA,Y,1,1,1,2,A,-,01,23152,A,N,A,C,A,A,H,-,C,D,0,NA,NA,NA,NA,Y,Y,A,07,1,0,0,0,0,0,0,0,0,-,-,34.03144836425781,-117.91472625732422,LOS ANGELES,WEST COVINA,-117.9594268798828,34.04088592529297
9211722,2021,2023-06-21,1942,2021-02-21,0010,42460,1902,7,5,7,1942,0,0,0,NA,0,19A7,ROXFORD ST,FOOTHILL BL,106,W,N,A,-,N,NA,NA,NA,NA,NA,NA,NA,NA,NA,Y,1,1,2,1,A,-,01,23152,A,N,E,I,A,A,H,-,C,A,0,NA,NA,NA,NA,Y,Y,A,01,2,0,0,0,0,0,0,0,0,-,-,NA,NA,LOS ANGELES,LOS ANGELES,-118.46021270751952,34.32231140136719
92117231,2023,2023-07-14,9550,2023-07-01,1055,022167,NA,6,1,7,1941,0,1,3,NA,2,090,SR-91 E/B,PARAMOUNT BOULEVARD,1150,W,N,A,-,Y,LA,NA,91,NA,R,13.384,H,NA,R,N,4,0,1,3,A,-,08,22107,NA,N,C,C,A,A,H,-,A,D,0,NA,NA,NA,NA,Y,NA,A,01,0,0,1,0,0,0,0,0,0,-,-,33.875911712646484,-118.16397094726564,LOS ANGELES,LONG BEACH,-118.16397094726564,33.875972747802734
92117238,2023,2023-07-14,9565,2023-07-01,1545,023173,NA,6,2,9,1900,0,2,4,NA,2,024,IMPERIAL HWY,VERMONT AVE,25,W,N,A,-,N,NA,NA,NA,NA,NA,NA,NA,NA,NA,N,4,0,2,2,A,-,03,22350,NA,N,C,C,A,A,H,-,A,A,0,NA,NA,Y,NA,Y,NA,A,01,0,0,2,0,0,0,0,0,1,-,-,33.93088912963867,-118.29212188720705,LOS ANGELES,UNINCORPORATED,-118.2919921875,33.93098068237305
92117243,2023,2023-07-14,9540,2023-07-12,1620,021078,NA,3,2,9,1900,0,1,3,NA,2,146,SR-14 N/B (ANTELOPE VALLEY FWY.),WARD RD.,1400,S,N,A,-,Y,LA,NA,14,NA,NA,46.481,H,NA,R,Y,3,0,2,4,A,-,03,22350,NA,N,C,C,A,A,H,-,A,D,0,NA,NA,NA,NA,Y,NA,A,01,0,1,1,0,0,0,0,0,0,-,-,34.501590728759766,-118.23280334472656,LOS ANGELES,UNINCORPORATED,-118.2327880859375,34.50161361694336
92117244,2023,2023-07-14,9525,2023-07-09,1715,023154,NA,7,2,4,1905,0,1,1,NA,2,205,I-210 W/B (FOOTHILL FWY),GRAND AVE,200,E,N,A,-,Y,LA,NA,210,NA,R,41.716,H,NA,L,N,4,0,1,2,A,-,07,21658,A,M,B,C,A,A,H,-,A,D,0,NA,NA,NA,NA,Y,NA,D,22,0,0,1,0,0,0,0,0,0,-,-,34.12059020996094,-117.87075805664064,LOS ANGELES,AZUSA,-117.87075805664064,34.1205940246582
92117251,2023,2023-07-14,9525,2023-07-07,1620,021074,NA,5,2,9,1900,0,1,3,NA,1,024,SR-39 (SAN GABRIEL CANYON ROAD),NORTH FORK BRIDGE,9000,S,N,A,-,Y,LA,NA,39,NA,NA,28.986,H,NA,R,N,2,0,2,2,A,-,03,22350,NA,N,A,C,A,A,H,-,A,D,0,NA,NA,Y,NA,Y,NA,C,02,1,1,0,0,0,0,0,0,2,-,-,34.26253890991211,-117.85092926025392,LOS ANGELES,UNINCORPORATED,-117.85093688964844,34.262535095214844
92117258,2023,2023-07-14,9530,2023-07-02,1805,022585,NA,7,2,7,1941,0,1,1,NA,2,430,I-405 N/B (SAN DIEGO FREEWAY),TEMPLE AVE.,200,S,N,A,-,Y,LA,NA,405,NA,NA,4.262,H,NA,R,N,3,0,1,6,A,-,07,21658,A,N,B,C,A,A,H,-,A,D,0,NA,NA,NA,NA,Y,NA,A,01,0,1,0,0,0,0,0,0,0,-,-,33.80979919433594,-118.15802001953124,LOS ANGELES,LONG BEACH,-118.15806579589844,33.80974578857422
92117266,2023,2023-07-14,9565,2023-07-02,1231,017060,NA,7,1,6,1933,0,1,1,NA,2,060,I-405 NORTHBOUND (SAN DIEGO FREEWAY),ARBOR VITAE ST.,30,S,N,A,-,Y,LA,NA,405,NA,NA,22.653,H,NA,R,N,4,0,1,3,A,-,07,21658,A,F,C,C,A,A,H,-,A,D,0,NA,NA,NA,NA,Y,NA,A,01,0,0,1,0,0,0,0,0,0,-,-,33.951438903808594,-118.36892700195313,LOS ANGELES,INGLEWOOD,-118.36888885498048,33.951446533203125
92117274,2023,2023-07-14,9530,2023-07-03,2200,020548,NA,1,3,9,1900,0,1,1,NA,2,400,I-405 S/B (SAN DIEGO FREEWAY),WESTERN AVE,650,S,N,A,-,Y,LA,NA,405,NA,NA,14.286,H,NA,L,N,4,0,1,1,A,-,03,22350,NA,N,F,A,A,A,H,-,C,D,0,NA,NA,Y,NA,Y,NA,C,02,0,0,1,0,0,0,0,0,1,-,-,33.859649658203125,-118.30690002441406,LOS ANGELES,UNINCORPORATED,-118.30690002441406,33.859718322753906
92117288,2023,2023-07-14,9525,2023-07-12,1515,021542,NA,3,2,9,1900,0,2,4,NA,2,057,BREA CANYON ROAD,SR-57 N/B (ORANGE FWY),50,N,N,A,-,N,NA,NA,NA,NA,NA,NA,NA,NA,NA,Y,3,0,1,2,A,-,09,21801,A,N,D,C,A,A,H,-,A,D,0,NA,NA,NA,NA,Y,NA,A,01,0,1,0,0,0,0,0,0,0,-,-,33.95838928222656,-117.85833740234376,LOS ANGELES,UNINCORPORATED,-117.8601303100586,33.957454681396484
92117318,2023,2023-07-14,9550,2023-07-14,1140,018408,NA,5,1,9,1900,0,1,3,NA,2,600,SR-60 W/B,HACIENDA BLVD.,2500,E,N,A,-,Y,LA,NA,60,NA,NA,16.417,H,NA,L,N,4,0,1,2,A,-,03,22350,NA,N,C,C,A,A,H,-,A,D,0,NA,NA,NA,NA,Y,NA,A,01,0,0,1,0,0,0,0,0,0,-,-,34.004539489746094,-117.95662689208984,LOS ANGELES,UNINCORPORATED,-117.95659637451172,34.004615783691406
9211732,2021,2021-03-18,1922,2021-01-07,1728,632,4,4,5,6,1922,0,0,0,NA,0,004,DURFEE AV,MOREHOUSE ST,20,S,N,A,-,N,NA,NA,NA,NA,NA,NA,NA,NA,NA,Y,1,1,0,2,A,-,11,21955,NA,N,G,B,D,A,H,-,C,D,0,Y,NA,NA,NA,Y,NA,N,60,0,0,0,1,0,0,0,0,0,-,-,34.05234146118164,-118.02102661132813,LOS ANGELES,EL MONTE,-118.0216064453125,34.05248260498047
92117323,2023,2023-07-14,9550,2023-07-13,535,019808,NA,4,3,9,1900,0,1,1,NA,2,650,I-605 SOUTHBOUND,SLAUSON AVENUE,150,N,N,A,-,Y,LA,NA,605,NA,R,11.596,H,NA,L,N,3,0,1,3,A,-,03,22350,NA,M,C,C,A,A,H,-,A,D,0,NA,NA,NA,NA,Y,NA,A,01,0,1,0,0,0,0,0,0,0,-,-,33.96772003173828,-118.0832290649414,LOS ANGELES,UNINCORPORATED,-118.08321380615234,33.967716217041016
92117334,2023,2023-07-14,9590,2023-07-13,1700,021912,NA,4,2,7,1942,0,1,1,NA,2,060,I-10 E/B (SANTA MONICA FREEWAY),WEST BOULEVARD,450,W,N,A,-,Y,LA,NA,10,NA,R,10.939,H,NA,R,N,4,0,1,2,A,-,03,22350,NA,N,C,C,A,A,H,-,A,D,0,NA,NA,NA,NA,Y,NA,A,07,0,0,1,0,0,0,0,0,0,-,-,34.034610748291016,-118.34169006347656,LOS ANGELES,LOS ANGELES,-118.34169006347656,34.03459930419922
9211734,2021,2021-03-24,1900,2021-01-14,2320,625432,NA,4,5,6,1992,0,0,0,NA,0,NA,50TH ST E,AVENUE K,1544,S,N,A,-,N,NA,NA,NA,NA,NA,NA,NA,NA,NA,Y,1,1,1,2,A,-,11,21956,A,N,G,B,E,A,H,-,D,D,0,Y,NA,NA,NA,Y,NA,N,60,1,0,0,1,0,0,0,0,0,-,-,NA,NA,LOS ANGELES,LANCASTER,-118.04107666015624,34.67100524902344
92117341,2023,2023-07-14,9535,2023-07-01,1935,023260,NA,6,2,9,1900,0,2,4,NA,2,022,EASTERN AVE,OLYMPIC BLVD.,0,NA,Y,A,-,N,NA,NA,NA,NA,NA,NA,NA,NA,NA,Y,4,0,1,3,A,-,09,21801,A,N,D,C,A,A,H,-,A,A,0,NA,NA,NA,NA,Y,NA,A,01,0,0,1,0,0,0,0,0,0,-,-,34.018890380859375,-118.17388153076172,LOS ANGELES,UNINCORPORATED,-118.17390441894533,34.0189094543457
92117349,2023,2023-07-14,9535,2023-07-02,1525,023260,NA,7,2,9,1900,0,1,1,NA,2,501,I-5 S/B (SANTA ANA FREEWAY),OLYMPIC BLVD,300,S,N,A,-,Y,LA,NA,5,NA,NA,13.917,H,NA,L,N,4,0,1,4,A,-,03,22350,NA,N,C,C,A,A,H,-,A,D,0,NA,NA,NA,NA,Y,NA,D,22,0,0,1,0,0,0,0,0,0,-,-,34.01700973510742,-118.17504119873048,LOS ANGELES,UNINCORPORATED,-118.17501831054688,34.01703643798828
92117352,2023,2023-07-14,9535,2023-07-01,940,023264,NA,6,1,9,1900,0,1,1,NA,2,421,I-10 W/B (SAN BERNARDINO FREEWAY),ATLANTIC BLVD,435,W,N,A,-,Y,LA,NA,10,NA,NA,23.243,H,NA,L,Y,4,0,1,2,A,-,03,22350,NA,N,C,C,A,A,H,-,A,D,0,NA,NA,NA,NA,Y,NA,A,07,0,0,1,0,0,0,0,0,0,-,-,34.07160186767578,-118.13601684570313,LOS ANGELES,UNINCORPORATED,-118.13602447509766,34.071651458740234
9211736,2021,2021-03-29,1953,2021-01-15,1953,1001,195,5,5,6,1953,0,0,0,NA,0,001,ARROYO PKWY,GLENARM ST,0,NA,Y,A,-,Y,LA,7,110,-,-,31.913,I,6,S,Y,1,1,0,2,A,-,11,21453,D,N,G,B,B,A,H,-,C,A,0,Y,NA,NA,NA,Y,NA,N,60,0,0,0,1,0,0,0,0,0,-,-,NA,NA,LOS ANGELES,PASADENA,-118.14727020263672,34.127525329589844
92117401,2023,2023-07-14,9535,2023-06-27,1925,021976,NA,2,2,3,1914,0,1,1,NA,2,501,I-5 S/B (SANTA ANA FREEWAY),EASTERN AVE.,587,S,N,A,-,Y,LA,NA,5,NA,NA,14.009,H,NA,L,N,4,0,1,2,A,-,07,21658,A,M,B,C,A,A,H,-,A,D,0,NA,NA,NA,Y,Y,NA,-,99,0,0,1,0,0,0,0,0,0,-,-,34.017669677734375,-118.17640686035156,LOS ANGELES,COMMERCE,-118.17635345458984,34.01774215698242
92117402,2023,2023-07-14,9535,2023-06-22,1445,023070,NA,4,2,9,1900,0,2,4,NA,2,022,OLYMPIC BLVD,EASTERN AVE,0,NA,Y,A,-,N,NA,NA,NA,NA,NA,NA,NA,NA,NA,N,3,0,2,2,A,-,09,21801,B,M,D,C,A,A,H,-,A,A,0,NA,NA,NA,NA,Y,NA,-,99,0,1,1,0,0,0,0,0,0,-,-,34.0188102722168,-118.17398071289064,LOS ANGELES,UNINCORPORATED,-118.17390441894533,34.0189094543457
92117404,2023,2024-05-08,9535,2023-06-28,1505,022842,NA,3,2,9,1900,0,3,5,NA,2,001,MEDFORD STREET (3500 BLOCK),DITMAN AVENUE,200,E,N,A,-,N,NA,NA,NA,NA,NA,NA,NA,NA,NA,Y,3,0,1,4,A,-,08,22107,NA,N,B,2,A,A,H,-,A,D,0,NA,NA,NA,Y,Y,NA,G,26,0,1,0,0,0,0,0,0,0,-,-,34.06037902832031,-118.1885223388672,LOS ANGELES,UNINCORPORATED,-118.18858337402344,34.0603141784668
92117408,2023,2023-07-14,9590,2023-07-04,2214,022720,NA,2,3,7,1942,0,1,2,NA,2,072,US-101 NB (HOLLYWOOD FREEWAY) TO MELROSE AVE.,MELROSE AVE.,560,S,N,A,-,Y,LA,NA,101,NA,NA,4.713,H,NA,R,Y,4,0,1,2,A,-,03,22350,NA,N,C,C,A,A,H,-,C,D,0,NA,NA,NA,NA,Y,NA,A,01,0,0,1,0,0,0,0,0,0,-,-,34.082550048828125,-118.29631805419922,LOS ANGELES,LOS ANGELES,-118.29637908935548,34.08246612548828
92117416,2023,2023-07-17,9590,2023-07-06,1300,021835,NA,4,1,7,1942,0,1,1,NA,2,050,I-110 N/B (HAF),42ND STREET,75,S,N,A,-,Y,LA,NA,110,NA,NA,19.244,H,NA,R,N,4,0,1,2,A,-,03,22350,NA,F,C,C,A,A,H,-,A,D,0,NA,NA,NA,NA,Y,NA,-,99,0,0,1,0,0,0,0,0,0,-,-,34.00720977783203,-118.28090667724608,LOS ANGELES,LOS ANGELES,-118.28097534179688,34.00720977783203
9211742,2021,2021-03-24,1941,2021-02-15,0535,5707,NA,1,5,7,1941,0,0,0,NA,0,NA,LONG BEACH BL,32ND ST,0,NA,Y,A,-,N,NA,NA,NA,NA,NA,NA,NA,NA,NA,Y,1,1,0,3,A,-,11,21954,A,N,H,B,E,A,H,-,C,D,0,Y,NA,NA,NA,Y,NA,N,NA,0,0,0,1,0,0,0,0,0,-,-,NA,NA,LOS ANGELES,LONG BEACH,-118.18936157226564,33.815269470214844
92117426,2023,2023-07-17,9565,2023-07-01,302,023014,NA,6,3,9,1900,0,1,1,NA,2,012,I-105 W/B,NORMANDIE AVE,500,W,N,A,-,Y,LA,NA,105,NA,R,6.147,H,NA,L,Y,3,0,1,2,A,-,08,22107,NA,F,B,2,A,A,H,-,D,D,0,NA,NA,NA,NA,Y,NA,-,99,0,1,0,0,0,0,0,0,0,-,-,33.927188873291016,-118.30211639404295,LOS ANGELES,UNINCORPORATED,-118.30214691162108,33.92726516723633
92117430,2023,2023-07-17,9565,2023-07-02,1640,022878,NA,7,2,9,1900,0,3,5,NA,2,004,LENNOX BOULEVARD,INGLEWOOD AVENUE,0,NA,Y,A,-,N,NA,NA,NA,NA,NA,NA,NA,NA,NA,Y,3,0,3,4,A,-,12,21453,A,N,D,2,A,A,H,-,A,A,0,NA,Y,NA,NA,Y,NA,-,-,0,2,1,0,0,0,1,0,0,-,-,33.938201904296875,-118.36136627197266,LOS ANGELES,UNINCORPORATED,-118.36134338378906,33.93816375732422