CASE_ID,ACCIDENT_YEAR,PROC_DATE,JURIS,COLLISION_DATE,COLLISION_TIME,OFFICER_ID,REPORTING_DISTRICT,DAY_OF_WEEK,CHP_SHIFT,POPULATION,CNTY_CITY_LOC,SPECIAL_COND,BEAT_TYPE,CHP_BEAT_TYPE,CITY_DIVISION_LAPD,CHP_BEAT_CLASS,BEAT_NUMBER,PRIMARY_RD,SECONDARY_RD,DISTANCE,DIRECTION,INTERSECTION,WEATHER_1,WEATHER_2,STATE_HWY_IND,CALTRANS_COUNTY,CALTRANS_DISTRICT,STATE_ROUTE,ROUTE_SUFFIX,POSTMILE_PREFIX,POSTMILE,LOCATION_TYPE,RAMP_INTERSECTION,SIDE_OF_HWY,TOW_AWAY,COLLISION_SEVERITY,NUMBER_KILLED,NUMBER_INJURED,PARTY_COUNT,PRIMARY_COLL_FACTOR,PCF_CODE_OF_VIOL,PCF_VIOL_CATEGORY,PCF_VIOLATION,PCF_VIOL_SUBSECTION,HIT_AND_RUN,TYPE_OF_COLLISION,MVIW,PED_ACTION,ROAD_SURFACE,ROAD_COND_1,ROAD_COND_2,LIGHTING,CONTROL_DEVICE,CHP_ROAD_TYPE,PEDESTRIAN_ACCIDENT,BICYCLE_ACCIDENT,MOTORCYCLE_ACCIDENT,TRUCK_ACCIDENT,NOT_PRIVATE_PROPERTY,ALCOHOL_INVOLVED,STWD_VEHTYPE_AT_FAULT,CHP_VEHTYPE_AT_FAULT,COUNT_SEVERE_INJ,COUNT_VISIBLE_INJ,COUNT_COMPLAINT_PAIN,COUNT_PED_KILLED,COUNT_PED_INJURED,COUNT_BICYCLIST_KILLED,COUNT_BICYCLIST_INJURED,COUNT_MC_KILLED,COUNT_MC_INJURED,PRIMARY_RAMP,SECONDARY_RAMP,LATITUDE,LONGITUDE,COUNTY,CITY,POINT_X,POINT_Y
92119096,2023,2023-07-17,9530,2023-07-06,650,022438,NA,4,1,7,1942,0,1,1,NA,2,110,INTERSTATE 110 SOUTHBOUND,W 135TH STREET,790,N,N,A,-,Y,LA,NA,110,NA,NA,12.549,H,NA,L,Y,4,0,1,3,A,-,03,22350,NA,N,C,C,A,A,H,-,A,D,0,NA,NA,NA,NA,Y,NA,A,01,0,0,1,0,0,0,0,0,0,-,-,33.91144943237305,-118.28675079345705,LOS ANGELES,LOS ANGELES,-118.28670501708984,33.91144943237305
92119102,2023,2023-07-17,9530,2023-07-06,1545,023038,NA,4,2,9,1900,0,3,5,NA,2,002,REDONDO BEACH BLVD.,BROADWAY,0,NA,Y,A,-,N,NA,NA,NA,NA,NA,NA,NA,NA,NA,N,3,0,1,2,A,-,12,21453,A,F,D,C,A,A,H,-,A,A,0,NA,NA,NA,NA,Y,Y,-,99,0,1,0,0,0,0,0,0,0,-,-,33.89291000366211,-118.27864837646484,LOS ANGELES,UNINCORPORATED,-118.27866363525392,33.89285659790039
92119114,2023,2023-07-17,9530,2023-06-10,1405,023030,NA,6,2,7,1942,0,1,1,NA,2,071,I-710 N/B (LONG BEACH FREEWAY),208TH ST.,320,N,N,B,-,Y,LA,NA,710,NA,NA,10.36,H,NA,R,Y,2,0,1,1,A,-,08,22107,NA,N,F,A,A,A,H,-,A,D,0,NA,NA,NA,NA,Y,NA,A,07,1,0,0,0,0,0,0,0,0,-,-,33.839881896972656,-118.20697784423828,LOS ANGELES,LOS ANGELES,-118.20713806152344,33.83991241455078
92119125,2023,2023-07-17,9545,2023-07-10,1920,022221,NA,1,2,9,1900,0,3,5,NA,2,004,FORT TEJON RD.,101ST ST  E,600,W,N,A,-,N,NA,NA,NA,NA,NA,NA,NA,NA,NA,Y,2,0,1,1,A,-,08,22107,NA,N,F,0,A,A,H,-,A,D,0,NA,NA,NA,NA,Y,NA,D,22,1,0,0,0,0,0,0,0,0,-,-,34.49597930908203,-117.95089721679688,LOS ANGELES,UNINCORPORATED,-117.95096588134766,34.49641799926758
92119128,2023,2023-07-17,9545,2023-07-04,1600,023153,NA,2,2,9,1900,0,1,3,NA,2,021,SR-14 S/B,AVENUE N,1690,N,N,A,-,Y,LA,NA,14,NA,R,64.313,H,NA,L,N,4,0,1,2,A,-,08,22107,NA,M,B,C,A,A,H,-,A,D,0,NA,NA,NA,NA,Y,Y,-,99,0,0,1,0,0,0,0,0,0,-,-,34.64044189453125,-118.15341186523438,LOS ANGELES,UNINCORPORATED,-118.15341949462892,34.640438079833984
92119132,2023,2023-07-17,9535,2023-07-05,1745,021976,NA,3,2,4,1962,0,1,1,NA,2,400,I-10 (SAN BERNARDINO FREEWAY) E/B,NEW AVE.,188,E,N,A,-,Y,LA,NA,10,NA,NA,24.882,H,NA,R,N,4,0,1,2,A,-,07,21658,A,N,C,C,A,A,H,-,A,D,0,NA,NA,NA,Y,Y,NA,-,-,0,0,1,0,0,0,0,0,0,-,-,34.071659088134766,-118.10745239257813,LOS ANGELES,SAN GABRIEL,-118.10745239257813,34.0716667175293
92119151,2023,2023-07-17,9580,2023-07-15,1220,023213,NA,6,1,7,1942,0,1,1,NA,2,405,I-405 S/B (SAN DIEGO FWY),BURBANK BLVD,2112,N,N,A,-,Y,LA,NA,405,NA,NA,40.691,H,NA,L,N,4,0,1,4,A,-,03,22350,NA,N,C,C,A,A,H,-,A,D,0,NA,NA,NA,NA,Y,NA,D,22,0,0,1,0,0,0,0,0,0,-,-,34.177921295166016,-118.46881866455078,LOS ANGELES,LOS ANGELES,-118.46888732910156,34.17789077758789
92119157,2023,2023-07-17,9580,2023-07-15,840,021522,NA,6,1,7,1942,0,1,2,NA,2,104,US-101 N/B (VENTURA FREEWAY),WINNETKA AVE,1584,S,N,A,-,Y,LA,NA,101,NA,NA,22.939,H,NA,R,N,3,0,1,2,A,-,03,22350,NA,N,C,C,A,A,H,-,A,D,0,NA,NA,NA,NA,Y,NA,A,01,0,1,0,0,0,0,0,0,0,-,-,34.17321014404297,-118.56520080566406,LOS ANGELES,LOS ANGELES,-118.5652084350586,34.17326354980469
92119158,2023,2023-07-17,9530,2023-05-12,221,022805,NA,5,3,9,1900,0,1,1,NA,2,110,I-110 NORTHBOUND FROM I-105,106TH ST.,400,S,N,A,-,Y,LA,NA,110,NA,NA,14.589,H,NA,R,Y,2,0,5,5,A,-,01,23152,A,N,B,C,A,A,H,-,C,D,0,NA,NA,NA,Y,Y,Y,A,01,1,3,1,0,0,0,0,0,0,-,-,33.93988037109375,-118.27955627441406,LOS ANGELES,UNINCORPORATED,-118.27973175048828,33.93987274169922
92119176,2023,2023-07-17,9550,2023-07-08,2155,023099,NA,6,2,6,1920,0,1,1,NA,2,151,I-105 WESTBOUND,LAKEWOOD BOULEVARD,1404,W,N,A,-,Y,LA,NA,105,NA,R,15.474,H,NA,L,Y,4,0,1,2,A,-,03,22350,NA,N,C,C,A,A,H,-,C,D,0,NA,NA,NA,NA,Y,NA,A,01,0,0,1,0,0,0,0,0,0,-,-,33.91328048706055,-118.14566802978516,LOS ANGELES,DOWNEY,-118.14566802978516,33.913143157958984
92119226,2023,2023-07-17,9575,2023-03-15,15,022496,NA,3,3,7,1942,0,1,3,NA,2,070,SR-118 W/B (RONALD REAGAN FREEWAY),HERRICK AVENUE,61.7,W,N,C,-,Y,LA,NA,118,NA,R,12.926,H,NA,L,Y,1,1,0,1,A,-,08,22107,NA,N,E,I,A,B,H,-,D,D,0,NA,NA,NA,NA,Y,NA,A,01,0,0,0,0,0,0,0,0,0,-,-,34.27788162231445,-118.42246246337892,LOS ANGELES,LOS ANGELES,-118.42236328125,34.27779769897461
92119228,2023,2023-07-17,9580,2023-07-14,1050,022036,NA,5,1,7,1942,0,1,2,NA,2,102,US-101 NB (VENTURA FREEWAY),BALBOA BLVD,2640,S,N,A,-,Y,LA,NA,101,NA,NA,18.891,H,NA,R,N,4,0,2,2,A,-,03,22350,NA,N,C,C,A,A,H,-,A,D,0,NA,NA,NA,NA,Y,NA,D,22,0,0,2,0,0,0,0,0,0,-,-,34.16770935058594,-118.4963607788086,LOS ANGELES,LOS ANGELES,-118.4963836669922,34.167686462402344
92119240,2023,2023-07-17,9580,2023-07-13,1825,021291,NA,4,2,7,1942,0,1,3,NA,2,170,SR-170 N/B (HOLLYWOOD FWY.),ROSCOE BLVD,100,S,N,A,-,Y,LA,NA,170,NA,R,19.707,H,NA,R,N,4,0,1,2,A,-,03,22350,NA,N,C,C,A,A,H,-,A,D,0,NA,NA,NA,NA,Y,NA,A,01,0,0,1,0,0,0,0,0,0,-,-,34.221248626708984,-118.4099578857422,LOS ANGELES,LOS ANGELES,-118.40992736816406,34.221256256103516
92119268,2023,2023-07-17,9550,2023-06-30,1455,022790,NA,5,2,5,1919,0,1,1,NA,2,652,INTERSTATE 605 SOUTHBOUND,DEL AMO BOULEVARD,300,N,N,A,-,Y,LA,NA,605,NA,R,2.928,H,NA,L,N,3,0,1,1,A,-,08,22107,NA,N,F,A,A,A,H,-,A,D,0,NA,NA,Y,NA,Y,NA,C,02,0,1,0,0,0,0,0,0,1,-,-,33.84674835205078,-118.0930404663086,LOS ANGELES,CERRITOS,-118.093017578125,33.84675598144531
92119292,2023,2023-07-17,9580,2023-07-13,642,021522,NA,4,1,7,1942,0,1,2,NA,2,104,US-101 N/B (VENTURA FREEWAY),WOODLAKE AVE,1000,S,N,A,-,Y,LA,NA,101,NA,NA,26.697,H,NA,R,N,3,0,4,3,A,-,03,22350,NA,N,C,C,A,A,H,-,A,D,0,NA,NA,NA,NA,Y,NA,A,07,0,1,3,0,0,0,0,0,0,-,-,34.16324996948242,-118.627197265625,LOS ANGELES,LOS ANGELES,-118.6272201538086,34.16328811645508
92119303,2023,2023-07-17,9545,2023-07-09,1100,020140,NA,7,1,9,1900,0,3,5,NA,2,004,BIG PINES HWY,BALL FLAT RD,180,S,N,A,-,N,NA,NA,NA,NA,NA,NA,NA,NA,NA,Y,4,0,1,1,A,-,03,22350,NA,N,E,J,A,A,C,-,A,D,0,NA,NA,Y,NA,Y,NA,C,02,0,0,1,0,0,0,0,0,1,-,-,34.396080017089844,-117.73098754882813,LOS ANGELES,UNINCORPORATED,-117.73101043701172,34.39612579345703
92119304,2023,2023-07-17,9545,2023-07-14,1915,020244,NA,5,2,9,1900,0,1,3,NA,2,031,SR-14 N/B,MOUNTAIN SPRINGS RD,800,S,N,A,-,Y,LA,NA,14,NA,R,53.532,H,NA,R,Y,3,0,2,2,A,-,03,22350,NA,N,C,C,A,A,H,-,A,D,0,NA,NA,NA,NA,Y,NA,D,22,0,1,1,0,0,0,0,0,0,-,-,34.499061584472656,-118.12149047851564,LOS ANGELES,UNINCORPORATED,-118.12150573730467,34.49906921386719
92119305,2023,2024-05-28,9545,2023-07-11,1545,022558,NA,2,2,9,1900,0,1,3,NA,1,042,SR-138 W/B,185TH ST  E,1195,W,N,A,-,Y,LA,NA,138,NA,NA,65.634,H,NA,L,Y,4,0,2,2,A,-,08,22107,NA,N,B,C,A,A,H,-,A,D,0,NA,NA,NA,Y,Y,NA,A,07,0,0,2,0,0,0,0,0,0,-,-,34.498741149902344,-117.80433654785156,LOS ANGELES,UNINCORPORATED,-117.80434417724608,34.49871826171875
92119307,2023,2023-07-17,9580,2023-07-12,1735,022663,NA,3,2,7,1942,0,1,2,NA,2,105,US-101 S/B (VENTURA FREEWAY),VENTURA BLVD,686,S,N,A,-,Y,LA,NA,101,NA,NA,25.642,H,NA,L,Y,4,0,1,3,A,-,03,22350,NA,N,C,C,A,A,H,-,A,D,0,NA,NA,NA,NA,Y,NA,A,01,0,0,1,0,0,0,0,0,0,-,-,34.17005157470703,-118.61068725585938,LOS ANGELES,LOS ANGELES,-118.61067199707033,34.170021057128906
92119314,2023,2023-09-01,9550,2023-07-05,1733,022769,NA,3,2,9,1900,0,2,4,NA,1,023,CALMADA AVE,MULBERRY DR.,0,NA,Y,A,-,N,NA,NA,NA,NA,NA,NA,NA,NA,NA,N,4,0,1,2,A,-,08,22107,NA,N,D,C,A,A,H,-,A,A,0,NA,NA,NA,NA,Y,NA,A,01,0,0,1,0,0,0,0,0,0,-,-,33.94837188720703,-118.03524780273438,LOS ANGELES,UNINCORPORATED,-118.03540802001952,33.94821548461914
92119318,2023,2023-07-18,9550,2023-07-05,1700,022769,NA,3,2,9,1900,0,2,4,NA,1,022,LEFFINGWELL RD,LA MIRADA BLVD.,30,E,N,A,-,N,NA,NA,NA,NA,NA,NA,NA,NA,NA,N,4,0,1,2,A,-,03,22350,NA,N,C,C,A,A,H,-,A,A,0,NA,NA,NA,NA,Y,NA,A,01,0,0,1,0,0,0,0,0,0,-,-,33.926998138427734,-118.01146697998048,LOS ANGELES,UNINCORPORATED,-118.01188659667967,33.926761627197266
92119327,2023,2023-07-18,9565,2023-07-04,1222,018193,NA,2,1,9,1900,0,2,4,NA,1,054,ADMIRALTY WAY,PALAWAN WAY,0,NA,Y,A,-,N,NA,NA,NA,NA,NA,NA,NA,NA,NA,Y,4,0,1,2,D,-,00,NA,NA,N,D,C,A,A,H,-,A,A,0,NA,NA,NA,NA,Y,NA,-,-,0,0,1,0,0,0,0,0,0,-,-,33.98324966430664,-118.45777130126952,LOS ANGELES,UNINCORPORATED,-118.45781707763672,33.983245849609375
92119466,2023,2023-07-18,9590,2023-07-14,1630,021492,NA,5,2,7,1942,0,1,1,NA,2,085,I-5 S/B (GOLDEN STATE FREEWAY),COLORADO ST,700,S,N,A,-,Y,LA,NA,5,NA,NA,25.647,H,NA,L,N,4,0,1,2,A,-,03,22350,NA,N,C,C,A,A,H,-,A,D,0,NA,NA,NA,NA,Y,NA,D,22,0,0,1,0,0,0,0,0,0,-,-,34.13898849487305,-118.2769775390625,LOS ANGELES,LOS ANGELES,-118.27703094482422,34.13897705078125
92119473,2023,2023-07-18,9530,2023-04-17,1822,022999,NA,1,2,9,1900,0,3,5,NA,2,001,PALM PL.,SANTA FE AVE.,700,E,N,A,-,N,NA,NA,NA,NA,NA,NA,NA,NA,NA,N,3,0,1,2,A,-,11,21954,A,N,G,B,D,A,H,-,A,D,0,Y,NA,NA,NA,Y,NA,N,60,0,1,0,0,1,0,0,0,0,-,-,33.96446990966797,-118.22789001464844,LOS ANGELES,UNINCORPORATED,-118.22795867919922,33.96445083618164
92119477,2023,2023-07-18,9580,2023-07-11,1121,019097,NA,2,1,3,1994,0,1,2,NA,2,108,US-101 N/B (VENTURA FWY) TO LINDERO CANYON RD,LINDERO CANYON RD,10,S,N,A,-,Y,NA,NA,NA,NA,NA,NA,NA,NA,NA,N,4,0,1,2,A,-,03,22350,NA,N,C,C,A,A,H,-,A,D,0,NA,NA,NA,NA,Y,NA,D,22,0,0,1,0,0,0,0,0,0,-,-,34.150089263916016,-118.80341339111328,LOS ANGELES,AGOURA HILLS,-118.80409240722656,34.149200439453125
92119479,2023,2023-07-18,9530,2023-07-05,1415,022702,NA,3,2,9,1900,0,3,5,NA,2,001,MAKEE AVE (6300 BLOCK),GAGE AVENUE,60,S,N,A,-,N,NA,NA,NA,NA,NA,NA,NA,NA,NA,Y,4,0,1,2,C,-,18,NA,NA,N,E,J,A,A,H,-,A,D,0,NA,NA,NA,NA,Y,NA,-,-,0,0,1,0,0,0,0,0,0,-,-,33.98183822631836,-118.24662017822266,LOS ANGELES,UNINCORPORATED,-118.24652862548828,33.981876373291016
92119482,2023,2023-07-18,9590,2023-07-09,2240,021535,NA,7,3,7,1942,0,1,1,NA,2,085,I-5 S/B (GOLDEN STATE FREEWAY),FLETCHER DRIVE,800,S,N,A,-,Y,LA,NA,5,NA,NA,22.867,H,NA,L,N,3,0,1,2,A,-,08,22107,NA,N,E,I,A,A,H,-,C,D,0,NA,NA,NA,NA,Y,NA,A,01,0,1,0,0,0,0,0,0,0,-,-,34.10554885864258,-118.25422668457033,LOS ANGELES,LOS ANGELES,-118.25424957275392,34.105525970458984
92119486,2023,2023-07-18,9525,2023-07-07,430,021383,NA,5,3,4,1960,0,1,3,NA,2,571,SR-57 S/B (ORANGE FWY),COVINA BLVD,750,S,N,A,-,Y,LA,NA,57,NA,R,10.12,H,NA,L,Y,3,0,1,2,A,-,01,23152,A,N,B,C,A,A,H,-,D,D,0,NA,NA,NA,Y,Y,Y,A,01,0,1,0,0,0,0,0,0,0,-,-,34.09695816040039,-117.8196029663086,LOS ANGELES,SAN DIMAS,-117.8195571899414,34.09695816040039
92119495,2023,2023-07-18,9525,2023-07-09,2205,020636,NA,7,3,4,1938,0,1,1,NA,2,207,SR-210 W/B (FOOTHILL FWY),FRUIT ST,700,W,N,A,-,Y,LA,NA,210,NA,R,47.757,H,NA,L,Y,4,0,3,2,A,-,03,22350,NA,N,C,C,A,A,H,-,D,D,0,NA,NA,NA,NA,Y,NA,A,01,0,0,3,0,0,0,0,0,0,-,-,34.1198616027832,-117.7673110961914,LOS ANGELES,LA VERNE,-117.7673110961914,34.11980056762695
92119513,2023,2023-07-18,9525,2023-07-07,2000,021074,NA,5,2,9,1900,0,1,3,NA,1,024,SR-39 (SAN GABRIEL CANYON ROAD),CRYSTAL LAKE ROAD,7500,S,N,A,-,Y,LA,NA,39,NA,NA,36.808,H,NA,R,N,3,0,1,1,A,-,08,22107,NA,N,E,I,A,A,H,-,D,D,0,NA,NA,NA,NA,Y,NA,A,01,0,1,0,0,0,0,0,0,0,-,-,34.30363082885742,-117.84603881835938,LOS ANGELES,UNINCORPORATED,-117.84601593017578,34.30362319946289
92119535,2023,2023-07-18,9565,2023-07-06,1531,022576,NA,4,2,4,1918,0,1,1,NA,2,061,I-405 N/B,VENICE BLVD,850,S,N,A,-,Y,LA,NA,405,NA,NA,27.793,H,NA,R,N,3,0,1,2,A,-,07,21658,A,N,C,2,A,A,H,-,A,A,0,NA,NA,Y,NA,Y,NA,A,01,0,1,0,0,0,0,0,0,1,-,-,34.010169982910156,-118.41678619384766,LOS ANGELES,CULVER CITY,-118.41673278808594,34.01020431518555
92119548,2023,2023-07-18,9535,2023-07-06,2140,022017,NA,4,2,6,1922,0,1,1,NA,2,401,INTERSTATE 10 W/B (SAN BERNARDINO FREEWAY),BALDWIN AVENUE,800,E,N,A,-,Y,LA,NA,10,NA,NA,28.114,H,NA,L,Y,4,0,1,2,A,-,08,22107,NA,N,C,C,A,A,H,-,D,D,0,NA,NA,NA,NA,Y,NA,A,01,0,0,1,0,0,0,0,0,0,-,-,34.072139739990234,-118.05101013183594,LOS ANGELES,EL MONTE,-118.05105590820313,34.07207489013672
92119568,2023,2023-07-18,9525,2023-07-15,1819,022925,NA,6,2,9,1900,0,3,5,NA,2,004,PUENTE AVE,SHORT BLVD,0,NA,Y,A,-,N,NA,NA,NA,NA,NA,NA,NA,NA,NA,Y,4,0,1,2,A,-,08,22107,NA,N,C,A,A,A,H,-,A,D,0,NA,NA,NA,NA,Y,NA,A,07,0,0,1,0,0,0,0,0,0,-,-,34.043548583984375,-117.99082183837892,LOS ANGELES,UNINCORPORATED,NA,NA
92119584,2023,2023-07-18,9590,2023-06-16,2138,021673,NA,5,2,7,1942,0,1,1,NA,2,040,I-5 N/B SANTA ANA FREEWAY (SAF),LORENA STREET,500,S,N,A,-,Y,LA,NA,5,NA,NA,15.546,H,NA,R,N,4,0,1,3,A,-,03,22350,NA,N,C,C,A,A,H,-,D,D,0,NA,NA,NA,NA,Y,NA,A,01,0,0,1,0,0,0,0,0,0,-,-,34.023780822753906,-118.20156860351564,LOS ANGELES,LOS ANGELES,-118.20156860351564,34.02378463745117
92119588,2023,2023-07-18,9525,2023-07-11,2045,021074,NA,2,2,9,1900,0,1,3,NA,1,024,SR-39 (SAN GABRIEL CANYON ROAD),EAST FORK ROAD,10560,S,N,A,-,Y,LA,NA,39,NA,NA,23.838,H,NA,R,N,3,0,1,1,A,-,08,22107,NA,N,E,I,A,A,H,-,D,D,0,NA,NA,NA,NA,Y,NA,A,01,0,1,0,0,0,0,0,0,0,-,-,34.21836853027344,-117.85517120361328,LOS ANGELES,UNINCORPORATED,-117.855224609375,34.21835708618164
92119590,2023,2023-07-18,9590,2023-07-12,1000,021762,NA,3,1,7,1942,0,1,2,NA,2,070,US-101 N/B (HOLLYWOOD FREEWAY),EDGEWARE ROAD,500,N,N,A,-,Y,LA,NA,101,NA,NA,2.165,H,NA,R,N,4,0,1,3,A,-,03,22350,NA,N,C,C,A,A,H,-,A,D,0,NA,NA,NA,NA,Y,NA,A,07,0,0,1,0,0,0,0,0,0,-,-,34.06782150268555,-118.2558135986328,LOS ANGELES,LOS ANGELES,-118.25579833984376,34.06784439086914
92119600,2023,2023-07-18,9580,2023-07-08,1625,021966,NA,6,2,7,1942,0,1,1,NA,2,406,I-405 S/B (SAN DIEGO FWY),BURBANK BLVD,1530,S,N,A,-,Y,LA,NA,405,NA,NA,39.979,H,NA,L,Y,4,0,2,3,A,-,03,22350,NA,N,C,C,A,A,H,-,A,D,0,NA,NA,NA,NA,Y,NA,A,01,0,0,2,0,0,0,0,0,0,-,-,34.167930603027344,-118.4690170288086,LOS ANGELES,LOS ANGELES,-118.46894073486328,34.16789627075195
92119623,2023,2023-07-18,9565,2023-07-06,1710,022057,NA,4,2,7,1942,0,1,1,NA,2,081,I-10 E/B,CENTINELA AVE,500,W,N,A,-,Y,LA,NA,10,NA,R,4.322,H,NA,R,Y,4,0,1,2,A,-,07,21658,A,N,B,C,A,A,H,-,A,D,0,NA,NA,Y,NA,Y,NA,A,01,0,0,1,0,0,0,0,0,1,-,-,34.027679443359375,-118.45281982421876,LOS ANGELES,LOS ANGELES,-118.45282745361328,34.0275993347168
92119634,2023,2023-07-18,9535,2023-07-06,1759,022298,NA,4,2,9,1900,0,1,1,NA,2,421,I-10 WESTBOUND (SAN BERNARDINO FREEWAY),CITY TERRACE DRIVE PEDESTRIAN OVERCROSSING,65,W,N,A,-,Y,LA,NA,10,NA,NA,19.97,H,NA,L,N,3,0,1,2,C,-,18,NA,NA,N,B,C,A,A,H,-,A,D,0,NA,NA,NA,NA,Y,NA,-,-,0,1,0,0,0,0,0,0,0,-,-,34.05548095703125,-118.18733215332033,LOS ANGELES,UNINCORPORATED,-118.18733215332033,34.0554313659668
92119643,2023,2023-07-18,9540,2023-07-11,2355,022182,NA,2,3,9,1900,0,1,3,NA,2,147,SR-14 S/B,ESCONDIDO CANYON ROAD,4224,S,N,A,-,Y,LA,NA,14,NA,NA,42.414,H,NA,L,Y,3,0,1,1,A,-,08,22107,NA,N,E,8,A,A,H,-,D,D,0,NA,NA,NA,NA,Y,NA,A,01,0,1,0,0,0,0,0,0,0,-,-,34.4811897277832,-118.28987884521484,LOS ANGELES,UNINCORPORATED,-118.28993225097656,34.48125457763672
92119651,2023,2023-07-18,9550,2023-07-12,1535,021578,NA,3,2,5,1990,0,1,1,NA,2,500,I-5 S/B,RIO HONDO RIVER,100,S,N,A,-,Y,LA,NA,5,NA,NA,9.444,H,NA,L,Y,3,0,1,3,A,-,03,22350,NA,N,C,C,A,A,H,-,A,D,0,NA,NA,NA,Y,Y,NA,F,26,0,1,0,0,0,0,0,0,0,-,-,33.97092056274414,-118.12287902832033,LOS ANGELES,DIAMOND BAR,-118.12278747558594,33.97093963623047
92119666,2023,2023-07-18,9565,2023-07-06,1330,022057,NA,4,1,7,1942,1,4,S,NA,2,901,OVERLAND AVENUE,TABOR STREET,0,NA,Y,A,-,N,NA,NA,NA,NA,NA,NA,NA,NA,NA,N,4,0,1,1,C,-,18,NA,NA,N,H,A,A,A,H,-,A,D,0,NA,NA,NA,NA,Y,NA,-,-,0,0,1,0,0,0,0,0,0,-,-,34.02378845214844,-118.4094467163086,LOS ANGELES,LOS ANGELES,-118.41049194335938,34.023250579833984
92119672,2023,2023-07-18,9535,2023-07-06,1621,022298,NA,4,2,5,1901,0,1,1,NA,2,420,I-10 EASTBOUND (SAN BERNARDINO FREEWAY),ATLANTIC BOULEVARD,610,W,N,A,-,Y,LA,NA,10,NA,NA,23.211,H,NA,R,Y,4,0,1,2,A,-,03,22350,NA,N,C,C,A,A,H,-,A,D,0,NA,NA,NA,NA,Y,NA,A,01,0,0,1,0,0,0,0,0,0,-,-,34.071250915527344,-118.13657379150392,LOS ANGELES,ALHAMBRA,-118.13657379150392,34.07128143310547
92119681,2023,2023-07-18,9525,2023-07-15,1340,023154,NA,6,1,9,1900,0,3,5,NA,2,002,CIENEGA AVE,BONNIE COVE AVE,0,NA,Y,A,-,N,NA,NA,NA,NA,NA,NA,NA,NA,NA,N,4,0,1,2,A,-,09,21800,A,N,D,C,A,A,H,-,A,A,0,NA,NA,NA,NA,Y,NA,A,01,0,0,1,0,0,0,0,0,0,-,-,34.103050231933594,-117.85507965087892,LOS ANGELES,UNINCORPORATED,-117.85508728027344,34.10304260253906
92119715,2023,2023-07-18,9550,2023-07-11,800,022790,NA,2,1,6,1949,0,1,1,NA,2,651,I-605 N/B (SAN GABRIEL RIVER FREEWAY),ROSECRANS AVE,200,S,N,A,-,Y,LA,NA,605,NA,R,6.778,H,NA,R,N,4,0,2,2,A,-,03,22350,NA,N,C,C,A,A,H,-,A,D,0,NA,NA,NA,NA,Y,NA,A,01,0,0,2,0,0,0,0,0,0,-,-,33.90132141113281,-118.10507202148438,LOS ANGELES,NORWALK,-118.1050262451172,33.90132141113281
92119719,2023,2023-07-18,9550,2023-07-07,1315,018187,NA,5,1,9,1900,0,3,5,NA,2,002,LA MIRADA BL,MULBERRY DR,70,S,N,A,-,N,NA,NA,NA,NA,NA,NA,NA,NA,NA,N,4,0,1,2,A,-,21,22106,NA,N,C,C,A,A,H,-,A,A,0,NA,NA,NA,NA,Y,NA,A,07,0,0,1,0,0,0,0,0,0,-,-,33.934898376464844,-118.01174926757813,LOS ANGELES,UNINCORPORATED,-118.01184844970705,33.934959411621094
92119724,2023,2023-07-18,9590,2023-07-09,1130,021848,NA,7,1,7,1942,0,1,2,NA,2,071,US-101 S/B (HOLLYWOOD FREEWAY),GLENDALE BOULEVARD,300,S,N,A,-,Y,LA,NA,101,NA,NA,2.441,H,NA,L,N,4,0,2,3,A,-,03,22350,NA,N,C,C,A,A,H,-,A,D,0,NA,NA,NA,NA,Y,NA,A,07,0,0,2,0,0,0,0,0,0,-,-,34.06922149658203,-118.26020050048828,LOS ANGELES,LOS ANGELES,-118.26018524169922,34.069252014160156
92119762,2023,2023-07-18,9535,2023-07-06,2025,022142,NA,4,2,1,1973,0,1,1,NA,2,072,I-710 N/B (LBF) FROM BANDINI BLVD.,BANDINI BLVD.,320,N,N,A,-,Y,NA,NA,NA,NA,NA,NA,NA,NA,NA,N,4,0,1,1,C,-,18,NA,NA,N,E,I,A,A,H,-,C,A,0,NA,NA,NA,NA,Y,NA,-,-,0,0,1,0,0,0,0,0,0,-,-,33.99876022338867,-118.17427825927734,LOS ANGELES,VERNON,-118.17427825927734,33.99876022338867
92119776,2023,2023-07-18,9580,2023-07-10,1620,021966,NA,1,2,7,1942,0,1,1,NA,2,405,I-405 S/B (SAN DIEGO FWY),SEPULVEDA BLVD,440,N,N,A,-,Y,LA,NA,405,NA,NA,38.698,H,NA,L,Y,4,0,3,2,A,-,08,22107,NA,N,B,C,A,A,H,-,A,D,0,NA,NA,NA,NA,Y,NA,A,01,0,0,3,0,0,0,0,0,0,-,-,34.1496696472168,-118.46898651123048,LOS ANGELES,LOS ANGELES,-118.46902465820313,34.149681091308594