CASE_ID,ACCIDENT_YEAR,PROC_DATE,JURIS,COLLISION_DATE,COLLISION_TIME,OFFICER_ID,REPORTING_DISTRICT,DAY_OF_WEEK,CHP_SHIFT,POPULATION,CNTY_CITY_LOC,SPECIAL_COND,BEAT_TYPE,CHP_BEAT_TYPE,CITY_DIVISION_LAPD,CHP_BEAT_CLASS,BEAT_NUMBER,PRIMARY_RD,SECONDARY_RD,DISTANCE,DIRECTION,INTERSECTION,WEATHER_1,WEATHER_2,STATE_HWY_IND,CALTRANS_COUNTY,CALTRANS_DISTRICT,STATE_ROUTE,ROUTE_SUFFIX,POSTMILE_PREFIX,POSTMILE,LOCATION_TYPE,RAMP_INTERSECTION,SIDE_OF_HWY,TOW_AWAY,COLLISION_SEVERITY,NUMBER_KILLED,NUMBER_INJURED,PARTY_COUNT,PRIMARY_COLL_FACTOR,PCF_CODE_OF_VIOL,PCF_VIOL_CATEGORY,PCF_VIOLATION,PCF_VIOL_SUBSECTION,HIT_AND_RUN,TYPE_OF_COLLISION,MVIW,PED_ACTION,ROAD_SURFACE,ROAD_COND_1,ROAD_COND_2,LIGHTING,CONTROL_DEVICE,CHP_ROAD_TYPE,PEDESTRIAN_ACCIDENT,BICYCLE_ACCIDENT,MOTORCYCLE_ACCIDENT,TRUCK_ACCIDENT,NOT_PRIVATE_PROPERTY,ALCOHOL_INVOLVED,STWD_VEHTYPE_AT_FAULT,CHP_VEHTYPE_AT_FAULT,COUNT_SEVERE_INJ,COUNT_VISIBLE_INJ,COUNT_COMPLAINT_PAIN,COUNT_PED_KILLED,COUNT_PED_INJURED,COUNT_BICYCLIST_KILLED,COUNT_BICYCLIST_INJURED,COUNT_MC_KILLED,COUNT_MC_INJURED,PRIMARY_RAMP,SECONDARY_RAMP,LATITUDE,LONGITUDE,COUNTY,CITY,POINT_X,POINT_Y
92119778,2023,2023-07-18,9580,2023-07-11,1400,021966,NA,2,2,7,1942,0,1,1,NA,2,404,I-405 SOUTHBOUND TO BURBANK BLVD.,BURBANK BLVD.,40,N,N,A,-,Y,NA,NA,NA,NA,NA,NA,NA,NA,NA,N,4,0,1,2,A,-,08,22107,NA,N,B,C,A,A,H,-,A,A,0,NA,NA,NA,NA,Y,NA,-,-,0,0,1,0,0,0,0,0,0,-,-,34.17238998413086,-118.46820831298828,LOS ANGELES,LOS ANGELES,-118.46820831298828,34.17238998413086
92119806,2023,2023-07-18,9525,2023-07-16,1710,023176,NA,7,2,5,1906,0,1,1,NA,2,103,I-10 W/B (SAN BERNARDINO FWY),BALDWIN PARK BLVD,1584,W,N,A,-,Y,LA,NA,10,NA,NA,31.859,H,NA,L,N,4,0,1,2,A,-,03,22350,NA,N,C,C,A,A,H,-,A,D,0,NA,NA,NA,NA,Y,NA,A,01,0,0,1,0,0,0,0,0,0,-,-,34.06687927246094,-117.98769378662108,LOS ANGELES,BALDWIN PARK,-117.98767852783205,34.06682586669922
92119822,2023,2023-07-18,9535,2023-07-06,2235,022783,NA,4,3,9,1900,0,3,5,NA,2,002,3RD ST,LA VERNE AVE,0,NA,Y,A,-,N,NA,NA,NA,NA,NA,NA,NA,NA,NA,N,4,0,1,2,A,-,11,21954,A,N,G,B,B,A,H,-,C,A,0,Y,NA,NA,NA,Y,NA,N,60,0,0,1,0,1,0,0,0,0,-,-,34.03335952758789,-118.1585693359375,LOS ANGELES,UNINCORPORATED,-118.15866088867188,34.033329010009766
92119854,2023,2023-07-18,9535,2023-07-06,745,020551,NA,4,1,9,1900,0,1,1,NA,2,650,I-605 NORTHBOUND,VALLEY BOULEVARD,2000,S,N,A,-,Y,LA,NA,605,NA,R,19.117,H,NA,R,N,4,0,1,2,A,-,03,22350,NA,N,C,C,A,A,H,-,A,D,0,NA,NA,NA,NA,Y,NA,A,07,0,0,1,0,0,0,0,0,0,-,-,34.05043029785156,-118.00630950927734,LOS ANGELES,UNINCORPORATED,-118.00629425048828,34.05042266845703
92119859,2023,2023-07-18,9535,2023-07-06,1755,023244,NA,4,2,6,1922,0,1,1,NA,2,401,I-10 W/B (SAN BERNARDINO FREEWAY),SANTA ANITA AVE,200,W,N,A,-,Y,LA,NA,10,NA,NA,28.424,H,NA,L,N,4,0,1,2,A,-,03,22350,NA,N,C,C,A,A,H,-,A,D,0,NA,NA,NA,NA,Y,NA,A,01,0,0,1,0,0,0,0,0,0,-,-,34.06998825073242,-118.04631805419922,LOS ANGELES,EL MONTE,-118.04632568359376,34.069984436035156
92119889,2023,2023-07-18,9535,2023-07-06,1227,020340,NA,4,1,9,1900,0,1,3,NA,2,601,STATE ROUTE 60 WESTBOUND,SR-60 E/B FROM 3RD STREET,250,E,N,A,-,Y,LA,NA,60,NA,R,2.515,H,NA,L,N,4,0,1,2,A,-,03,22350,NA,N,C,C,A,A,H,-,A,D,0,NA,NA,NA,NA,Y,NA,A,07,0,0,1,0,0,0,0,0,0,-,-,34.032588958740234,-118.18251037597656,LOS ANGELES,UNINCORPORATED,-118.18253326416016,34.03263854980469
92119907,2023,2023-07-18,9535,2023-07-06,1850,023244,NA,4,2,6,1922,0,1,1,NA,2,400,I-10 E/B (SAN BERNARDINO FREEWAY),BALDWIN AVE,100,W,N,A,-,Y,LA,NA,10,NA,NA,27.862,H,NA,R,N,4,0,1,4,A,-,03,22350,NA,N,C,C,A,A,H,-,A,D,0,NA,NA,NA,NA,Y,NA,A,07,0,0,1,0,0,0,0,0,0,-,-,34.07225036621094,-118.05549621582033,LOS ANGELES,EL MONTE,-118.05550384521484,34.0722770690918
92119911,2023,2023-07-18,9535,2023-07-03,215,022861,NA,1,3,5,1943,0,1,1,NA,2,104,I-105 E/B (CF) TO I-710 S/B (LBF),I-710 (LONG BEACH FREEWAY) S/B,325,E,N,A,-,Y,NA,NA,NA,NA,NA,NA,NA,NA,NA,Y,3,0,2,1,A,-,08,22107,NA,N,E,8,A,A,H,-,C,D,0,NA,NA,NA,NA,Y,NA,D,22,0,2,0,0,0,0,0,0,0,-,-,33.913551330566406,-118.18463897705078,LOS ANGELES,LYNWOOD,-118.18463897705078,33.913551330566406
92119924,2023,2023-07-18,9540,2023-07-07,1635,021845,NA,5,2,9,1900,0,2,4,NA,2,061,THE OLD RD,SEDONA WAY,0,NA,Y,A,-,N,NA,NA,NA,NA,NA,NA,NA,NA,NA,Y,4,0,1,2,A,-,12,21453,A,N,D,C,A,A,H,-,A,A,0,NA,NA,NA,NA,Y,NA,-,-,0,0,1,0,0,0,0,0,0,-,-,34.4576301574707,-118.61717987060548,LOS ANGELES,UNINCORPORATED,-118.61727142333984,34.4576530456543
92119931,2023,2023-07-18,9535,2023-07-06,1215,020551,NA,4,1,9,1900,0,3,5,NA,2,006,DEL MAR AVE. (1600 BLOCK),MIRALINDA BLVD.,20,S,N,A,-,N,NA,NA,NA,NA,NA,NA,NA,NA,NA,N,3,0,2,3,A,-,03,22350,NA,N,C,C,A,A,H,-,A,A,0,NA,NA,NA,NA,Y,NA,A,01,0,1,1,0,0,0,0,0,0,-,-,34.04962158203125,-118.09880065917967,LOS ANGELES,UNINCORPORATED,-118.098876953125,34.049678802490234
92119937,2023,2023-07-18,9535,2023-07-02,1015,023264,NA,7,1,9,1900,0,2,4,NA,2,011,EASTERN AVE,FLORAL DR,0,NA,Y,A,-,N,NA,NA,NA,NA,NA,NA,NA,NA,NA,Y,4,0,1,2,A,-,12,21453,A,N,D,C,A,A,H,-,A,A,0,NA,NA,NA,NA,Y,NA,A,01,0,0,1,0,0,0,0,0,0,-,-,34.044158935546875,-118.17369079589844,LOS ANGELES,UNINCORPORATED,-118.1736297607422,34.04418182373047
92119943,2023,2023-07-18,9575,2023-07-06,1720,023236,NA,4,2,9,1900,0,1,3,NA,2,300,SR-2 (ANGELES CREST HIGHWAY),HOYT MTN RD.,2300,E,N,A,-,Y,LA,NA,2,NA,NA,30.979,H,NA,R,Y,4,0,2,4,A,-,08,22107,NA,N,B,C,A,A,H,-,A,D,0,NA,Y,NA,NA,Y,NA,A,01,0,0,2,0,0,0,1,0,0,-,-,34.2630500793457,-118.18724822998048,LOS ANGELES,UNINCORPORATED,-118.1872329711914,34.26301956176758
92119949,2023,2023-07-18,9565,2023-06-06,1715,023171,NA,2,2,9,1900,0,3,5,NA,2,002,VAN NESS AVENUE,108TH STREET,0,NA,Y,A,-,N,NA,NA,NA,NA,NA,NA,NA,NA,NA,Y,4,0,1,2,A,-,09,21801,A,N,D,C,A,A,H,-,A,A,0,NA,NA,NA,NA,Y,NA,A,01,0,0,1,0,0,0,0,0,0,-,-,33.938201904296875,-118.3177490234375,LOS ANGELES,UNINCORPORATED,-118.31777191162108,33.93821716308594
92119955,2023,2023-07-18,9535,2023-07-06,1654,021976,NA,4,2,4,1907,0,1,1,NA,2,073,I-710 S/B (LONG BEACH FREEWAY),SLAUSON AVE.,110,N,N,A,-,Y,LA,NA,710,NA,NA,21.056,H,NA,L,N,4,0,3,4,A,-,03,22350,NA,N,C,C,A,A,H,-,A,D,0,NA,NA,NA,NA,Y,NA,A,01,0,0,3,0,0,0,0,0,0,-,-,33.987030029296875,-118.17008972167967,LOS ANGELES,BELL,-118.1701202392578,33.98701477050781
92119973,2023,2023-07-18,9535,2023-07-03,255,023070,NA,1,3,9,1900,0,2,4,NA,2,018,3RD ST (4500 E BLOCK),FORD BLVD,30,E,N,A,-,N,NA,NA,NA,NA,NA,NA,NA,NA,NA,Y,2,0,2,1,A,-,08,22107,NA,N,E,I,A,A,H,-,C,A,0,NA,NA,NA,NA,Y,NA,A,01,2,0,0,0,0,0,0,0,0,-,-,34.0331916809082,-118.16899871826172,LOS ANGELES,UNINCORPORATED,-118.16908264160156,34.03322982788086
92119975,2023,2023-07-18,9535,2023-07-03,1805,022808,NA,1,2,5,1948,0,1,3,NA,2,620,SR-60 E/B (POMONA FREEWAY),PARAMOUNT BLVD.,104,W,N,A,-,Y,LA,NA,60,NA,R,7.741,H,NA,R,Y,4,0,4,2,A,-,04,21703,NA,N,C,C,A,A,H,-,A,D,0,NA,NA,NA,NA,Y,NA,D,22,0,0,4,0,0,0,0,0,0,-,-,34.035831451416016,-118.09339904785156,LOS ANGELES,MONTEREY PARK,-118.09339141845705,34.03580093383789
92119987,2023,2023-07-18,9550,2023-07-11,1240,019688,NA,2,1,5,1919,0,1,3,NA,2,092,STATE ROUTE-91 (ARTESIA FREEWAY),ARTESIA BOULEVARD,300,W,N,A,-,Y,LA,NA,91,NA,R,19.368,H,NA,R,N,3,0,1,2,A,-,08,22107,NA,N,B,I,A,A,H,-,A,D,0,NA,NA,NA,NA,Y,NA,A,07,0,1,0,0,0,0,0,0,0,-,-,33.873809814453125,-118.06118011474608,LOS ANGELES,CERRITOS,-118.0612335205078,33.873756408691406
92119997,2023,2023-07-18,9590,2023-07-06,1230,021346,NA,4,1,7,1942,0,1,1,NA,2,085,I-5 S/B (GOLDEN STATE FREEWAY),LOS FELIZ BOULEVARD,50,N,N,B,-,Y,LA,NA,5,NA,NA,24.376,H,NA,L,N,4,0,2,3,A,-,03,22350,NA,M,C,C,A,A,H,-,A,D,0,NA,NA,NA,NA,Y,NA,A,01,0,0,2,0,0,0,0,0,0,-,-,34.121089935302734,-118.27130889892578,LOS ANGELES,LOS ANGELES,-118.27156066894533,34.121002197265625
92120067,2023,2023-07-18,9590,2023-06-03,216,023232,NA,6,3,7,1942,0,1,2,NA,2,071,US-101 S/B (HOLLYWOOD FREEWAY),EDGEWARE RD,600,S,N,A,-,Y,LA,NA,101,NA,NA,1.945,H,NA,L,N,3,0,1,2,A,-,03,22350,NA,N,C,C,A,A,H,-,C,D,0,NA,NA,NA,NA,Y,NA,-,-,0,1,0,0,0,0,0,0,0,-,-,34.065818786621094,-118.2528076171875,LOS ANGELES,LOS ANGELES,-118.25279235839844,34.065834045410156
92120068,2023,2023-07-18,9580,2023-07-09,1420,021966,NA,7,2,7,1942,0,1,1,NA,2,404,I-405 S/B (SAN DIEGO FWY),BURBANK BLVD,10,S,N,A,-,Y,LA,NA,405,NA,NA,40.273,H,NA,L,Y,4,0,3,2,A,-,08,22107,NA,N,B,C,A,A,H,-,A,D,0,NA,NA,NA,NA,Y,NA,D,22,0,0,3,0,0,0,0,0,0,-,-,34.171958923339844,-118.4677734375,LOS ANGELES,LOS ANGELES,-118.46778106689452,34.171958923339844
92120084,2023,2023-09-27,9580,2023-07-10,1635,022755,NA,1,2,7,1942,0,1,3,NA,2,115,SR-118 W/B (RONALD REAGAN FWY.),TAMPA AVE,900,E,N,A,-,Y,LA,NA,118,NA,R,4.955,H,NA,L,Y,4,0,1,2,A,-,08,22107,NA,N,C,C,A,A,H,-,A,D,0,NA,NA,NA,NA,Y,NA,A,07,0,0,1,0,0,0,0,0,0,-,-,34.27315139770508,-118.55088043212892,LOS ANGELES,LOS ANGELES,-118.55086517333984,34.27311325073242
92120096,2023,2023-07-18,9535,2023-07-06,1550,023244,NA,4,2,6,1922,0,1,1,NA,2,400,I-10 E/B (SAN BERNARDINO FREEWAY),SANTA ANITA AVE,50,E,N,A,-,Y,LA,NA,10,NA,NA,28.641,H,NA,R,N,4,0,1,4,A,-,03,22350,NA,N,C,C,A,A,H,-,A,D,0,NA,NA,NA,NA,Y,NA,A,01,0,0,1,0,0,0,0,0,0,-,-,34.068790435791016,-118.04290008544922,LOS ANGELES,EL MONTE,-118.04290008544922,34.06879425048828
92120137,2023,2023-07-18,9580,2023-07-13,1435,023101,NA,4,2,9,1900,0,1,3,NA,1,271,SR-27 S/B (TOPANGA CYN. BLVD.),WOODLAND CREST DR,375,N,N,A,-,N,NA,NA,NA,NA,NA,NA,NA,NA,NA,Y,4,0,2,3,A,-,05,21460,A,N,B,C,A,A,H,-,A,D,0,NA,NA,NA,NA,Y,Y,A,01,0,0,2,0,0,0,0,0,0,-,-,34.14434814453125,-118.6044464111328,LOS ANGELES,UNINCORPORATED,-118.6044464111328,34.14434814453125
92120151,2023,2023-07-18,9535,2023-07-06,205,022214,NA,4,3,5,1948,0,1,3,NA,2,621,SR-60 W/B (POMONA FREEWAY),PARAMOUNT BLVD.,581,W,N,A,-,Y,LA,NA,60,NA,R,7.648,H,NA,L,Y,3,0,1,1,A,-,01,23152,A,N,E,I,A,A,H,-,D,D,0,NA,NA,NA,NA,Y,Y,A,01,0,1,0,0,0,0,0,0,0,-,-,34.035888671875,-118.09510803222656,LOS ANGELES,MONTEREY PARK,-118.09510803222656,34.03580856323242
92120155,2023,2023-07-18,9530,2023-06-23,1330,023188,NA,5,1,7,1942,0,1,1,NA,2,110,I-110 S/B (HARBOR FREEWAY),EL SEGUNDO,50,N,N,A,-,Y,LA,NA,110,NA,NA,12.921,H,NA,L,Y,4,0,1,3,A,-,01,23152,A,N,B,C,A,A,H,-,A,D,0,NA,NA,NA,NA,Y,Y,A,08,0,0,1,0,0,0,0,0,0,-,-,33.916751861572266,-118.28581237792967,LOS ANGELES,LOS ANGELES,-118.28580474853516,33.916748046875
92120164,2023,2023-07-18,9525,2023-07-08,830,021978,NA,6,1,1,1934,0,2,S,NA,2,901,15501 ARROW HIGHWAY,SAN GABRIEL RIVER TRAIL,205,N,N,A,-,N,NA,NA,NA,NA,NA,NA,NA,NA,NA,N,4,0,1,2,A,-,08,22107,NA,N,G,B,E,A,H,-,A,D,0,Y,NA,NA,NA,Y,NA,A,07,0,0,1,0,1,0,0,0,0,-,-,34.113441467285156,-117.94000244140624,LOS ANGELES,IRWINDALE,-117.97699737548828,34.11500930786133
92120174,2023,2023-07-18,9525,2023-07-14,1510,021545,NA,5,2,6,1955,0,1,1,NA,2,120,I-10 E/B (SAN BERNARDINO FWY),WHITE AVE,250,W,N,A,-,Y,LA,NA,10,NA,NA,44.986,H,NA,R,Y,3,0,1,2,A,-,03,22350,NA,N,C,C,A,A,H,-,A,D,0,NA,NA,NA,NA,Y,NA,A,01,0,1,0,0,0,0,0,0,0,-,-,34.070960998535156,-117.7646484375,LOS ANGELES,POMONA,-117.7646484375,34.070953369140625
92120186,2023,2023-07-18,9525,2023-07-16,1650,023154,NA,7,2,4,1905,0,1,3,NA,1,024,SR-39 (SAN GABRIEL CANYON RD.),MILE MARKER 35.50,250,S,N,A,-,Y,LA,NA,39,NA,NA,35.769,H,NA,R,Y,3,0,1,1,A,-,03,22350,NA,N,E,I,A,A,H,-,A,D,0,NA,NA,Y,NA,Y,NA,C,02,0,1,0,0,0,0,0,0,1,-,-,34.29916000366211,-117.84007263183594,LOS ANGELES,AZUSA,-117.84007263183594,34.299156188964844
92120195,2023,2023-07-18,9550,2023-07-06,1655,021934,NA,4,2,9,1900,0,1,1,NA,2,650,I-605 NB,WASHINGTON BLVD,1500,N,N,A,-,Y,LA,NA,605,NA,R,12.359,H,NA,R,N,4,0,1,2,A,-,03,22350,NA,N,C,C,A,A,H,-,A,D,0,NA,NA,NA,NA,Y,NA,D,22,0,0,1,0,0,0,0,0,0,-,-,33.97798156738281,-118.07837677001952,LOS ANGELES,UNINCORPORATED,-118.07830810546876,33.977943420410156
92120198,2023,2023-07-18,9550,2023-07-07,1745,022631,NA,5,2,9,1900,0,1,1,NA,2,501,I-5,NORWALK BLVD,500,S,N,A,-,Y,LA,NA,5,NA,NA,4.134,H,NA,R,N,4,0,1,2,A,-,03,22350,NA,N,C,C,A,A,H,-,A,D,0,NA,NA,NA,NA,Y,NA,A,01,0,0,1,0,0,0,0,0,0,-,-,33.909629821777344,-118.06951904296876,LOS ANGELES,UNINCORPORATED,-118.06957244873048,33.90959167480469
92120206,2023,2023-07-18,9530,2023-06-23,1840,023188,NA,5,2,7,1942,0,1,1,NA,2,110,I-110 S/B (HARBOR FREEWAY),EL SEGUNDO,2640,N,N,A,-,Y,LA,NA,110,NA,NA,13.288,H,NA,L,N,4,0,1,2,A,-,03,22350,NA,N,C,C,A,A,H,-,B,D,0,NA,NA,NA,NA,Y,NA,A,07,0,0,1,0,0,0,0,0,0,-,-,33.921051025390625,-118.28235626220705,LOS ANGELES,LOS ANGELES,-118.28238677978516,33.92106246948242
92120213,2023,2023-07-18,9550,2023-07-01,1430,021648,NA,6,2,9,1900,0,2,4,NA,1,042,COLIMA ROAD,STONER CREEK ROAD,616,E,N,A,-,N,NA,NA,NA,NA,NA,NA,NA,NA,NA,N,3,0,1,1,A,-,01,23152,A,N,E,I,A,A,H,-,A,D,0,NA,NA,NA,NA,Y,Y,A,01,0,1,0,0,0,0,0,0,0,-,-,33.989219665527344,-117.91182708740234,LOS ANGELES,UNINCORPORATED,-117.91160583496094,33.98918533325195
92120215,2023,2023-07-18,9590,2023-07-01,915,023266,NA,6,1,7,1942,0,1,1,NA,2,064,I-10 E/B (SANTA MONICA FREEWAY),SANTA FE AVE,500,W,N,A,-,Y,LA,NA,10,NA,NA,17.852,H,NA,R,N,4,0,1,2,A,-,07,21658,A,F,B,C,A,A,H,-,A,D,0,NA,NA,NA,NA,Y,NA,-,99,0,0,1,0,0,0,0,0,0,-,-,34.028770446777344,-118.22754669189452,LOS ANGELES,LOS ANGELES,-118.2275619506836,34.02881622314453
92120223,2023,2023-07-18,9535,2023-07-07,1748,023247,NA,5,2,6,1922,0,1,1,NA,2,400,I-10 E/B (SAN BERNARDINO FREEWAY),PECK RD,275,W,N,A,-,Y,LA,NA,10,NA,NA,29.125,H,NA,R,Y,4,0,1,2,A,-,03,22350,NA,N,C,C,A,A,H,-,A,D,0,NA,NA,NA,NA,Y,NA,A,07,0,0,1,0,0,0,0,0,0,-,-,34.06789016723633,-118.03452301025392,LOS ANGELES,EL MONTE,-118.03452301025392,34.067893981933594
92120237,2023,2023-07-18,9530,2023-06-23,1715,022585,NA,5,2,9,1900,0,3,5,NA,2,002,ROSECRANS AVE.,AVALON BLVD.,0,NA,Y,A,-,N,NA,NA,NA,NA,NA,NA,NA,NA,NA,N,3,0,1,1,A,-,03,22350,NA,N,A,I,A,A,H,-,A,D,0,NA,NA,NA,NA,Y,NA,A,01,0,1,0,0,0,0,0,0,0,-,-,33.90237045288086,-118.26510620117188,LOS ANGELES,UNINCORPORATED,-118.26528167724608,33.902137756347656
92120240,2023,2023-07-18,9535,2023-07-01,1730,023247,NA,6,2,9,1900,0,3,5,NA,2,001,ALMA AVE (1000 N BLOCK),CITY TERRACE DR,130,N,N,A,-,N,NA,NA,NA,NA,NA,NA,NA,NA,NA,Y,3,0,1,3,A,-,01,23152,A,N,E,9,A,A,H,-,A,D,0,NA,NA,NA,NA,Y,Y,A,01,0,1,0,0,0,0,0,0,0,-,-,34.049278259277344,-118.19197082519533,LOS ANGELES,UNINCORPORATED,-118.19193267822266,34.04923629760742
92120243,2023,2023-07-18,9590,2023-05-30,2135,023232,NA,2,2,7,1942,0,1,2,NA,2,071,US-101 S/B (SANTA ANA FREEWAY),MAIN STREET,200,N,N,A,-,Y,LA,NA,101,NA,NA,0.971,H,NA,L,N,4,0,1,1,A,-,08,22107,NA,N,F,A,A,A,H,-,C,D,0,NA,NA,Y,NA,Y,NA,C,02,0,0,1,0,0,0,0,0,1,-,-,34.055931091308594,-118.24089050292967,LOS ANGELES,LOS ANGELES,-118.24088287353516,34.05593490600586
92120251,2023,2023-07-18,9575,2023-07-10,920,023227,NA,1,1,7,1942,0,1,1,NA,2,053,I-5 S/B (GOLDEN STATE FREEWAY),TERRA BELLA STREET,680,S,N,A,-,Y,LA,NA,5,NA,NA,37.835,H,NA,L,N,4,0,1,3,A,-,03,22350,NA,N,C,C,A,A,H,-,A,D,0,NA,NA,NA,NA,Y,NA,A,01,0,0,1,0,0,0,0,0,0,-,-,34.24909973144531,-118.42732238769533,LOS ANGELES,LOS ANGELES,-118.42725372314452,34.249149322509766
92120254,2023,2023-07-18,9530,2023-06-23,1615,022079,NA,5,2,9,1900,0,3,5,NA,2,002,AVALON BLVD.,126TH ST.,0,NA,Y,A,-,N,NA,NA,NA,NA,NA,NA,NA,NA,NA,N,4,0,1,2,A,-,12,21453,A,N,D,C,A,A,H,-,A,A,0,NA,NA,NA,NA,Y,NA,A,07,0,0,1,0,0,0,0,0,0,-,-,33.918861389160156,-118.26534271240234,LOS ANGELES,UNINCORPORATED,-118.26525115966795,33.91885757446289
92120255,2023,2023-07-18,9590,2023-07-07,2142,023117,NA,5,2,7,1942,0,1,1,NA,2,052,I-110 N/B (HARBOR FREEWAY),WASHINGTON BOULEVARD,850,S,N,A,-,Y,LA,NA,110,NA,NA,21.082,H,NA,R,N,4,0,1,2,A,-,03,22350,NA,N,C,C,A,A,H,-,C,D,0,NA,NA,NA,NA,Y,NA,A,01,0,0,1,0,0,0,0,0,0,-,-,34.0329704284668,-118.27446746826172,LOS ANGELES,LOS ANGELES,-118.27451324462892,34.0329704284668
92120262,2023,2023-07-18,9590,2023-07-07,1910,023252,NA,5,2,7,1942,0,1,1,NA,2,053,I-110 S/B (HARBOR FREEWAY),EXPOSITION BOULEVARD,686,N,N,A,-,Y,LA,NA,110,NA,NA,20.352,H,NA,L,N,3,0,1,3,A,-,03,22350,NA,N,C,C,A,A,H,-,A,D,0,NA,NA,NA,NA,Y,NA,A,01,0,1,0,0,0,0,0,0,0,-,-,34.0229606628418,-118.2772979736328,LOS ANGELES,LOS ANGELES,-118.27719116210938,34.022918701171875
92120275,2023,2023-07-18,9590,2023-07-07,940,021835,NA,5,1,7,1942,0,1,1,NA,2,052,I-110 N/B (HAF),FIRST STREET,560,N,N,A,-,Y,LA,NA,110,NA,NA,23.462,H,NA,R,N,4,0,1,2,A,-,03,22350,NA,N,C,C,A,A,H,-,A,D,0,NA,NA,NA,Y,Y,NA,F,26,0,0,1,0,0,0,0,0,0,-,-,34.059791564941406,-118.25193786621094,LOS ANGELES,LOS ANGELES,-118.25198364257813,34.05982971191406
92120286,2023,2023-07-18,9550,2023-07-12,1015,020014,NA,3,1,6,1949,0,1,1,NA,2,500,INTERSTATE 5 SB,PIONEER BOULEVARD,1380,N,N,A,-,Y,LA,NA,5,NA,NA,5.403,H,NA,L,Y,4,0,1,4,A,-,08,22107,NA,N,B,C,A,A,H,-,A,D,0,NA,NA,NA,Y,Y,NA,A,01,0,0,1,0,0,0,0,0,0,-,-,33.922828674316406,-118.08425903320313,LOS ANGELES,NORWALK,-118.08404541015624,33.922935485839844
92120292,2023,2023-07-18,9550,2023-07-12,1145,022391,NA,3,1,5,1969,0,1,1,NA,2,151,I-105 WESTBOUND,PARAMOUNT BOULEVARD,600,W,N,A,-,Y,LA,NA,105,NA,R,14.499,H,NA,L,Y,4,0,1,3,A,-,03,22350,NA,N,C,C,A,A,H,-,A,D,0,NA,NA,NA,NA,Y,NA,D,22,0,0,1,0,0,0,0,0,0,-,-,33.91181182861328,-118.16255950927734,LOS ANGELES,SOUTH GATE,-118.16255950927734,33.91180419921875
92120295,2023,2023-07-19,9580,2023-07-18,1725,019679,NA,2,2,7,1942,0,1,2,NA,2,105,US-101 S/B (VENTURA FREEWAY),DE SOTO AVENUE,300,S,N,A,-,Y,LA,NA,101,NA,NA,24.138,H,NA,L,N,3,0,1,2,A,-,03,22350,NA,N,C,C,A,A,H,-,A,D,0,NA,NA,NA,NA,Y,NA,A,01,0,1,0,0,0,0,0,0,0,-,-,34.16781997680664,-118.58499145507813,LOS ANGELES,LOS ANGELES,-118.58499145507813,34.1678466796875
92120296,2023,2023-07-19,9550,2023-07-12,1225,017719,NA,3,1,9,1900,0,3,5,NA,2,003,HOLLIS STREET,KWIS AVENUE,0,NA,Y,A,-,N,NA,NA,NA,NA,NA,NA,NA,NA,NA,Y,4,0,1,1,A,-,03,22350,NA,N,E,I,A,A,H,-,A,A,0,NA,NA,NA,NA,Y,NA,D,22,0,0,1,0,0,0,0,0,0,-,-,34.004051208496094,-117.97235870361328,LOS ANGELES,UNINCORPORATED,-117.9724578857422,34.004150390625
92120300,2023,2023-07-19,9590,2023-06-16,1700,022369,NA,5,2,7,1942,0,1,1,NA,2,060,I-10 E/B,ARLINGTON AVENUE,200,W,N,A,-,Y,LA,NA,10,NA,R,12.291,H,NA,R,Y,4,0,2,3,A,-,07,21658,A,N,B,C,A,A,H,-,A,D,0,NA,NA,NA,NA,Y,NA,A,01,0,0,2,0,0,0,0,0,0,-,-,34.036590576171875,-118.31816864013672,LOS ANGELES,LOS ANGELES,-118.31816864013672,34.03657150268555
92120306,2023,2023-07-19,9590,2023-06-23,1900,022369,NA,5,2,7,1942,0,1,1,NA,2,060,I-10 E/B,WASHINGTON BLVD.,1000,E,N,A,-,Y,LA,NA,10,NA,R,9.58,H,NA,R,Y,4,0,2,4,A,-,08,22107,NA,N,C,C,A,A,H,-,A,D,0,NA,NA,NA,NA,Y,NA,A,07,0,0,2,0,0,0,0,0,0,-,-,34.03424072265625,-118.36521911621094,LOS ANGELES,LOS ANGELES,-118.36521911621094,34.03424835205078