CASE_ID,ACCIDENT_YEAR,PROC_DATE,JURIS,COLLISION_DATE,COLLISION_TIME,OFFICER_ID,REPORTING_DISTRICT,DAY_OF_WEEK,CHP_SHIFT,POPULATION,CNTY_CITY_LOC,SPECIAL_COND,BEAT_TYPE,CHP_BEAT_TYPE,CITY_DIVISION_LAPD,CHP_BEAT_CLASS,BEAT_NUMBER,PRIMARY_RD,SECONDARY_RD,DISTANCE,DIRECTION,INTERSECTION,WEATHER_1,WEATHER_2,STATE_HWY_IND,CALTRANS_COUNTY,CALTRANS_DISTRICT,STATE_ROUTE,ROUTE_SUFFIX,POSTMILE_PREFIX,POSTMILE,LOCATION_TYPE,RAMP_INTERSECTION,SIDE_OF_HWY,TOW_AWAY,COLLISION_SEVERITY,NUMBER_KILLED,NUMBER_INJURED,PARTY_COUNT,PRIMARY_COLL_FACTOR,PCF_CODE_OF_VIOL,PCF_VIOL_CATEGORY,PCF_VIOLATION,PCF_VIOL_SUBSECTION,HIT_AND_RUN,TYPE_OF_COLLISION,MVIW,PED_ACTION,ROAD_SURFACE,ROAD_COND_1,ROAD_COND_2,LIGHTING,CONTROL_DEVICE,CHP_ROAD_TYPE,PEDESTRIAN_ACCIDENT,BICYCLE_ACCIDENT,MOTORCYCLE_ACCIDENT,TRUCK_ACCIDENT,NOT_PRIVATE_PROPERTY,ALCOHOL_INVOLVED,STWD_VEHTYPE_AT_FAULT,CHP_VEHTYPE_AT_FAULT,COUNT_SEVERE_INJ,COUNT_VISIBLE_INJ,COUNT_COMPLAINT_PAIN,COUNT_PED_KILLED,COUNT_PED_INJURED,COUNT_BICYCLIST_KILLED,COUNT_BICYCLIST_INJURED,COUNT_MC_KILLED,COUNT_MC_INJURED,PRIMARY_RAMP,SECONDARY_RAMP,LATITUDE,LONGITUDE,COUNTY,CITY,POINT_X,POINT_Y
92131359,2023,2023-07-31,9525,2023-07-26,650,023085,NA,3,1,4,1946,0,1,1,NA,2,201,I-210 W/B (FOOTHILL FWY),MOUNTAIN AVE,1320,E,N,A,-,Y,LA,NA,210,NA,R,35.01,H,NA,L,N,4,0,1,3,A,-,04,21703,NA,N,C,C,A,A,H,-,A,D,0,NA,NA,NA,NA,Y,NA,A,07,0,0,1,0,0,0,0,0,0,-,-,34.1355094909668,-117.98184204101564,LOS ANGELES,MONROVIA,-117.98184204101564,34.1355094909668
9213136,2021,2021-03-09,1942,2021-01-03,1850,31652,1793,7,5,7,1942,0,0,0,Q,0,17A67,COMMUNITY ST,BECKFORD AV,55,W,N,A,-,N,NA,NA,NA,NA,NA,NA,NA,NA,NA,N,2,0,1,2,A,-,08,22107,NA,N,B,E,A,A,H,-,C,D,0,NA,NA,Y,NA,Y,NA,C,02,1,0,0,0,0,0,0,0,1,-,-,NA,NA,LOS ANGELES,LOS ANGELES,-118.55155181884766,34.22277069091797
9213137,2021,2021-03-09,1942,2021-01-01,1430,44196,1031,5,5,7,1942,0,0,0,J,0,10X98,VICTORY BL,CORBIN AV,300,W,N,A,-,N,NA,NA,NA,NA,NA,NA,NA,NA,NA,N,3,0,1,2,-,-,-,NA,NA,F,B,C,A,A,A,-,A,D,0,NA,NA,NA,NA,Y,NA,-,-,0,1,0,0,0,0,0,0,0,-,-,NA,NA,LOS ANGELES,LOS ANGELES,-118.56319427490234,34.18663024902344
9213138,2021,2021-03-09,1942,2021-01-01,1020,39933,2139,5,5,7,1942,0,0,0,NA,0,21A29,SATICOY ST,CORBIN AV,4,E,N,A,-,N,NA,NA,NA,NA,NA,NA,NA,NA,NA,N,4,0,1,2,A,-,03,22350,NA,F,C,C,A,A,H,-,A,D,0,NA,NA,NA,NA,Y,NA,-,99,0,0,1,0,0,0,0,0,0,-,-,NA,NA,LOS ANGELES,LOS ANGELES,-118.562255859375,34.20833969116211
92131577,2023,2023-07-31,9540,2023-07-28,1040,022401,NA,5,1,7,1942,0,1,1,NA,1,503,I-5 SOUTHBOUND (GSF),BALOA BLVD,500,N,N,A,-,Y,LA,NA,5,NA,R,44.533,H,NA,L,Y,4,0,1,2,A,-,03,22350,NA,N,C,C,A,A,H,-,A,D,0,NA,NA,NA,NA,Y,NA,A,01,0,0,1,0,0,0,0,0,0,-,-,34.32164001464844,-118.49772644042967,LOS ANGELES,LOS ANGELES,-118.49769592285156,34.32168197631836
92131671,2023,2023-07-31,9525,2023-07-20,1430,023144,NA,4,2,3,1921,0,1,1,NA,2,202,I-210 E/B (FOOTHILL FWY),HIGHLAND AVE,1056,E,N,A,-,Y,LA,NA,210,NA,R,36.129,H,NA,R,Y,4,0,1,2,A,-,08,22107,NA,F,B,C,A,A,H,-,A,D,0,NA,NA,Y,NA,Y,NA,C,02,0,0,1,0,0,0,0,0,1,-,-,34.135101318359375,-117.96219635009766,LOS ANGELES,DUARTE,-117.962158203125,34.13530349731445
92131674,2023,2023-07-31,9525,2023-07-21,350,022689,NA,5,3,9,1900,0,3,5,NA,2,003,GRAND AVE (3500 BLOCK),CAMERON AVE,1003,N,N,A,-,N,NA,NA,NA,NA,NA,NA,NA,NA,NA,N,3,0,2,1,A,-,08,22107,NA,N,E,8,A,A,H,-,D,D,0,NA,NA,NA,NA,Y,NA,A,01,0,2,0,0,0,0,0,0,0,-,-,34.05952835083008,-117.86904144287108,LOS ANGELES,UNINCORPORATED,-117.8690948486328,34.05934143066406
92131695,2023,2023-07-31,9530,2023-06-28,1720,023237,NA,3,2,9,1900,0,3,5,NA,2,002,114TH ST,ALAMEDA ST.,0,NA,Y,A,-,N,NA,NA,NA,NA,NA,NA,NA,NA,NA,N,2,0,1,2,A,-,12,22450,A,N,D,C,A,A,H,-,A,A,0,NA,NA,Y,Y,Y,NA,O,05,1,0,0,0,0,0,0,0,1,-,-,33.931800842285156,-118.22606658935548,LOS ANGELES,UNINCORPORATED,-118.22599792480467,33.93178176879883
92131700,2023,2023-07-31,9530,2023-07-07,1055,023051,NA,5,1,9,1900,0,3,5,NA,2,002,WILMINGTON AVENUE,120TH STREET,0,NA,Y,A,-,N,NA,NA,NA,NA,NA,NA,NA,NA,NA,N,2,0,1,2,A,-,10,21950,A,F,G,B,B,A,H,-,A,A,0,Y,NA,NA,NA,Y,NA,-,99,1,0,0,0,1,0,0,0,0,-,-,33.92462158203125,-118.23908233642578,LOS ANGELES,UNINCORPORATED,-118.2391357421875,33.924617767333984
92131703,2023,2024-02-07,9525,2023-07-18,725,019146,NA,2,1,6,1975,0,1,1,NA,2,115,I-10 W/B (SAN BERNARDINO FWY),AZUSA AVE,900,W,N,A,-,Y,LA,NA,10,NA,NA,36.312,H,NA,L,N,2,0,1,2,A,-,08,22107,NA,N,B,C,A,A,H,-,A,D,0,NA,NA,Y,NA,Y,NA,A,07,1,0,0,0,0,0,0,0,1,-,-,34.07223892211914,-117.91085052490234,LOS ANGELES,WEST COVINA,-117.91085052490234,34.072265625
92131708,2023,2023-07-31,9545,2023-07-23,1421,022558,NA,7,2,9,1900,0,3,5,NA,2,001,AVENUE N,90TH STREET EAST,0,NA,Y,B,-,N,NA,NA,NA,NA,NA,NA,NA,NA,NA,Y,4,0,3,2,A,-,09,21802,A,N,D,2,A,A,H,-,A,A,0,NA,NA,NA,NA,Y,NA,A,07,0,0,3,0,0,0,0,0,0,-,-,34.7636604309082,-117.96994018554688,LOS ANGELES,UNINCORPORATED,-117.96958923339844,34.631343841552734
92131710,2023,2023-07-31,9535,2023-07-19,500,022285,NA,3,3,5,1943,0,1,1,NA,2,075,I-710 S/B (LONG BEACH FREEWAY),I-105 W/B (CENTURY FREEWAY),25,N,N,A,-,Y,LA,NA,710,NA,R,15.73,H,NA,L,Y,3,0,3,4,A,-,03,22350,NA,N,C,C,A,A,H,-,E,D,0,NA,NA,NA,NA,Y,NA,A,07,0,2,1,0,0,0,0,0,0,-,-,33.913421630859375,-118.18000030517578,LOS ANGELES,LYNWOOD,-118.18004608154295,33.91342544555664
92131717,2023,2023-07-31,9530,2023-07-29,530,022427,NA,6,3,7,1941,0,1,1,NA,2,430,I-405 S/B TO LAKEWOOD BLVD S/B,LAKEWOOD BLVD,830,N,N,A,-,Y,LA,NA,405,NA,NA,3.491,H,NA,L,Y,3,0,2,1,A,-,01,23152,A,N,E,I,A,A,H,-,C,D,0,NA,NA,NA,NA,Y,Y,A,01,0,2,0,0,0,0,0,0,0,-,-,33.80590057373047,-118.1455535888672,LOS ANGELES,LONG BEACH,-118.14550018310548,33.80612564086914
92131731,2023,2024-01-01,9590,2023-07-27,1000,023266,NA,4,1,7,1942,0,1,1,NA,2,040,I-5 NB (GSF),EUCLID AVENUE,100,S,N,A,-,Y,LA,NA,5,NA,NA,16.086,H,NA,R,N,4,0,2,2,A,-,07,21658,A,M,B,C,A,A,H,-,A,D,0,NA,NA,NA,NA,Y,NA,-,99,0,0,2,0,0,0,0,0,0,-,-,34.02735137939453,-118.20989990234376,LOS ANGELES,LOS ANGELES,-118.21001434326172,34.02717590332031
92131745,2023,2023-07-31,9535,2023-07-19,1540,022822,NA,3,2,5,1952,0,1,1,NA,2,104,I-105 (CENTURY FREEWAY) E/B TO GARFIELD AVE.,GARFIELD AVE.,96,W,N,A,-,Y,NA,NA,NA,NA,NA,NA,NA,NA,NA,N,4,0,2,2,A,-,03,22350,NA,N,C,C,A,A,H,-,A,A,0,NA,NA,NA,NA,Y,NA,D,22,0,0,2,0,0,0,0,0,0,-,-,33.910499572753906,-118.1693878173828,LOS ANGELES,PARAMOUNT,-118.1693878173828,33.910499572753906
92131762,2023,2023-07-31,9530,2023-07-19,910,023313,NA,3,1,7,1941,0,1,1,NA,2,071,I-710 N/B (LONG BEACH FREEWAY),DEL AMO BLVD.,2640,N,N,A,-,Y,LA,NA,710,NA,NA,11.305,H,NA,R,Y,4,0,1,4,A,-,03,22350,NA,N,C,C,A,A,H,-,A,D,0,NA,NA,NA,NA,Y,NA,D,22,0,0,1,0,0,0,0,0,0,-,-,33.85335922241211,-118.20453643798828,LOS ANGELES,LONG BEACH,-118.20452117919922,33.853355407714844
92131768,2023,2023-07-31,9535,2023-07-19,1835,022159,NA,3,2,5,1959,0,1,1,NA,2,400,I-10 E/B (SAN BERNARDINO FREEWAY),DEL MAR AVE.,845,E,N,A,-,Y,LA,NA,10,NA,NA,25.501,H,NA,R,Y,3,0,1,2,A,-,06,21755,A,N,B,C,A,A,H,-,A,D,0,NA,NA,NA,NA,Y,NA,A,01,0,1,0,0,0,0,0,0,0,-,-,34.07175064086914,-118.09664916992188,LOS ANGELES,ROSEMEAD,-118.09664916992188,34.071781158447266
92131775,2023,2023-07-31,9525,2023-07-22,2345,022183,NA,6,3,5,1990,0,1,3,NA,2,573,SR-57 S/B (ORANGE FWY),BREA CANYON RD,2112,N,N,A,-,Y,LA,NA,57,NA,R,1.315,H,NA,L,Y,3,0,3,3,A,-,01,23152,A,N,C,2,A,A,H,-,C,D,0,NA,NA,NA,Y,Y,Y,D,22,0,1,2,0,0,0,0,0,0,-,-,33.960899353027344,-117.85516357421876,LOS ANGELES,DIAMOND BAR,-117.85511779785156,33.960853576660156
92131795,2023,2023-07-31,9590,2023-07-24,1835,017878,NA,1,2,7,1942,0,1,1,NA,2,060,I-10 E/B (SMF),WESTERN AVE,430,W,N,B,-,Y,LA,NA,10,NA,R,12.725,H,NA,R,N,3,0,1,3,A,-,03,22350,NA,F,C,C,A,A,H,-,A,D,0,NA,NA,NA,NA,Y,NA,-,99,0,1,0,0,0,0,0,0,0,-,-,34.037071228027344,-118.31065368652344,LOS ANGELES,LOS ANGELES,-118.31065368652344,34.037071228027344
92131805,2023,2023-07-31,9545,2023-07-28,155,021434,NA,5,3,9,1900,0,1,3,NA,1,042,ANGELES CREST HIGHWAY,BIG PINES HIGHWAY,3696,S,N,A,-,Y,LA,NA,2,NA,NA,79.061,H,NA,R,Y,3,0,3,1,A,-,08,22107,NA,N,E,8,A,A,H,-,D,D,0,NA,NA,NA,NA,Y,NA,A,01,0,3,0,0,0,0,0,0,0,-,-,34.37403106689453,-117.70127105712892,LOS ANGELES,UNINCORPORATED,-117.70125579833984,34.37400436401367
92131817,2023,2023-07-31,9535,2023-07-19,1825,023260,NA,3,2,9,1900,0,3,5,NA,2,006,DEL MAR AVE (1600),MIRALINDA DRIVE,40,S,N,A,-,N,NA,NA,NA,NA,NA,NA,NA,NA,NA,N,4,0,1,2,A,-,03,22350,NA,N,C,C,A,A,H,-,A,D,0,NA,NA,NA,NA,Y,NA,A,01,0,0,1,0,0,0,0,0,0,-,-,34.049591064453125,-118.09877777099608,LOS ANGELES,UNINCORPORATED,-118.0988540649414,34.049625396728516
92131818,2023,2023-07-31,9545,2023-07-28,1745,022679,NA,5,2,9,1900,0,1,3,NA,1,042,SR-138,165TH STREET EAST,108,W,N,A,-,Y,LA,NA,138,NA,NA,63.657,H,NA,R,Y,3,0,3,2,A,-,03,22350,NA,N,C,C,A,A,H,-,A,A,0,NA,NA,NA,NA,Y,NA,A,01,0,2,1,0,0,0,0,0,0,-,-,34.50603103637695,-117.83585357666016,LOS ANGELES,UNINCORPORATED,-117.83585357666016,34.506046295166016
92131843,2023,2023-07-31,9535,2023-07-20,1840,023260,NA,4,2,9,1900,0,2,4,NA,2,022,OLYMPIC BLVD,FETTERLY BLVD,0,NA,Y,A,-,N,NA,NA,NA,NA,NA,NA,NA,NA,NA,Y,4,0,2,3,A,-,03,22350,NA,N,C,C,A,A,H,-,A,D,0,NA,NA,NA,NA,Y,NA,A,01,0,0,2,0,0,0,0,0,0,-,-,34.017799377441406,-118.16578674316406,LOS ANGELES,UNINCORPORATED,-118.16582489013672,34.01782989501953
92131854,2023,2023-07-31,9525,2023-07-26,836,022605,NA,3,1,6,1955,0,1,1,NA,2,107,I-10 W/B FROM DUDLEY ST.,DUDLEY ST.,528,W,N,A,-,Y,NA,NA,NA,NA,NA,NA,NA,NA,NA,Y,4,0,1,2,A,-,03,22350,NA,N,C,C,A,A,H,-,A,D,0,NA,NA,NA,NA,Y,NA,A,01,0,0,1,0,0,0,0,0,0,-,-,34.07326126098633,-117.78014373779295,LOS ANGELES,POMONA,-117.78014373779295,34.07326126098633
92131857,2023,2023-07-31,9535,2023-06-11,1925,022263,NA,7,2,1,1973,0,1,1,NA,2,073,I-710 S/B (LONG BEACH FREEWAY),ATLANTIC BLVD,600,S,N,B,C,Y,LA,NA,710,NA,NA,21.512,H,NA,L,Y,3,0,1,4,A,-,07,21658,A,M,B,C,A,B,H,-,A,D,0,NA,NA,NA,NA,Y,NA,-,99,0,1,0,0,0,0,0,0,0,-,-,33.99216079711914,-118.17519378662108,LOS ANGELES,VERNON,-118.17510986328124,33.992225646972656
92131866,2023,2023-07-31,9530,2023-07-19,1315,021310,NA,3,1,9,1900,0,3,5,NA,2,006,VERMONT AVE,228TH ST,0,NA,Y,A,-,N,NA,NA,NA,NA,NA,NA,NA,NA,NA,N,3,0,1,2,A,-,12,21453,A,N,D,C,A,A,H,-,A,A,0,NA,NA,NA,NA,Y,NA,A,07,0,1,0,0,0,0,0,0,0,-,-,33.8189811706543,-118.29033660888672,LOS ANGELES,UNINCORPORATED,-118.29033660888672,33.818939208984375
92131876,2023,2023-07-31,9550,2023-07-28,1850,022809,NA,5,2,9,1900,0,1,1,NA,2,650,I-605 N/B,ROSE HILLS RD,1320,N,N,A,-,Y,LA,NA,605,NA,R,15.821,H,NA,R,Y,4,0,1,2,A,-,03,22350,NA,N,C,C,A,A,H,-,A,D,0,NA,NA,NA,NA,Y,NA,A,01,0,0,1,0,0,0,0,0,0,-,-,34.020050048828125,-118.04911041259766,LOS ANGELES,UNINCORPORATED,-118.04915618896484,34.020103454589844
92131895,2023,2023-07-31,9525,2023-07-28,46,021838,NA,5,3,6,1955,0,1,3,NA,2,604,SR-60 E/B (POMONA FWY),PHILLIPS RANCH ROAD,2640,W,N,A,-,Y,LA,NA,60,NA,R,27.717,H,NA,R,N,4,0,1,2,A,-,01,23152,A,N,C,C,A,A,H,-,D,D,0,NA,NA,NA,NA,Y,Y,D,22,0,0,1,0,0,0,0,0,0,-,-,34.02544021606445,-117.77623748779295,LOS ANGELES,POMONA,-117.77621459960938,34.0255012512207
92131904,2023,2023-07-31,9530,2023-07-22,125,021842,NA,6,3,9,1900,0,3,5,NA,2,003,ATLANTIC AVE.,COMPTON BLVD.,0,NA,Y,A,-,N,NA,NA,NA,NA,NA,NA,NA,NA,NA,Y,3,0,2,4,A,-,03,22350,NA,F,D,C,A,A,H,-,C,A,0,NA,NA,NA,NA,Y,NA,A,01,0,2,0,0,0,0,0,0,0,-,-,33.89617156982422,-118.19351196289064,LOS ANGELES,UNINCORPORATED,-118.19344329833984,33.89616012573242
92131907,2023,2023-07-31,9535,2023-07-21,1505,022172,NA,5,2,6,1922,0,1,1,NA,2,400,I-10 EASTBOUND (SAN BERNARDINO FREEWAY),INTERSTATE 605,1500,W,N,A,-,Y,LA,NA,10,NA,NA,30.959,H,NA,R,N,4,0,1,2,A,-,04,21703,NA,N,C,C,A,A,H,-,A,D,0,NA,NA,NA,NA,Y,NA,A,07,0,0,1,0,0,0,0,0,0,-,-,34.06455993652344,-118.00348663330078,LOS ANGELES,EL MONTE,-118.00348663330078,34.06454086303711
92131911,2023,2023-07-31,9550,2023-07-26,1005,016237,NA,3,1,9,1900,0,1,3,NA,2,601,SR-60 WESTBOUND,BARFORD PED O/C,500,E,N,A,-,Y,LA,NA,60,NA,NA,16.664,H,NA,L,Y,4,0,1,4,A,-,03,22350,NA,M,C,C,A,A,H,-,A,D,0,NA,NA,NA,NA,Y,NA,D,22,0,0,1,0,0,0,0,0,0,-,-,34.00334930419922,-117.95260620117188,LOS ANGELES,UNINCORPORATED,-117.9525909423828,34.00339889526367
92131916,2023,2023-07-31,9545,2023-06-27,507,019414,NA,2,3,9,1900,0,3,5,NA,2,003,SOLEDAD CANYON ROAD,MALINTA AVENUE,330.5,W,N,A,-,N,NA,NA,NA,NA,NA,NA,NA,NA,NA,Y,1,1,1,1,A,-,08,22107,NA,N,F,A,A,A,H,-,D,D,0,NA,NA,NA,NA,Y,NA,A,01,1,0,0,0,0,0,0,0,0,-,-,34.48085021972656,-118.15068817138672,LOS ANGELES,UNINCORPORATED,-118.15061950683594,34.48081970214844
92131920,2023,2023-07-31,9590,2023-07-21,2330,021673,NA,5,3,7,1942,0,1,2,NA,2,073,US-101 S/B (HOF),SANTA MONICA BOULEVARD,120,N,N,A,-,Y,LA,NA,101,NA,NA,5.59,H,NA,L,N,4,0,6,2,A,-,03,22350,NA,N,C,C,A,A,H,-,D,D,0,NA,NA,NA,NA,Y,NA,A,07,0,0,6,0,0,0,0,0,0,-,-,34.09122085571289,-118.3069305419922,LOS ANGELES,LOS ANGELES,-118.30686950683594,34.09124755859375
92131966,2023,2023-07-31,9535,2023-07-15,2105,022808,NA,6,2,9,1900,0,1,1,NA,2,650,I-605 NB (SAN GABRIEL RIVER FREEWAY),VALLEY BLVD,1124,S,N,A,-,Y,LA,NA,605,NA,R,19.188,H,NA,R,N,4,0,2,3,A,-,04,21703,NA,N,C,C,A,A,H,-,A,D,0,NA,NA,NA,Y,Y,NA,G,25,0,0,2,0,0,0,0,0,0,-,-,34.051368713378906,-118.00576782226564,LOS ANGELES,UNINCORPORATED,-118.00576019287108,34.051368713378906
92131969,2022,2023-07-31,9565,2022-09-15,1740,022786,NA,4,2,9,1900,0,3,5,NA,2,002,IMPERIAL HIGHWAY,DENKER AVENUNE,0,NA,Y,C,-,N,NA,NA,NA,NA,NA,NA,NA,NA,NA,Y,1,1,1,2,A,-,12,21453,A,N,D,C,A,A,H,-,A,A,0,NA,NA,Y,NA,Y,NA,C,02,0,1,0,0,0,0,0,1,0,-,-,33.93101119995117,-118.3047332763672,LOS ANGELES,UNINCORPORATED,-118.3047332763672,33.93090057373047
92131977,2023,2023-07-31,9535,2023-07-16,2225,023070,NA,7,3,9,1900,0,2,4,NA,2,018,3RD ST,FORD BLVD,0,NA,Y,A,-,N,NA,NA,NA,NA,NA,NA,NA,NA,NA,Y,4,0,1,2,A,-,01,23152,A,N,D,C,A,A,H,-,C,A,0,NA,NA,NA,NA,Y,Y,A,01,0,0,1,0,0,0,0,0,0,-,-,34.03337097167969,-118.16921997070313,LOS ANGELES,UNINCORPORATED,-118.16918182373048,34.03322982788086
92131987,2023,2023-07-31,9525,2023-07-28,1000,023085,NA,5,1,1,1934,0,1,1,NA,2,203,I-210 W/B (FOOTHILL FWY),I-605 S/B (SAN GABRIEL RIVER FWY),1584,E,N,A,-,Y,LA,NA,210,NA,R,36.698,H,NA,L,N,3,0,1,2,A,-,08,22107,NA,F,B,C,A,A,H,-,A,D,0,NA,NA,NA,NA,Y,NA,-,99,0,1,0,0,0,0,0,0,0,-,-,34.13335037231445,-117.9526824951172,LOS ANGELES,IRWINDALE,-117.95275115966795,34.13318634033203
92131991,2023,2023-07-31,9535,2023-07-16,1615,023247,NA,7,2,9,1900,0,1,1,NA,2,420,I-10 E/B (SAN BERNARDINO FREEWAY),EASTERN AVE,250,W,N,A,-,Y,LA,NA,10,NA,NA,20.806,H,NA,R,Y,4,0,3,2,A,-,07,21658,A,N,F,C,A,A,H,-,A,D,0,NA,NA,NA,NA,Y,NA,A,07,0,0,3,0,0,0,0,0,0,-,-,34.0601806640625,-118.17404174804688,LOS ANGELES,UNINCORPORATED,-118.17403411865234,34.06017303466797
92132013,2023,2023-07-31,9530,2023-07-10,1723,022995,NA,1,2,9,1900,0,3,5,NA,2,004,SANTA FE AVE.,VICTORIA ST.,0,NA,Y,A,-,N,NA,NA,NA,NA,NA,NA,NA,NA,NA,Y,2,0,2,2,A,-,09,21801,A,F,D,C,A,A,H,-,A,A,0,NA,NA,NA,NA,Y,NA,A,08,1,1,0,0,0,0,0,0,0,-,-,33.86491012573242,-118.21283721923828,LOS ANGELES,UNINCORPORATED,-118.21282958984376,33.864967346191406
92132018,2023,2023-07-31,9550,2023-07-20,1041,023289,NA,4,1,9,1900,0,1,1,NA,2,650,I-605 NORTHBOUND,SLAUSON AVE,624,S,N,A,-,Y,LA,NA,605,NA,R,11.441,H,NA,R,Y,3,0,1,5,A,-,03,22350,NA,F,C,C,A,A,H,-,A,D,0,NA,NA,NA,NA,Y,NA,A,07,0,1,0,0,0,0,0,0,0,-,-,33.96556091308594,-118.08402252197266,LOS ANGELES,UNINCORPORATED,-118.08393096923828,33.96553421020508
92132043,2023,2023-07-31,9590,2023-07-28,950,017733,NA,5,1,7,1942,0,1,1,NA,2,083,I-5 S/B (GOLDEN STATE FREEWAY),NEWELL STREET,150,S,N,A,-,Y,LA,NA,5,NA,NA,22.235,H,NA,L,N,4,0,2,2,A,-,03,22350,NA,N,C,C,A,A,H,-,A,A,0,NA,NA,NA,Y,Y,NA,G,25,0,0,2,0,0,0,0,0,0,-,-,34.09870147705078,-118.24710083007813,LOS ANGELES,LOS ANGELES,-118.24708557128906,34.09870529174805
92132050,2023,2023-07-31,9535,2023-07-21,1200,022719,NA,5,1,5,1952,0,1,1,NA,2,075,I-710 S/B (LONG BEACH FREEWAY) FROM IMPERIAL HWY,IMPERIAL HWY,1000,S,N,A,-,Y,LA,NA,710,NA,NA,16.775,H,NA,L,N,4,0,1,2,A,-,03,22350,NA,N,C,C,A,A,H,-,A,A,0,NA,NA,NA,Y,Y,NA,F,26,0,0,1,0,0,0,0,0,0,-,-,33.92782974243164,-118.17868041992188,LOS ANGELES,PARAMOUNT,-118.17855072021484,33.927860260009766
92132059,2023,2023-07-31,9535,2023-07-13,1200,022719,NA,4,1,5,1943,0,1,1,NA,2,074,I-710 N/B ( LONG BEACH FREEWAY) TO I-105 W/B (CENT,I-105 W/B (CENTURY FREEWAY),250,S,N,A,-,Y,LA,NA,710,NA,R,15.666,H,NA,L,N,4,0,1,2,D,-,00,NA,NA,N,B,C,A,A,H,-,A,D,0,NA,NA,NA,NA,Y,NA,-,-,0,0,1,0,0,0,0,0,0,-,-,33.91252899169922,-118.18035888671876,LOS ANGELES,LYNWOOD,-118.18024444580078,33.912513732910156
92132070,2023,2023-07-31,9565,2023-06-29,900,022728,NA,4,1,9,1900,0,1,1,NA,2,012,I-105 W/B (CENTURY FREEWAY),VERMONT AVE,400,W,N,A,-,Y,LA,NA,105,NA,R,6.662,H,NA,L,N,4,0,1,3,A,-,03,22350,NA,N,C,C,A,A,H,-,A,D,0,NA,NA,NA,NA,Y,NA,A,01,0,0,1,0,0,0,0,0,0,-,-,33.92887878417969,-118.29338836669922,LOS ANGELES,UNINCORPORATED,-118.29338836669922,33.92889404296875
92132073,2023,2023-07-31,9590,2023-07-22,1658,023319,NA,6,2,7,1942,0,1,2,NA,2,071,US-101 S/B (SANTA ANA FREEWAY),GRAND AVE,300,S,N,A,-,Y,LA,NA,101,NA,NA,1.255,H,NA,L,N,4,0,2,2,A,-,03,22350,NA,M,C,C,A,A,H,-,A,D,0,NA,NA,NA,NA,Y,NA,-,99,0,0,2,0,0,0,0,0,0,-,-,34.058448791503906,-118.24481964111328,LOS ANGELES,LOS ANGELES,-118.24478912353516,34.05847930908203
92132079,2023,2023-07-31,9590,2023-07-16,1900,023162,NA,7,2,7,1942,0,1,1,NA,2,014,SR-110 N/B (ARROYO SECO PARKWAY),EAST GLENARM STREET,130,S,N,A,-,Y,LA,NA,110,NA,NA,31.885,H,NA,R,N,4,0,1,2,A,-,08,22107,NA,N,E,I,A,A,H,-,A,A,0,NA,NA,NA,NA,Y,NA,A,01,0,0,1,0,0,0,0,0,0,-,-,34.12712097167969,-118.1472625732422,LOS ANGELES,LOS ANGELES,-118.14720153808594,34.12712097167969
92132123,2023,2023-07-31,9525,2023-07-29,1438,022569,NA,6,2,5,1990,0,1,3,NA,2,601,SR-60 W/B (POMONA FREEWAY),GRAND AVE,100,W,N,A,-,Y,LA,NA,60,NA,R,24.435,H,NA,L,N,4,0,1,2,A,-,03,22350,NA,N,C,C,A,A,H,-,A,D,0,NA,NA,NA,NA,Y,NA,A,01,0,0,1,0,0,0,0,0,0,-,-,34.01015090942383,-117.82363128662108,LOS ANGELES,DIAMOND BAR,-117.82358551025392,34.01011657714844
92132129,2023,2023-07-31,9580,2023-07-24,1150,021079,NA,1,1,7,1942,0,1,2,NA,2,105,US-101 S/B (VENTURA FREEWAY),WHITE OAK AVE,50,N,N,A,-,Y,LA,NA,101,NA,NA,20.256,H,NA,L,Y,4,0,1,2,A,-,08,22107,NA,M,E,I,A,A,H,-,A,D,0,NA,NA,NA,NA,Y,NA,-,99,0,0,1,0,0,0,0,0,0,-,-,34.171199798583984,-118.51892852783205,LOS ANGELES,LOS ANGELES,-118.51892852783205,34.17109298706055
92132131,2023,2023-07-31,9565,2023-07-19,712,022728,NA,3,1,9,1900,0,3,5,NA,2,002,BUDLONG AVE,125TH ST,0,NA,Y,A,-,N,NA,NA,NA,NA,NA,NA,NA,NA,NA,N,3,0,1,3,A,-,12,22450,A,N,D,C,A,A,H,-,A,A,0,NA,NA,NA,NA,Y,NA,A,08,0,1,0,0,0,0,0,0,0,-,-,33.91923904418945,-118.2964324951172,LOS ANGELES,UNINCORPORATED,-118.29639434814452,33.91926193237305