CASE_ID,ACCIDENT_YEAR,PROC_DATE,JURIS,COLLISION_DATE,COLLISION_TIME,OFFICER_ID,REPORTING_DISTRICT,DAY_OF_WEEK,CHP_SHIFT,POPULATION,CNTY_CITY_LOC,SPECIAL_COND,BEAT_TYPE,CHP_BEAT_TYPE,CITY_DIVISION_LAPD,CHP_BEAT_CLASS,BEAT_NUMBER,PRIMARY_RD,SECONDARY_RD,DISTANCE,DIRECTION,INTERSECTION,WEATHER_1,WEATHER_2,STATE_HWY_IND,CALTRANS_COUNTY,CALTRANS_DISTRICT,STATE_ROUTE,ROUTE_SUFFIX,POSTMILE_PREFIX,POSTMILE,LOCATION_TYPE,RAMP_INTERSECTION,SIDE_OF_HWY,TOW_AWAY,COLLISION_SEVERITY,NUMBER_KILLED,NUMBER_INJURED,PARTY_COUNT,PRIMARY_COLL_FACTOR,PCF_CODE_OF_VIOL,PCF_VIOL_CATEGORY,PCF_VIOLATION,PCF_VIOL_SUBSECTION,HIT_AND_RUN,TYPE_OF_COLLISION,MVIW,PED_ACTION,ROAD_SURFACE,ROAD_COND_1,ROAD_COND_2,LIGHTING,CONTROL_DEVICE,CHP_ROAD_TYPE,PEDESTRIAN_ACCIDENT,BICYCLE_ACCIDENT,MOTORCYCLE_ACCIDENT,TRUCK_ACCIDENT,NOT_PRIVATE_PROPERTY,ALCOHOL_INVOLVED,STWD_VEHTYPE_AT_FAULT,CHP_VEHTYPE_AT_FAULT,COUNT_SEVERE_INJ,COUNT_VISIBLE_INJ,COUNT_COMPLAINT_PAIN,COUNT_PED_KILLED,COUNT_PED_INJURED,COUNT_BICYCLIST_KILLED,COUNT_BICYCLIST_INJURED,COUNT_MC_KILLED,COUNT_MC_INJURED,PRIMARY_RAMP,SECONDARY_RAMP,LATITUDE,LONGITUDE,COUNTY,CITY,POINT_X,POINT_Y
92139906,2023,2023-08-09,9575,2023-08-01,1709,023284,NA,2,2,7,1942,0,1,3,NA,2,043,SR-134 E/B (VENTURA FREEWAY),LOS ANGELES RIVER,130,E,N,A,-,Y,LA,NA,134,NA,R,5.718,H,NA,R,N,4,0,1,2,A,-,03,22350,NA,N,C,C,A,A,H,-,A,D,0,NA,NA,NA,NA,Y,NA,A,07,0,0,1,0,0,0,0,0,0,-,-,34.15303039550781,-118.27922058105467,LOS ANGELES,LOS ANGELES,-118.27916717529295,34.152870178222656
92139907,2023,2023-08-09,9550,2023-07-02,130,023127,NA,7,3,9,1900,0,3,5,NA,2,002,VALLEY VIEW AVENUE,TELEGRAPH ROAD,3,N,N,B,-,N,NA,NA,NA,NA,NA,NA,NA,NA,NA,Y,4,0,1,1,A,-,01,23152,A,N,E,I,A,A,H,-,C,A,0,NA,NA,NA,NA,Y,Y,D,22,0,0,1,0,0,0,0,0,0,-,-,33.92829895019531,-118.02893829345705,LOS ANGELES,UNINCORPORATED,-118.02902221679688,33.92808532714844
92139909,2023,2023-08-09,9525,2023-08-05,1735,022925,NA,6,2,3,1921,0,1,1,NA,2,212,I-210 E/B (FOOTHILL FWY),I-605 N/B (SAN GABRIEL RIVER FWY),528,W,N,A,-,Y,LA,NA,210,NA,R,36.284,H,NA,R,N,4,0,4,2,A,-,03,22350,NA,N,C,2,A,A,H,-,A,D,0,NA,NA,NA,NA,Y,NA,A,07,0,0,4,0,0,0,0,0,0,-,-,34.13478088378906,-117.95947265625,LOS ANGELES,DUARTE,-117.95948791503906,34.134727478027344
9213991,2021,2021-03-13,1941,2021-01-08,1454,11339,NA,5,5,7,1941,0,0,0,NA,0,NA,ATLANTIC AV,67TH ST,290,N,N,A,-,N,NA,NA,NA,NA,NA,NA,NA,NA,NA,Y,4,0,2,2,A,-,03,22350,NA,M,C,C,A,A,H,-,A,A,0,NA,NA,NA,NA,Y,NA,A,NA,0,0,2,0,0,0,0,0,0,-,-,NA,NA,LOS ANGELES,LONG BEACH,-118.18619537353516,33.876495361328125
92139915,2023,2023-08-09,9535,2023-07-30,1200,022081,NA,7,1,9,1900,0,1,3,NA,2,621,SR-60 W/B (POMONA FREEWAY),SANTA ANITA AVE,300,E,N,A,-,Y,LA,NA,60,NA,NA,10.652,H,NA,L,N,3,0,1,2,A,-,03,22350,NA,N,C,C,A,A,H,-,A,D,0,NA,NA,NA,NA,Y,NA,A,01,0,1,0,0,0,0,0,0,0,-,-,34.038570404052734,-118.0447235107422,LOS ANGELES,UNINCORPORATED,-118.0447006225586,34.038639068603516
9213992,2021,2021-03-18,1941,2021-01-01,1948,11563,NA,5,5,7,1941,0,0,0,NA,0,NA,PACIFIC COAST HWY,OLIVE AV,16,W,N,A,-,Y,LA,7,1,-,-,5.9,H,-,S,N,3,0,1,3,A,-,06,21750,A,F,D,C,A,A,H,-,C,D,0,NA,NA,Y,NA,Y,NA,C,NA,0,1,0,0,0,0,0,0,0,-,-,NA,NA,LOS ANGELES,LONG BEACH,-118.18307495117188,33.7898063659668
92139921,2023,2023-08-09,9545,2023-08-01,1430,022221,NA,2,2,9,1900,0,3,5,NA,1,005,AVENUE O,152ND STREET EAST,300,W,N,A,-,N,NA,NA,NA,NA,NA,NA,NA,NA,NA,Y,3,0,1,2,A,-,16,24002,A,N,F,A,A,A,H,-,A,D,0,NA,NA,NA,Y,Y,NA,-,-,0,1,0,0,0,0,0,0,0,-,-,36.61648941040039,-117.85955810546876,LOS ANGELES,UNINCORPORATED,-117.85898590087892,34.616539001464844
92139923,2023,2023-08-09,9575,2023-08-02,1815,023284,NA,3,2,7,1942,0,1,1,NA,2,053,I-5 N/B (GOLDEN STATE FREEWAY),SHELDON STREET,1500,N,N,A,-,Y,LA,NA,5,NA,NA,36.337,H,NA,R,N,4,0,1,2,A,-,03,22350,NA,N,C,C,A,A,H,-,A,D,0,NA,NA,NA,NA,Y,NA,A,01,0,0,1,0,0,0,0,0,0,-,-,34.233219146728516,-118.40941619873048,LOS ANGELES,LOS ANGELES,-118.40946197509766,34.23317337036133
9213993,2021,2021-03-13,1941,2021-01-04,2354,11341,NA,1,5,7,1941,0,0,0,NA,0,NA,LINDEN AV,ADAIR ST,0,NA,Y,A,-,N,NA,NA,NA,NA,NA,NA,NA,NA,NA,Y,4,0,1,5,A,-,09,21802,A,M,D,C,F,A,H,-,C,A,0,Y,NA,NA,NA,Y,NA,-,-,0,0,1,0,1,0,0,0,0,-,-,NA,NA,LOS ANGELES,LONG BEACH,-118.18603515625,33.864192962646484
92139934,2023,2023-08-09,9525,2023-08-05,1920,023049,NA,6,2,9,1900,0,3,5,NA,2,005,MT. BALDY RD.,MILE MARKER 4.69,2112,S,N,A,-,N,NA,NA,NA,NA,NA,NA,NA,NA,NA,N,4,0,1,1,A,-,01,23152,A,M,B,I,A,A,H,-,A,D,0,NA,NA,NA,NA,Y,Y,A,01,0,0,1,0,0,0,0,0,0,-,-,34.18206024169922,-117.67794036865234,LOS ANGELES,UNINCORPORATED,NA,NA
9213994,2021,2021-03-18,1941,2021-01-06,1824,10133,NA,3,5,7,1941,0,0,0,NA,0,NA,LONG BEACH BL,RT 710,0,NA,Y,A,-,Y,LA,7,710,-,-,11.861,R,4,S,Y,3,0,2,2,A,-,12,21453,A,F,D,C,A,A,H,-,C,A,0,NA,NA,NA,NA,Y,NA,A,NA,0,2,0,0,0,0,0,0,0,-,SO,NA,NA,LOS ANGELES,LONG BEACH,-118.20062255859376,33.860862731933594
92139947,2023,2023-08-09,9550,2023-07-31,1435,022778,NA,1,2,5,1919,0,1,3,NA,2,091,STATE ROUTE 91 WESTBOUND,INTERSTATE 605,50,W,N,A,-,Y,LA,NA,91,NA,R,16.92,H,NA,L,Y,4,0,1,3,A,-,03,22350,NA,N,C,C,A,A,H,-,A,D,0,NA,NA,NA,NA,Y,NA,A,07,0,0,1,0,0,0,0,0,0,-,-,33.87644958496094,-118.10288238525392,LOS ANGELES,CERRITOS,-118.10288238525392,33.87645721435547
9213995,2021,2021-03-13,1941,2021-01-01,1740,10363,NA,5,5,7,1941,0,0,0,NA,0,NA,10TH ST,LEWIS AV,0,NA,Y,A,-,N,NA,NA,NA,NA,NA,NA,NA,NA,NA,Y,2,0,4,4,A,-,01,23152,A,N,A,C,A,A,H,-,C,D,0,NA,NA,NA,NA,Y,Y,D,NA,1,3,0,0,0,0,0,0,0,-,-,NA,NA,LOS ANGELES,LONG BEACH,-118.17958068847656,33.77898025512695
9213996,2021,2021-03-13,1941,2021-01-03,1821,11406,NA,7,5,7,1941,0,0,0,NA,0,NA,MARTIN LUTHER KING AV,10TH ST,0,NA,Y,A,-,N,NA,NA,NA,NA,NA,NA,NA,NA,NA,N,2,0,1,2,A,-,09,21801,NA,N,D,B,B,A,H,-,C,A,0,Y,NA,NA,NA,Y,NA,A,NA,1,0,0,0,1,0,0,0,0,-,-,NA,NA,LOS ANGELES,LONG BEACH,-118.18070220947266,33.77898025512695
9213997,2021,2021-03-13,1941,2021-01-03,1718,11130,NA,7,5,7,1941,0,0,0,NA,0,NA,EAST 4TH ST,SAINT LOUIS AV,0,NA,Y,A,-,N,NA,NA,NA,NA,NA,NA,NA,NA,NA,Y,4,0,1,2,A,-,08,22107,NA,N,D,C,A,-,H,-,C,D,0,NA,NA,Y,NA,Y,NA,A,NA,0,0,1,0,0,0,0,0,1,-,-,NA,NA,LOS ANGELES,LONG BEACH,-118.16666412353516,33.77170944213867
92139974,2023,2023-08-09,9525,2023-08-03,1845,021074,NA,4,2,9,1900,0,3,5,NA,2,005,GLENDORA MOUNTAIN ROAD,BIG DALTON CANYON ROAD,1000,N,N,A,-,N,NA,NA,NA,NA,NA,NA,NA,NA,NA,N,2,0,1,2,A,-,09,21801,A,N,D,C,A,A,H,-,A,D,0,NA,Y,NA,NA,Y,NA,A,01,1,0,0,0,0,0,1,0,0,-,-,34.15700149536133,-117.83709716796876,LOS ANGELES,UNINCORPORATED,-117.83774566650392,34.15843200683594
9213998,2021,2021-03-13,1941,2021-01-03,0457,11342,NA,7,5,7,1941,0,0,0,NA,0,NA,E ANAHEIM ST,E ANAHEIM ST 998,0,NA,N,A,-,N,NA,NA,NA,NA,NA,NA,NA,NA,NA,Y,4,0,3,2,A,-,09,21804,A,N,-,C,A,A,H,-,B,A,0,NA,NA,NA,NA,Y,NA,A,NA,0,0,3,0,0,0,0,0,0,-,-,NA,NA,LOS ANGELES,LONG BEACH,-118.19239044189452,33.782596588134766
9213999,2021,2021-03-22,1941,2021-01-04,1542,11554,NA,1,5,7,1941,0,0,0,NA,0,NA,EAST PACIFIC COAST HWY,LIGHT POLE OA1070,30,E,N,A,-,Y,LA,7,1,-,-,1.14,H,-,N,Y,3,0,1,2,A,-,03,22350,NA,N,C,C,A,A,H,-,A,D,0,NA,NA,NA,NA,Y,NA,A,NA,0,1,0,0,0,0,0,0,0,-,-,NA,NA,LOS ANGELES,LONG BEACH,-118.11593627929688,33.76493835449219
92139990,2023,2023-08-09,9575,2023-07-22,2030,023284,NA,6,2,6,1912,0,1,1,NA,2,051,I-5 S/B (GOLDEN STATE FREEWAY),BUENA VISTA ST,100,S,N,A,-,Y,LA,NA,5,NA,NA,31.226,H,NA,L,Y,2,0,2,1,A,-,08,22107,NA,N,E,8,A,A,H,-,C,D,0,NA,NA,NA,NA,Y,NA,A,07,1,1,0,0,0,0,0,0,0,-,-,34.19841003417969,-118.33753967285156,LOS ANGELES,BURBANK,-118.33751678466795,34.198429107666016
92139999,2023,2023-08-09,9525,2023-08-06,1410,023049,NA,7,2,9,1900,0,3,5,NA,2,002,15501 E. ARROW HWY.,ARROW HWY.,739,N,N,A,-,N,NA,NA,NA,NA,NA,NA,NA,NA,NA,N,4,0,1,2,B,-,22,NA,NA,N,C,C,A,A,H,-,A,D,0,NA,NA,NA,NA,Y,NA,A,07,0,0,1,0,0,0,0,0,0,-,-,34.109230041503906,-117.95094299316406,LOS ANGELES,UNINCORPORATED,-117.7991180419922,34.10295486450195
9214000,2021,2021-03-18,1941,2021-01-06,2153,11554,NA,3,5,7,1941,0,0,0,NA,0,NA,EAST PACIFIC COAST HWY,CHERRY AV,90,W,N,E,-,Y,LA,7,1,-,-,5.04,H,-,N,Y,4,0,1,2,A,-,08,22107,NA,N,D,C,A,A,H,-,C,A,0,NA,NA,NA,NA,Y,NA,A,NA,0,0,1,0,0,0,0,0,0,-,-,NA,NA,LOS ANGELES,LONG BEACH,-118.16814422607422,33.7899169921875
92140009,2023,2023-08-09,9535,2023-07-30,1445,022822,NA,7,2,3,1914,0,1,1,NA,2,500,I-5 N/B (SANTA ANA FREEWAY) TO WASHINGTON BLVD,WASHINGTON BLVD,1160,W,N,A,-,Y,NA,NA,NA,NA,NA,NA,NA,NA,NA,Y,4,0,1,3,A,-,03,22350,NA,N,C,2,A,A,H,-,A,A,0,NA,NA,NA,NA,Y,NA,A,01,0,0,1,0,0,0,0,0,0,-,-,33.99750900268555,-118.14623260498048,LOS ANGELES,COMMERCE,-118.14623260498048,33.99750900268555
9214001,2021,2021-03-18,1942,2021-01-01,0105,40063,0423,5,5,7,1942,0,0,0,D,0,4A71,THOMAS ST,MISSION RD,0,NA,Y,A,-,N,NA,NA,NA,NA,NA,NA,NA,NA,NA,Y,4,0,2,2,A,-,01,23152,A,N,D,C,A,A,H,-,A,A,0,NA,NA,NA,NA,Y,Y,D,22,0,0,2,0,0,0,0,0,0,-,-,NA,NA,LOS ANGELES,LOS ANGELES,-118.20510864257813,34.06652069091797
92140028,2023,2023-08-09,9525,2023-08-07,850,015445,NA,1,1,9,1900,0,3,5,NA,2,003,VALINDA AVE,DOUBLEGROVE ST.,0,NA,Y,A,-,N,NA,NA,NA,NA,NA,NA,NA,NA,NA,N,4,0,1,2,A,-,09,21801,A,N,D,C,A,A,H,-,A,D,0,NA,NA,NA,NA,Y,NA,A,01,0,0,1,0,0,0,0,0,0,-,-,34.048099517822266,-117.92571258544922,LOS ANGELES,UNINCORPORATED,-117.92562866210938,34.04808044433594
92140038,2023,2023-08-09,9545,2023-08-05,1005,020244,NA,6,1,9,1900,0,3,5,NA,2,003,ANGELES FOREST HWY,MONTE CRISTO CAMPGROUND (ENTRANCE),2140,S,N,A,-,N,NA,NA,NA,NA,NA,NA,NA,NA,NA,Y,3,0,1,1,A,-,03,22350,NA,N,E,I,A,A,H,-,A,D,0,NA,NA,Y,NA,Y,NA,C,02,0,1,0,0,0,0,0,0,1,-,-,34.336971282958984,-118.10887908935548,LOS ANGELES,UNINCORPORATED,-118.12761688232422,34.32339859008789
92140039,2023,2023-08-09,9535,2023-07-28,1540,023258,NA,5,2,9,1900,0,2,4,NA,2,025,ATLANTIC BLVD [BLOCK 900],WHITTIER BLVD.,100,S,N,A,-,N,NA,NA,NA,NA,NA,NA,NA,NA,NA,Y,3,0,1,1,B,-,22,NA,NA,N,H,I,A,A,H,-,A,A,0,NA,NA,Y,NA,Y,NA,C,02,0,1,0,0,0,0,0,0,1,-,-,34.02001190185547,-118.15738677978516,LOS ANGELES,UNINCORPORATED,-118.15736389160156,34.0201416015625
92140043,2023,2023-08-09,9530,2023-08-01,2300,021582,NA,2,3,7,1942,0,1,1,NA,2,110,I-110 N/B TO SR-91 E/B,182ND ST.,45,S,N,A,-,Y,LA,NA,110,NA,NA,9.648,H,NA,R,Y,4,0,1,2,A,-,08,22107,NA,N,C,4,A,A,H,-,D,D,0,NA,NA,NA,NA,Y,NA,A,01,0,0,1,0,0,0,0,0,0,-,-,33.86956024169922,-118.28463745117188,LOS ANGELES,LOS ANGELES,-118.28481292724608,33.86956024169922
92140044,2023,2023-08-09,9530,2023-08-01,2227,022687,NA,2,3,9,1900,0,3,5,NA,2,001,HOOPER AVE.,GAGE AVE.,0,NA,Y,A,-,N,NA,NA,NA,NA,NA,NA,NA,NA,NA,N,2,0,1,2,A,-,10,21950,A,F,G,B,B,A,H,-,C,A,0,Y,NA,NA,NA,Y,NA,-,99,1,0,0,0,1,0,0,0,0,-,-,33.98208999633789,-118.25196838378906,LOS ANGELES,UNINCORPORATED,-118.25208282470705,33.98210144042969
92140053,2023,2023-08-09,9525,2023-08-03,1415,021545,NA,4,2,4,1960,0,1,3,NA,2,572,SR-57 N/B (ORANGE FWY),ARROW HWY,300,S,N,A,-,Y,LA,NA,57,NA,R,10.861,H,NA,R,N,4,0,1,2,A,-,07,21658,A,M,B,C,A,A,H,-,A,D,0,NA,NA,NA,NA,Y,NA,-,99,0,0,1,0,0,0,0,0,0,-,-,34.10734939575195,-117.82186126708984,LOS ANGELES,SAN DIMAS,-117.82184600830078,34.10735321044922
92140060,2023,2023-08-09,9530,2023-08-01,2005,022079,NA,2,2,9,1900,0,3,5,NA,2,002,126TH ST. (2500 BLOCK),MONA BLVD.,15,E,N,A,-,N,NA,NA,NA,NA,NA,NA,NA,NA,NA,N,4,0,1,2,A,-,08,22107,NA,F,B,C,A,A,H,-,C,A,0,NA,NA,NA,NA,Y,NA,-,99,0,0,1,0,0,0,0,0,0,-,-,33.91804122924805,-118.22743988037108,LOS ANGELES,UNINCORPORATED,-118.22750091552734,33.917999267578125
92140062,2023,2023-08-09,9590,2023-07-28,551,021346,NA,5,3,7,1942,0,1,1,NA,2,061,I-10 W/B (SANTA MONICA FREEWAY),ARLINGTON AVENUE,250,W,N,A,-,Y,LA,NA,10,NA,R,12.26,H,NA,L,N,4,0,1,2,A,-,03,22350,NA,N,C,C,A,A,H,-,A,D,0,NA,NA,Y,NA,Y,NA,C,02,0,0,1,0,0,0,0,0,1,-,-,34.03644943237305,-118.31867218017578,LOS ANGELES,LOS ANGELES,-118.31871032714844,34.036659240722656
92140086,2023,2023-08-09,9535,2023-07-29,420,022017,NA,6,3,3,1914,0,1,1,NA,2,073,INTERSTATE 710 S/B (LONG BEACH FREEWAY),INTERSTATE 5,200,S,N,A,-,Y,LA,NA,710,NA,NA,23.188,H,NA,L,Y,4,0,1,1,A,-,01,23152,A,N,E,I,A,A,H,-,D,D,0,NA,NA,NA,NA,Y,Y,A,01,0,0,1,0,0,0,0,0,0,-,-,34.015201568603516,-118.17282104492188,LOS ANGELES,COMMERCE,-118.1727294921875,34.01522445678711
92140109,2023,2023-08-09,9530,2023-08-02,930,020938,NA,3,1,5,1915,0,1,3,NA,2,310,SR-91 W/B (ARTESIA FREEWAY),CENTRAL AVE,100,E,N,A,-,Y,LA,NA,91,NA,R,8.561,H,NA,L,N,4,0,1,2,A,-,03,22350,NA,N,C,C,A,A,H,-,A,D,0,NA,NA,NA,NA,Y,NA,A,07,0,0,1,0,0,0,0,0,0,-,-,33.87363052368164,-118.24651336669922,LOS ANGELES,COMPTON,-118.24650573730467,33.87352752685547
92140112,2023,2023-08-09,9535,2023-07-22,1330,021970,NA,6,1,9,1900,0,1,1,NA,2,651,I-605 S/B (SAN GABRIEL RIVER FREEWAY),SR-60 (POMONA FREEWAY),175,N,N,A,-,Y,LA,NA,605,NA,R,17.456,H,NA,L,Y,2,0,2,5,A,-,03,22350,NA,N,C,C,A,A,H,-,A,D,0,NA,NA,Y,NA,Y,NA,C,02,1,0,1,0,0,0,0,0,2,-,-,34.03451919555664,-118.026611328125,LOS ANGELES,UNINCORPORATED,-118.02660369873048,34.034515380859375
92140117,2023,2023-08-09,9580,2023-07-26,945,022080,NA,3,1,7,1942,0,1,2,NA,2,104,US-101 N/B (VENTURA FREEWAY),RESEDA BLVD,1320,S,N,A,-,Y,LA,NA,101,NA,NA,21.174,H,NA,R,N,2,0,1,2,A,-,08,22107,NA,F,B,C,A,A,H,-,A,D,0,NA,NA,Y,NA,Y,NA,-,99,1,0,0,0,0,0,0,0,1,-,-,34.17306900024414,-118.53443908691406,LOS ANGELES,LOS ANGELES,-118.53446197509766,34.17302703857422
92140120,2023,2023-08-09,9535,2023-07-28,1520,022842,NA,5,2,5,1948,0,1,1,NA,2,071,I-710 S/B (LBF) TO I-10 E/B (SBF),I-10 E/B (SAN BERNARDINO FREEWAY),58,S,N,A,-,Y,LA,NA,10,NA,NA,21.502,H,NA,R,Y,3,0,1,1,A,-,08,22107,NA,N,F,I,A,A,H,-,A,D,0,NA,NA,NA,NA,Y,NA,A,01,0,1,0,0,0,0,0,0,0,-,-,34.061439514160156,-118.16284942626952,LOS ANGELES,MONTEREY PARK,-118.16298675537108,34.061668395996094
92140121,2023,2023-08-09,9580,2023-07-30,145,022572,NA,7,3,7,1942,0,1,3,NA,2,115,SR-118 W/B (RONALD REAGAN FWY.),I-405 N/B (SAN DIEGO FWY),100,W,N,A,-,Y,LA,NA,118,NA,R,9.782,H,NA,L,Y,3,0,2,2,A,-,01,23152,A,N,C,C,A,A,H,-,D,D,0,NA,NA,NA,NA,Y,Y,A,01,0,2,0,0,0,0,0,0,0,-,-,34.26612091064453,-118.47254943847656,LOS ANGELES,LOS ANGELES,-118.47254943847656,34.26609420776367
92140125,2023,2023-08-09,9530,2023-08-02,2000,021709,NA,3,2,6,1972,0,1,1,NA,2,400,I-405 NORTHBOUND,CRENSHAW BOULEVARD,1700,S,N,A,-,Y,NA,NA,NA,NA,NA,NA,NA,NA,NA,Y,4,0,1,3,A,-,03,22350,NA,F,C,C,A,A,H,-,D,D,0,NA,NA,NA,NA,Y,NA,D,22,0,0,1,0,0,0,0,0,0,-,-,33.86296081542969,-118.20757293701172,LOS ANGELES,TORRANCE,-118.32122039794922,33.86308288574219
92140128,2023,2023-08-09,9550,2023-08-01,1740,021648,NA,2,2,9,1900,0,3,5,NA,2,003,VALLECITO DRIVE,CAMINO DEL SUR,16,W,N,A,-,N,NA,NA,NA,NA,NA,NA,NA,NA,NA,N,4,0,1,1,A,-,08,22107,NA,N,E,8,A,A,H,-,A,A,0,NA,NA,NA,NA,Y,NA,A,01,0,0,1,0,0,0,0,0,0,-,-,33.98876190185547,-117.98961639404295,LOS ANGELES,UNINCORPORATED,-117.98950958251952,33.98862075805664
92140132,2023,2023-08-09,9580,2023-07-31,1235,019483,NA,1,1,7,1942,0,1,1,NA,2,406,I-405 N/B (SAN DIEGO FWY),PLUMMER ST.,150,N,N,A,-,Y,LA,NA,405,NA,NA,45.301,H,NA,R,Y,3,0,1,2,D,-,00,NA,NA,F,C,C,A,A,H,-,A,D,0,NA,NA,Y,NA,Y,NA,-,-,0,1,0,0,0,0,0,0,1,-,-,34.243568420410156,-118.47279357910156,LOS ANGELES,LOS ANGELES,-118.47286987304688,34.24357223510742
92140137,2023,2023-08-09,9580,2023-08-01,2040,022591,NA,2,2,7,1942,0,1,1,NA,2,407,I-405 S/B (SAN DIEGO FWY),NORDHOFF ST,1200,N,N,A,-,Y,LA,NA,405,NA,NA,45.132,H,NA,L,N,3,0,2,2,A,-,08,22107,NA,M,B,C,A,A,H,-,D,D,0,NA,NA,NA,NA,Y,NA,-,99,0,2,0,0,0,0,0,0,0,-,-,34.24113082885742,-118.47315979003906,LOS ANGELES,LOS ANGELES,-118.4731216430664,34.24113082885742
92140147,2023,2023-08-09,9550,2023-08-02,1620,022778,NA,3,2,6,1920,0,1,1,NA,2,150,INTERSTATE 105 EASTBOUND,LAKEWOOD BLVD,700,E,N,A,-,Y,LA,NA,105,NA,R,15.904,H,NA,R,Y,3,0,1,2,A,-,03,22350,NA,N,C,C,A,A,H,-,A,D,0,NA,NA,NA,NA,Y,NA,D,22,0,1,0,0,0,0,0,0,0,-,-,33.912899017333984,-118.13819122314452,LOS ANGELES,DOWNEY,-118.13819122314452,33.912940979003906
92140150,2023,2023-08-09,9580,2023-08-06,1535,022746,NA,7,2,7,1942,0,1,2,NA,2,102,US-101 N/B (VENTURA FREEWAY),BALBOA BLVD,2640,S,N,A,-,Y,LA,NA,101,NA,NA,18.768,H,NA,R,N,4,0,4,2,A,-,03,22350,NA,N,C,C,A,A,H,-,A,D,0,NA,NA,NA,NA,Y,NA,D,22,0,0,4,0,0,0,0,0,0,-,-,34.16661071777344,-118.49466705322266,LOS ANGELES,LOS ANGELES,-118.49468994140624,34.16659164428711
92140151,2023,2023-08-09,9580,2023-08-03,1635,023129,NA,4,2,7,1942,0,1,2,NA,2,100,US-101 N/B (VENTURA FREEWAY),VINELAND AVE,2506,S,N,A,-,Y,LA,NA,101,NA,NA,10.613,H,NA,R,Y,4,0,1,2,A,-,08,22107,NA,N,B,E,A,A,H,-,A,D,0,NA,NA,NA,NA,Y,NA,D,22,0,0,1,0,0,0,0,0,0,-,-,34.14060974121094,-118.36593627929688,LOS ANGELES,LOS ANGELES,-118.365966796875,34.14059829711914
92140154,2023,2023-08-09,9525,2023-08-02,1743,023132,NA,3,2,9,1900,0,2,4,NA,2,045,VALLEY BLVD,PUENTE AVE,100,W,N,A,-,N,NA,NA,NA,NA,NA,NA,NA,NA,NA,N,4,0,1,2,A,-,07,21658,A,N,B,C,A,A,H,-,A,D,0,NA,NA,NA,NA,Y,NA,A,07,0,0,1,0,0,0,0,0,0,-,-,34.045650482177734,-117.9902572631836,LOS ANGELES,UNINCORPORATED,-117.99089813232422,34.043861389160156
92140158,2023,2023-08-09,9525,2023-08-03,1808,022521,NA,4,2,4,1913,0,1,1,NA,2,210,SR-210 E/B FROM BASELINE RD.,BASELINE RD,20,W,N,A,-,Y,LA,NA,210,NA,R,51.85,H,NA,R,Y,4,0,1,1,A,-,03,22350,NA,N,E,I,A,A,H,-,A,D,0,NA,NA,NA,NA,Y,NA,A,01,0,0,1,0,0,0,0,0,0,-,-,34.12139892578125,-117.69603729248048,LOS ANGELES,CLAREMONT,-117.6962432861328,34.12160110473633
92140171,2023,2023-08-10,9535,2023-07-30,2000,023244,NA,7,2,5,1915,0,1,1,NA,2,075,I-710 N/B (LONG BEACH FREEWAY),ATLANTIC AVE,25,N,N,A,-,Y,LA,NA,710,NA,NA,13.648,H,NA,R,N,3,0,2,2,A,-,03,22350,NA,F,C,C,A,A,H,-,D,D,0,NA,NA,NA,NA,Y,NA,A,01,0,2,0,0,0,0,0,0,0,-,-,33.88494873046875,-118.19039916992188,LOS ANGELES,COMPTON,-118.19049072265624,33.88497543334961
92140176,2023,2023-08-10,9535,2023-07-30,1220,021970,NA,7,1,9,1900,0,1,1,NA,2,650,I-605 N/B,I-10,1000,S,N,A,-,Y,LA,NA,605,NA,R,19.649,H,NA,R,N,4,0,1,3,A,-,07,21658,A,M,B,A,A,A,H,-,A,D,0,NA,NA,NA,NA,Y,NA,-,99,0,0,1,0,0,0,0,0,0,-,-,34.05757141113281,-118.00244903564452,LOS ANGELES,UNINCORPORATED,-118.0023193359375,34.05752182006836
9214025,2021,2021-06-02,1942,2021-01-20,1910,42469,1517,3,5,7,1942,0,0,0,O,0,15A27,VINELAND AV,VANOWEN ST,10,S,N,A,-,N,NA,NA,NA,NA,NA,NA,NA,NA,NA,Y,4,0,1,2,A,-,08,22100,A,N,B,C,A,A,H,-,C,A,0,NA,NA,NA,Y,Y,NA,F,26,0,0,1,0,0,0,0,0,0,-,-,NA,NA,LOS ANGELES,LOS ANGELES,-118.37030029296876,34.19392395019531
9214028,2021,2021-03-18,1922,2021-01-30,0722,620,NA,6,5,6,1922,0,0,0,NA,0,001,VALLEY BL,TYLER AV,0,NA,Y,B,-,N,NA,NA,NA,NA,NA,NA,NA,NA,NA,Y,4,0,1,2,A,-,12,21453,A,N,D,C,A,B,H,-,A,A,0,NA,NA,NA,NA,Y,NA,D,22,0,0,1,0,0,0,0,0,0,-,-,34.07490921020508,-118.03511810302734,LOS ANGELES,EL MONTE,-118.03505706787108,34.07490158081055
9214033,2021,2021-03-06,1942,2021-01-12,1805,39301,195,2,5,7,1942,0,0,0,NA,0,10X18,LOS ANGELES,ETIWANDA BL,0,NA,Y,A,-,N,NA,NA,NA,NA,NA,NA,NA,NA,NA,N,4,0,2,2,A,-,08,22107,NA,N,C,C,A,A,H,-,D,A,0,NA,NA,NA,NA,Y,NA,A,01,0,0,2,0,0,0,0,0,0,-,-,NA,NA,LOS ANGELES,LOS ANGELES,NA,NA