CASE_ID,ACCIDENT_YEAR,PROC_DATE,JURIS,COLLISION_DATE,COLLISION_TIME,OFFICER_ID,REPORTING_DISTRICT,DAY_OF_WEEK,CHP_SHIFT,POPULATION,CNTY_CITY_LOC,SPECIAL_COND,BEAT_TYPE,CHP_BEAT_TYPE,CITY_DIVISION_LAPD,CHP_BEAT_CLASS,BEAT_NUMBER,PRIMARY_RD,SECONDARY_RD,DISTANCE,DIRECTION,INTERSECTION,WEATHER_1,WEATHER_2,STATE_HWY_IND,CALTRANS_COUNTY,CALTRANS_DISTRICT,STATE_ROUTE,ROUTE_SUFFIX,POSTMILE_PREFIX,POSTMILE,LOCATION_TYPE,RAMP_INTERSECTION,SIDE_OF_HWY,TOW_AWAY,COLLISION_SEVERITY,NUMBER_KILLED,NUMBER_INJURED,PARTY_COUNT,PRIMARY_COLL_FACTOR,PCF_CODE_OF_VIOL,PCF_VIOL_CATEGORY,PCF_VIOLATION,PCF_VIOL_SUBSECTION,HIT_AND_RUN,TYPE_OF_COLLISION,MVIW,PED_ACTION,ROAD_SURFACE,ROAD_COND_1,ROAD_COND_2,LIGHTING,CONTROL_DEVICE,CHP_ROAD_TYPE,PEDESTRIAN_ACCIDENT,BICYCLE_ACCIDENT,MOTORCYCLE_ACCIDENT,TRUCK_ACCIDENT,NOT_PRIVATE_PROPERTY,ALCOHOL_INVOLVED,STWD_VEHTYPE_AT_FAULT,CHP_VEHTYPE_AT_FAULT,COUNT_SEVERE_INJ,COUNT_VISIBLE_INJ,COUNT_COMPLAINT_PAIN,COUNT_PED_KILLED,COUNT_PED_INJURED,COUNT_BICYCLIST_KILLED,COUNT_BICYCLIST_INJURED,COUNT_MC_KILLED,COUNT_MC_INJURED,PRIMARY_RAMP,SECONDARY_RAMP,LATITUDE,LONGITUDE,COUNTY,CITY,POINT_X,POINT_Y
92140940,2023,2023-08-10,9530,2023-08-01,1345,022585,NA,2,1,9,1900,0,3,5,NA,2,002,AVALON BLVD. (13100 BLOCK),131ST ST.,50,S,N,A,-,N,NA,NA,NA,NA,NA,NA,NA,NA,NA,N,4,0,1,3,A,-,08,22107,NA,M,B,E,A,A,H,-,A,D,0,NA,NA,NA,NA,Y,NA,A,07,0,0,1,0,0,0,0,0,0,-,-,33.91347885131836,-118.26519012451172,LOS ANGELES,UNINCORPORATED,-118.26528167724608,33.913551330566406
92140944,2023,2023-08-10,9530,2023-08-07,1435,022999,NA,1,2,9,1900,0,3,5,NA,2,002,MAIN ST.,ROSECRANS AVE.,0,NA,Y,A,-,N,NA,NA,NA,NA,NA,NA,NA,NA,NA,N,3,0,2,3,A,-,09,21801,A,N,D,C,A,A,H,-,A,A,0,NA,NA,NA,NA,Y,NA,A,07,0,1,1,0,0,0,0,0,0,-,-,33.901920318603516,-118.27391815185548,LOS ANGELES,UNINCORPORATED,-118.27407836914064,33.901947021484375
92140948,2023,2023-08-10,9590,2023-07-30,2314,022720,NA,7,3,7,1942,0,1,1,NA,2,020,I-10 E/B (SAN BERNARDINO FREEWAY),EVERGREEN AVE. BRIDGE,30,W,N,A,-,Y,LA,NA,10,NA,NA,19.532,H,NA,R,Y,4,0,1,2,A,-,03,22350,NA,F,C,C,A,A,H,-,C,D,0,NA,NA,NA,NA,Y,NA,A,01,0,0,1,0,0,0,0,0,0,-,-,34.055320739746094,-118.19492340087892,LOS ANGELES,LOS ANGELES,-118.19491577148438,34.05536651611328
92140958,2023,2023-08-10,9550,2023-08-03,1325,023289,NA,4,1,9,1900,0,1,1,NA,2,650,I-605 SOUTHBOUND,SLAUSON AVE,200,S,N,A,-,Y,LA,NA,605,NA,R,11.523,H,NA,L,Y,4,0,1,2,A,-,03,22350,NA,N,C,C,A,A,H,-,A,D,0,NA,NA,NA,NA,Y,NA,A,01,0,0,1,0,0,0,0,0,0,-,-,33.96672821044922,-118.08367156982422,LOS ANGELES,UNINCORPORATED,-118.08367919921876,33.966732025146484
92140977,2023,2023-08-10,9590,2023-05-21,525,023083,NA,7,3,7,1942,0,1,1,NA,2,050,I-110 N/B (HARBOR FREEWAY),VERNON AVE,650,S,N,A,-,Y,LA,NA,110,NA,NA,18.881,H,NA,R,Y,3,0,1,3,A,-,08,22107,NA,N,C,C,A,A,H,-,A,D,0,NA,NA,NA,NA,Y,NA,A,01,0,1,0,0,0,0,0,0,0,-,-,34.001869201660156,-118.28101348876952,LOS ANGELES,LOS ANGELES,-118.28099822998048,34.001869201660156
92140989,2023,2023-08-10,9575,2023-08-04,1225,022203,NA,5,1,6,1953,0,1,1,NA,2,064,I-210 W/B (FOOTHILL FREEWAY),LAKE AVE.,360,E,N,A,-,Y,LA,NA,210,NA,R,26.407,H,NA,L,N,4,0,1,2,A,-,03,22350,NA,N,C,C,A,A,H,-,A,D,0,NA,NA,NA,NA,Y,NA,I,10,0,0,1,0,0,0,0,0,0,-,-,34.15205001831055,-118.1309814453125,LOS ANGELES,PASADENA,-118.1309814453125,34.15196990966797
92141006,2023,2023-08-10,9575,2023-08-04,1815,023126,NA,5,2,5,1902,0,1,1,NA,2,065,I-210 E/B (FOOTHILL FREEWAY),BALDWIN AVE.,2112,W,N,A,-,Y,LA,NA,210,NA,R,30.401,H,NA,R,N,4,0,1,2,A,-,03,22350,NA,N,C,C,A,A,H,-,A,D,0,NA,NA,NA,NA,Y,NA,D,22,0,0,1,0,0,0,0,0,0,-,-,34.148658752441406,-118.05742645263672,LOS ANGELES,ARCADIA,-118.05742645263672,34.14861297607422
92141027,2023,2023-08-10,9590,2023-08-07,935,023252,NA,1,1,7,1942,0,1,1,NA,2,060,I-10 W/B (SANTA MONICA FREEWAY),10TH AVENUE,124,W,N,A,-,Y,LA,NA,10,NA,R,11.727,H,NA,L,N,4,0,1,2,A,-,07,21658,A,N,B,C,A,A,H,-,A,D,0,NA,NA,NA,NA,Y,NA,A,07,0,0,1,0,0,0,0,0,0,-,-,34.0355110168457,-118.32788848876952,LOS ANGELES,LOS ANGELES,-118.32788848876952,34.03545379638672
92141077,2023,2023-08-10,9530,2023-08-08,1715,022687,NA,2,2,9,1900,0,3,5,NA,2,001,NADEAU ST.,WHITSETT AVE.,0,NA,Y,A,-,N,NA,NA,NA,NA,NA,NA,NA,NA,NA,Y,4,0,2,2,A,-,09,21802,A,N,D,C,A,A,H,-,A,D,0,NA,NA,NA,NA,Y,NA,A,01,0,0,2,0,0,0,0,0,0,-,-,33.96744155883789,-118.24063873291016,LOS ANGELES,UNINCORPORATED,-118.24060821533205,33.967403411865234
92141084,2023,2023-08-10,9530,2023-07-28,1520,022999,NA,5,2,9,1900,0,3,5,NA,2,001,NADEAU STREET,COMPTON AVE.,100,W,N,A,-,N,NA,NA,NA,NA,NA,NA,NA,NA,NA,N,4,0,2,3,A,-,03,22350,NA,N,D,C,A,A,H,-,A,D,0,NA,NA,NA,NA,Y,NA,A,01,0,0,2,0,0,0,0,0,0,-,-,33.967430114746094,-118.24819183349608,LOS ANGELES,UNINCORPORATED,-118.24801635742188,33.96744918823242
92141092,2023,2023-08-10,9535,2023-07-30,241,022059,NA,7,3,9,1900,0,1,1,NA,2,400,I-10 (SAN BERNARDINO FREEWAY) E/B,WALNUT GROVE AVENUE,100,W,N,A,-,Y,LA,NA,10,NA,NA,26.319,H,NA,R,Y,4,0,3,4,A,-,03,22350,NA,N,C,C,E,A,H,-,C,D,0,Y,NA,NA,NA,Y,NA,A,01,0,0,3,0,2,0,0,0,0,-,-,34.071990966796875,-118.08242034912108,LOS ANGELES,UNINCORPORATED,-118.08242034912108,34.071929931640625
92141105,2023,2023-08-10,9530,2023-08-07,940,021310,NA,1,1,4,1939,0,1,1,NA,2,400,I-405 N/B (SAN DIEGO FREEWAY),MARINE AVENUE,250,S,N,A,-,Y,LA,NA,405,NA,NA,18.517,H,NA,R,N,3,0,2,2,A,-,03,22350,NA,N,C,C,A,A,H,-,A,D,0,NA,NA,NA,NA,Y,NA,A,01,0,2,0,0,0,0,0,0,0,-,-,33.893428802490234,-118.3647232055664,LOS ANGELES,LAWNDALE,-118.36469268798828,33.89345932006836
92141114,2023,2023-08-10,9525,2023-07-29,1120,022770,NA,6,1,9,1900,0,1,3,NA,1,024,SR-39 (SAN GABRIEL CANYON RD.),CRYSTAL LAKE ROAD,15840,S,N,A,-,Y,LA,NA,39,NA,NA,36.804,H,NA,R,Y,2,0,1,3,A,-,03,22350,NA,N,B,8,A,A,H,-,A,D,0,NA,NA,NA,NA,Y,NA,A,01,1,0,0,0,0,0,0,0,0,-,-,34.30353927612305,-117.8459930419922,LOS ANGELES,UNINCORPORATED,-117.84605407714844,34.30356216430664
92141169,2023,2023-08-10,9535,2023-07-29,1635,022842,NA,6,2,4,1907,0,1,1,NA,2,073,I-710 S/B (LONG BEACH FREEWAY),GAGE AVE,1214,N,N,A,-,Y,LA,NA,710,NA,NA,20.51,H,NA,L,Y,3,0,1,3,A,-,01,23152,A,F,C,C,A,A,H,-,A,D,0,NA,NA,NA,NA,Y,Y,D,22,0,1,0,0,0,0,0,0,0,-,-,33.9794807434082,-118.16748809814452,LOS ANGELES,BELL,-118.16751861572266,33.97947692871094
92141173,2023,2023-08-10,9550,2023-07-31,830,022167,NA,1,1,7,1941,0,1,3,NA,2,090,SR-91 W/B,ORANGE AVENUE,200,W,N,A,-,Y,LA,NA,91,NA,R,12.558,H,NA,L,N,4,0,1,2,A,-,07,21658,A,N,C,C,A,A,H,-,A,D,0,NA,NA,NA,NA,Y,NA,A,01,0,0,1,0,0,0,0,0,0,-,-,33.87697982788086,-118.17816925048828,LOS ANGELES,LONG BEACH,-118.17816925048828,33.87694549560547
92141180,2023,2023-08-10,9575,2023-08-04,1850,023031,NA,5,2,7,1942,0,1,1,NA,2,053,I-5 N/B (GOLDEN STATE FREEWAY),VAN NUYS BOULEVARD,75,S,N,A,-,Y,LA,NA,5,NA,NA,38.495,H,NA,R,N,4,0,2,2,A,-,03,22350,NA,N,C,C,A,A,H,-,A,D,0,NA,NA,NA,NA,Y,NA,A,07,0,0,2,0,0,0,0,0,0,-,-,34.25653076171875,-118.43466186523438,LOS ANGELES,LOS ANGELES,-118.43471527099608,34.25648880004883
92141181,2023,2023-08-10,9550,2023-07-29,2045,022909,NA,6,2,7,1941,0,1,3,NA,2,090,SR-91 W/B,OBISPO AVE,450,W,N,A,-,Y,LA,NA,91,NA,R,13.778,H,NA,L,Y,4,0,1,2,A,-,07,21658,A,N,C,C,A,A,H,-,C,D,0,NA,NA,NA,Y,Y,NA,A,01,0,0,1,0,0,0,0,0,0,-,-,33.876861572265625,-118.1572036743164,LOS ANGELES,LONG BEACH,-118.15718841552734,33.876808166503906
92141208,2023,2023-08-10,9550,2023-08-01,1815,022982,NA,2,2,5,1908,0,1,3,NA,2,090,SR-91 WB,CLARK AVE.,100,E,N,A,-,Y,NA,NA,NA,NA,NA,NA,NA,NA,NA,Y,3,0,1,2,A,-,08,22107,NA,N,B,C,A,A,H,-,A,D,0,NA,NA,Y,NA,Y,NA,A,07,0,1,0,0,0,0,0,0,1,-,-,33.879600524902344,-118.13285064697266,LOS ANGELES,BELLFLOWER,-118.13358306884766,33.877132415771484
92141211,2023,2023-08-10,9535,2023-08-02,638,023365,NA,3,1,3,1914,0,1,1,NA,2,073,I-710 S/B (LONG BEACH FREEWAY),SOUTH ROAD EDGE OF I-5 S/B,80,N,N,A,-,Y,LA,NA,710,NA,NA,23.297,H,NA,L,Y,4,0,1,1,A,-,08,22107,NA,N,F,I,A,A,H,-,A,D,0,NA,NA,NA,NA,Y,NA,D,22,0,0,1,0,0,0,0,0,0,-,-,34.01662063598633,-118.17353057861328,LOS ANGELES,COMMERCE,-118.1733856201172,34.01665115356445
92141218,2023,2023-08-10,9550,2023-08-07,1710,022268,NA,1,2,6,1949,0,1,1,NA,2,652,N/B I-605 S/OF STUDEBAKER RD.,STUDEBAKER RD.,73920,S,N,A,-,Y,LA,NA,605,NA,R,4.364,H,NA,R,Y,4,0,1,5,A,-,03,22350,NA,N,C,C,A,A,H,-,A,D,0,NA,NA,NA,NA,Y,NA,A,07,0,0,1,0,0,0,0,0,0,-,-,33.867130279541016,-118.09899139404295,LOS ANGELES,NORWALK,-118.09899139404295,33.867130279541016
92141220,2023,2023-08-10,9550,2023-07-11,1710,023212,NA,2,2,9,1900,0,3,5,NA,2,001,LOCH LOMOND DR.,WESTERN AVE,200,E,N,A,-,N,NA,NA,NA,NA,NA,NA,NA,NA,NA,N,3,0,1,1,A,-,08,22107,NA,N,F,A,A,A,H,-,A,D,0,NA,NA,Y,NA,Y,NA,C,02,0,1,0,0,0,0,0,0,1,-,-,33.98041915893555,-118.05819702148438,LOS ANGELES,UNINCORPORATED,-118.05828857421876,33.98044204711914
92141225,2023,2023-08-10,9550,2023-08-02,1439,023321,NA,3,2,5,1976,0,1,1,NA,2,650,N/B I-605,WASHINGTON BLVD,800,S,N,A,-,Y,LA,NA,605,NA,R,11.84,H,NA,R,Y,3,0,5,4,A,-,03,22350,NA,F,C,C,A,A,H,-,A,D,0,NA,NA,NA,NA,Y,NA,-,99,0,5,0,0,0,0,0,0,0,-,-,33.97092819213867,-118.08138275146484,LOS ANGELES,WHITTIER,-118.08126068115234,33.970882415771484
92141253,2023,2023-08-10,9550,2023-08-03,1715,021934,NA,4,2,9,1900,0,1,1,NA,2,652,I-605 NB,SOUTH ST,2000,N,N,A,-,Y,LA,NA,605,NA,R,4.067,H,NA,R,N,4,0,2,4,A,-,03,22350,NA,N,C,C,A,A,H,-,A,D,0,NA,NA,NA,NA,Y,NA,D,22,0,0,2,0,0,0,0,0,0,-,-,33.86286926269531,-118.09771728515624,LOS ANGELES,UNINCORPORATED,-118.09744262695313,33.86294174194336
92141259,2023,2023-08-10,9575,2023-08-02,850,022503,NA,3,1,7,1942,0,1,1,NA,2,053,I-5 S/B (GOLDEN STATE FREEWAY),BRANFORD ST,488,N,N,A,-,Y,LA,NA,5,NA,NA,36.98,H,NA,L,N,4,0,2,4,A,-,03,22350,NA,N,C,C,A,A,H,-,A,D,0,NA,NA,NA,NA,Y,NA,D,22,0,0,2,0,0,0,0,0,0,-,-,34.239830017089844,-118.41737365722656,LOS ANGELES,LOS ANGELES,-118.41738891601564,34.23981857299805
92141266,2023,2023-08-10,9525,2023-08-02,530,016450,NA,3,3,1,1934,0,1,1,NA,2,651,I-605 S/B FROM LIVE OAK AVE.,LIVE OAK AVE.,440,S,N,A,-,Y,NA,NA,NA,NA,NA,NA,NA,NA,NA,Y,4,0,1,2,A,-,03,22350,NA,N,C,C,A,A,H,-,B,A,0,NA,NA,NA,NA,Y,NA,A,01,0,0,1,0,0,0,0,0,0,-,-,34.10805892944336,-117.98210906982422,LOS ANGELES,IRWINDALE,-117.98210906982422,34.10805892944336
92141267,2023,2023-08-10,9525,2023-08-07,640,015445,NA,1,1,9,1900,0,1,1,NA,2,106,I-10 E/B (SAN BERNARDINO FWY),VIA VERDE AVE.,1500,W,N,A,-,Y,LA,NA,10,NA,NA,40.175,H,NA,R,Y,4,0,1,2,A,-,08,22107,NA,N,E,8,A,B,H,-,A,D,0,NA,NA,NA,NA,Y,NA,A,01,0,0,1,0,0,0,0,0,0,-,-,34.06822967529297,-117.84456634521484,LOS ANGELES,UNINCORPORATED,-117.8446044921875,34.068389892578125
92141289,2023,2023-08-11,9565,2023-07-31,1730,022576,NA,1,2,4,1918,0,1,1,NA,2,061,I-405 S/B,SR-90,50,N,N,B,-,Y,LA,NA,405,NA,NA,25.979,H,NA,L,N,4,0,1,2,A,-,03,22350,NA,N,C,C,A,A,H,-,A,D,0,NA,NA,NA,NA,Y,NA,A,01,0,0,1,0,0,0,0,0,0,-,-,33.98809051513672,-118.39958190917967,LOS ANGELES,CULVER CITY,-118.39952850341795,33.98811721801758
92141290,2023,2023-08-11,9575,2023-08-05,1850,023134,NA,6,2,7,1942,0,1,1,NA,2,053,I-5 N/B (GOLDEN STATE FREEWAY),VAN NUYS BLVD.,35,S,N,A,-,Y,LA,NA,5,NA,NA,38.505,H,NA,R,N,4,0,1,2,A,-,03,22350,NA,M,C,C,A,A,H,-,A,A,0,NA,NA,NA,NA,Y,NA,-,99,0,0,1,0,0,0,0,0,0,-,-,34.25666046142578,-118.43475341796876,LOS ANGELES,LOS ANGELES,-118.43482971191406,34.25659942626953
92141291,2023,2023-08-11,9575,2023-08-02,1446,022839,NA,3,2,7,1942,0,1,3,NA,2,043,SR-134 E/B (VENTURA FREEWAY),I-5 S/B (GOLDEN STATE FREEWAY),1130,W,N,A,-,Y,LA,NA,134,NA,R,5.264,H,NA,R,Y,4,0,1,2,A,-,07,21658,A,N,C,2,A,A,H,-,A,D,0,NA,NA,Y,NA,Y,NA,A,01,0,0,1,0,0,0,0,0,1,-,-,34.15306091308594,-118.28656768798828,LOS ANGELES,LOS ANGELES,-118.28659057617188,34.15303421020508
92141293,2023,2023-08-11,9565,2023-07-30,1930,023173,NA,7,2,5,1928,0,1,1,NA,2,060,I-405 N/B,ROSECRANS AVE,1300,S,N,A,-,Y,LA,NA,405,NA,NA,18.968,H,NA,R,Y,4,0,1,2,A,-,07,21658,A,N,B,C,A,A,H,-,A,D,0,NA,NA,NA,NA,Y,NA,A,01,0,0,1,0,0,0,0,0,0,-,-,33.89815139770508,-118.36994934082033,LOS ANGELES,HAWTHORNE,-118.36994171142578,33.89815139770508
92141295,2023,2023-08-11,9575,2023-08-05,100,022489,NA,6,3,9,1900,0,1,1,NA,2,065,I-210 E/B (FOOTHILL FREEWAY),ROSEMEAD BLVD.,310,W,N,A,-,Y,LA,NA,210,NA,L,29.743,H,NA,R,N,4,0,1,1,A,-,08,22107,NA,N,E,I,A,A,H,-,C,D,0,NA,NA,NA,NA,Y,NA,A,07,0,0,1,0,0,0,0,0,0,-,-,34.14813995361328,-118.07449340820313,LOS ANGELES,UNINCORPORATED,-118.07447052001952,34.148048400878906
92141354,2023,2023-08-11,9575,2023-08-08,1120,021410,NA,2,1,7,1942,0,1,3,NA,2,043,SR-134 E/B (VENTURA FREEWAY),FOREST LAWN DR.,500,E,N,A,-,Y,LA,NA,134,NA,NA,4.017,H,NA,R,N,4,0,1,3,A,-,03,22350,NA,N,C,C,A,A,H,-,A,D,0,NA,NA,NA,NA,Y,NA,A,01,0,0,1,0,0,0,0,0,0,-,-,34.15570068359375,-118.30760955810548,LOS ANGELES,LOS ANGELES,-118.3075942993164,34.155643463134766
92141355,2023,2023-08-11,9575,2023-08-08,1725,022502,NA,2,2,6,1925,0,1,3,NA,2,042,SR-134 E/B (VENTURA FREEWAY),PACIFIC AVENUE,100,W,N,A,-,Y,LA,NA,134,NA,R,6.564,H,NA,R,N,4,0,1,2,A,-,03,22350,NA,N,C,C,A,A,H,-,A,D,0,NA,NA,NA,NA,Y,NA,A,01,0,0,1,0,0,0,0,0,0,-,-,34.15610122680664,-118.26492309570313,LOS ANGELES,GLENDALE,-118.26490783691406,34.15604782104492
9214137,2021,2021-03-04,1942,2021-01-01,1210,38191,1988,5,5,7,1942,0,0,0,NA,0,19A79,MUSCATINE ST,DORRINGTON AV,415,E,N,A,-,N,NA,NA,NA,NA,NA,NA,NA,NA,NA,N,4,0,2,2,A,-,21,22106,NA,N,D,C,A,A,H,-,A,D,0,NA,NA,NA,NA,Y,NA,A,07,0,0,2,0,0,0,0,0,0,-,-,NA,NA,LOS ANGELES,LOS ANGELES,-118.42730712890624,34.22844696044922
9214141,2021,2021-03-22,1942,2021-01-05,1240,36678,21136,2,5,7,1942,0,0,0,NA,0,21A5,SATICOY ST,DEERING AV,15,E,N,A,-,N,NA,NA,NA,NA,NA,NA,NA,NA,NA,N,4,0,2,3,A,-,03,22350,NA,N,C,C,A,A,H,-,A,D,0,NA,NA,NA,Y,Y,NA,A,01,0,0,2,0,0,0,0,0,0,-,-,NA,NA,LOS ANGELES,LOS ANGELES,-118.59661102294922,34.208309173583984
9214145,2021,2021-03-22,1942,2021-01-05,1325,38191,1657,2,5,7,1942,0,0,0,P,0,16A59,FOOTHILL BL,MCCLEMONT AV,83,W,N,A,-,N,NA,NA,NA,NA,NA,NA,NA,NA,NA,Y,4,0,3,4,A,-,04,21703,NA,N,C,C,A,A,H,-,A,D,0,NA,NA,NA,NA,Y,NA,D,22,0,0,3,0,0,0,0,0,0,-,-,NA,NA,LOS ANGELES,LOS ANGELES,-118.2957763671875,34.253028869628906
9214149,2021,2021-03-04,1942,2021-01-05,2150,32774,1698,2,5,7,1942,0,0,0,P,0,16A81,SAN FERNANDO RD,LEDGE AV,400,N,N,A,-,N,NA,NA,NA,NA,NA,NA,NA,NA,NA,N,3,0,1,2,A,-,11,21954,A,N,G,B,D,A,H,-,E,D,0,Y,NA,NA,NA,Y,NA,N,60,0,1,0,0,1,0,0,0,0,-,-,NA,NA,LOS ANGELES,LOS ANGELES,-118.35865783691406,34.21256637573242
9214153,2021,2021-03-18,1942,2021-01-05,1640,42768,1993,2,5,7,1942,0,0,0,NA,0,19A93,NOBLE AV,ROSCOE BL,25,S,N,A,-,N,NA,NA,NA,NA,NA,NA,NA,NA,NA,N,4,0,1,2,A,-,03,22350,NA,N,C,C,A,A,H,-,A,A,0,NA,NA,NA,NA,Y,NA,D,22,0,0,1,0,0,0,0,0,0,-,-,NA,NA,LOS ANGELES,LOS ANGELES,-118.46184539794922,34.22138977050781
9214157,2021,2021-06-02,1942,2021-01-08,1950,42818,1925,5,5,7,1942,0,0,0,NA,0,19A1,HUBBARD ST,BRADLEY AV,0,NA,Y,A,-,N,NA,NA,NA,NA,NA,NA,NA,NA,NA,Y,3,0,2,2,A,-,09,21801,A,N,A,C,A,A,H,-,C,A,0,NA,NA,NA,NA,Y,NA,I,11,0,2,0,0,0,0,0,0,0,-,-,NA,NA,LOS ANGELES,LOS ANGELES,-118.44520568847656,34.294158935546875
92141583,2023,2023-08-11,9535,2023-07-25,750,023349,NA,2,1,9,1900,0,2,4,NA,2,024,WHITTIER BLVD.,DOWNEY RD.,0,NA,Y,A,-,N,NA,NA,NA,NA,NA,NA,NA,NA,NA,Y,3,0,1,2,A,-,09,21801,A,F,D,2,A,A,H,-,A,A,0,NA,NA,NA,NA,Y,NA,-,99,0,1,0,0,0,0,0,0,0,-,-,34.023929595947266,-118.18006896972656,LOS ANGELES,UNINCORPORATED,-118.18006896972656,34.02394104003906
92141605,2023,2023-08-11,9535,2023-07-28,2122,023371,NA,5,2,9,1900,0,2,4,NA,2,015,FORD BOULEVARD (1300 BLOCK),HAMMEL STREET,160,S,N,A,-,N,NA,NA,NA,NA,NA,NA,NA,NA,NA,Y,3,0,4,3,A,-,01,23153,A,N,B,C,A,A,H,-,C,D,0,NA,NA,NA,Y,Y,Y,A,01,0,4,0,0,0,0,0,0,0,-,-,34.041900634765625,-118.16925048828124,LOS ANGELES,UNINCORPORATED,-118.16921997070313,34.041961669921875
9214161,2021,2021-03-11,1941,2021-01-06,1526,11231,NA,3,5,7,1941,0,0,0,NA,0,NA,ANAHEIM ST,PINE AV,65,E,N,A,-,N,NA,NA,NA,NA,NA,NA,NA,NA,NA,N,2,0,1,2,A,-,11,21954,A,N,A,B,D,A,H,-,A,D,0,Y,NA,NA,NA,Y,NA,N,NA,1,0,0,0,1,0,0,0,0,-,-,NA,NA,LOS ANGELES,LONG BEACH,-118.19239044189452,33.78260040283203
92141611,2023,2023-08-11,9580,2023-08-06,5,022551,NA,7,3,7,1942,0,1,3,NA,2,116,SR-118 E/B (RONALD REAGAN FWY.),WOODLEY AVE,350,W,N,A,-,Y,LA,NA,118,NA,R,8.942,H,NA,R,Y,3,0,1,1,A,-,01,23152,A,N,E,I,A,A,H,-,D,D,0,NA,NA,NA,NA,Y,Y,A,01,0,1,0,0,0,0,0,0,0,-,-,34.268619537353516,-118.48622131347656,LOS ANGELES,LOS ANGELES,-118.48613739013672,34.26869201660156
9214162,2021,2021-03-11,1941,2021-01-06,1050,6033,NA,3,5,7,1941,0,0,0,NA,0,NA,ANAHEIM,PARK,0,NA,Y,A,-,N,NA,NA,NA,NA,NA,NA,NA,NA,NA,Y,4,0,1,2,A,-,09,21801,A,N,A,C,A,A,H,-,A,A,0,NA,NA,NA,NA,Y,NA,A,NA,0,0,1,0,0,0,0,0,0,-,-,NA,NA,LOS ANGELES,LONG BEACH,-118.14056396484376,33.782596588134766
92141622,2023,2023-08-11,9580,2023-08-08,745,019451,NA,2,1,7,1942,0,1,2,NA,2,103,US-101 S/B (VENTURA FREEWAY),I-405 S/B (SAN DIEGO FWY),528,N,N,A,-,Y,LA,NA,101,NA,NA,17.452,H,NA,L,N,4,0,1,2,A,-,03,22350,NA,M,C,C,A,A,H,-,A,D,0,NA,NA,NA,NA,Y,NA,-,99,0,0,1,0,0,0,0,0,0,-,-,34.163448333740234,-118.47255706787108,LOS ANGELES,LOS ANGELES,-118.47248840332033,34.163490295410156
92141623,2023,2023-08-11,9580,2023-08-09,2250,022551,NA,3,3,7,1942,0,1,3,NA,2,171,SR-170 S/B  FROM BURBANK BLVD.,BURBANK BLVD,50,S,N,A,-,Y,NA,NA,NA,NA,NA,NA,NA,NA,NA,Y,4,0,1,2,A,-,08,22107,NA,N,B,C,A,A,H,-,D,D,0,NA,NA,NA,NA,Y,NA,A,07,0,0,1,0,0,0,0,0,0,-,-,34.17171096801758,-118.38915252685548,LOS ANGELES,LOS ANGELES,-118.38915252685548,34.17171096801758
9214163,2021,2021-03-11,1941,2021-01-05,1302,11029,NA,2,5,7,1941,0,0,0,NA,0,NA,PINE AV,POLE #QA1157,8,N,N,A,-,N,NA,NA,NA,NA,NA,NA,NA,NA,NA,Y,3,0,1,1,A,-,07,21658,A,N,A,I,A,A,H,-,A,D,0,NA,NA,NA,NA,Y,NA,A,NA,0,1,0,0,0,0,0,0,0,-,-,NA,NA,LOS ANGELES,LONG BEACH,NA,NA
92141631,2023,2023-08-11,9580,2023-08-01,954,019952,NA,2,1,7,1942,0,1,2,NA,2,105,US-101 S/B (VENTURA FREEWAY),BURBANK BLVD,100,N,N,A,-,Y,LA,NA,101,NA,NA,21.052,H,NA,L,N,3,0,1,2,A,-,03,22350,NA,N,C,C,A,A,H,-,A,D,0,NA,NA,NA,NA,Y,NA,D,22,0,1,0,0,0,0,0,0,0,-,-,34.17216873168945,-118.53269958496094,LOS ANGELES,LOS ANGELES,-118.53271484375,34.172142028808594
92141635,2023,2023-08-11,9580,2023-08-02,240,019876,NA,3,3,7,1942,0,1,2,NA,2,103,US-101 S/B (VENTURA FREEWAY),HAYVENHURST AVE,100,N,N,A,-,Y,LA,NA,101,NA,NA,18.685,H,NA,L,Y,4,0,1,1,A,-,08,22107,NA,N,E,I,A,A,D,-,C,D,0,NA,NA,NA,NA,Y,NA,A,01,0,0,1,0,0,0,0,0,0,-,-,34.16563034057617,-118.49352264404295,LOS ANGELES,LOS ANGELES,-118.49347686767578,34.16569900512695
9214164,2021,2021-03-12,1941,2021-01-04,1935,11560,NA,1,5,7,1941,0,0,0,NA,0,NA,PACIFIC AV,RT 1,452,N,N,A,-,N,NA,NA,NA,NA,NA,NA,NA,NA,NA,N,4,0,1,2,A,-,11,21954,A,N,G,B,D,A,H,-,C,D,0,Y,NA,NA,NA,Y,NA,N,NA,0,0,1,0,1,0,0,0,0,-,-,NA,NA,LOS ANGELES,LONG BEACH,-118.19367980957033,33.79110336303711
92141642,2023,2023-08-11,9540,2023-08-04,1735,021374,NA,5,2,9,1900,0,2,4,NA,2,081,THE OLD ROAD,LIVE OAK RD,400,S,N,A,-,N,NA,NA,NA,NA,NA,NA,NA,NA,NA,Y,3,0,2,2,A,-,09,21801,A,N,D,C,A,A,H,-,A,D,0,NA,NA,NA,NA,Y,NA,A,01,0,2,0,0,0,0,0,0,0,-,-,34.4521598815918,-118.6156005859375,LOS ANGELES,UNINCORPORATED,-118.61566162109376,34.45226287841797