CASE_ID,ACCIDENT_YEAR,PROC_DATE,JURIS,COLLISION_DATE,COLLISION_TIME,OFFICER_ID,REPORTING_DISTRICT,DAY_OF_WEEK,CHP_SHIFT,POPULATION,CNTY_CITY_LOC,SPECIAL_COND,BEAT_TYPE,CHP_BEAT_TYPE,CITY_DIVISION_LAPD,CHP_BEAT_CLASS,BEAT_NUMBER,PRIMARY_RD,SECONDARY_RD,DISTANCE,DIRECTION,INTERSECTION,WEATHER_1,WEATHER_2,STATE_HWY_IND,CALTRANS_COUNTY,CALTRANS_DISTRICT,STATE_ROUTE,ROUTE_SUFFIX,POSTMILE_PREFIX,POSTMILE,LOCATION_TYPE,RAMP_INTERSECTION,SIDE_OF_HWY,TOW_AWAY,COLLISION_SEVERITY,NUMBER_KILLED,NUMBER_INJURED,PARTY_COUNT,PRIMARY_COLL_FACTOR,PCF_CODE_OF_VIOL,PCF_VIOL_CATEGORY,PCF_VIOLATION,PCF_VIOL_SUBSECTION,HIT_AND_RUN,TYPE_OF_COLLISION,MVIW,PED_ACTION,ROAD_SURFACE,ROAD_COND_1,ROAD_COND_2,LIGHTING,CONTROL_DEVICE,CHP_ROAD_TYPE,PEDESTRIAN_ACCIDENT,BICYCLE_ACCIDENT,MOTORCYCLE_ACCIDENT,TRUCK_ACCIDENT,NOT_PRIVATE_PROPERTY,ALCOHOL_INVOLVED,STWD_VEHTYPE_AT_FAULT,CHP_VEHTYPE_AT_FAULT,COUNT_SEVERE_INJ,COUNT_VISIBLE_INJ,COUNT_COMPLAINT_PAIN,COUNT_PED_KILLED,COUNT_PED_INJURED,COUNT_BICYCLIST_KILLED,COUNT_BICYCLIST_INJURED,COUNT_MC_KILLED,COUNT_MC_INJURED,PRIMARY_RAMP,SECONDARY_RAMP,LATITUDE,LONGITUDE,COUNTY,CITY,POINT_X,POINT_Y
92142234,2023,2023-08-14,9565,2023-08-01,1710,021759,NA,2,2,7,1942,0,1,1,NA,2,063,I-405 N/B,WILSHIRE BOULEVARD,1373,S,N,A,-,Y,LA,NA,405,NA,NA,31.275,H,NA,R,Y,3,0,1,2,A,-,08,22107,NA,N,B,C,A,A,H,-,A,D,0,NA,NA,Y,NA,Y,NA,C,02,0,1,0,0,0,0,0,0,1,-,-,34.052330017089844,-118.44956970214844,LOS ANGELES,LOS ANGELES,-118.44949340820313,34.05235290527344
92142238,2023,2023-08-14,9590,2023-08-09,1155,018345,NA,3,1,7,1942,0,1,1,NA,2,062,I-10 EASTBOUND (SANTA MONICA FREEWAY) COLLECTOR RO,HOOVER ST.,196,E,N,B,-,Y,NA,NA,NA,NA,NA,NA,NA,NA,NA,N,4,0,1,3,A,-,03,22350,NA,N,C,C,A,A,H,-,A,D,0,NA,NA,NA,NA,Y,NA,A,01,0,0,1,0,0,0,0,0,0,-,-,34.03681945800781,-118.28357696533205,LOS ANGELES,LOS ANGELES,-118.28363800048828,34.0371208190918
92142241,2023,2023-08-14,9565,2023-08-01,1515,022057,NA,2,2,9,1900,0,1,1,NA,2,060,I-405 N/B (SAN DIEGO FREEWAY),EL SEGUNDO BOULEVARD,350,S,N,A,-,Y,LA,NA,405,NA,NA,20.108,H,NA,R,N,3,0,1,2,A,-,08,22107,NA,N,B,C,A,A,H,-,A,D,0,NA,NA,NA,NA,Y,NA,A,01,0,1,0,0,0,0,0,0,0,-,-,33.914710998535156,-118.37035369873048,LOS ANGELES,UNINCORPORATED,-118.37027740478516,33.914710998535156
92142242,2023,2023-08-14,9590,2023-08-09,1215,021762,NA,3,1,7,1942,0,1,1,NA,2,052,I-110 N/B (HARBOR FREEWAY),30TH STREET,350,S,N,A,-,Y,LA,NA,110,NA,NA,20.395,H,NA,R,N,4,0,1,3,A,-,03,22350,NA,F,C,C,A,A,H,-,A,D,0,NA,NA,NA,NA,Y,NA,-,99,0,0,1,0,0,0,0,0,0,-,-,34.02334976196289,-118.27657318115234,LOS ANGELES,LOS ANGELES,-118.2767333984375,34.023406982421875
92142243,2023,2023-08-14,9565,2023-08-01,1550,022780,NA,2,2,6,1933,0,1,1,NA,2,060,I-405 S/B (SAN DIEGO FREEWAY),CENTURY BOULEVARD,250,S,N,A,-,Y,LA,NA,405,NA,NA,22.075,H,NA,L,Y,3,0,1,2,A,-,03,22350,NA,N,C,C,A,A,H,-,A,D,0,NA,NA,NA,NA,Y,NA,A,01,0,1,0,0,0,0,0,0,0,-,-,33.94309997558594,-118.36858367919922,LOS ANGELES,INGLEWOOD,-118.36856079101564,33.94309997558594
92142249,2023,2023-08-14,9565,2023-08-01,1355,023173,NA,2,1,9,1900,0,2,4,NA,1,041,HAWTHORNE BLVD N/B,LENNOX BLVD,460,S,N,A,-,N,NA,NA,NA,NA,NA,NA,NA,NA,NA,Y,4,0,1,2,A,-,08,22107,NA,N,C,E,A,A,H,-,A,D,0,NA,NA,NA,NA,Y,NA,A,01,0,0,1,0,0,0,0,0,0,-,-,33.93684005737305,-118.35246276855467,LOS ANGELES,UNINCORPORATED,-118.35272216796876,33.936920166015625
92142255,2023,2023-08-14,9565,2023-08-01,622,022764,NA,2,1,9,1900,0,1,1,NA,2,012,I-105 W/B (CENTURY FWY),WILTON PL,50,E,N,A,-,Y,LA,NA,105,NA,R,5.499,H,NA,L,N,4,0,1,2,A,-,07,21658,A,N,B,C,A,A,H,-,A,D,0,NA,NA,Y,NA,Y,NA,A,07,0,0,1,0,0,0,0,0,1,-,-,33.92552947998047,-118.3131866455078,LOS ANGELES,UNINCORPORATED,-118.3131866455078,33.925594329833984
92142257,2023,2023-08-14,9565,2023-08-01,728,015587,NA,2,1,9,1900,0,1,1,NA,2,063,I-405 S/B TO WILSHIRE BLVD. W/B,WILSHIRE BLVD.,14,N,N,A,-,Y,NA,NA,NA,NA,NA,NA,NA,NA,NA,N,4,0,1,2,C,-,18,NA,NA,N,C,C,A,A,H,-,A,D,0,NA,NA,NA,NA,Y,NA,-,-,0,0,1,0,0,0,0,0,0,-,-,34.05524826049805,-118.45343780517578,LOS ANGELES,UNINCORPORATED,-118.45343780517578,34.05524826049805
92142259,2023,2023-08-14,9565,2023-08-01,1516,022057,NA,2,2,9,1900,0,1,1,NA,2,060,I-405 N/B (SAN DIEGO FREEWAY),EL SEGUNDO BOULEVARD,300,S,N,A,-,Y,LA,NA,405,NA,NA,20.066,H,NA,R,Y,3,0,3,4,A,-,07,21658,A,N,B,C,A,A,H,-,A,D,0,NA,NA,NA,NA,Y,NA,A,01,0,1,2,0,0,0,0,0,0,-,-,33.914100646972656,-118.37039184570313,LOS ANGELES,UNINCORPORATED,-118.37028503417967,33.914100646972656
92142280,2023,2023-08-14,9575,2023-08-08,455,023009,NA,2,3,7,1942,0,1,1,NA,2,060,I-210 W/B (FOOTHILL FREEWAY),TERRA BELLA ST.,164,E,N,A,-,Y,LA,NA,210,NA,R,7.217,H,NA,L,Y,4,0,2,2,A,-,08,22107,NA,N,B,2,A,A,H,-,C,D,0,NA,NA,NA,NA,Y,NA,A,07,0,0,2,0,0,0,0,0,0,-,-,34.277549743652344,-118.39112854003906,LOS ANGELES,LOS ANGELES,-118.39112854003906,34.27756118774414
92142417,2023,2023-08-14,9525,2023-08-06,2025,023176,NA,7,2,4,1937,0,2,S,NA,2,901,SUNSET AVE,FAIRGROVE AVE,0,NA,Y,A,-,N,NA,NA,NA,NA,NA,NA,NA,NA,NA,Y,4,0,4,2,D,-,00,NA,NA,N,D,C,A,A,H,-,B,A,0,NA,NA,NA,NA,Y,NA,-,-,0,0,4,0,0,0,0,0,0,-,-,34.04914855957031,-117.95906066894533,LOS ANGELES,LA PUENTE,-117.95909118652344,34.04916000366211
92142420,2023,2023-08-14,9525,2023-08-05,1840,021545,NA,6,2,6,1955,0,1,1,NA,2,119,I-10 W/B (SAN BERNARDINO FWY),WHITE AVE,300,E,N,A,-,Y,LA,NA,10,NA,NA,45.449,H,NA,L,Y,3,0,1,2,A,-,07,21658,A,F,B,C,A,A,H,-,A,D,0,NA,NA,Y,NA,Y,NA,C,02,0,1,0,0,0,0,0,0,1,-,-,34.07215881347656,-117.75676727294922,LOS ANGELES,POMONA,-117.75676727294922,34.07215118408203
92142425,2023,2023-08-14,9590,2023-08-01,1450,023266,NA,2,2,7,1942,0,1,1,NA,2,052,I-110 NB (HARBOR FREEWAY),39TH ST,50,S,N,A,-,Y,LA,NA,110,NA,NA,19.672,H,NA,R,N,4,0,2,2,A,-,03,22350,NA,N,C,C,A,A,H,-,A,D,0,NA,NA,NA,NA,Y,NA,A,01,0,0,2,0,0,0,0,0,0,-,-,34.0135383605957,-118.28067779541016,LOS ANGELES,LOS ANGELES,-118.2808837890625,34.01354217529297
92142426,2023,2023-08-14,9590,2023-08-09,1550,017878,NA,3,2,7,1942,0,1,3,NA,2,095,SR-2 W/B (GLF),GLENDALE BLVD,500,W,N,B,-,Y,LA,NA,2,NA,NA,14.122,H,NA,L,N,3,0,2,2,A,-,03,22350,NA,N,C,C,A,A,H,-,A,D,0,NA,NA,NA,NA,Y,NA,A,01,0,2,0,0,0,0,0,0,0,-,-,34.09035873413086,-118.25927734375,LOS ANGELES,LOS ANGELES,-118.2590789794922,34.09027862548828
92142431,2023,2023-08-14,9590,2023-08-06,1500,022520,NA,7,2,7,1942,0,1,1,NA,2,062,I-10 E/B (SANTA MONICA FREEWAY),VERMONT AVENUE,605,W,N,A,-,Y,LA,NA,10,NA,R,13.698,H,NA,R,N,4,0,3,2,A,-,03,22350,NA,N,C,C,A,A,H,-,A,D,0,NA,NA,NA,NA,Y,NA,A,07,0,0,3,0,0,0,0,0,0,-,-,34.036800384521484,-118.29371643066406,LOS ANGELES,LOS ANGELES,-118.29371643066406,34.036865234375
92142434,2023,2023-08-14,9590,2023-08-07,1238,021848,NA,1,1,7,1942,0,1,2,NA,2,071,US-101 S/B (HOLLYWOOD FREEWAY),BONNIE BRAE ST,100,N,N,A,-,Y,LA,NA,101,NA,NA,2.744,H,NA,L,N,4,0,1,2,A,-,03,22350,NA,N,C,C,A,A,H,-,A,D,0,NA,NA,NA,NA,Y,NA,A,01,0,0,1,0,0,0,0,0,0,-,-,34.07109832763672,-118.26509857177734,LOS ANGELES,LOS ANGELES,-118.26508331298828,34.071128845214844
92142437,2023,2023-08-14,9590,2023-08-06,1006,021848,NA,7,1,7,1942,0,1,2,NA,2,071,US-101 S/B (HOLLYWOOD FREEWAY),GLENDALE BOULEVARD,200,S,N,A,-,Y,LA,NA,101,NA,NA,2.446,H,NA,L,N,4,0,1,2,A,-,03,22350,NA,N,C,C,A,A,H,-,A,D,0,NA,NA,NA,NA,Y,NA,A,01,0,0,1,0,0,0,0,0,0,-,-,34.06924057006836,-118.2602996826172,LOS ANGELES,LOS ANGELES,-118.2602767944336,34.06928634643555
92142438,2023,2023-08-14,9525,2023-08-11,2030,021545,NA,5,2,6,1955,0,1,1,NA,2,120,I-10 E/B (SAN BERNARDINO FWY),TOWNE AVE,400,W,N,A,-,Y,LA,NA,10,NA,NA,46.245,H,NA,R,N,4,0,1,2,A,-,07,21658,A,M,B,C,A,A,H,-,A,D,0,NA,NA,NA,NA,Y,NA,A,01,0,0,1,0,0,0,0,0,0,-,-,34.077049255371094,-117.7443389892578,LOS ANGELES,POMONA,-117.74433135986328,34.07703399658203
92142442,2023,2023-08-14,9525,2023-08-12,705,019966,NA,6,1,9,1900,0,1,1,NA,2,106,I-10 E/B (SAN BERNARDINO FWY),VIA VERDE ST.,1500,W,N,A,-,Y,LA,NA,10,NA,NA,40.152,H,NA,R,N,4,0,1,2,A,-,07,21658,A,N,B,C,A,A,H,-,A,D,0,NA,NA,NA,NA,Y,NA,A,01,0,0,1,0,0,0,0,0,0,-,-,34.06829071044922,-117.84500885009766,LOS ANGELES,UNINCORPORATED,-117.8450164794922,34.06833267211914
92142455,2023,2023-08-14,9590,2023-08-04,1840,022520,NA,5,2,7,1942,0,1,1,NA,2,053,I-110 S/B (HARBOR FREEWAY),7TH STREET,270,N,N,A,-,Y,LA,NA,110,NA,NA,22.616,H,NA,L,N,4,0,2,3,A,-,03,22350,NA,M,C,C,A,A,H,-,A,D,0,NA,NA,NA,NA,Y,NA,-,99,0,0,2,0,0,0,0,0,0,-,-,34.050819396972656,-118.26187896728516,LOS ANGELES,LOS ANGELES,-118.2619171142578,34.050865173339844
92142464,2023,2023-08-14,9525,2023-08-12,1720,021545,NA,6,2,4,1913,0,1,1,NA,2,110,I-10 E/B (SAN BERNARDINO FWY),INDIAN HILL BLVD,200,W,N,A,-,Y,LA,NA,10,NA,NA,47.503,H,NA,R,Y,3,0,1,2,A,-,03,22350,NA,N,C,C,A,A,H,-,A,D,0,NA,NA,NA,NA,Y,NA,A,01,0,1,0,0,0,0,0,0,0,-,-,34.081581115722656,-117.72348785400392,LOS ANGELES,CLAREMONT,-117.72348785400392,34.08158493041992
92142732,2023,2024-03-20,9525,2023-08-04,1558,022569,NA,5,2,5,1990,0,1,3,NA,2,571,SR-57 S/B (ORANGE FREEWAY),TEMPLE AVE,700,S,N,A,-,Y,LA,NA,57,NA,NA,5.897,H,NA,L,N,4,0,1,1,A,-,08,22107,NA,N,E,I,A,A,H,-,A,D,0,NA,NA,NA,NA,Y,NA,D,22,0,0,1,0,0,0,0,0,0,-,-,34.0400390625,-117.80312347412108,LOS ANGELES,DIAMOND BAR,-117.80313873291016,34.0400505065918
92142737,2023,2023-08-14,9530,2023-07-26,1740,023090,NA,3,2,9,1900,0,3,5,NA,2,002,AVALON BLVD.,ROSECRANS AVE.,16,N,N,A,-,N,NA,NA,NA,NA,NA,NA,NA,NA,NA,N,3,0,1,3,A,-,08,22107,NA,N,D,C,A,A,H,-,A,A,0,NA,NA,NA,NA,Y,NA,D,22,0,1,0,0,0,0,0,0,0,-,-,33.902339935302734,-118.26531219482422,LOS ANGELES,UNINCORPORATED,-118.26528167724608,33.902183532714844
92142742,2023,2023-08-14,9530,2023-07-30,1140,023188,NA,7,1,9,1900,0,3,5,NA,2,002,EL SEGUNDO BLVD,WILLOWBROOK AVE.,0,NA,Y,A,-,N,NA,NA,NA,NA,NA,NA,NA,NA,NA,Y,3,0,1,2,A,-,12,21453,A,N,D,C,A,A,H,-,A,A,0,NA,NA,NA,NA,Y,NA,A,01,0,1,0,0,0,0,0,0,0,-,-,33.916259765625,-118.2316665649414,LOS ANGELES,UNINCORPORATED,-118.23171997070313,33.916255950927734
92142743,2023,2023-08-14,9530,2023-08-01,550,023188,NA,2,3,9,1900,0,3,5,NA,2,002,WILMINGTON AVE.,120TH ST.,0,NA,Y,A,-,N,NA,NA,NA,NA,NA,NA,NA,NA,NA,Y,3,0,1,2,A,-,12,21453,A,N,A,C,A,A,H,-,B,A,0,NA,NA,NA,NA,Y,NA,A,07,0,1,0,0,0,0,0,0,0,-,-,33.924659729003906,-118.23915863037108,LOS ANGELES,UNINCORPORATED,-118.2391357421875,33.924617767333984
92142746,2023,2023-08-14,9540,2023-08-03,1850,020678,NA,4,2,9,1900,0,3,5,NA,2,200,ESCONDIDO CANYON RD.,PURITAN MINE RD.,5,S,N,A,-,N,NA,NA,NA,NA,NA,NA,NA,NA,NA,Y,4,0,1,2,A,-,03,22350,NA,N,C,C,A,A,H,-,A,D,0,NA,NA,NA,NA,Y,NA,A,07,0,0,1,0,0,0,0,0,0,-,-,34.50408935546875,-118.24565887451172,LOS ANGELES,UNINCORPORATED,-118.24555206298828,34.50407791137695
92142754,2023,2023-08-14,9535,2023-07-27,1630,022808,NA,4,2,3,1968,0,1,3,NA,2,620,SR-60 EB (POMONA FREEWAY),PECK RD,1415,W,N,A,-,Y,LA,NA,60,NA,NA,10.742,H,NA,R,Y,2,0,1,2,A,-,07,21658,A,N,B,C,A,A,H,-,A,D,0,NA,NA,NA,NA,Y,NA,D,22,1,0,0,0,0,0,0,0,0,-,-,34.038150787353516,-118.043212890625,LOS ANGELES,SOUTH EL MONTE,-118.043212890625,34.038143157958984
92142760,2023,2023-08-14,9530,2023-05-18,1810,023090,NA,4,2,7,1941,0,1,1,NA,2,430,I-405 S/B (SAN DIEGO FREEWAY),LAKEWOOD BLVD.,1840,N,N,A,-,Y,LA,NA,405,NA,NA,2.96,H,NA,L,Y,4,0,1,2,C,-,18,NA,NA,N,C,C,A,A,H,-,A,D,0,NA,NA,NA,NA,Y,NA,-,-,0,0,1,0,0,0,0,0,0,-,-,33.8031005859375,-118.13716888427734,LOS ANGELES,LONG BEACH,-118.13719177246094,33.803035736083984
92142773,2023,2023-08-14,9530,2023-07-15,45,022380,NA,6,3,5,1915,0,1,3,NA,2,310,SR-91 E/B (ARTESIA FREEWAY),WILMINGTON AVE,528,W,N,A,-,Y,LA,NA,91,NA,R,9.035,H,NA,R,N,4,0,1,4,A,-,03,22350,NA,N,B,C,E,A,H,-,C,D,0,Y,NA,Y,NA,Y,NA,C,02,0,0,1,0,1,0,0,0,0,-,-,33.87363815307617,-118.23827362060548,LOS ANGELES,COMPTON,-118.23826599121094,33.87356185913086
92142803,2023,2023-08-14,9580,2023-08-02,950,019952,NA,3,1,7,1942,0,1,2,NA,2,103,US-101 S/B (VENTURA FREEWAY),HAYVENHURST AVE,150,S,N,A,-,Y,LA,NA,101,NA,NA,18.541,H,NA,L,N,4,0,2,2,A,-,03,22350,NA,N,C,C,A,A,H,-,A,D,0,NA,NA,NA,NA,Y,NA,A,01,0,0,2,0,0,0,0,0,0,-,-,34.165138244628906,-118.49108123779295,LOS ANGELES,LOS ANGELES,-118.49108123779295,34.16511917114258
92142818,2023,2023-08-14,9525,2023-08-07,1600,022521,NA,1,2,9,1900,0,3,5,NA,2,002,CYPRESS ST,LARK ELLEN AVE,0,NA,Y,A,-,N,NA,NA,NA,NA,NA,NA,NA,NA,NA,Y,4,0,1,3,A,-,12,21453,A,N,D,2,A,A,H,-,A,A,0,NA,NA,NA,NA,Y,NA,A,07,0,0,1,0,0,0,0,0,0,-,-,34.09577941894531,-117.91664123535156,LOS ANGELES,UNINCORPORATED,-117.91661071777344,34.09584426879883
92142821,2023,2023-08-14,9525,2023-08-07,1710,022521,NA,1,2,9,1900,0,3,5,NA,2,002,ARROW HIGHWAY,VINCENT AVE,0,NA,Y,A,-,N,NA,NA,NA,NA,NA,NA,NA,NA,NA,Y,4,0,2,2,A,-,09,21801,A,N,D,C,A,A,H,-,A,A,0,NA,NA,NA,NA,Y,NA,A,07,0,0,2,0,0,0,0,0,0,-,-,34.106929779052734,-117.92533111572266,LOS ANGELES,UNINCORPORATED,-117.92537689208984,34.10694122314453
92142874,2023,2023-08-14,9535,2023-08-01,1542,023371,NA,2,2,9,1900,0,2,4,NA,2,011,EASTERN AVE,PASEO RANCHO CASTILLA,0,NA,Y,A,-,N,NA,NA,NA,NA,NA,NA,NA,NA,NA,Y,3,0,1,2,A,-,12,21453,A,N,D,C,A,A,H,-,A,A,0,NA,NA,Y,NA,Y,NA,C,02,0,1,0,0,0,0,0,0,1,-,-,34.06126022338867,-118.17401885986328,LOS ANGELES,UNINCORPORATED,-118.1739501953125,34.06121063232422
92142881,2023,2023-08-14,9530,2023-07-29,2040,023235,NA,6,2,9,1900,0,3,5,NA,2,004,DEL AMO BLVD.,SUSANA RD.,0,NA,Y,A,-,N,NA,NA,NA,NA,NA,NA,NA,NA,NA,Y,4,0,1,2,A,-,12,21453,A,N,A,C,A,A,H,-,C,A,0,NA,NA,NA,NA,Y,NA,A,07,0,0,1,0,0,0,0,0,0,-,-,33.8466796875,-118.20694732666016,LOS ANGELES,UNINCORPORATED,-118.20680236816406,33.8465690612793
92142931,2023,2023-08-14,9535,2023-08-02,1640,023247,NA,3,2,5,1901,0,1,1,NA,2,420,I-10 W/B (SAN BERNARDINO FREEWAY),GARFIELD AVE,1000,E,N,A,-,Y,LA,NA,10,S,NA,24.136,H,NA,R,Y,3,0,3,3,A,-,03,22350,NA,N,C,C,A,A,H,-,A,D,0,NA,NA,NA,NA,Y,NA,D,22,0,1,2,0,0,0,0,0,0,-,-,34.07155990600586,-118.1203384399414,LOS ANGELES,ALHAMBRA,-118.1203384399414,34.07162094116211
92142942,2023,2023-08-14,9565,2023-08-02,1215,017060,NA,3,1,6,1933,0,1,1,NA,2,060,I-405 SOUTHBOUND (SAN DIEGO FREEWAY),CENTURY BLVD.,50,S,N,A,-,Y,LA,NA,405,NA,NA,22.187,H,NA,L,N,4,0,1,2,A,-,08,22107,NA,F,B,C,A,A,H,-,A,D,0,NA,NA,NA,NA,Y,NA,-,99,0,0,1,0,0,0,0,0,0,-,-,33.94472885131836,-118.36853790283205,LOS ANGELES,INGLEWOOD,-118.36853790283205,33.94472885131836
92142970,2023,2023-08-14,9535,2023-07-28,1245,023264,NA,5,1,5,1947,0,1,3,NA,2,621,SR-60 (POMONA FREEWAY) W/B,MARKLAND DR,1500,E,N,A,-,Y,LA,NA,60,NA,R,6.595,H,NA,L,N,2,0,3,4,A,-,07,21658,A,N,B,C,A,A,H,-,A,D,0,NA,NA,NA,Y,Y,NA,A,01,1,0,2,0,0,0,0,0,0,-,-,34.03337097167969,-118.11309051513672,LOS ANGELES,MONTEBELLO,-118.11309814453124,34.033443450927734
92142988,2023,2023-08-14,9575,2023-08-03,630,023243,NA,4,1,7,1942,0,1,1,NA,2,052,I-5 N/B (GOLDEN STATE FREEWAY),SUNLAND BOULEVARD,1060,S,N,A,-,Y,LA,NA,5,NA,NA,33.463,H,NA,R,Y,3,0,1,2,A,-,01,23152,A,N,F,C,A,A,H,-,A,A,0,NA,NA,NA,NA,Y,Y,A,07,0,1,0,0,0,0,0,0,0,-,-,34.22196960449219,-118.36283111572266,LOS ANGELES,LOS ANGELES,-118.3628387451172,34.22189712524414
92142999,2023,2023-08-14,9535,2023-07-29,2015,023244,NA,6,2,5,1959,0,1,1,NA,2,400,I-10 E/B (SAN BERNARDINO FREEWAY),WALNUT GROVE AVE,1056,W,N,A,-,Y,LA,NA,10,NA,NA,26.514,H,NA,R,N,4,0,1,2,D,-,00,NA,NA,N,D,C,A,A,H,-,D,D,0,NA,NA,NA,NA,Y,NA,-,-,0,0,1,0,0,0,0,0,0,-,-,34.07196044921875,-118.07903289794922,LOS ANGELES,ROSEMEAD,-118.07903289794922,34.071998596191406
92143006,2023,2023-08-14,9580,2023-08-08,1653,022632,NA,2,2,7,1942,0,1,3,NA,2,114,SR-118 E/B TO I-5 S/B,ARLETA AVE,600,E,N,A,-,Y,LA,NA,118,NA,R,11.209,H,NA,R,N,4,0,1,2,A,-,08,22107,NA,N,C,C,A,A,H,-,A,D,0,NA,NA,NA,NA,Y,NA,D,22,0,0,1,0,0,0,0,0,0,-,-,34.2657585144043,-118.44757080078124,LOS ANGELES,LOS ANGELES,-118.44759368896484,34.26593017578125
92143009,2023,2023-08-14,9580,2023-08-08,1857,022632,NA,2,2,7,1942,0,1,1,NA,2,406,I-405 N/B (SAN DIEGO FWY),PARTHENIA ST,20,S,N,A,-,Y,LA,NA,405,NA,NA,44.24,H,NA,R,N,4,0,3,2,A,-,07,21658,A,N,B,C,A,A,H,-,A,D,0,NA,NA,NA,NA,Y,NA,-,-,0,0,3,0,0,0,0,0,0,-,-,34.2281494140625,-118.47296905517578,LOS ANGELES,LOS ANGELES,-118.4730224609375,34.2281494140625
92143016,2023,2023-08-14,9575,2023-08-08,840,023227,NA,2,1,7,1942,0,1,1,NA,2,053,I-5 N/B (GOLDEN STATE FREEWAY),VAN NUYS BLVD,580,N,N,A,-,Y,LA,NA,5,NA,NA,38.637,H,NA,R,N,4,0,1,3,A,-,03,22350,NA,N,C,C,A,A,H,-,A,D,0,NA,NA,NA,NA,Y,NA,A,07,0,0,1,0,0,0,0,0,0,-,-,34.25809860229492,-118.43627166748048,LOS ANGELES,LOS ANGELES,-118.43635559082033,34.25804138183594
92143031,2023,2023-08-14,9525,2023-08-09,231,022772,NA,3,3,6,1955,0,1,1,NA,2,107,I-10 W/B (SAN BERNARDINO FWY),FAIRPLEX DR.,75,E,N,A,-,Y,LA,NA,10,NA,NA,43.681,H,NA,L,Y,3,0,1,2,C,-,18,NA,NA,N,D,E,A,A,H,-,D,D,0,NA,NA,NA,NA,Y,NA,-,-,0,1,0,0,0,0,0,0,0,-,-,34.072959899902344,-117.787109375,LOS ANGELES,POMONA,-117.78710174560548,34.07291793823242
92143044,2023,2023-08-14,9525,2023-08-10,1650,022521,NA,4,2,6,1955,0,1,3,NA,2,071,SR-71 S/B FROM SR-57 (CHINO VALLEY FWY),I-10 E/B (SAN BERNARDINO FWY),2640,S,N,A,-,Y,LA,NA,71,NA,R,0.862,H,NA,L,Y,4,0,2,4,A,-,03,22350,NA,N,C,C,A,A,H,-,A,D,0,NA,NA,NA,Y,Y,NA,G,25,0,0,2,0,0,0,0,0,0,-,-,34.06538009643555,-117.79917144775392,LOS ANGELES,POMONA,-117.7991180419922,34.06549072265625
92143062,2023,2023-08-14,9580,2023-08-13,2105,023155,NA,7,2,7,1942,0,1,2,NA,2,103,US-101 S/B (VENTURA FREEWAY),WOODMAN AVE,53,N,N,A,-,Y,LA,NA,101,NA,NA,15.659,H,NA,L,N,4,0,1,2,A,-,08,22107,NA,M,B,C,A,A,H,-,C,D,0,NA,NA,NA,NA,Y,Y,-,99,0,0,1,0,0,0,0,0,0,-,-,34.15528869628906,-118.44445037841795,LOS ANGELES,LOS ANGELES,-118.44446563720705,34.155242919921875
92143080,2023,2023-08-14,9590,2023-08-04,146,021122,NA,5,3,7,1942,0,1,2,NA,2,073,US-101 S/B (HOLLYWOOD FREEWAY) (HOF),NORMANDIE AVENUE,560,N,N,A,-,Y,LA,NA,101,NA,NA,5.12,H,NA,L,Y,3,0,1,2,A,-,01,23152,A,N,C,C,A,A,H,-,C,D,0,NA,NA,NA,NA,Y,Y,A,01,0,1,0,0,0,0,0,0,0,-,-,34.085750579833984,-118.3020477294922,LOS ANGELES,LOS ANGELES,-118.3020248413086,34.08577346801758
92143083,2023,2023-08-14,9530,2023-08-04,510,023188,NA,5,3,5,1943,0,1,1,NA,2,210,I-105 E/B (GLENN ANDERSON FWY),WILMINGTON AVE.,2112,E,N,A,-,Y,LA,NA,105,NA,R,10.142,H,NA,R,Y,3,0,1,3,A,-,03,22350,NA,N,C,C,A,A,C,-,C,D,0,NA,NA,NA,NA,Y,NA,A,01,0,1,0,0,0,0,0,0,0,-,-,33.92781066894531,-118.23301696777344,LOS ANGELES,LYNWOOD,-118.23302459716795,33.9278564453125
92143104,2023,2023-08-14,9525,2023-08-11,950,018992,NA,5,1,4,1913,0,1,1,NA,2,110,I-10 E/B (SAN BERNARDINO FWY),INDIAN HILL BLVD,200,W,N,A,-,Y,LA,NA,10,NA,NA,47.7,H,NA,R,N,4,0,1,2,A,-,03,22350,NA,N,C,C,A,A,H,-,A,D,0,NA,NA,NA,Y,Y,NA,G,25,0,0,1,0,0,0,0,0,0,-,-,34.081600189208984,-117.72006225585938,LOS ANGELES,CLAREMONT,-117.72006225585938,34.081642150878906