CASE_ID,ACCIDENT_YEAR,PROC_DATE,JURIS,COLLISION_DATE,COLLISION_TIME,OFFICER_ID,REPORTING_DISTRICT,DAY_OF_WEEK,CHP_SHIFT,POPULATION,CNTY_CITY_LOC,SPECIAL_COND,BEAT_TYPE,CHP_BEAT_TYPE,CITY_DIVISION_LAPD,CHP_BEAT_CLASS,BEAT_NUMBER,PRIMARY_RD,SECONDARY_RD,DISTANCE,DIRECTION,INTERSECTION,WEATHER_1,WEATHER_2,STATE_HWY_IND,CALTRANS_COUNTY,CALTRANS_DISTRICT,STATE_ROUTE,ROUTE_SUFFIX,POSTMILE_PREFIX,POSTMILE,LOCATION_TYPE,RAMP_INTERSECTION,SIDE_OF_HWY,TOW_AWAY,COLLISION_SEVERITY,NUMBER_KILLED,NUMBER_INJURED,PARTY_COUNT,PRIMARY_COLL_FACTOR,PCF_CODE_OF_VIOL,PCF_VIOL_CATEGORY,PCF_VIOLATION,PCF_VIOL_SUBSECTION,HIT_AND_RUN,TYPE_OF_COLLISION,MVIW,PED_ACTION,ROAD_SURFACE,ROAD_COND_1,ROAD_COND_2,LIGHTING,CONTROL_DEVICE,CHP_ROAD_TYPE,PEDESTRIAN_ACCIDENT,BICYCLE_ACCIDENT,MOTORCYCLE_ACCIDENT,TRUCK_ACCIDENT,NOT_PRIVATE_PROPERTY,ALCOHOL_INVOLVED,STWD_VEHTYPE_AT_FAULT,CHP_VEHTYPE_AT_FAULT,COUNT_SEVERE_INJ,COUNT_VISIBLE_INJ,COUNT_COMPLAINT_PAIN,COUNT_PED_KILLED,COUNT_PED_INJURED,COUNT_BICYCLIST_KILLED,COUNT_BICYCLIST_INJURED,COUNT_MC_KILLED,COUNT_MC_INJURED,PRIMARY_RAMP,SECONDARY_RAMP,LATITUDE,LONGITUDE,COUNTY,CITY,POINT_X,POINT_Y
92145579,2023,2023-08-16,9525,2023-08-06,1055,023283,NA,7,1,6,1955,0,1,1,NA,2,107,I-10 W/B TO DUDLEY STREET,DUDLEY STREET,210,W,N,A,-,Y,NA,NA,NA,NA,NA,NA,NA,NA,NA,Y,4,0,1,1,A,-,08,22107,NA,N,E,I,A,A,H,-,A,D,0,NA,NA,NA,NA,Y,NA,A,07,0,0,1,0,0,0,0,0,0,-,-,34.073341369628906,-117.7790069580078,LOS ANGELES,POMONA,-117.7790069580078,34.073341369628906
92145591,2023,2023-08-16,9525,2023-08-10,1635,021545,NA,4,2,6,1955,0,1,1,NA,2,108,I-10 E/B (SAN BERNARDINO FWY),FAIRPLEX DR.,200,W,N,A,-,Y,LA,NA,10,NA,NA,43.582,H,NA,R,N,4,0,1,2,A,-,03,22350,NA,M,C,C,A,A,H,-,A,D,0,NA,NA,NA,NA,Y,NA,A,01,0,0,1,0,0,0,0,0,0,-,-,34.07255935668945,-117.78887939453124,LOS ANGELES,POMONA,-117.78887939453124,34.072547912597656
92145593,2023,2023-08-16,9530,2023-08-13,211,022292,NA,7,3,9,1900,0,1,1,NA,2,120,I-110 NORTHBOUND,LOMITA BLVD.,1625,N,N,A,-,Y,LA,NA,110,NA,NA,4.971,H,NA,R,Y,3,0,1,2,C,-,18,NA,NA,N,D,C,A,A,H,-,D,D,0,NA,NA,NA,NA,Y,NA,-,-,0,1,0,0,0,0,0,0,0,-,-,33.802059173583984,-118.28885650634766,LOS ANGELES,UNINCORPORATED,-118.28888702392578,33.802059173583984
92145595,2023,2023-08-16,9525,2023-08-13,1404,022569,NA,7,2,5,1990,0,1,3,NA,2,601,SR-60 W/B (POMONA FREEWAY),GRAND AVE,100,W,N,A,-,Y,LA,NA,60,NA,R,24.435,H,NA,L,N,4,0,1,6,A,-,03,22350,NA,N,C,C,A,A,H,-,A,D,0,NA,NA,NA,NA,Y,NA,D,22,0,0,1,0,0,0,0,0,0,-,-,34.01015090942383,-117.82363128662108,LOS ANGELES,DIAMOND BAR,-117.82358551025392,34.01011657714844
92145597,2023,2023-08-16,9530,2023-08-13,1725,021709,NA,7,2,7,1942,0,1,1,NA,2,400,I-405 S/B (SAN DIEGO FREEWAY),VERMONT AVE,1100,N,N,A,-,Y,LA,NA,405,NA,NA,13.597,H,NA,L,Y,4,0,1,2,A,-,03,22350,NA,N,C,C,A,A,H,-,A,D,0,NA,NA,NA,NA,Y,NA,A,01,0,0,1,0,0,0,0,0,0,-,-,33.85976028442383,-118.29483795166016,LOS ANGELES,LOS ANGELES,-118.29483795166016,33.8597297668457
92145616,2023,2023-08-16,9545,2023-08-11,1728,020547,NA,5,2,9,1900,0,1,3,NA,2,031,SR-14 N/B,MOUNTAIN SPRINGS ROAD,2640,S,N,A,-,Y,LA,NA,14,NA,R,53.347,H,NA,R,Y,4,0,3,4,A,-,03,22350,NA,N,C,C,A,A,H,-,A,D,0,NA,NA,NA,NA,Y,NA,A,07,0,0,3,0,0,0,0,0,0,-,-,34.49692153930664,-118.12342834472656,LOS ANGELES,UNINCORPORATED,-118.12339019775392,34.49689483642578
92145618,2023,2023-08-16,9530,2023-08-13,2320,021842,NA,7,3,9,1900,0,3,5,NA,2,006,TORRANCE BLVD.,BUDLONG AVE.,0,NA,Y,A,-,N,NA,NA,NA,NA,NA,NA,NA,NA,NA,Y,4,0,1,2,A,-,09,21802,A,N,D,C,A,A,H,-,C,A,0,NA,NA,NA,NA,Y,NA,A,01,0,0,1,0,0,0,0,0,0,-,-,33.84206008911133,-118.29509735107422,LOS ANGELES,UNINCORPORATED,-118.29509735107422,33.84197998046875
92145635,2023,2023-08-16,9565,2023-08-05,1645,023150,NA,6,2,5,1965,0,1,3,NA,2,080,I-10 W/B,LINCOLN BLVD,550,E,N,A,-,Y,LA,NA,10,NA,R,2.27,H,NA,L,N,4,0,1,2,A,-,03,22350,NA,N,C,C,A,A,H,-,A,D,0,NA,NA,NA,NA,Y,NA,A,01,0,0,1,0,0,0,0,0,0,-,-,34.015899658203125,-118.48438262939452,LOS ANGELES,SANTA MONICA,-118.4843521118164,34.015872955322266
92145669,2023,2023-08-16,9575,2023-08-04,2323,022946,NA,5,3,7,1942,0,1,1,NA,2,060,I-210 W/B (FOOTHILL FREEWAY) TO PAXTON ST,PAXTON STREET,548,E,N,A,-,Y,LA,NA,210,NA,R,6.131,H,NA,L,Y,4,0,1,1,A,-,01,23152,A,N,E,8,A,A,H,-,C,D,0,NA,NA,NA,NA,Y,Y,D,22,0,0,1,0,0,0,0,0,0,-,-,34.2865104675293,-118.40537261962892,LOS ANGELES,LOS ANGELES,-118.40559387207033,34.286346435546875
92145674,2023,2023-08-16,9565,2023-08-04,2020,022923,NA,5,2,9,1900,0,3,5,NA,2,002,102ND STREET,BUDLONG AVENUE,180,W,N,A,-,N,NA,NA,NA,NA,NA,NA,NA,NA,NA,N,2,0,2,5,A,-,01,23152,A,N,B,E,A,A,H,-,C,D,0,NA,NA,NA,NA,Y,Y,A,07,1,0,1,0,0,0,0,0,0,-,-,33.94411849975586,-118.29689025878906,LOS ANGELES,UNINCORPORATED,-118.29681396484376,33.944087982177734
92145681,2023,2023-08-16,9530,2023-08-14,235,021582,NA,1,3,9,1900,0,1,1,NA,2,410,I-405 S/B TO I-110 S/B,190TH ST.,1056,S,N,A,-,Y,NA,NA,NA,NA,NA,NA,NA,NA,NA,Y,3,0,1,1,A,-,08,22107,NA,N,E,I,A,A,H,-,D,D,0,NA,NA,NA,NA,Y,NA,A,01,0,1,0,0,0,0,0,0,0,-,-,33.857120513916016,-118.2863311767578,LOS ANGELES,UNINCORPORATED,-118.2863311767578,33.857120513916016
92145701,2023,2023-08-16,9535,2023-08-07,1710,023297,NA,1,2,9,1900,0,1,3,NA,2,066,SR-164 ROSEMEAD BLVD. (3800 BLOCK),GALLATIN RD.,1500,N,N,A,-,N,NA,NA,NA,NA,NA,NA,NA,NA,NA,N,4,0,3,3,A,-,03,22350,NA,N,C,C,A,A,H,-,A,D,0,NA,NA,NA,NA,Y,NA,A,01,0,0,3,0,0,0,0,0,0,-,-,34.02016830444336,-118.0756607055664,LOS ANGELES,UNINCORPORATED,-118.07564544677734,34.0201416015625
92145725,2023,2023-08-16,9565,2023-08-05,1840,022780,NA,6,2,9,1900,0,1,1,NA,2,012,I-105 W/B (CENTURY FREEWAY),NORMANDIE AVENUE,300,E,N,A,-,Y,LA,NA,105,NA,R,6.32,H,NA,L,N,4,0,1,3,A,-,03,22350,NA,N,C,2,A,A,H,-,A,D,0,NA,NA,NA,NA,Y,NA,A,07,0,0,1,0,0,0,0,0,0,-,-,33.927978515625,-118.29923248291016,LOS ANGELES,UNINCORPORATED,-118.29920959472656,33.92792510986328
92145772,2023,2024-09-24,9580,2023-08-08,1025,021079,NA,2,1,7,1942,0,1,3,NA,2,170,SR-170 N/B (HOLLYWOOD FWY.),VICTORY BLVD,2000,S,N,A,-,Y,LA,NA,170,NA,R,16.878,H,NA,R,N,4,0,1,2,A,-,08,22107,NA,M,B,C,A,A,H,-,A,D,0,NA,NA,NA,NA,Y,NA,A,01,0,0,1,0,0,0,0,0,0,-,-,34.182369232177734,-118.39747619628906,LOS ANGELES,LOS ANGELES,-118.3974838256836,34.182369232177734
92145780,2023,2023-08-16,9565,2023-08-06,1125,017060,NA,7,1,5,1928,0,1,1,NA,2,060,I-405 SOUTHBOUND (SAN DIEGO FREEWAY),ROSECRANS AVE.,400,N,N,A,-,Y,LA,NA,405,NA,NA,19.496,H,NA,L,N,4,0,1,2,A,-,03,22350,NA,N,C,C,A,A,H,-,A,D,0,NA,NA,NA,NA,Y,NA,A,01,0,0,1,0,0,0,0,0,0,-,-,33.905818939208984,-118.37065887451172,LOS ANGELES,HAWTHORNE,-118.37056732177734,33.90582275390625
92145783,2023,2023-08-16,9565,2023-08-06,1410,022780,NA,7,2,6,1933,0,1,1,NA,2,060,I-405 N/B (SAN DIEGO FREEWAY),FLORENCE AVENUE,300,N,N,A,-,Y,LA,NA,405,NA,NA,23.561,H,NA,R,Y,3,0,1,2,A,-,03,22350,NA,N,C,2,A,A,H,-,A,D,0,NA,NA,Y,NA,Y,NA,C,02,0,1,0,0,0,0,0,0,1,-,-,33.9645881652832,-118.37023162841795,LOS ANGELES,INGLEWOOD,-118.37012481689452,33.96461486816406
92145784,2023,2023-08-16,9565,2023-08-06,1515,022878,NA,7,2,9,1900,0,1,1,NA,2,010,I-105 (WESTBOUND),INGLEWOOD AVENUE,600,E,N,A,-,Y,LA,NA,105,NA,R,2.666,H,NA,L,N,4,0,1,2,A,-,08,22107,NA,N,B,C,A,A,H,-,A,D,0,NA,NA,NA,NA,Y,NA,A,07,0,0,1,0,0,0,0,0,0,-,-,33.9328498840332,-118.35912322998048,LOS ANGELES,UNINCORPORATED,-118.3591079711914,33.93283462524414
92145787,2023,2023-08-16,9565,2023-08-06,1516,022715,NA,7,2,7,1942,0,1,1,NA,2,062,I-405 SOUTHBOUND,OLYMPIC BOULEVARD,100,S,N,A,-,Y,LA,NA,405,NA,NA,30.184,H,NA,L,Y,4,0,1,4,A,-,03,22350,NA,N,C,C,A,A,H,-,A,D,0,NA,NA,NA,NA,Y,NA,A,07,0,0,1,0,0,0,0,0,0,-,-,34.03879165649414,-118.4399871826172,LOS ANGELES,LOS ANGELES,-118.43987274169922,34.038841247558594
92145789,2023,2023-08-16,9565,2023-08-06,1710,022761,NA,7,2,7,1942,0,1,1,NA,2,063,I-405 SOUTHBOUND,SANTA MONICA BLVD,2000,S,N,A,-,Y,LA,NA,405,NA,NA,30.507,H,NA,L,N,4,0,1,3,A,-,03,22350,NA,N,C,C,A,A,H,-,A,D,0,NA,NA,NA,NA,Y,NA,A,08,0,0,1,0,0,0,0,0,0,-,-,34.04262924194336,-118.44320678710938,LOS ANGELES,LOS ANGELES,-118.44312286376952,34.04268264770508
92145799,2023,2023-08-17,9565,2023-08-06,1830,022878,NA,7,2,9,1900,0,1,1,NA,2,010,I-105 (EASTBOUND),INGLEWOOD AVENUE,500,E,N,A,-,Y,LA,NA,105,NA,R,2.636,H,NA,R,N,4,0,1,2,A,-,07,21658,A,N,C,C,A,A,H,-,A,D,0,NA,NA,NA,NA,Y,NA,A,01,0,0,1,0,0,0,0,0,0,-,-,33.93225860595703,-118.35955047607422,LOS ANGELES,UNINCORPORATED,-118.3595733642578,33.932308197021484
92145800,2023,2023-08-17,9590,2023-08-16,1245,018345,NA,3,1,7,1942,0,1,1,NA,2,062,I-10 EASTBOUND (SANTA MONICA FREEWAY),VERMONT AVE.,700,E,N,A,-,Y,LA,NA,10,NA,R,14.033,H,NA,R,N,4,0,1,2,A,-,03,22350,NA,N,C,C,A,A,H,-,A,D,0,NA,NA,NA,NA,Y,NA,D,22,0,0,1,0,0,0,0,0,0,-,-,34.03683090209961,-118.28785705566406,LOS ANGELES,LOS ANGELES,-118.28785705566406,34.03679656982422
92145805,2023,2023-08-17,9565,2023-08-07,815,022810,NA,1,1,9,1900,0,2,4,NA,2,022,NORMANDIE AVE,103RD ST,0,NA,Y,A,-,N,NA,NA,NA,NA,NA,NA,NA,NA,NA,N,4,0,2,2,A,-,09,21801,A,N,D,C,A,A,H,-,A,D,0,NA,NA,NA,NA,Y,NA,A,01,0,0,2,0,0,0,0,0,0,-,-,33.94316864013672,-118.30027770996094,LOS ANGELES,UNINCORPORATED,-118.30030059814452,33.94320297241211
92145807,2023,2023-08-17,9565,2023-08-07,1418,022780,NA,1,2,5,1965,0,1,1,NA,2,081,I-10 W/B (SANTA MONICA FREEWAY),LINCOLN BOULEVARD,1050,E,N,A,-,Y,LA,NA,10,NA,R,2.375,H,NA,L,Y,2,0,2,2,A,-,03,22350,NA,N,C,C,A,A,H,-,A,D,0,NA,NA,Y,NA,Y,NA,A,01,1,0,1,0,0,0,0,0,2,-,-,34.01686096191406,-118.48300170898438,LOS ANGELES,SANTA MONICA,-118.48294067382813,34.01680374145508
92145812,2023,2023-08-17,9590,2023-08-08,735,018345,NA,2,1,7,1942,0,1,1,NA,2,062,I-10 EASTBOUND (SANTA MONICA FREEWAY),BUDLONG AVE.,480,W,N,A,-,Y,LA,NA,10,NA,R,13.454,H,NA,R,N,3,0,1,3,A,-,03,22350,NA,N,B,C,A,A,H,-,A,D,0,NA,NA,Y,NA,Y,NA,C,02,0,1,0,0,0,0,0,0,1,-,-,34.03696823120117,-118.29798889160156,LOS ANGELES,LOS ANGELES,-118.29798889160156,34.03693771362305
92145813,2023,2023-08-17,9565,2023-08-07,1300,023150,NA,1,1,9,1900,0,2,4,NA,2,022,NORMANDIE AVE S/B,CENTURY BLVD,10,N,N,A,-,N,NA,NA,NA,NA,NA,NA,NA,NA,NA,Y,4,0,1,3,A,-,08,22107,NA,N,B,E,A,A,H,-,A,A,0,NA,NA,NA,NA,Y,NA,A,07,0,0,1,0,0,0,0,0,0,-,-,33.946109771728516,-118.30036926269533,LOS ANGELES,UNINCORPORATED,-118.30027770996094,33.945518493652344
92145819,2023,2023-08-17,9565,2023-08-07,2240,022642,NA,1,3,7,1942,0,1,1,NA,2,083,I-10 (SANTA MONICA FWY) W/B,OVERLAND AVE.,30,E,N,A,-,Y,LA,NA,10,NA,R,6.42,H,NA,L,N,4,0,1,2,A,-,08,22107,NA,F,B,C,A,A,H,-,C,D,0,NA,NA,NA,NA,Y,NA,-,-,0,0,1,0,0,0,0,0,0,-,-,34.03190994262695,-118.41689300537108,LOS ANGELES,LOS ANGELES,-118.41689300537108,34.03191375732422
92145825,2023,2023-08-17,9590,2023-08-01,410,022088,NA,2,3,7,1942,0,1,1,NA,2,063,I-10 WESTBOUND (SANTA MONICA FREEWAY),MAIN STREET,200,W,N,A,-,Y,LA,NA,10,NA,NA,15.529,H,NA,L,Y,4,0,1,1,A,-,08,22107,NA,N,E,C,A,A,H,-,C,D,0,NA,NA,NA,NA,Y,NA,A,01,0,0,1,0,0,0,0,0,0,-,-,34.03276062011719,-118.26383209228516,LOS ANGELES,LOS ANGELES,-118.26377105712892,34.032833099365234
92145832,2023,2023-08-17,9565,2023-08-03,2340,022987,NA,4,3,7,1942,0,1,1,NA,2,062,I-405 N/B,I-10 FREEWAY,1360,N,N,A,-,Y,LA,NA,405,NA,NA,29.8,H,NA,R,Y,3,0,2,2,C,-,18,NA,NA,N,C,C,A,A,H,-,D,D,0,NA,NA,NA,NA,Y,Y,-,-,0,1,1,0,0,0,0,0,0,-,-,34.034061431884766,-118.43682861328124,LOS ANGELES,LOS ANGELES,-118.43679809570313,34.034080505371094
92145882,2023,2023-08-17,9540,2023-08-06,215,021395,NA,7,3,6,1985,0,1,3,NA,1,144,SR-14 N/B (ANTOLOPE VALLEY FREEWAY),VIA PRINCESSA,4752,N,N,A,-,Y,LA,NA,14,NA,R,31.827,H,NA,R,Y,2,0,1,2,A,-,01,23152,A,N,D,D,A,A,H,-,D,D,0,NA,NA,NA,NA,Y,Y,A,01,1,0,0,0,0,0,0,0,0,-,-,34.412628173828125,-118.4453125,LOS ANGELES,SANTA CLARITA,-118.44538879394533,34.41265106201172
92146177,2023,2023-08-17,9590,2023-08-16,1230,021998,NA,3,1,7,1942,0,1,1,NA,2,083,INTERSTATE 5 SOUTHBOUND (GSF),NEWELL STREET,100,S,N,A,-,Y,LA,NA,5,NA,NA,22.247,H,NA,L,N,4,0,1,2,A,-,03,22350,NA,N,C,C,A,A,H,-,A,D,0,NA,NA,NA,NA,Y,NA,A,01,0,0,1,0,0,0,0,0,0,-,-,34.09885025024414,-118.24722290039064,LOS ANGELES,LOS ANGELES,-118.24720764160156,34.098854064941406
92146180,2023,2023-08-17,9590,2023-08-15,635,021998,NA,2,1,7,1942,0,1,1,NA,2,081,INTERSTATE 5 SOUTHBOUND (GSF),STATE STREET,500,N,N,A,-,Y,LA,NA,5,NA,NA,18.322,H,NA,L,Y,4,0,1,3,A,-,03,22350,NA,N,C,2,A,A,H,-,A,D,0,NA,NA,NA,NA,Y,NA,A,01,0,0,1,0,0,0,0,0,0,-,-,34.053340911865234,-118.21417999267578,LOS ANGELES,LOS ANGELES,-118.21418762207033,34.053340911865234
92146195,2023,2023-09-08,9590,2023-08-15,1100,021998,NA,2,1,7,1942,0,1,3,NA,2,031,STATE ROUTE 60 WESTBOUND (POF),LORENA STREET,1000,E,N,A,-,Y,LA,NA,60,NA,R,1.662,H,NA,L,Y,4,0,1,3,A,-,03,22350,NA,N,C,2,A,A,H,-,A,D,0,NA,NA,NA,NA,Y,NA,D,22,0,0,1,0,0,0,0,0,0,-,-,34.030181884765625,-118.19685363769533,LOS ANGELES,LOS ANGELES,-118.19687652587892,34.03024673461914
92146200,2023,2023-08-17,9530,2023-07-24,1628,023353,NA,1,2,7,1942,0,1,1,NA,2,110,I-110 N/B (HARBOR FREEWAY),NORTH OF 190TH STREET,528,N,N,A,-,Y,LA,NA,110,NA,NA,9.235,H,NA,R,Y,4,0,1,3,A,-,03,22350,NA,F,C,C,A,A,H,-,A,D,0,NA,NA,NA,NA,Y,NA,A,07,0,0,1,0,0,0,0,0,0,-,-,33.86355972290039,-118.28485107421876,LOS ANGELES,LOS ANGELES,-118.28490447998048,33.863563537597656
92146203,2023,2023-08-17,9590,2023-08-08,418,021998,NA,2,3,7,1942,0,1,1,NA,2,041,INTERSTATE 5 SOUTHBOUND (SAF),ESPERANZA STREET,1000,N,N,A,-,Y,LA,NA,5,NA,NA,15.41,H,NA,L,Y,4,0,1,3,D,-,00,NA,NA,N,H,2,A,A,H,-,A,D,0,NA,NA,NA,Y,Y,NA,-,-,0,0,1,0,0,0,0,0,0,-,-,34.02273941040039,-118.19953155517578,LOS ANGELES,LOS ANGELES,-118.19954681396484,34.022708892822266
92146207,2023,2023-08-17,9525,2023-08-15,635,016677,NA,2,1,9,1900,0,1,3,NA,2,573,SR-57 SB (ORANGE FREEWAY),LOS ANGELES COUNTY LINE,1800,N,N,B,-,Y,LA,NA,57,NA,R,0.323,H,NA,L,Y,3,0,1,2,A,-,03,22350,NA,N,C,C,A,A,D,E,A,D,0,NA,NA,NA,Y,Y,NA,D,22,0,1,0,0,0,0,0,0,0,-,-,33.949920654296875,-117.86537933349608,LOS ANGELES,UNINCORPORATED,-117.86540222167967,33.949928283691406
92146210,2023,2023-08-17,9575,2023-08-06,1810,023236,NA,7,2,7,1942,0,1,1,NA,2,052,I-5 S/B TO LANKERSHIM BOULEVARD,LANKERSHIM BOULEVARD,709,N,N,A,-,Y,NA,NA,NA,NA,NA,NA,NA,NA,NA,N,4,0,2,2,A,-,03,22350,NA,M,B,2,A,A,H,-,A,D,0,NA,NA,NA,NA,Y,NA,-,99,0,0,2,0,0,0,0,0,0,-,-,34.226768493652344,-118.38973999023438,LOS ANGELES,LOS ANGELES,-118.38973999023438,34.226768493652344
92146235,2023,2023-08-17,9535,2023-08-03,645,023351,NA,4,1,5,1947,0,1,3,NA,2,601,SR-60 W/B (POMONA FREEWAY),MARKLAND,2640,W,N,A,-,Y,LA,NA,60,NA,R,6.071,H,NA,L,Y,3,0,1,2,A,-,08,22107,NA,N,B,C,A,A,H,-,A,D,0,NA,NA,Y,NA,Y,NA,A,01,0,1,0,0,0,0,0,0,1,-,-,34.03327941894531,-118.12222290039064,LOS ANGELES,MONTEBELLO,-118.12222290039064,34.03334426879883
92146238,2023,2023-08-17,9575,2023-08-08,7,022084,NA,2,3,6,1925,0,1,3,NA,2,042,SR-134 E/B (VENTURA FREEWAY),GLENDALE AVE.,292,W,N,A,-,Y,LA,NA,134,NA,R,7.808,H,NA,R,Y,4,0,3,2,A,-,03,22350,NA,N,C,C,A,A,D,-,C,D,0,NA,NA,NA,NA,Y,NA,A,01,0,0,3,0,0,0,0,0,0,-,-,34.15599822998047,-118.24330902099608,LOS ANGELES,GLENDALE,-118.24329376220705,34.15604019165039
92146259,2023,2023-08-17,9580,2023-08-16,640,022755,NA,3,1,7,1942,0,1,3,NA,2,171,SR-170 S/B (HOLLYWOOD FWY.),MAGNOLIA BLVD,400,N,N,A,-,Y,LA,NA,170,NA,R,15.572,H,NA,L,Y,4,0,1,2,A,-,03,22350,NA,N,C,C,A,A,H,-,A,D,0,NA,NA,NA,Y,Y,NA,A,01,0,0,1,0,0,0,0,0,0,-,-,34.16748809814453,-118.3839111328125,LOS ANGELES,LOS ANGELES,-118.38395690917967,34.16747283935547
92146271,2023,2023-08-17,9580,2023-08-13,1855,022746,NA,7,2,7,1942,0,1,2,NA,2,102,US-101 N/B (VENTURA FREEWAY),HAYVENHURST AVE,1267,S,N,A,-,Y,LA,NA,101,NA,NA,18.372,H,NA,R,Y,3,0,4,2,A,-,03,22350,NA,N,C,C,A,A,H,-,B,D,0,NA,NA,NA,NA,Y,NA,A,01,0,1,3,0,0,0,0,0,0,-,-,34.16537857055664,-118.48812866210938,LOS ANGELES,LOS ANGELES,-118.48812866210938,34.16531753540039
92146274,2023,2023-08-17,9530,2023-06-12,825,019412,NA,1,1,7,1941,0,1,1,NA,2,072,I-710 S/B (LONG BEACH FREEWAY),PACIFIC COAST HWY.,1000,N,N,A,-,Y,LA,NA,710,NA,NA,7.221,H,NA,L,Y,4,0,1,2,A,-,07,21658,A,M,B,C,A,A,H,-,A,D,0,NA,NA,NA,NA,Y,NA,A,01,0,0,1,0,0,0,0,0,0,-,-,33.794761657714844,-118.20709991455078,LOS ANGELES,LONG BEACH,-118.20710754394533,33.794761657714844
92146293,2023,2023-08-17,9530,2023-08-12,40,021325,NA,6,3,5,1915,0,1,3,NA,2,310,SR-91 W/B (ARTESIA FREEWAY),SANTA FE AVE.,172,W,N,A,-,Y,LA,NA,91,NA,R,10.368,H,NA,L,Y,3,0,1,1,A,-,08,22107,NA,N,E,I,A,A,H,-,C,D,0,NA,NA,NA,NA,Y,NA,A,01,0,1,0,0,0,0,0,0,0,-,-,33.87350082397461,-118.21515655517578,LOS ANGELES,COMPTON,-118.21516418457033,33.87358474731445
92146300,2023,2023-08-17,9540,2023-08-08,1850,021374,NA,2,2,9,1900,0,3,5,NA,2,100,HEMINGWAY AVE,WILDE AVE,113,W,N,A,-,N,NA,NA,NA,NA,NA,NA,NA,NA,NA,Y,2,0,2,1,A,-,08,22107,NA,N,E,8,A,A,H,-,A,D,0,NA,NA,NA,NA,Y,NA,D,22,2,0,0,0,0,0,0,0,0,-,-,34.385459899902344,-118.59190368652344,LOS ANGELES,UNINCORPORATED,-118.59176635742188,34.38544464111328
92146347,2023,2023-08-17,9575,2023-08-07,2225,022946,NA,1,3,9,1900,0,3,5,NA,2,002,WAPELLO ST (600 BLOCK),LAKE AVE,5,W,N,A,-,N,NA,NA,NA,NA,NA,NA,NA,NA,NA,N,3,0,1,1,A,-,01,23152,A,N,F,A,A,A,H,-,C,A,0,NA,NA,Y,NA,Y,Y,C,02,0,1,0,0,0,0,0,0,1,-,-,34.19792938232422,-118.13111114501952,LOS ANGELES,UNINCORPORATED,-118.13099670410156,34.197914123535156
92146349,2023,2023-08-17,9545,2023-08-13,510,020244,NA,7,3,9,1900,0,1,3,NA,2,021,SR-14 S/B,MOUNTAIN SPRINGS RD,3600,N,N,A,-,Y,LA,NA,14,NA,R,54.545,H,NA,L,N,4,0,1,1,A,-,08,22107,NA,N,E,I,A,A,H,-,B,D,0,NA,NA,NA,NA,Y,NA,A,01,0,0,1,0,0,0,0,0,0,-,-,34.51089859008789,-118.11115264892578,LOS ANGELES,UNINCORPORATED,-118.11123657226564,34.51093292236328
92146357,2023,2023-08-17,9545,2023-08-09,1500,022221,NA,3,2,9,1900,0,3,5,NA,1,006,AVENUE L,45TH ST  W,100,E,N,A,-,N,NA,NA,NA,NA,NA,NA,NA,NA,NA,N,3,0,1,2,A,-,08,22107,NA,M,B,G,A,A,H,-,A,D,0,NA,Y,NA,NA,Y,NA,L,04,0,1,0,0,0,0,1,0,0,-,-,34.66019821166992,-118.20928192138672,LOS ANGELES,UNINCORPORATED,-118.20978546142578,34.66019821166992
92146362,2023,2023-08-17,9580,2023-08-14,700,019097,NA,1,1,7,1942,0,1,2,NA,2,101,US-101 S/B (VENTURA FREEWAY),TUJUNGA AVE,528,N,N,A,-,Y,LA,NA,101,NA,NA,11.924,H,NA,L,Y,3,0,1,2,A,-,08,22107,NA,N,A,C,A,A,H,-,A,D,0,NA,NA,NA,NA,Y,NA,A,01,0,1,0,0,0,0,0,0,0,-,-,34.154319763183594,-118.38057708740234,LOS ANGELES,LOS ANGELES,-118.38058471679688,34.154273986816406
92146364,2023,2023-08-17,9540,2023-08-09,820,020862,NA,3,1,7,1942,0,1,1,NA,1,501,I-5 SOUTHBOUND (GOLDEN STATE FWY),CHATSWORTH ST,10,S,N,B,-,Y,LA,NA,5,NA,NA,39.945,H,NA,L,Y,4,0,1,5,A,-,03,22350,NA,N,C,C,A,A,H,-,A,D,0,NA,NA,NA,Y,Y,NA,A,01,0,0,1,0,0,0,0,0,0,-,-,34.27333068847656,-118.44963836669922,LOS ANGELES,LOS ANGELES,-118.44967651367188,34.273311614990234