CASE_ID,ACCIDENT_YEAR,PROC_DATE,JURIS,COLLISION_DATE,COLLISION_TIME,OFFICER_ID,REPORTING_DISTRICT,DAY_OF_WEEK,CHP_SHIFT,POPULATION,CNTY_CITY_LOC,SPECIAL_COND,BEAT_TYPE,CHP_BEAT_TYPE,CITY_DIVISION_LAPD,CHP_BEAT_CLASS,BEAT_NUMBER,PRIMARY_RD,SECONDARY_RD,DISTANCE,DIRECTION,INTERSECTION,WEATHER_1,WEATHER_2,STATE_HWY_IND,CALTRANS_COUNTY,CALTRANS_DISTRICT,STATE_ROUTE,ROUTE_SUFFIX,POSTMILE_PREFIX,POSTMILE,LOCATION_TYPE,RAMP_INTERSECTION,SIDE_OF_HWY,TOW_AWAY,COLLISION_SEVERITY,NUMBER_KILLED,NUMBER_INJURED,PARTY_COUNT,PRIMARY_COLL_FACTOR,PCF_CODE_OF_VIOL,PCF_VIOL_CATEGORY,PCF_VIOLATION,PCF_VIOL_SUBSECTION,HIT_AND_RUN,TYPE_OF_COLLISION,MVIW,PED_ACTION,ROAD_SURFACE,ROAD_COND_1,ROAD_COND_2,LIGHTING,CONTROL_DEVICE,CHP_ROAD_TYPE,PEDESTRIAN_ACCIDENT,BICYCLE_ACCIDENT,MOTORCYCLE_ACCIDENT,TRUCK_ACCIDENT,NOT_PRIVATE_PROPERTY,ALCOHOL_INVOLVED,STWD_VEHTYPE_AT_FAULT,CHP_VEHTYPE_AT_FAULT,COUNT_SEVERE_INJ,COUNT_VISIBLE_INJ,COUNT_COMPLAINT_PAIN,COUNT_PED_KILLED,COUNT_PED_INJURED,COUNT_BICYCLIST_KILLED,COUNT_BICYCLIST_INJURED,COUNT_MC_KILLED,COUNT_MC_INJURED,PRIMARY_RAMP,SECONDARY_RAMP,LATITUDE,LONGITUDE,COUNTY,CITY,POINT_X,POINT_Y
92148973,2023,2023-08-21,9580,2023-08-14,1325,021966,NA,1,1,7,1942,0,1,1,NA,2,406,I-405 N/B (SAN DIEGO FWY),LASSEN ST.,1030,S,N,A,-,Y,LA,NA,405,NA,NA,45.551,H,NA,R,Y,4,0,3,2,A,-,03,22350,NA,N,C,C,A,A,H,-,A,D,0,NA,NA,NA,NA,Y,NA,A,01,0,0,3,0,0,0,0,0,0,-,-,34.247169494628906,-118.47250366210938,LOS ANGELES,LOS ANGELES,-118.47254180908205,34.24717712402344
92149050,2023,2023-08-21,9545,2023-08-17,1528,020547,NA,4,2,9,1900,0,3,5,NA,2,004,AVENUE T-8,82ND STREET EAST,0,NA,Y,A,-,N,NA,NA,NA,NA,NA,NA,NA,NA,NA,Y,3,0,4,2,A,-,12,22450,A,N,D,2,A,A,H,-,A,A,0,NA,NA,NA,NA,Y,NA,A,01,0,3,1,0,0,0,0,0,0,-,-,34.53559112548828,-117.98371887207033,LOS ANGELES,UNINCORPORATED,-117.98371887207033,34.53559112548828
92149148,2023,2023-08-21,9550,2023-08-16,940,019857,NA,3,1,6,1949,0,1,1,NA,2,651,I-605 N/B,CECILIA ST.,85,S,N,A,-,Y,LA,NA,605,NA,R,8.902,H,NA,R,N,4,0,1,2,A,-,08,22107,NA,N,B,C,A,A,H,-,A,D,0,NA,NA,NA,NA,Y,NA,A,07,0,0,1,0,0,0,0,0,0,-,-,33.931800842285156,-118.10144805908205,LOS ANGELES,NORWALK,-118.10134887695313,33.9317626953125
92149154,2023,2023-08-21,9545,2023-08-13,1650,023153,NA,7,2,9,1900,0,1,3,NA,2,031,SR-14 S/B TO SIERRA HWY (SOLEDAD CANYON RD OFF-RAM,SIERRA HWY,500,N,N,A,-,Y,LA,NA,14,NA,R,51.964,H,NA,L,Y,3,0,1,1,A,-,01,23152,A,N,E,8,A,A,H,-,A,D,0,NA,NA,Y,NA,Y,Y,C,02,0,1,0,0,0,0,0,0,1,-,-,34.4863395690918,-118.14306640625,LOS ANGELES,UNINCORPORATED,-118.14299774169922,34.48613357543945
92149156,2023,2023-08-21,9575,2023-08-10,2050,023029,NA,4,2,9,1900,0,2,4,NA,2,310,BIG TUJUNGA CANYON ROAD,CLEARCREEK TRUCK TRAIL,76,E,N,A,-,N,NA,NA,NA,NA,NA,NA,NA,NA,NA,Y,3,0,1,1,A,-,08,22107,NA,N,E,J,A,A,H,-,D,D,0,NA,NA,NA,NA,Y,NA,A,01,0,1,0,0,0,0,0,0,0,-,-,34.28496170043945,-118.19081115722656,LOS ANGELES,UNINCORPORATED,NA,NA
92149200,2023,2023-08-21,9550,2023-08-19,220,023164,NA,6,3,9,1900,0,1,1,NA,2,500,I-5 N/B,FLORENCE AVE,686,N,N,A,-,Y,LA,NA,5,NA,NA,6.53,H,NA,R,Y,4,0,1,2,A,-,08,22107,NA,N,C,C,A,A,H,-,D,D,0,NA,NA,NA,NA,Y,NA,A,01,0,0,1,0,0,0,0,0,0,-,-,33.937198638916016,-118.09384918212892,LOS ANGELES,UNINCORPORATED,-118.09387969970705,33.93718719482422
92149232,2023,2023-08-21,9550,2023-07-11,2025,022631,NA,2,2,9,1900,0,1,1,NA,2,650,I-605 SB,PECK RD,750,N,N,A,-,Y,LA,NA,605,NA,R,17.031,H,NA,L,Y,3,0,4,3,A,-,03,22350,NA,N,C,2,A,A,H,-,D,D,0,NA,NA,NA,NA,Y,Y,A,01,0,3,1,0,0,0,0,0,0,-,-,34.03047180175781,-118.03218841552734,LOS ANGELES,UNINCORPORATED,-118.03215789794922,34.030433654785156
92149235,2023,2023-08-21,9550,2023-07-11,802,023248,NA,2,1,9,1900,0,3,5,NA,2,002,IMPERIAL HWY.,CARMENITA RD.,850,E,N,A,-,N,NA,NA,NA,NA,NA,NA,NA,NA,NA,Y,4,0,1,2,A,-,08,22100,A,N,D,2,A,A,H,-,A,D,0,NA,NA,NA,Y,Y,NA,F,25,0,0,1,0,0,0,0,0,0,-,-,33.917110443115234,-118.0438232421875,LOS ANGELES,UNINCORPORATED,-118.04401397705078,33.91696548461914
92149237,2023,2023-08-21,9550,2023-07-11,748,023248,NA,2,1,9,1900,0,2,4,NA,1,011,WORKMAN MILL RD.,ROSE HILLS RD.,85,N,N,A,-,N,NA,NA,NA,NA,NA,NA,NA,NA,NA,N,4,0,1,2,A,-,03,22350,NA,N,B,C,A,A,H,-,A,A,0,NA,NA,NA,NA,Y,NA,A,01,0,0,1,0,0,0,0,0,0,-,-,34.01390075683594,-118.0460968017578,LOS ANGELES,UNINCORPORATED,-118.04621124267578,34.01384353637695
92149454,2023,2023-08-22,9580,2023-08-12,206,022572,NA,6,3,7,1942,0,1,3,NA,2,116,SR-118 E/B (RONALD REAGAN FWY.),BALBOA BLVD,2640,W,N,A,-,Y,LA,NA,118,NA,R,7.072,H,NA,R,N,4,0,1,1,A,-,01,23152,F,N,E,I,A,A,H,-,C,D,0,NA,NA,NA,NA,Y,NA,A,07,0,0,1,0,0,0,0,0,0,-,-,34.277740478515625,-118.51492309570313,LOS ANGELES,LOS ANGELES,-118.51492309570313,34.277679443359375
92149458,2023,2023-08-22,9580,2023-08-13,1350,023272,NA,7,1,9,1900,0,3,5,NA,1,010,KANAN RD,HIDDEN HIGHLAND RD,2500,N,N,A,-,N,NA,NA,NA,NA,NA,NA,NA,NA,NA,N,2,0,1,1,A,-,08,22107,NA,N,E,I,A,A,H,-,A,D,0,NA,NA,Y,NA,Y,NA,C,02,1,0,0,0,0,0,0,0,1,-,-,34.106231689453125,-118.80615997314452,LOS ANGELES,UNINCORPORATED,-118.8064193725586,34.106201171875
92149462,2023,2023-08-22,9565,2023-08-03,2034,023033,NA,4,2,7,1942,0,1,1,NA,2,061,I-405 NORTHBOUND (SAN DIEGO FREEWAY),SEPULVEDA BOULEVARD,670,N,N,A,-,Y,LA,NA,405,NA,NA,25.559,H,NA,R,Y,2,0,1,2,C,-,18,NA,NA,N,C,C,A,A,A,-,C,D,0,NA,NA,Y,NA,Y,NA,-,-,1,0,0,0,0,0,0,0,1,-,-,33.98310089111328,-118.39543151855467,LOS ANGELES,LOS ANGELES,-118.39534759521484,33.9831428527832
92149475,2023,2023-08-22,9530,2023-05-25,1340,023090,NA,4,1,9,1900,0,3,5,NA,2,003,ATLANTIC AVE,ROSECRANS AVE.,0,NA,Y,A,-,N,NA,NA,NA,NA,NA,NA,NA,NA,NA,Y,4,0,2,4,A,-,09,21801,B,N,A,C,A,A,H,-,A,A,0,NA,NA,NA,NA,Y,NA,A,01,0,0,2,0,0,0,0,0,0,-,-,33.90361022949219,-118.19405364990234,LOS ANGELES,UNINCORPORATED,-118.19393920898438,33.903568267822266
92149491,2023,2023-08-22,9565,2023-08-10,1656,022099,NA,4,2,7,1942,0,1,1,NA,2,063,INTERSTATE 405 N/B (SAN DIEGO FWY),SANTA MONICA BLVD.,450,S,N,A,-,Y,LA,NA,405,NA,NA,30.769,H,NA,R,Y,3,0,1,2,A,-,07,21658,A,N,B,0,A,A,H,-,A,D,0,NA,NA,Y,NA,Y,NA,A,01,0,1,0,0,0,0,0,0,1,-,-,34.04582977294922,-118.44561004638672,LOS ANGELES,LOS ANGELES,-118.44557189941406,34.04585266113281
92149493,2023,2023-08-22,9530,2023-07-28,1400,023235,NA,5,2,9,1900,0,3,5,NA,2,001,CROESUS AVE. (7900 BLOCK),NADEAU ST.,6,S,N,A,-,N,NA,NA,NA,NA,NA,NA,NA,NA,NA,N,3,0,1,2,A,-,09,21804,A,N,H,G,A,A,H,-,A,D,0,NA,Y,NA,NA,Y,NA,L,04,0,1,0,0,0,0,1,0,0,-,-,33.96738815307617,-118.23385620117188,LOS ANGELES,UNINCORPORATED,-118.23383331298828,33.967445373535156
92149518,2023,2023-08-22,9545,2023-08-14,1820,022221,NA,1,2,9,1900,0,3,5,NA,2,004,AVENUE S-8,106TH ST  E,800,W,N,A,-,N,NA,NA,NA,NA,NA,NA,NA,NA,NA,N,2,0,1,2,A,-,06,21750,A,N,C,C,A,A,H,-,A,D,0,NA,NA,Y,NA,Y,NA,C,06,1,0,0,0,0,0,0,0,1,-,-,34.55009841918945,-117.94341278076172,LOS ANGELES,UNINCORPORATED,-117.9406280517578,34.55010986328125
92149519,2023,2023-08-22,9535,2023-08-10,920,020551,NA,4,1,3,1914,0,1,1,NA,2,501,I-5 SOUTHBOUND,SLAUSON AVE.,200,S,N,A,-,Y,LA,NA,5,NA,NA,9.649,H,NA,L,N,4,0,2,3,A,-,03,22350,NA,N,C,C,A,A,H,-,A,D,0,NA,NA,NA,NA,Y,NA,A,01,0,0,2,0,0,0,0,0,0,-,-,33.973751068115234,-118.12389373779295,LOS ANGELES,COMMERCE,-118.12393188476564,33.973731994628906
92149521,2023,2023-08-22,9530,2023-08-11,2050,022995,NA,5,2,6,1972,0,1,1,NA,2,400,I-405 N/B (SAN DIEGO FREEWAY),ARTESIA BLVD.,800,S,N,A,-,Y,LA,NA,405,NA,NA,16.408,H,NA,R,N,4,0,1,2,A,-,08,22107,NA,N,B,A,A,A,H,-,A,D,0,NA,NA,NA,NA,Y,NA,-,-,0,0,1,0,0,0,0,0,0,-,-,33.8708381652832,-118.3406219482422,LOS ANGELES,TORRANCE,-118.34061431884766,33.870845794677734
92149527,2023,2023-08-22,9525,2023-08-20,640,019146,NA,7,1,6,1975,0,1,1,NA,2,115,I-10 W/B (SAN BERNARDINO FWY),LARK ELLEN AVENUE,200,W,N,B,C,Y,LA,NA,10,NA,NA,35.918,H,NA,L,N,4,0,2,1,A,-,08,22107,NA,N,E,8,A,B,H,-,A,D,0,NA,NA,NA,NA,Y,NA,A,01,0,0,2,0,0,0,0,0,0,-,-,34.07225036621094,-117.91770935058594,LOS ANGELES,WEST COVINA,-117.91770935058594,34.07231903076172
92149533,2023,2023-08-22,9530,2023-08-15,720,022427,NA,2,1,9,1900,0,3,5,NA,2,001,SLAUSON AVE (1600 BLOCK),RANDOLPH ST,100,W,N,B,-,N,NA,NA,NA,NA,NA,NA,NA,NA,NA,Y,3,0,2,2,A,-,08,22100,B,N,D,C,A,A,H,-,A,D,0,NA,NA,NA,NA,Y,NA,A,07,0,1,1,0,0,0,0,0,0,-,-,33.98931121826172,-118.24355316162108,LOS ANGELES,UNINCORPORATED,-118.24334716796876,33.989261627197266
92149555,2023,2023-11-17,9530,2023-08-12,205,022531,NA,6,3,9,1900,0,3,5,NA,2,002,MAIN ST (15900 BLOCK),ALONDRA BLVD.,450,N,N,A,-,N,NA,NA,NA,NA,NA,NA,NA,NA,NA,Y,3,0,1,3,A,-,01,23152,A,N,B,E,A,A,H,-,C,D,0,NA,NA,NA,NA,Y,Y,A,01,0,1,0,0,0,0,0,0,0,-,-,33.88700866699219,-118.27613067626952,LOS ANGELES,UNINCORPORATED,-118.27597808837892,33.8869514465332
92149556,2023,2023-08-22,9525,2023-08-18,845,016677,NA,5,1,5,1990,0,1,3,NA,2,603,SR-60 WB (POMONA FREEWAY),GRAND AVE,1600,E,N,A,-,Y,LA,NA,60,NA,R,24.765,H,NA,L,Y,4,0,1,2,A,-,07,21658,A,F,C,C,A,A,H,-,A,D,0,NA,NA,NA,NA,Y,NA,A,08,0,0,1,0,0,0,0,0,0,-,-,34.01382064819336,-117.8199462890625,LOS ANGELES,DIAMOND BAR,-117.81993103027344,34.01380920410156
92149565,2023,2023-08-22,9590,2023-08-07,637,023259,NA,1,1,7,1942,0,1,1,NA,2,050,I-110 N/B (HARBOR FREEWAY),79TH ST,130,S,N,A,-,Y,LA,NA,110,NA,NA,16.496,H,NA,R,N,3,0,1,2,A,-,03,22350,NA,N,F,A,A,A,H,-,A,D,0,NA,NA,Y,NA,Y,NA,O,05,0,1,0,0,0,0,0,0,1,-,-,33.96739959716797,-118.28069305419922,LOS ANGELES,LOS ANGELES,-118.28073120117188,33.96739959716797
92149581,2023,2023-08-22,9565,2023-08-10,1956,022692,NA,4,2,4,1918,0,1,1,NA,2,061,I-405 S/B (SAN DIEGO FWY.),WASHINGTON PL.,60,N,N,A,-,Y,LA,NA,405,NA,NA,27.643,H,NA,L,N,4,0,1,2,A,-,03,22350,NA,F,C,C,A,A,H,-,C,D,0,NA,NA,NA,NA,Y,NA,-,99,0,0,1,0,0,0,0,0,0,-,-,34.00825881958008,-118.4154815673828,LOS ANGELES,CULVER CITY,-118.41546630859376,34.008270263671875
92149593,2023,2023-08-22,9590,2023-06-03,1000,023269,NA,6,1,7,1942,0,1,1,NA,2,040,INTERSTATE 5 NORTHBOUND (SAF),EUCLID AVENUE,100,N,N,A,-,Y,LA,NA,5,NA,NA,16.103,H,NA,R,N,4,0,1,3,A,-,07,21658,A,N,B,C,A,A,H,-,A,D,0,NA,NA,NA,NA,Y,NA,A,01,0,0,1,0,0,0,0,0,0,-,-,34.02750015258789,-118.21013641357422,LOS ANGELES,LOS ANGELES,-118.21027374267578,34.02729034423828
92149626,2023,2023-09-05,9575,2023-08-11,2135,023072,NA,5,2,6,1925,0,1,1,NA,2,062,I-210 W/B (FOOTHILL FREEWAY) TO LOWELL AVE.,BOSTON AVENUE,152,W,N,A,-,Y,LA,NA,210,NA,R,15.857,H,NA,L,Y,4,0,4,2,A,-,07,21658,A,N,C,C,A,A,H,-,C,D,0,NA,NA,NA,NA,Y,NA,A,01,0,0,4,0,0,0,0,0,0,-,-,34.23067092895508,-118.26232147216795,LOS ANGELES,GLENDALE,-118.26239776611328,34.23046112060547
92149666,2023,2023-08-22,9540,2023-08-16,1635,020678,NA,3,2,9,1900,0,2,4,NA,1,204,BOUQUET CANYON RD,TEXAS CANYON RD,15840,N,N,A,-,N,NA,NA,NA,NA,NA,NA,NA,NA,NA,Y,3,0,1,1,A,-,08,22107,NA,N,E,I,A,A,H,-,A,D,0,NA,NA,NA,NA,Y,NA,D,22,0,1,0,0,0,0,0,0,0,-,-,34.52907943725586,-118.44277191162108,LOS ANGELES,UNINCORPORATED,-118.44246673583984,34.526344299316406
92149669,2023,2023-08-22,9535,2023-08-09,1335,022822,NA,3,1,9,1900,0,3,5,NA,2,006,POTRERO GRANDE DR,SAN GABRIEL BLVD,0,NA,Y,A,-,N,NA,NA,NA,NA,NA,NA,NA,NA,NA,N,4,0,1,3,A,-,09,21801,A,N,D,C,A,A,H,-,A,A,0,NA,NA,NA,NA,Y,NA,A,01,0,0,1,0,0,0,0,0,0,-,-,34.05192184448242,-118.09049987792967,LOS ANGELES,UNINCORPORATED,-118.09052276611328,34.05174255371094
92149684,2023,2023-08-22,9575,2023-08-11,1510,023029,NA,5,2,7,1942,0,1,1,NA,2,061,I-210 W/B (FOOTHILL FREEWAY),SUNLAND BOULEVARD,2040,E,N,A,-,Y,LA,NA,210,NA,R,11.504,H,NA,L,Y,4,0,1,1,C,-,18,NA,NA,N,H,A,A,A,H,-,A,D,0,NA,NA,NA,Y,Y,NA,-,-,0,0,1,0,0,0,0,0,0,-,-,34.25526809692383,-118.32533264160156,LOS ANGELES,LOS ANGELES,-118.32536315917967,34.255245208740234
92149686,2023,2023-08-22,9530,2023-08-13,1655,023090,NA,7,2,9,1900,0,3,5,NA,2,001,SLAUSON AVE. (1800 BLOCK),WILMINGTON AVE.,260,W,N,A,-,N,NA,NA,NA,NA,NA,NA,NA,NA,NA,N,4,0,1,3,A,-,03,22350,NA,N,C,C,A,A,H,-,A,D,0,NA,NA,NA,NA,Y,NA,A,01,0,0,1,0,0,0,0,0,0,-,-,33.989200592041016,-118.23989868164064,LOS ANGELES,UNINCORPORATED,-118.23988342285156,33.98919677734375
92149736,2023,2023-08-22,9575,2023-08-11,1701,022629,NA,5,2,7,1942,0,1,3,NA,2,043,SR-134 E/B (VENTURA FREEWAY),FOREST LAWN DRIVE,1575,E,N,A,-,Y,LA,NA,134,NA,NA,4.123,H,NA,R,N,4,0,1,2,A,-,03,22350,NA,N,C,C,A,A,H,-,A,D,0,NA,NA,NA,NA,Y,NA,D,22,0,0,1,0,0,0,0,0,0,-,-,34.156089782714844,-118.30580902099608,LOS ANGELES,LOS ANGELES,-118.30580139160156,34.156070709228516
92149754,2023,2023-08-22,9530,2023-08-14,445,022531,NA,1,3,7,1941,0,1,3,NA,2,320,SR-91 W/B (ARTESIA FREEWAY),LONG BEACH BLVD.,980,E,N,A,-,Y,LA,NA,91,NA,R,11.31,H,NA,L,Y,3,0,1,2,A,-,07,21658,A,N,C,C,A,A,H,-,D,D,0,NA,NA,Y,NA,Y,NA,A,01,0,1,0,0,0,0,0,0,1,-,-,33.873348236083984,-118.1989974975586,LOS ANGELES,LONG BEACH,-118.19896697998048,33.87326431274414
92149768,2023,2023-08-22,9530,2023-08-13,844,022696,NA,7,1,5,1977,0,1,1,NA,2,410,I-405 S/B (SAN DIEGO FREEWAY),MAIN ST.,200,S,N,A,-,Y,LA,NA,405,NA,NA,12.557,H,NA,L,Y,4,0,1,2,A,-,07,21658,A,F,B,C,A,A,H,-,A,D,0,NA,NA,NA,NA,Y,NA,-,99,0,0,1,0,0,0,0,0,0,-,-,33.85258102416992,-118.27970123291016,LOS ANGELES,CARSON,-118.27968597412108,33.85259246826172
92149805,2023,2023-08-22,9535,2023-08-07,1708,023371,NA,1,2,9,1900,0,2,4,NA,2,024,WHITTIER BOULEVARD,GERHART AVENUE,0,NA,Y,A,-,N,NA,NA,NA,NA,NA,NA,NA,NA,NA,Y,4,0,1,2,A,-,09,21804,A,N,D,C,A,A,H,-,A,A,0,NA,NA,NA,NA,Y,NA,A,07,0,0,1,0,0,0,0,0,0,-,-,34.018150329589844,-118.1469497680664,LOS ANGELES,UNINCORPORATED,-118.14730834960938,34.0182991027832
92149812,2023,2023-08-22,9540,2023-07-30,1710,022305,NA,7,2,9,1900,0,1,1,NA,2,511,I-5 SOUTHBOUND,WHITAKER SAND SHED,7392,N,N,A,-,Y,LA,NA,5,NA,R,69.353,H,NA,L,Y,2,0,1,2,A,-,03,22350,NA,N,C,E,A,A,H,-,A,B,0,NA,NA,Y,NA,Y,NA,C,02,1,0,0,0,0,0,0,0,1,-,-,34.60934066772461,-118.71267700195313,LOS ANGELES,UNINCORPORATED,-118.7126007080078,34.60934066772461
92149815,2023,2023-08-22,9535,2023-08-05,1200,023333,NA,6,1,9,1900,0,1,3,NA,2,621,SR-60 W/B (POMONA FREEWAY),PARAMOUNT BLVD,158,W,N,A,-,Y,LA,NA,60,NA,R,7.731,H,NA,L,N,4,0,2,3,A,-,03,22350,NA,N,C,C,A,A,H,-,A,D,0,NA,NA,NA,NA,Y,NA,A,07,0,0,2,0,0,0,0,0,0,-,-,34.03594970703125,-118.09365844726564,LOS ANGELES,UNINCORPORATED,-118.09366607666016,34.03597640991211
92149816,2023,2023-08-22,9525,2023-08-21,245,022745,NA,1,3,1,1934,0,1,1,NA,2,651,I-605 S/B (SAN GABRIEL RIVER FWY),LOWER AZUSA RD.,120,N,N,C,-,Y,LA,NA,605,NA,NA,22.196,H,NA,L,Y,4,0,1,1,A,-,08,22107,NA,N,E,8,A,B,H,-,C,D,0,NA,NA,NA,NA,Y,NA,A,01,0,0,1,0,0,0,0,0,0,-,-,34.09231948852539,-117.99112701416016,LOS ANGELES,IRWINDALE,-117.99120330810548,34.09238052368164
92149826,2023,2023-08-22,9535,2023-08-05,950,023333,NA,6,1,9,1900,0,1,3,NA,2,620,SR-60 E/B (POMONA FREEWAY),I-605 (SAN GABRIEL RIVER FREEWAY),840,W,N,A,-,Y,LA,NA,60,NA,NA,11.551,H,NA,R,Y,3,0,2,1,A,-,08,22107,NA,N,E,I,A,A,H,-,A,D,0,NA,NA,NA,NA,Y,NA,A,07,0,2,0,0,0,0,0,0,0,-,-,34.03504943847656,-118.02996063232422,LOS ANGELES,UNINCORPORATED,-118.02991485595705,34.035125732421875
92149843,2023,2023-08-22,9525,2023-08-05,1018,023085,NA,6,1,5,1906,0,1,1,NA,2,103,I-10 W/B (SAN BERNARDINO FWY),I-605 S/B (SAN GABRIEL RIVER FWY),0,NA,Y,A,-,Y,NA,NA,NA,NA,NA,NA,NA,NA,NA,Y,2,0,1,2,A,-,07,21658,A,N,C,C,A,A,H,-,A,D,0,NA,NA,Y,NA,Y,NA,C,02,1,0,0,0,0,0,0,0,1,-,-,34.065731048583984,-117.99829864501952,LOS ANGELES,BALDWIN PARK,-118.0002670288086,34.065208435058594
92149861,2023,2023-08-22,9535,2023-08-10,1940,023260,NA,4,2,3,1914,0,1,1,NA,2,500,I-5 N/B (SANTA ANA FREEWAY),GARFIELD AVE,500,S,N,A,-,Y,LA,NA,5,NA,NA,10.536,H,NA,R,Y,3,0,5,3,A,-,08,22107,NA,N,C,2,A,A,H,-,C,D,0,NA,NA,NA,NA,Y,NA,A,01,0,1,4,0,0,0,0,0,0,-,-,33.98408126831055,-118.1330795288086,LOS ANGELES,COMMERCE,-118.13300323486328,33.984130859375
92149865,2023,2023-08-22,9530,2023-08-16,140,022022,NA,3,3,7,1942,0,1,1,NA,2,200,I-105 W/B (GLENN ANDERSON FREEWAY),CENTRAL AVE.,1097,W,N,A,-,Y,LA,NA,105,NA,R,8.695,H,NA,L,N,3,0,2,2,A,-,03,22350,NA,N,C,C,A,A,H,-,C,D,0,NA,NA,NA,NA,Y,NA,A,01,0,2,0,0,0,0,0,0,0,-,-,33.927791595458984,-118.2580795288086,LOS ANGELES,LOS ANGELES,-118.25807189941406,33.92774200439453
92149906,2023,2023-08-22,9540,2023-08-13,545,021955,NA,7,3,7,1942,0,1,1,NA,1,405,I-405 S/B,RINALDI ST.,102,S,N,A,-,Y,LA,NA,405,NA,NA,47.744,H,NA,L,Y,3,0,2,3,A,-,08,22107,NA,F,C,C,A,A,H,-,B,D,0,NA,NA,NA,NA,Y,NA,A,01,0,1,1,0,0,0,0,0,0,-,-,34.27872848510742,-118.4699935913086,LOS ANGELES,LOS ANGELES,-118.46996307373048,34.278724670410156
92149910,2023,2023-08-22,9540,2023-08-17,2245,021447,NA,4,3,7,1942,0,1,1,NA,1,501,I-5 S/B,SAN FERNANDO MISSION BLVD,600,N,N,A,-,Y,LA,NA,5,NA,NA,40.379,H,NA,L,Y,2,0,1,1,A,-,03,22350,NA,N,E,8,A,A,H,-,D,D,0,NA,NA,NA,NA,Y,NA,A,01,1,0,0,0,0,0,0,0,0,-,-,34.27811050415039,-118.45455932617188,LOS ANGELES,LOS ANGELES,-118.45448303222656,34.278160095214844
92149922,2023,2023-08-22,9590,2023-08-04,1550,023151,NA,5,2,7,1942,0,1,1,NA,2,082,I-5 N/B (GOLDEN STATE FREEWAY),RIVERSIDE DRIVE,2185,S,N,A,-,Y,LA,NA,5,NA,NA,21.515,H,NA,R,N,4,0,1,2,A,-,03,22350,NA,F,C,C,A,A,H,-,A,D,0,NA,NA,NA,NA,Y,NA,-,99,0,0,1,0,0,0,0,0,0,-,-,34.09075164794922,-118.23895263671876,LOS ANGELES,LOS ANGELES,-118.23902130126952,34.090702056884766
92149956,2023,2023-08-22,9540,2023-08-16,1125,019853,NA,3,1,7,1942,0,1,1,NA,1,501,I-5 S/B (GOLDEN STATE FWY.),SAN FERNANDO MISSION BLVD,2640,N,N,A,-,Y,LA,NA,5,NA,NA,40.572,H,NA,L,N,4,0,1,1,C,-,18,NA,NA,N,E,J,A,A,H,-,A,D,0,NA,NA,NA,NA,Y,NA,-,-,0,0,1,0,0,0,0,0,0,-,-,34.28050994873047,-118.45628356933594,LOS ANGELES,LOS ANGELES,-118.45621490478516,34.28053665161133
92149967,2023,2023-08-22,9590,2023-08-14,650,023232,NA,1,1,7,1942,0,1,1,NA,2,052,I-110 N/B (HARBOR FREEWAY),1ST ST,600,N,N,A,-,Y,LA,NA,110,NA,NA,23.474,H,NA,R,N,4,0,1,2,A,-,08,22107,NA,N,B,C,A,A,H,-,A,D,0,NA,NA,NA,NA,Y,NA,A,01,0,0,1,0,0,0,0,0,0,-,-,34.05990982055664,-118.25180053710938,LOS ANGELES,LOS ANGELES,-118.25183868408205,34.05994415283203
92149979,2023,2023-08-22,9575,2023-08-15,1120,023227,NA,2,1,7,1942,0,1,1,NA,2,052,I-5 S/B (GOLDEN STATE FREEWAY),PEORIA STREET,460,S,N,A,-,Y,LA,NA,5,NA,NA,35.259,H,NA,L,Y,4,0,1,3,A,-,03,22350,NA,N,C,C,A,A,H,-,A,D,0,NA,NA,NA,NA,Y,NA,A,01,0,0,1,0,0,0,0,0,0,-,-,34.228271484375,-118.39205169677734,LOS ANGELES,LOS ANGELES,-118.3920440673828,34.2282829284668
92150011,2023,2023-08-22,9525,2023-08-20,1208,023283,NA,7,1,6,1955,0,1,1,NA,2,119,INTERSTATE 10 W/B,WHITE AVENUE,360,W,N,C,-,Y,LA,NA,10,NA,NA,45.206,H,NA,L,Y,4,0,1,1,A,-,08,22107,NA,N,E,I,A,B,H,-,A,D,0,NA,NA,NA,NA,Y,NA,A,01,0,0,1,0,0,0,0,0,0,-,-,34.070980072021484,-117.76078033447266,LOS ANGELES,POMONA,-117.7607879638672,34.0710334777832