CASE_ID,ACCIDENT_YEAR,PROC_DATE,JURIS,COLLISION_DATE,COLLISION_TIME,OFFICER_ID,REPORTING_DISTRICT,DAY_OF_WEEK,CHP_SHIFT,POPULATION,CNTY_CITY_LOC,SPECIAL_COND,BEAT_TYPE,CHP_BEAT_TYPE,CITY_DIVISION_LAPD,CHP_BEAT_CLASS,BEAT_NUMBER,PRIMARY_RD,SECONDARY_RD,DISTANCE,DIRECTION,INTERSECTION,WEATHER_1,WEATHER_2,STATE_HWY_IND,CALTRANS_COUNTY,CALTRANS_DISTRICT,STATE_ROUTE,ROUTE_SUFFIX,POSTMILE_PREFIX,POSTMILE,LOCATION_TYPE,RAMP_INTERSECTION,SIDE_OF_HWY,TOW_AWAY,COLLISION_SEVERITY,NUMBER_KILLED,NUMBER_INJURED,PARTY_COUNT,PRIMARY_COLL_FACTOR,PCF_CODE_OF_VIOL,PCF_VIOL_CATEGORY,PCF_VIOLATION,PCF_VIOL_SUBSECTION,HIT_AND_RUN,TYPE_OF_COLLISION,MVIW,PED_ACTION,ROAD_SURFACE,ROAD_COND_1,ROAD_COND_2,LIGHTING,CONTROL_DEVICE,CHP_ROAD_TYPE,PEDESTRIAN_ACCIDENT,BICYCLE_ACCIDENT,MOTORCYCLE_ACCIDENT,TRUCK_ACCIDENT,NOT_PRIVATE_PROPERTY,ALCOHOL_INVOLVED,STWD_VEHTYPE_AT_FAULT,CHP_VEHTYPE_AT_FAULT,COUNT_SEVERE_INJ,COUNT_VISIBLE_INJ,COUNT_COMPLAINT_PAIN,COUNT_PED_KILLED,COUNT_PED_INJURED,COUNT_BICYCLIST_KILLED,COUNT_BICYCLIST_INJURED,COUNT_MC_KILLED,COUNT_MC_INJURED,PRIMARY_RAMP,SECONDARY_RAMP,LATITUDE,LONGITUDE,COUNTY,CITY,POINT_X,POINT_Y
92150029,2023,2023-08-22,9545,2023-08-16,1255,023153,NA,3,1,9,1900,0,1,3,NA,2,031,SR-14 S/B,SANTIAGO RD,3696,N,N,C,-,Y,LA,NA,14,NA,R,51.478,H,NA,L,Y,4,0,1,1,A,-,08,22107,NA,N,E,I,A,B,H,-,A,D,0,NA,NA,NA,NA,Y,NA,A,01,0,0,1,0,0,0,0,0,0,-,-,34.48558044433594,-118.15132904052734,LOS ANGELES,UNINCORPORATED,-118.15133666992188,34.485660552978516
92150033,2023,2023-08-22,9545,2023-08-16,1305,023153,NA,3,1,9,1900,0,1,3,NA,2,031,SR-14 S/B,SANTIAGO RD,3696,N,N,C,-,Y,LA,NA,14,NA,R,51.486,H,NA,L,Y,4,0,1,2,A,-,08,22107,NA,N,D,2,A,B,H,-,A,D,0,NA,NA,NA,Y,Y,NA,A,01,0,0,1,0,0,0,0,0,0,-,-,34.48571014404297,-118.15119934082033,LOS ANGELES,UNINCORPORATED,-118.15119934082033,34.48566818237305
92150039,2023,2023-08-22,9525,2023-08-20,1209,023283,NA,7,1,6,1955,0,1,1,NA,2,119,INTERSTATE 10 W/B,WHITE AVENUE,345,W,N,C,-,Y,LA,NA,10,NA,NA,45.21,H,NA,L,Y,4,0,1,2,A,-,03,22350,NA,N,A,C,A,B,H,-,A,D,0,NA,NA,NA,NA,Y,NA,A,01,0,0,1,0,0,0,0,0,0,-,-,34.07101821899414,-117.76071166992188,LOS ANGELES,POMONA,-117.76071166992188,34.071044921875
92150098,2023,2023-08-22,9525,2023-08-14,1640,021074,NA,1,2,4,1946,0,1,1,NA,2,202,I-210 E/B (FOOTHILL FREEWAY),MOUNTAIN AVE.,700,W,N,A,-,Y,LA,NA,210,NA,R,34.62,H,NA,R,N,4,0,1,4,A,-,03,22350,NA,N,C,C,A,A,H,-,A,D,0,NA,NA,NA,NA,Y,NA,D,22,0,0,1,0,0,0,0,0,0,-,-,34.135528564453125,-117.98860931396484,LOS ANGELES,MONROVIA,-117.98860931396484,34.1353759765625
92150108,2023,2023-08-22,9525,2023-08-17,2030,020042,NA,4,2,4,1938,0,1,1,NA,2,208,I-210 E/B (FOOTHILL FWY),FRUIT ST,1584,W,N,A,-,Y,LA,NA,210,NA,R,47.569,H,NA,R,Y,3,0,1,1,A,-,01,23152,A,N,F,I,A,A,H,-,C,D,0,NA,NA,NA,NA,Y,Y,D,22,0,1,0,0,0,0,0,0,0,-,-,34.11933898925781,-117.77056121826172,LOS ANGELES,LA VERNE,-117.77056884765624,34.1195068359375
92150210,2023,2023-08-22,9575,2023-08-15,1450,022651,NA,2,2,9,1900,0,2,4,NA,2,020,ALTADENA DR.,SANTA ROSA AVE,0,NA,Y,A,-,N,NA,NA,NA,NA,NA,NA,NA,NA,NA,Y,3,0,3,2,A,-,12,22450,A,N,D,C,A,A,H,-,A,A,0,NA,NA,NA,NA,Y,NA,A,01,0,1,2,0,0,0,0,0,0,-,-,34.19084930419922,-118.1357421875,LOS ANGELES,UNINCORPORATED,-118.13568115234376,34.19083786010742
92150250,2023,2023-08-22,9590,2023-08-11,900,023232,NA,5,1,7,1942,0,1,1,NA,2,084,I-5 N/B (GOLDEN STATE FREEWAY),FLETCHER DR,100,N,N,A,-,Y,LA,NA,5,NA,NA,23.015,H,NA,R,N,4,0,2,2,A,-,03,22350,NA,N,C,C,A,A,H,-,A,D,0,NA,NA,NA,NA,Y,NA,A,07,0,0,2,0,0,0,0,0,0,-,-,34.10707092285156,-118.25608825683594,LOS ANGELES,LOS ANGELES,-118.25614166259766,34.106998443603516
92150273,2023,2023-08-22,9545,2023-08-14,1355,022221,NA,1,1,9,1900,0,3,5,NA,2,004,SIERRA HIGHWAY,AVENUE G,0,NA,Y,A,-,N,NA,NA,NA,NA,NA,NA,NA,NA,NA,Y,4,0,1,2,A,-,12,22450,A,N,D,C,A,A,H,-,A,A,0,NA,NA,NA,NA,Y,NA,A,07,0,0,1,0,0,0,0,0,0,-,-,34.73337936401367,-118.14222717285156,LOS ANGELES,UNINCORPORATED,-118.14222717285156,34.733375549316406
92150290,2023,2023-08-22,9590,2023-08-11,930,023232,NA,5,1,7,1942,0,1,1,NA,2,013,SR-110 S/B (ARROYO SECO PARKWAY) FROM AVENUE 52,AVENUE 52,200,S,N,A,-,Y,LA,NA,110,NA,NA,27.99,H,NA,L,N,4,0,1,2,A,-,03,22350,NA,N,C,C,A,A,H,-,A,A,0,NA,NA,NA,NA,Y,NA,A,07,0,0,1,0,0,0,0,0,0,-,-,34.10295104980469,-118.19747161865234,LOS ANGELES,LOS ANGELES,-118.19743347167967,34.10287094116211
92150303,2023,2023-08-22,9575,2023-08-14,1842,023029,NA,1,2,9,1900,0,2,4,NA,2,012,FOOTHILL BOULEVARD,LA CRESCENTA AVENUE,0,NA,Y,A,-,N,NA,NA,NA,NA,NA,NA,NA,NA,NA,N,3,0,2,2,A,-,12,21453,A,N,D,C,A,A,H,-,A,A,0,NA,NA,NA,NA,Y,NA,A,07,0,1,1,0,0,0,0,0,0,-,-,34.224090576171875,-118.23993682861328,LOS ANGELES,UNINCORPORATED,-118.23992156982422,34.22414779663086
92150309,2023,2023-08-22,9550,2023-08-10,1649,023321,NA,4,2,9,1900,0,1,1,NA,2,650,I-605 S/B,SR-60,2640,S,N,A,-,Y,LA,NA,605,NA,R,17.076,H,NA,L,Y,3,0,1,2,A,-,08,22107,NA,N,B,C,A,A,H,-,A,D,0,NA,NA,NA,NA,Y,NA,A,01,0,1,0,0,0,0,0,0,0,-,-,34.03076171875,-118.03148651123048,LOS ANGELES,UNINCORPORATED,-118.03153228759766,34.03080749511719
92150317,2023,2023-08-22,9550,2023-08-12,1100,023073,NA,6,1,9,1900,0,3,5,NA,2,002,MEYER RD,CARMENITA RD,0,NA,Y,A,-,Y,NA,NA,NA,NA,NA,NA,NA,NA,NA,Y,4,0,2,3,A,-,09,21801,A,N,D,C,A,A,H,-,A,A,0,NA,NA,NA,NA,Y,NA,A,01,0,0,2,0,0,0,0,0,0,-,-,33.9256706237793,-118.04649353027344,LOS ANGELES,UNINCORPORATED,-118.04657745361328,33.92559814453125
92150348,2023,2023-08-22,9580,2023-08-14,1620,023224,NA,1,2,7,1942,0,1,3,NA,2,114,SR-118 E/B (RONALD REAGAN FWY.),SEPULVEDA BLVD,2500,E,N,A,-,Y,LA,NA,118,NA,R,10.606,H,NA,R,N,3,0,1,3,A,-,03,22350,NA,N,C,D,A,A,H,-,A,D,0,NA,NA,NA,NA,Y,NA,-,-,0,1,0,0,0,0,0,0,0,-,-,34.26586151123047,-118.45841217041016,LOS ANGELES,LOS ANGELES,-118.45841217041016,34.26575469970703
92150349,2023,2023-08-22,9580,2023-08-14,1712,021966,NA,1,2,7,1942,0,1,1,NA,2,406,I-405 N/B (SAN DIEGO FWY),CHATSWORTH ST.,540,S,N,A,-,Y,LA,NA,405,NA,NA,46.628,H,NA,R,Y,3,0,2,2,A,-,03,22350,NA,N,C,C,A,A,H,-,A,D,0,NA,NA,NA,NA,Y,NA,A,01,0,1,1,0,0,0,0,0,0,-,-,34.26287078857422,-118.47203063964844,LOS ANGELES,LOS ANGELES,-118.47208404541016,34.26287078857422
92150354,2023,2023-08-22,9580,2023-08-15,958,019097,NA,2,1,7,1942,0,1,3,NA,2,117,SR-118 W/B (RONALD REAGAN FWY.),RESEDA BLVD,500,W,N,A,-,Y,LA,NA,118,NA,R,5.783,H,NA,L,Y,3,0,3,2,A,-,03,22350,NA,N,B,C,A,A,H,-,A,D,0,NA,NA,NA,NA,Y,NA,E,22,0,1,2,0,0,0,0,0,0,-,-,34.275108337402344,-118.5367431640625,LOS ANGELES,LOS ANGELES,-118.53672027587892,34.27505111694336
92150363,2023,2023-08-22,9590,2023-08-14,1900,021492,NA,1,2,7,1942,0,1,3,NA,2,094,SR-2 E/B (GLENDALE FREEWAY),ROUND TOP DR,1500,E,N,A,-,Y,LA,NA,2,NA,R,18.073,H,NA,R,N,4,0,2,2,D,-,00,NA,NA,N,C,C,A,A,H,-,A,D,0,NA,NA,NA,NA,Y,NA,-,-,0,0,2,0,0,0,0,0,0,-,-,34.13628005981445,-118.22914886474608,LOS ANGELES,LOS ANGELES,-118.22911834716795,34.13627243041992
92150366,2023,2023-08-22,9590,2023-08-12,340,022698,NA,6,3,7,1942,0,1,2,NA,2,071,US-101 SOUTHBOUND (SANTA ANA FREEWAY),ALAMEDA STREET,325,S,N,A,-,Y,LA,NA,101,NA,NA,0.679,H,NA,L,N,4,0,1,2,A,-,08,22107,NA,F,B,C,A,A,H,-,C,D,0,NA,NA,NA,NA,Y,NA,-,99,0,0,1,0,0,0,0,0,0,-,-,34.053768157958984,-118.23674774169922,LOS ANGELES,LOS ANGELES,-118.23675537109376,34.05375671386719
92150368,2023,2023-08-23,9550,2023-08-11,1320,022167,NA,5,1,5,1908,0,1,3,NA,2,091,SR-91 E/B,BIXBY AVENUE,570,E,N,A,-,Y,LA,NA,91,NA,R,15.97,H,NA,R,Y,4,0,1,2,A,-,07,21658,A,N,B,C,A,A,H,-,A,D,0,NA,NA,NA,Y,Y,NA,-,-,0,0,1,0,0,0,0,0,0,-,-,33.876068115234375,-118.11927795410156,LOS ANGELES,BELLFLOWER,-118.11928558349608,33.87615203857422
92150377,2023,2023-08-23,9580,2023-08-17,2045,023272,NA,4,2,7,1942,0,1,3,NA,2,170,SR-170 N/B TO SHELDON AVENUE,SHELDON AVE,1056,N,N,A,-,Y,NA,NA,NA,NA,NA,NA,NA,NA,NA,N,4,0,1,2,A,-,03,22350,NA,N,C,C,A,A,H,-,D,A,0,NA,NA,NA,NA,Y,NA,A,07,0,0,1,0,0,0,0,0,0,-,-,34.23003005981445,-118.40862274169922,LOS ANGELES,LOS ANGELES,-118.40862274169922,34.23003005981445
92150388,2023,2023-08-23,9590,2023-08-08,430,022088,NA,2,3,7,1942,0,1,1,NA,2,063,I-10 WESTBOUND (SANTA MONICA FREEWAY),SAN PEDRO ST.,200,E,N,A,-,Y,LA,NA,10,NA,NA,16.072,H,NA,L,N,2,0,1,3,A,-,08,22107,NA,N,F,A,A,A,H,-,C,D,0,NA,NA,Y,NA,Y,NA,C,02,1,0,0,0,0,0,0,0,1,-,-,34.029300689697266,-118.25544738769533,LOS ANGELES,LOS ANGELES,-118.25540924072266,34.02935791015625
92150392,2023,2023-08-23,9565,2023-08-10,1645,022576,NA,4,2,5,1965,0,1,1,NA,2,081,I-10 E/B,CLOVERFIELD BLVD,635,W,N,A,-,Y,LA,NA,10,NA,R,3.213,H,NA,R,Y,4,0,1,2,A,-,03,22350,NA,N,C,C,A,A,H,-,A,D,0,NA,NA,NA,NA,Y,NA,A,01,0,0,1,0,0,0,0,0,0,-,-,34.02384948730469,-118.4713134765625,LOS ANGELES,SANTA MONICA,-118.47132873535156,34.02389144897461
92150393,2023,2023-08-23,9565,2023-08-10,1745,022099,NA,4,2,7,1942,0,1,1,NA,2,062,INTERSTATE 405 N/B (SAN DIEGO FWY),PALMS BLVD.,100,S,N,A,-,Y,LA,NA,405,NA,NA,28.484,H,NA,R,N,4,0,1,3,A,-,08,22107,NA,F,B,2,A,A,H,-,A,D,0,NA,NA,Y,NA,Y,NA,-,99,0,0,1,0,0,0,0,0,1,-,-,34.01858139038086,-118.42330932617188,LOS ANGELES,LOS ANGELES,-118.42335510253906,34.0185546875
92150396,2023,2023-08-23,9575,2023-08-14,1600,022526,NA,1,2,6,1953,0,1,1,NA,2,080,SR-710 (LONG BEACH FREEWAY) TO COLORADO BOULEVARD,ORANGE GROVE BOULEVARD,677,S,N,A,-,Y,LA,NA,210,NA,R,24.773,H,NA,R,N,3,0,5,2,A,-,03,22350,NA,N,C,C,A,A,H,-,A,D,0,NA,NA,NA,NA,Y,NA,D,22,0,1,4,0,0,0,0,0,0,-,-,34.152130126953125,-118.15663146972656,LOS ANGELES,PASADENA,-118.1564483642578,34.15217208862305
92150941,2023,2023-08-23,9525,2023-08-10,2115,021838,NA,4,2,5,1990,0,1,3,NA,2,574,SR-57 N/B (ORANGE FWY),PATHFINDER ROAD,500,S,N,A,-,Y,LA,NA,57,NA,R,2.863,H,NA,R,Y,4,0,2,4,A,-,03,22350,NA,F,C,C,A,A,D,E,D,D,0,NA,NA,NA,NA,Y,NA,A,01,0,0,2,0,0,0,0,0,0,-,-,33.97996139526367,-117.84165954589844,LOS ANGELES,DIAMOND BAR,-117.841552734375,33.979957580566406
92150949,2023,2023-08-23,9580,2023-08-10,1127,019952,NA,4,1,7,1942,0,1,2,NA,2,103,US-101 S/B (VENTURA FREEWAY),WHITE OAK AVE,1320,S,N,A,-,Y,LA,NA,101,NA,NA,19.878,H,NA,L,N,3,0,1,2,A,-,03,22350,NA,N,C,C,A,A,H,-,A,D,0,NA,NA,NA,NA,Y,NA,D,22,0,1,0,0,0,0,0,0,0,-,-,34.17103958129883,-118.51233673095705,LOS ANGELES,LOS ANGELES,-118.51233673095705,34.17108917236328
92150988,2023,2023-08-23,9530,2023-08-17,1540,022670,NA,4,2,9,1900,0,1,1,NA,2,120,I-110 N/B (HARBOR FREEWAY),CARSON ST.,91,N,N,A,-,Y,LA,NA,110,NA,NA,7.044,H,NA,R,N,4,0,1,4,A,-,03,22350,NA,N,C,C,A,A,H,-,A,D,0,NA,NA,NA,NA,Y,NA,A,07,0,0,1,0,0,0,0,0,0,-,-,33.832000732421875,-118.28732299804688,LOS ANGELES,UNINCORPORATED,-118.28724670410156,33.832000732421875
92150998,2023,2023-08-23,9530,2023-08-17,1745,023090,NA,4,2,9,1900,0,3,5,NA,2,002,EL SEGUNDO BLVD.,COOK ST.,0,NA,Y,A,-,N,NA,NA,NA,NA,NA,NA,NA,NA,NA,Y,4,0,2,2,A,-,09,21801,A,N,A,C,A,A,H,-,A,D,0,NA,NA,NA,NA,Y,NA,A,01,0,0,2,0,0,0,0,0,0,-,-,33.916351318359375,-118.27066802978516,LOS ANGELES,UNINCORPORATED,-118.27072143554688,33.916419982910156
92151008,2023,2023-08-23,9530,2023-08-21,200,023313,NA,1,3,5,1943,0,1,1,NA,2,210,I-105 W/B (GLENN ANDERSON FWY),WILLOWBROOK AVE.,845,E,N,C,-,Y,LA,NA,105,NA,R,10.062,H,NA,L,Y,4,0,1,1,A,-,03,22350,NA,N,E,I,A,B,H,-,D,D,0,NA,NA,NA,NA,Y,NA,A,07,0,0,1,0,0,0,0,0,0,-,-,33.92816162109375,-118.23455047607422,LOS ANGELES,LYNWOOD,-118.23454284667967,33.92822265625
92151022,2023,2023-08-23,9525,2023-08-20,408,020632,NA,7,3,5,1926,0,1,1,NA,2,205,I-210 W/B (FOOTHILL FWY),SUNFLOWER AVE.,4224,E,N,C,-,Y,LA,NA,210,NA,R,43.277,H,NA,L,Y,4,0,1,2,A,-,01,23152,A,N,C,C,A,B,H,-,C,D,0,NA,NA,NA,NA,Y,Y,A,01,0,0,1,0,0,0,0,0,0,-,-,34.117759704589844,-117.84455871582033,LOS ANGELES,GLENDORA,-117.84455871582033,34.11774444580078
92151023,2023,2023-08-23,9530,2023-08-17,605,022377,NA,4,1,9,1900,0,3,5,NA,2,003,ATLANTIC AVENUE,COMPTON BOULEVARD,0,NA,Y,A,-,N,NA,NA,NA,NA,NA,NA,NA,NA,NA,Y,4,0,1,2,A,-,12,21453,A,N,D,C,A,A,H,-,A,A,0,NA,NA,NA,NA,Y,NA,A,07,0,0,1,0,0,0,0,0,0,-,-,33.8961181640625,-118.19342803955078,LOS ANGELES,UNINCORPORATED,-118.19344329833984,33.89616012573242
92151024,2023,2023-08-23,9525,2023-08-20,820,022770,NA,7,1,5,1926,0,1,1,NA,2,205,I-210 W/B (FOOTHILL FWY),GRAND AVE.,1795,W,N,C,-,Y,LA,NA,210,NA,R,41.255,H,NA,L,Y,4,0,1,2,A,-,03,22350,NA,N,C,C,A,B,H,-,A,D,0,NA,NA,NA,NA,Y,NA,A,01,0,0,1,0,0,0,0,0,0,-,-,34.12113952636719,-117.87880706787108,LOS ANGELES,GLENDORA,-117.87881469726564,34.12102508544922
92151029,2023,2023-08-23,9530,2023-08-18,710,022377,NA,5,1,9,1900,0,3,5,NA,2,002,WILLOWBROOK AVE. (12000 BLOCK),120TH STREET,265,S,N,A,-,N,NA,NA,NA,NA,NA,NA,NA,NA,NA,Y,4,0,1,3,A,-,08,22107,NA,N,B,E,A,A,H,-,A,D,0,NA,NA,NA,NA,Y,NA,A,07,0,0,1,0,0,0,0,0,0,-,-,33.92267990112305,-118.23512268066406,LOS ANGELES,UNINCORPORATED,-118.23542785644533,33.9233283996582
92151032,2023,2023-08-23,9590,2023-08-11,1245,021848,NA,5,1,7,1942,0,1,1,NA,2,064,I-10 E/B (SANTA MONICA FREEWAY),CENTRAL AVENUE,300,W,N,A,-,Y,LA,NA,10,NA,NA,16.428,H,NA,R,N,3,0,1,2,A,-,07,21658,A,F,B,C,A,A,H,-,A,D,0,NA,NA,Y,NA,Y,NA,-,99,0,1,0,0,0,0,0,0,1,-,-,34.02640914916992,-118.25023651123048,LOS ANGELES,LOS ANGELES,-118.25028228759766,34.0263557434082
92151033,2023,2023-08-23,9530,2023-08-18,840,019412,NA,5,1,7,1941,0,1,1,NA,2,420,I-405 S/B (SAN DIEGO FREEWAY),SANTA FE AVE.,304,S,N,A,-,Y,LA,NA,405,NA,NA,8.01,H,NA,L,Y,4,0,1,2,A,-,03,22350,NA,N,C,C,A,A,H,-,A,D,0,NA,NA,NA,NA,Y,NA,A,01,0,0,1,0,0,0,0,0,0,-,-,33.825469970703125,-118.2144775390625,LOS ANGELES,LONG BEACH,-118.21449279785156,33.82551574707031
92151037,2023,2023-08-23,9530,2023-08-18,1005,019412,NA,5,1,7,1941,0,1,1,NA,2,420,I-405 N/B (SAN DIEGO FREEWAY),CHERRY AVE,500,S,N,A,-,Y,LA,NA,405,NA,NA,4.735,H,NA,R,N,4,0,1,2,A,-,07,21658,A,N,B,C,A,A,H,-,A,D,0,NA,NA,NA,Y,Y,NA,G,27,0,0,1,0,0,0,0,0,0,-,-,33.81290054321289,-118.16517639160156,LOS ANGELES,LONG BEACH,-118.16519165039064,33.8128776550293
92151044,2023,2023-08-23,9530,2023-08-20,1110,023143,NA,7,1,2,1967,0,1,1,NA,2,420,I-405 N/B (SAN DIEGO FREEWAY),CHERRY AVE.,1136,S,N,B,C,Y,LA,NA,405,NA,NA,4.66,H,NA,R,N,4,0,1,2,A,-,03,22350,NA,N,C,C,A,B,H,-,A,D,0,NA,NA,NA,NA,Y,NA,A,07,0,0,1,0,0,0,0,0,0,-,-,33.81245040893555,-118.1639404296875,LOS ANGELES,SIGNAL HILL,-118.16392517089844,33.81249237060547
92151084,2023,2023-08-23,9535,2023-08-11,1600,023260,NA,5,2,5,1959,0,1,1,NA,2,401,I-10 W/B (SAN BERNARDINO FREEWAY),WALNUT GROVE AVE,500,W,N,A,-,Y,LA,NA,10,NA,NA,26.068,H,NA,L,N,4,0,1,2,A,-,03,22350,NA,N,C,C,A,A,H,-,A,D,0,NA,NA,NA,NA,Y,NA,A,01,0,0,1,0,0,0,0,0,0,-,-,34.07229995727539,-118.08688354492188,LOS ANGELES,ROSEMEAD,-118.08687591552734,34.07223129272461
92151092,2023,2023-08-23,9545,2023-08-16,2352,021819,NA,3,3,9,1900,0,3,5,NA,2,004,AVENUE O,240TH STREET EAST,0,NA,Y,A,-,N,NA,NA,NA,NA,NA,NA,NA,NA,NA,Y,4,0,2,1,A,-,03,22350,NA,N,E,J,A,A,H,-,D,A,0,NA,NA,NA,NA,Y,NA,A,07,0,0,2,0,0,0,0,0,0,-,-,34.61674118041992,-117.70262908935548,LOS ANGELES,UNINCORPORATED,-117.70272827148438,34.616573333740234
92151107,2023,2023-08-23,9565,2023-08-11,1700,023181,NA,5,2,7,1942,0,1,1,NA,2,062,I-405 N/B (SAN DIEGO FWY),NATIONAL BLVD,1345,S,N,A,-,Y,LA,NA,405,NA,NA,28.442,H,NA,R,Y,4,0,2,2,A,-,03,22350,NA,N,C,C,A,A,H,-,A,D,0,NA,NA,NA,NA,Y,NA,D,22,0,0,2,0,0,0,0,0,0,-,-,34.01810073852539,-118.42286682128906,LOS ANGELES,LOS ANGELES,-118.42295837402344,34.0180549621582
92151134,2023,2023-08-23,9525,2023-08-15,932,016450,NA,2,1,9,1900,0,3,5,NA,2,004,WORKMAN MILL RD,DON JULIAN RD.,0,NA,Y,A,-,N,NA,NA,NA,NA,NA,NA,NA,NA,NA,Y,4,0,1,2,A,-,09,21801,A,N,D,C,A,A,H,-,A,A,0,NA,NA,NA,NA,Y,NA,D,22,0,0,1,0,0,0,0,0,0,-,-,34.0411491394043,-117.9980697631836,LOS ANGELES,UNINCORPORATED,-117.99816131591795,34.041160583496094
92151150,2023,2023-08-23,9545,2023-08-17,505,016124,NA,4,3,9,1900,0,1,3,NA,1,012,STATE ROUTE 138,110TH ST WEST,0,NA,Y,A,-,Y,LA,NA,138,NA,NA,28.067,H,NA,R,Y,4,0,2,2,A,-,09,21802,A,N,D,C,A,A,H,-,D,A,0,NA,NA,NA,NA,Y,NA,D,22,0,0,2,0,0,0,0,0,0,-,-,34.776058197021484,-118.32556915283205,LOS ANGELES,UNINCORPORATED,-118.32556915283205,34.776031494140625
92151155,2023,2023-08-23,9565,2023-08-11,1545,023237,NA,5,2,5,1928,0,1,1,NA,2,010,I-105 E/B (CENTURY FWY),HAWTHORNE BLVD,1056,W,N,A,-,Y,LA,NA,105,NA,R,2.647,H,NA,R,Y,4,0,1,2,A,-,03,22350,NA,N,C,C,A,A,H,-,A,D,0,NA,NA,NA,NA,Y,NA,A,01,0,0,1,0,0,0,0,0,0,-,-,33.93225860595703,-118.35935974121094,LOS ANGELES,HAWTHORNE,-118.3593978881836,33.93235778808594
92151169,2023,2023-08-23,9525,2023-08-16,904,016450,NA,3,1,6,1975,0,1,1,NA,2,103,I-10 W/B (SAN BERNARDINO FWY),SUNSET AVE,1584,E,N,A,-,Y,LA,NA,10,NA,NA,35.186,H,NA,L,Y,4,0,1,2,A,-,03,22350,NA,N,C,C,A,A,H,-,A,D,0,NA,NA,NA,NA,Y,NA,A,01,0,0,1,0,0,0,0,0,0,-,-,34.072479248046875,-117.93045806884766,LOS ANGELES,WEST COVINA,-117.93045806884766,34.07247543334961
92151175,2023,2023-08-23,9535,2023-08-10,1735,023247,NA,4,2,9,1900,0,1,1,NA,2,420,I-10 E/B (SAN BERNARDINO FREEWAY),I-710,300,W,N,A,-,Y,LA,NA,10,NA,NA,21.275,H,NA,R,N,2,0,1,2,A,-,07,21658,A,N,B,C,A,A,H,-,A,D,0,NA,NA,Y,NA,Y,NA,A,01,1,0,0,0,0,0,0,0,1,-,-,34.06140899658203,-118.16678619384766,LOS ANGELES,UNINCORPORATED,-118.16682434082033,34.06122589111328
92151178,2023,2023-08-23,9565,2023-08-11,735,023201,NA,5,1,9,1900,0,3,5,NA,2,003,CENTINELA AVE FRONTAGE RD,SPRINGPARK AVE,0,NA,Y,B,D,N,NA,NA,NA,NA,NA,NA,NA,NA,NA,N,4,0,3,2,A,-,09,21801,A,N,D,C,A,A,H,-,A,D,0,NA,NA,NA,NA,Y,NA,A,07,0,0,3,0,0,0,0,0,0,-,-,33.977420806884766,-118.3745574951172,LOS ANGELES,UNINCORPORATED,NA,NA
92151252,2023,2023-08-23,9545,2023-08-20,710,020244,NA,7,1,9,1900,0,1,3,NA,2,031,SR-14 N/B,MOUNTAIN SPRINGS RD,1160,N,N,C,-,Y,NA,NA,NA,NA,NA,NA,NA,NA,NA,Y,2,0,2,1,A,-,08,22107,NA,N,F,0,A,B,H,-,B,D,0,NA,NA,NA,NA,Y,NA,A,01,2,0,0,0,0,0,0,0,0,-,-,34.50440979003906,-118.1152572631836,LOS ANGELES,UNINCORPORATED,-118.1155242919922,34.50469207763672
92151276,2023,2023-08-23,9545,2023-08-20,835,023340,NA,7,1,9,1900,0,1,3,NA,2,031,SR-14 N/B,SR-14 S/B TO SIERRA HWY UNDERCROSS,1003,S,N,C,-,Y,LA,NA,14,NA,R,54.367,H,NA,R,N,3,0,1,1,A,-,08,22107,NA,N,E,I,A,B,H,-,A,D,0,NA,NA,NA,NA,Y,NA,A,01,0,1,0,0,0,0,0,0,0,-,-,34.50859832763672,-118.11253356933594,LOS ANGELES,UNINCORPORATED,-118.11245727539064,34.508567810058594
92151306,2023,2023-08-23,9575,2023-08-16,1606,021879,NA,3,2,7,1942,0,1,3,NA,2,043,SR-134 E/B (VENTURA FREEWAY),LOS ANGELES RIVER,1000,W,N,A,-,Y,LA,NA,134,NA,R,5.48,H,NA,R,Y,3,0,1,2,A,-,07,21658,A,N,B,C,A,A,H,-,A,D,0,NA,NA,Y,NA,Y,NA,A,07,0,1,0,0,0,0,0,0,1,-,-,34.15224838256836,-118.28289794921876,LOS ANGELES,LOS ANGELES,-118.28289031982422,34.152183532714844
92151323,2023,2023-08-23,9565,2023-04-20,945,022728,NA,4,1,9,1900,0,3,5,NA,2,002,CENTURY BLVD,NORMANDIE AVE,130,E,N,A,-,N,NA,NA,NA,NA,NA,NA,NA,NA,NA,N,4,0,1,3,A,-,03,22350,NA,F,B,C,A,A,H,-,A,A,0,NA,NA,NA,NA,Y,NA,A,01,0,0,1,0,0,0,0,0,0,-,-,33.94554901123047,-118.29976654052734,LOS ANGELES,UNINCORPORATED,-118.2998504638672,33.945491790771484