CASE_ID,ACCIDENT_YEAR,PROC_DATE,JURIS,COLLISION_DATE,COLLISION_TIME,OFFICER_ID,REPORTING_DISTRICT,DAY_OF_WEEK,CHP_SHIFT,POPULATION,CNTY_CITY_LOC,SPECIAL_COND,BEAT_TYPE,CHP_BEAT_TYPE,CITY_DIVISION_LAPD,CHP_BEAT_CLASS,BEAT_NUMBER,PRIMARY_RD,SECONDARY_RD,DISTANCE,DIRECTION,INTERSECTION,WEATHER_1,WEATHER_2,STATE_HWY_IND,CALTRANS_COUNTY,CALTRANS_DISTRICT,STATE_ROUTE,ROUTE_SUFFIX,POSTMILE_PREFIX,POSTMILE,LOCATION_TYPE,RAMP_INTERSECTION,SIDE_OF_HWY,TOW_AWAY,COLLISION_SEVERITY,NUMBER_KILLED,NUMBER_INJURED,PARTY_COUNT,PRIMARY_COLL_FACTOR,PCF_CODE_OF_VIOL,PCF_VIOL_CATEGORY,PCF_VIOLATION,PCF_VIOL_SUBSECTION,HIT_AND_RUN,TYPE_OF_COLLISION,MVIW,PED_ACTION,ROAD_SURFACE,ROAD_COND_1,ROAD_COND_2,LIGHTING,CONTROL_DEVICE,CHP_ROAD_TYPE,PEDESTRIAN_ACCIDENT,BICYCLE_ACCIDENT,MOTORCYCLE_ACCIDENT,TRUCK_ACCIDENT,NOT_PRIVATE_PROPERTY,ALCOHOL_INVOLVED,STWD_VEHTYPE_AT_FAULT,CHP_VEHTYPE_AT_FAULT,COUNT_SEVERE_INJ,COUNT_VISIBLE_INJ,COUNT_COMPLAINT_PAIN,COUNT_PED_KILLED,COUNT_PED_INJURED,COUNT_BICYCLIST_KILLED,COUNT_BICYCLIST_INJURED,COUNT_MC_KILLED,COUNT_MC_INJURED,PRIMARY_RAMP,SECONDARY_RAMP,LATITUDE,LONGITUDE,COUNTY,CITY,POINT_X,POINT_Y
92170120,2023,2023-09-14,9575,2023-09-09,1017,023205,NA,6,1,7,1942,0,1,3,NA,2,044,SR-134 W/B (VENTURA FREEWAY),CAHUENGA BOULEVARD,350,E,N,A,-,Y,LA,NA,134,NA,NA,1.079,H,NA,L,Y,3,0,1,3,A,-,03,22350,NA,N,C,C,A,A,H,-,A,D,0,NA,NA,NA,NA,Y,NA,A,01,0,1,0,0,0,0,0,0,0,-,-,34.153099060058594,-118.35768127441406,LOS ANGELES,LOS ANGELES,-118.35767364501952,34.15313720703125
92170134,2023,2023-09-14,9530,2023-09-06,510,020080,NA,3,3,5,1915,0,1,3,NA,2,310,SR-91 E/B (ARTESIA FREEWAY),WILMINGTON AVE,1450,E,N,A,-,Y,LA,NA,91,NA,R,9.452,H,NA,R,Y,4,0,1,2,A,-,03,22350,NA,M,C,C,A,A,H,-,B,D,0,NA,NA,NA,Y,Y,NA,F,26,0,0,1,0,0,0,0,0,0,-,-,33.87369918823242,-118.23101806640624,LOS ANGELES,COMPTON,-118.23102569580078,33.87376022338867
92170141,2023,2023-09-14,9535,2023-09-02,640,021684,NA,6,1,6,1922,0,1,1,NA,2,401,I-10 W/B (SBF) FROM TEMPLE CITY BLVD,TEMPLE CITY BLVD,30,W,N,C,-,Y,LA,NA,10,NA,NA,27.68,H,NA,L,Y,4,0,1,1,A,-,03,22350,NA,N,E,I,A,B,H,-,B,D,0,NA,NA,NA,NA,Y,NA,A,01,0,0,1,0,0,0,0,0,0,-,-,34.07273864746094,-118.05869293212892,LOS ANGELES,EL MONTE,-118.05868530273438,34.072601318359375
92170143,2023,2023-09-14,9540,2023-09-05,1910,021078,NA,2,2,9,1900,0,1,3,NA,2,146,SR-14 N/B (ANTELOPE VALLEY FWY.),PURITAN MINE RD.,800,N,N,A,-,Y,LA,NA,14,NA,NA,45.894,H,NA,R,Y,2,0,1,2,A,-,08,22107,NA,N,C,2,A,A,H,-,D,D,0,NA,NA,Y,NA,Y,NA,C,02,1,0,0,0,0,0,0,0,1,-,-,34.50389862060547,-118.24279022216795,LOS ANGELES,UNINCORPORATED,-118.2427978515625,34.50388717651367
92170144,2023,2023-09-14,9565,2023-09-01,421,020653,NA,5,3,9,1900,0,1,1,NA,2,083,I-10 E/B (SANTA MONICA FREEWAY),MOTOR AVE,300,W,N,B,-,Y,LA,NA,10,NA,R,6.735,H,NA,R,Y,4,0,1,1,A,-,08,22107,NA,N,E,I,A,A,H,-,D,D,0,NA,NA,NA,NA,Y,NA,D,22,0,0,1,0,0,0,0,0,0,-,-,34.030731201171875,-118.41152191162108,LOS ANGELES,UNINCORPORATED,-118.41151428222656,34.03074645996094
92170147,2023,2023-09-14,9545,2023-09-07,625,021695,NA,4,1,9,1900,0,3,5,NA,2,003,ANGELES FOREST HIGHWAY,ALISO CANYON RD,3960,S,N,A,-,N,NA,NA,NA,NA,NA,NA,NA,NA,NA,Y,3,0,1,2,A,-,03,22350,NA,N,C,C,A,A,H,-,A,D,0,NA,NA,NA,NA,Y,NA,-,-,0,1,0,0,0,0,0,0,0,-,-,34.410850524902344,-118.08080291748048,LOS ANGELES,UNINCORPORATED,-118.08029174804688,34.40987777709961
92170195,2023,2023-09-14,9550,2023-08-26,1655,023053,NA,6,2,7,1941,0,1,3,NA,2,090,STATE ROUTE 91 EASTBOUND,CHERRY AVENUE,980,W,N,A,-,Y,LA,NA,91,NA,R,12.92,H,NA,R,Y,4,0,2,2,A,-,03,22350,NA,N,C,C,A,A,H,-,A,D,0,NA,NA,NA,NA,Y,NA,A,01,0,0,2,0,0,0,0,0,0,-,-,33.87654113769531,-118.17198181152344,LOS ANGELES,LONG BEACH,-118.17195892333984,33.876625061035156
92170199,2023,2023-09-14,9580,2023-09-11,345,022799,NA,1,3,7,1942,0,1,1,NA,2,406,I-405 N/B TO SR-118 E/B,SR-118 E/B,528,S,N,A,-,Y,NA,NA,NA,NA,NA,NA,NA,NA,NA,Y,4,0,1,1,A,-,08,22107,NA,N,E,8,A,A,H,-,C,D,0,NA,NA,NA,NA,Y,NA,A,01,0,0,1,0,0,0,0,0,0,-,-,34.26266098022461,-118.47164154052734,LOS ANGELES,LOS ANGELES,-118.47164154052734,34.26266098022461
92170209,2023,2023-09-14,9535,2023-07-14,2215,022812,NA,5,3,9,1900,0,1,3,NA,2,601,SR-60 W/B TO I-710,I-710 (LONG BEACH FREEWAY),158,E,N,A,-,Y,LA,NA,60,NA,R,3.615,H,NA,L,N,3,0,1,2,A,-,08,22107,NA,F,B,C,A,A,H,-,C,D,0,NA,NA,NA,NA,Y,NA,A,07,0,1,0,0,0,0,0,0,0,-,-,34.03675842285156,-118.16413116455078,LOS ANGELES,UNINCORPORATED,-118.16411590576172,34.03658676147461
92170214,2023,2023-09-14,9575,2023-09-12,855,021410,NA,2,1,6,1925,0,1,3,NA,2,042,SR-134 W/B (VENTURA FREEWAY),VERDUGO RD.,80,W,N,A,-,Y,LA,NA,134,NA,R,8.215,H,NA,L,N,4,0,2,2,A,-,03,22350,NA,N,C,C,A,A,H,-,A,D,0,NA,NA,NA,NA,Y,NA,A,07,0,0,2,0,0,0,0,0,0,-,-,34.15303039550781,-118.23725128173828,LOS ANGELES,GLENDALE,-118.23727416992188,34.15300369262695
92170222,2023,2023-09-14,9535,2023-07-13,2216,022214,NA,4,3,9,1900,0,1,3,NA,2,601,SR-60 W/B TO I-710 N/B,1ST ST.,250,N,N,A,-,Y,NA,NA,NA,NA,NA,NA,NA,NA,NA,N,4,0,4,2,A,-,08,22107,NA,F,B,C,A,A,H,-,C,D,0,NA,NA,NA,NA,Y,NA,A,07,0,0,4,0,0,0,0,0,0,-,-,34.03776168823242,-118.1693878173828,LOS ANGELES,UNINCORPORATED,-118.1693878173828,34.03776168823242
92170226,2023,2023-09-14,9535,2023-09-02,1127,022011,NA,6,1,1,1973,0,1,1,NA,2,072,I-710 (LONG BEACH FREEWAY) N/B,ATLANTIC BLVD.,30,N,N,B,-,Y,LA,NA,710,NA,NA,21.957,H,NA,R,Y,3,0,3,2,A,-,03,22350,NA,F,C,C,A,A,H,-,A,D,0,NA,NA,NA,NA,Y,NA,-,99,0,3,0,0,0,0,0,0,0,-,-,33.99814987182617,-118.17642974853516,LOS ANGELES,VERNON,-118.17639923095705,33.998138427734375
92170234,2023,2023-09-14,9580,2023-09-13,912,023213,NA,3,1,7,1942,0,1,3,NA,2,171,SR-170 S/B (HOLLYWOOD FREEWAY),OXNARD ST,100,N,N,A,-,Y,LA,NA,170,NA,R,16.675,H,NA,L,N,4,0,1,3,A,-,03,22350,NA,N,C,C,A,A,H,-,A,D,0,NA,NA,NA,NA,Y,NA,A,08,0,0,1,0,0,0,0,0,0,-,-,34.1798210144043,-118.39550018310548,LOS ANGELES,LOS ANGELES,-118.39553833007813,34.179805755615234
92170240,2023,2023-09-14,9545,2023-09-04,1400,022558,NA,1,2,9,1900,0,3,5,NA,2,004,87TH ST  E,AVENUE U,0,NA,Y,A,-,N,NA,NA,NA,NA,NA,NA,NA,NA,NA,Y,3,0,2,2,A,-,05,21752,D,N,B,2,A,A,H,-,A,D,0,NA,NA,NA,NA,Y,NA,A,01,0,1,1,0,0,0,0,0,0,-,-,34.52838134765625,-117.9748992919922,LOS ANGELES,UNINCORPORATED,-117.97486114501952,34.52837371826172
92170261,2023,2023-09-14,9535,2023-09-02,1340,023022,NA,6,1,3,1914,0,1,1,NA,2,500,I-5 N/B (SANTA ANA FREEWAY),GARFIELD AVE,528,N,N,B,-,Y,LA,NA,5,NA,NA,11.069,H,NA,R,Y,4,0,2,2,A,-,03,22350,NA,N,C,C,A,A,H,-,A,D,0,NA,NA,NA,NA,Y,NA,A,01,0,0,2,0,0,0,0,0,0,-,-,33.98963928222656,-118.13948822021484,LOS ANGELES,COMMERCE,-118.1394500732422,33.98966598510742
92170311,2023,2023-09-14,9565,2023-08-05,2335,023014,NA,6,3,9,1900,0,3,5,NA,2,002,94TH STREET,BUDLONG AVENUE,600,W,N,A,-,N,NA,NA,NA,NA,NA,NA,NA,NA,NA,N,3,0,1,4,A,-,08,22107,NA,F,C,E,A,A,H,-,C,D,0,NA,NA,NA,NA,Y,NA,A,01,0,1,0,0,0,0,0,0,0,-,-,33.95098114013672,-118.29688262939452,LOS ANGELES,UNINCORPORATED,-118.2978973388672,33.9509391784668
92170317,2022,2023-09-14,9565,2022-09-15,0017,022219,NA,4,3,7,1942,0,1,1,NA,2,010,I-105 W/B (CENTURY FREEWAY),DOUGLAS STREET,215,W,N,B,-,Y,LA,NA,105,NA,R,1.151,H,NA,L,Y,1,1,0,2,A,-,11,21956,A,N,G,B,E,A,H,-,D,D,0,Y,NA,NA,NA,Y,NA,N,60,0,0,0,1,0,0,0,0,0,-,-,33.93128967285156,-118.3848876953125,LOS ANGELES,LOS ANGELES,-118.3848876953125,33.9312629699707
92170332,2023,2023-09-14,9550,2023-09-06,832,023321,NA,3,1,7,1941,0,1,3,NA,2,090,SR 91 W/B,PARAMOUNT BLVD,300,E,N,A,-,Y,LA,NA,91,NA,R,13.888,H,NA,L,Y,3,0,2,2,A,-,08,22107,NA,N,B,C,A,A,H,-,A,D,0,NA,NA,Y,NA,Y,NA,A,01,0,1,1,0,0,0,0,0,1,-,-,33.87702941894531,-118.1552963256836,LOS ANGELES,LONG BEACH,-118.15530395507813,33.87704849243164
92170340,2023,2023-09-14,9550,2023-09-06,735,020531,NA,3,1,6,1920,0,1,1,NA,2,151,INTERSTATE 105 WESTBOUND,LAKEWOOD BOULEVARD,400,W,N,A,-,Y,LA,NA,105,NA,R,15.721,H,NA,L,N,3,0,1,2,A,-,03,22350,NA,N,C,C,A,A,H,-,A,D,0,NA,NA,NA,Y,Y,NA,F,26,0,1,0,0,0,0,0,0,0,-,-,33.91331100463867,-118.14121246337892,LOS ANGELES,DOWNEY,-118.14120483398438,33.91322708129883
92170345,2023,2023-09-14,9535,2023-07-10,2000,021772,NA,1,2,6,1922,0,1,1,NA,2,400,I-10 E/B (SBF) TO I-605 N/B (SGRF),I-605 (SAN GABRIEL RIVER FREEWAY),260,E,N,A,-,Y,NA,NA,NA,NA,NA,NA,NA,NA,NA,Y,3,0,1,1,A,-,08,22107,NA,N,E,I,A,A,H,-,A,D,0,NA,NA,NA,NA,Y,NA,A,01,0,1,0,0,0,0,0,0,0,-,-,34.06462860107422,-117.99887847900392,LOS ANGELES,EL MONTE,-117.99919128417967,34.065093994140625
92170357,2023,2023-09-14,9535,2023-09-03,1935,023333,NA,7,2,9,1900,0,3,5,NA,2,002,WOODS AVE,UNION PACIFIC AVE,0,NA,Y,A,-,N,NA,NA,NA,NA,NA,NA,NA,NA,NA,Y,3,0,1,2,A,-,09,21802,A,N,D,C,A,A,H,-,C,A,0,NA,NA,NA,NA,Y,NA,A,08,0,1,0,0,0,0,0,0,0,-,-,34.014320373535156,-118.1602020263672,LOS ANGELES,UNINCORPORATED,-118.16017150878906,34.014312744140625
92170372,2022,2023-09-14,9575,2022-12-15,1815,021932,NA,4,2,9,1900,0,2,4,NA,2,029,MENDOCINO STREET,HOLLISTON AVENUE,0,NA,Y,A,-,N,NA,NA,NA,NA,NA,NA,NA,NA,NA,N,1,1,0,2,A,-,21,22106,NA,N,G,B,D,A,H,-,C,A,0,Y,NA,NA,NA,Y,NA,A,08,0,0,0,1,0,0,0,0,0,-,-,34.18584060668945,-118.12319946289064,LOS ANGELES,UNINCORPORATED,-118.12321472167967,34.18583297729492
92170376,2023,2023-09-14,9590,2023-09-13,1055,018345,NA,3,1,7,1942,0,1,1,NA,2,061,I-10 WESTBOUND (SANTA MONICA FREEWAY),REDONDO BLVD.,150,W,N,A,-,Y,LA,NA,10,NA,R,10.108,H,NA,L,N,4,0,1,2,A,-,03,22350,NA,N,C,I,A,A,H,-,A,D,0,NA,NA,NA,NA,Y,NA,A,01,0,0,1,0,0,0,0,0,0,-,-,34.03403854370117,-118.35603332519533,LOS ANGELES,LOS ANGELES,-118.35603332519533,34.03410720825195
92170378,2023,2023-09-14,9530,2023-09-07,250,023313,NA,4,3,9,1900,0,3,5,NA,2,002,ALAMEDA ST (11300 BLOCK),SANTA ANA BLVD,12,S,N,A,-,N,NA,NA,NA,NA,NA,NA,NA,NA,NA,Y,3,0,2,1,A,-,01,23152,A,N,E,I,A,A,H,-,C,A,0,NA,NA,NA,NA,Y,Y,A,07,0,2,0,0,0,0,0,0,0,-,-,33.93212890625,-118.22614288330078,LOS ANGELES,UNINCORPORATED,-118.22614288330078,33.9326057434082
92170385,2023,2023-09-14,9530,2023-09-03,1755,023030,NA,7,2,9,1900,0,3,5,NA,2,005,YUKON AVE. (14800 BLOCK),MARINE AVE.,775,N,N,A,-,N,NA,NA,NA,NA,NA,NA,NA,NA,NA,N,3,0,1,2,A,-,11,21954,A,N,G,B,D,A,H,-,A,D,0,Y,NA,NA,NA,Y,NA,N,60,0,1,0,0,1,0,0,0,0,-,-,33.89686965942383,-118.33518981933594,LOS ANGELES,UNINCORPORATED,-118.335205078125,33.89679718017578
92170388,2023,2023-09-14,9590,2023-09-05,720,018345,NA,2,1,7,1942,0,1,1,NA,2,061,I-10 WESTBOUND (SANTA MONICA FREEWAY),VENICE BLVD.,190,E,N,A,-,Y,LA,NA,10,NA,R,9.035,H,NA,L,N,3,0,1,2,A,-,07,21658,A,N,B,C,A,A,H,-,A,D,0,NA,NA,Y,NA,Y,NA,A,01,0,1,0,0,0,0,0,0,1,-,-,34.03641891479492,-118.37441253662108,LOS ANGELES,LOS ANGELES,-118.37441253662108,34.036399841308594
92170420,2023,2023-09-14,9545,2023-09-08,1315,023381,NA,5,1,9,1900,0,1,3,NA,2,011,SR-14 N/B,AVENUE C,1260,S,N,A,-,Y,LA,NA,14,NA,R,74.753,H,NA,R,Y,3,0,3,3,A,-,03,22350,NA,N,C,C,A,A,D,-,A,D,0,NA,NA,NA,NA,Y,NA,A,07,0,2,1,0,0,0,0,0,0,-,-,34.78778839111328,-118.17059326171876,LOS ANGELES,UNINCORPORATED,-118.17058563232422,34.78778839111328
92170440,2023,2023-09-14,9545,2023-09-03,1730,022496,NA,7,2,9,1900,0,3,5,NA,2,003,SOLEDAD CANYON RD,OHIO AVE,500,E,N,A,-,N,NA,NA,NA,NA,NA,NA,NA,NA,NA,N,3,0,1,1,A,-,01,23152,A,N,E,I,A,A,H,-,A,D,0,NA,NA,NA,NA,Y,Y,A,01,0,1,0,0,0,0,0,0,0,-,-,34.47185134887695,-118.17904663085938,LOS ANGELES,UNINCORPORATED,-118.1789093017578,34.47177505493164
92170449,2023,2023-11-28,9590,2023-09-02,724,023259,NA,6,1,7,1942,0,1,1,NA,2,081,I-5 S/B (GOLDEN STATE FREEWAY),4TH STREET,100,N,N,A,-,Y,LA,NA,5,NA,NA,17.597,H,NA,L,N,4,0,1,2,A,-,03,22350,NA,N,C,C,A,B,H,-,A,D,0,NA,NA,NA,NA,Y,NA,D,22,0,0,1,0,0,0,0,0,0,-,-,34.04336166381836,-118.21700286865234,LOS ANGELES,LOS ANGELES,-118.2170181274414,34.04336929321289
92170456,2023,2023-09-14,9525,2023-09-01,1555,023154,NA,5,2,3,1921,0,1,1,NA,2,211,I-210 W/B (FOOTHILL FWY),BUENA VISTA AVE,83,E,N,B,-,Y,LA,NA,210,NA,R,35.279,H,NA,L,Y,4,0,3,5,A,-,07,21658,A,N,B,C,A,A,H,-,A,D,0,NA,NA,NA,Y,Y,NA,A,01,0,0,3,0,0,0,0,0,0,-,-,34.13539123535156,-117.97714233398438,LOS ANGELES,DUARTE,-117.97714233398438,34.13542556762695
92170458,2023,2023-09-14,9550,2023-09-08,1747,022023,NA,5,2,5,1969,0,1,1,NA,2,151,I-105 WESTBOUND,PARAMOUNT BOULEVARD,100,W,N,A,-,Y,LA,NA,105,NA,R,14.55,H,NA,L,Y,4,0,1,2,A,-,03,22350,NA,N,C,C,A,A,H,-,A,D,0,NA,NA,NA,NA,Y,NA,A,01,0,0,1,0,0,0,0,0,0,-,-,33.91181945800781,-118.1616668701172,LOS ANGELES,SOUTH GATE,-118.16168212890624,33.91188430786133
92170462,2023,2023-09-14,9525,2023-09-03,1225,023085,NA,7,1,9,1900,0,3,5,NA,2,002,CRYSTAL LAKE ROAD,SR-39 (SAN GABRIEL CANYON RD.),8131,E,N,A,-,N,NA,NA,NA,NA,NA,NA,NA,NA,NA,Y,3,0,1,1,A,-,03,22350,NA,N,F,A,A,A,B,-,A,D,0,NA,NA,Y,NA,Y,NA,C,02,0,1,0,0,0,0,0,0,1,-,-,34.32194900512695,-117.83873748779295,LOS ANGELES,UNINCORPORATED,NA,NA
92170464,2023,2023-09-14,9525,2023-09-07,1550,023283,NA,4,2,9,1900,0,3,5,NA,2,003,GIANO AVENUE,LA PUENTE ROAD,0,NA,Y,A,-,N,NA,NA,NA,NA,NA,NA,NA,NA,NA,N,3,0,1,2,A,-,09,21801,A,N,A,C,A,A,H,-,A,D,0,NA,NA,Y,NA,Y,NA,A,07,0,1,0,0,0,0,0,0,1,-,-,34.01253128051758,-117.9087371826172,LOS ANGELES,UNINCORPORATED,-117.90872192382813,34.01249313354492
92170476,2023,2023-09-14,9525,2023-09-08,1834,023132,NA,5,2,9,1900,0,3,5,NA,2,001,EUCLID AVENUE,WESLEYGROVE AVENUE,0,NA,Y,A,-,N,NA,NA,NA,NA,NA,NA,NA,NA,NA,Y,4,0,1,2,A,-,09,21801,A,N,A,C,A,A,H,-,A,D,0,NA,NA,NA,NA,Y,NA,A,01,0,0,1,0,0,0,0,0,0,-,-,34.1290397644043,-117.99281311035156,LOS ANGELES,UNINCORPORATED,-117.99279022216795,34.12904357910156
92170478,2022,2023-09-14,9575,2022-12-10,2355,022651,NA,6,3,6,1925,0,1,1,NA,2,062,I-210 EASTBOUND (FOOTHILL FREEWAY),DUNSMORE AVENUE UNDERCROSSING,148,E,N,B,C,Y,LA,NA,210,NA,R,16.207,H,NA,R,Y,1,1,1,2,A,-,03,22350,NA,N,D,C,A,B,H,-,C,D,0,NA,NA,NA,NA,Y,NA,A,01,1,0,0,0,0,0,0,0,0,-,-,34.22798156738281,-118.25698089599608,LOS ANGELES,GLENDALE,-118.25693511962892,34.228031158447266
92170498,2023,2023-09-14,9550,2023-09-08,1149,018408,NA,5,1,9,1900,0,3,5,NA,2,005,HARBOR BLVD. N/B,WELLINGTON LN.,200,N,N,A,-,N,NA,NA,NA,NA,NA,NA,NA,NA,NA,N,3,0,3,2,A,-,03,22350,NA,N,C,C,A,A,H,-,A,A,0,NA,NA,NA,NA,Y,NA,A,07,0,3,0,0,0,0,0,0,0,-,-,33.95920181274414,-117.91842651367188,LOS ANGELES,UNINCORPORATED,-117.91857147216795,33.95930099487305
92170505,2023,2023-09-14,9535,2023-09-03,2130,022650,NA,7,2,5,1901,0,1,1,NA,2,421,I-10 W/B TO EASTERN AVE.,I-710,275,W,N,A,-,Y,LA,NA,10,NA,NA,21.306,H,NA,L,Y,4,0,1,1,A,-,08,22107,NA,N,F,I,A,A,H,-,C,D,0,NA,NA,NA,NA,Y,NA,A,01,0,0,1,0,0,0,0,0,0,-,-,34.061519622802734,-118.16629791259766,LOS ANGELES,ALHAMBRA,-118.16632843017578,34.06132507324219
92170506,2023,2023-09-14,9550,2023-09-08,1930,020974,NA,5,2,9,1900,0,2,4,NA,1,052,COLIMA RD W/B,BATSON AVE,250,E,N,A,-,N,NA,NA,NA,NA,NA,NA,NA,NA,NA,N,3,0,2,2,A,-,03,22350,NA,N,C,C,A,A,H,-,C,D,0,NA,NA,NA,NA,Y,NA,A,01,0,1,1,0,0,0,0,0,0,-,-,33.98836898803711,-117.90309143066406,LOS ANGELES,UNINCORPORATED,-117.9030990600586,33.98820877075195
92170520,2023,2023-09-14,9525,2023-09-10,400,021838,NA,7,3,4,1913,0,1,1,NA,2,110,I-10 E/B (SAN BERNARDINO FWY),INDIAN HILL BLVD,500,W,N,A,-,Y,LA,NA,10,NA,NA,47.249,H,NA,R,Y,3,0,1,1,A,-,08,22107,NA,N,E,I,A,A,H,-,D,D,0,NA,NA,NA,NA,Y,NA,A,01,0,1,0,0,0,0,0,0,0,-,-,34.08161163330078,-117.72792053222656,LOS ANGELES,CLAREMONT,-117.72792053222656,34.0815315246582
92170528,2023,2023-09-14,9580,2023-09-11,807,018431,NA,1,1,7,1942,0,1,3,NA,2,114,SR-118 E/B  TO I-5 S/B (GOLDEN STATE FWY),I-5 S/B (GOLDEN STATE FWY),800,W,N,A,-,Y,LA,NA,118,NA,R,11.301,H,NA,R,N,4,0,1,2,A,-,03,22350,NA,N,C,C,A,A,H,-,A,D,0,NA,NA,NA,NA,Y,NA,A,07,0,0,1,0,0,0,0,0,0,-,-,34.26594161987305,-118.44596862792967,LOS ANGELES,LOS ANGELES,-118.44601440429688,34.266136169433594
92170532,2023,2023-09-14,9535,2023-09-04,40,023297,NA,1,3,5,1947,0,1,3,NA,2,620,SR-60 E/B (POMONA FWY),GREENWOOD AVE,300,W,N,A,-,Y,LA,NA,60,NA,R,6.796,H,NA,R,Y,4,0,1,2,A,-,01,23152,NA,N,C,C,A,A,H,-,D,D,0,NA,NA,NA,NA,Y,Y,A,07,0,0,1,0,0,0,0,0,0,-,-,34.03374099731445,-118.10965728759766,LOS ANGELES,MONTEBELLO,-118.1096649169922,34.03375244140625
92170544,2023,2023-09-15,9525,2023-09-12,1340,023283,NA,2,1,9,1900,0,1,3,NA,2,574,SR-57 N/B (ORANGE FWY),BREA CANYON ROAD,200,N,N,A,-,Y,LA,NA,57,NA,R,1.107,H,NA,R,N,4,0,1,3,A,-,03,22350,NA,N,C,C,A,A,H,-,A,D,0,NA,NA,NA,NA,Y,NA,A,07,0,0,1,0,0,0,0,0,0,-,-,33.95922088623047,-117.8577117919922,LOS ANGELES,UNINCORPORATED,-117.85772705078124,33.95924758911133
92170545,2023,2023-09-15,9525,2023-09-12,1345,019188,NA,2,1,4,1960,0,1,1,NA,2,208,SR-210 E/B (FOOTHILL FWY),SR-57 N/B (ORANGE FWY),900,E,N,A,-,Y,LA,NA,210,NA,R,44.663,H,NA,R,N,4,0,1,2,A,-,03,22350,NA,N,C,C,A,A,H,-,A,D,0,NA,NA,NA,NA,Y,NA,A,07,0,0,1,0,0,0,0,0,0,-,-,34.1202392578125,-117.82122802734376,LOS ANGELES,SAN DIMAS,-117.82122802734376,34.12023162841797
92170548,2023,2023-09-15,9550,2023-09-08,740,018187,NA,5,1,9,1900,0,3,5,NA,2,002,MEYER RD,LEFFINGWELL RD,0,NA,Y,A,-,N,NA,NA,NA,NA,NA,NA,NA,NA,NA,Y,4,0,1,2,A,-,09,21801,A,N,D,C,A,A,H,-,A,A,0,NA,NA,NA,NA,Y,NA,D,22,0,0,1,0,0,0,0,0,0,-,-,33.92082977294922,-118.03784942626952,LOS ANGELES,UNINCORPORATED,-118.03800964355467,33.920875549316406
92170557,2023,2023-09-15,9525,2023-09-12,1400,023283,NA,2,2,5,1990,0,1,3,NA,2,602,SR-60 E/B (POMONA FWY),BREA CANYON ROAD,528,E,N,A,-,Y,LA,NA,60,NA,R,23.295,H,NA,R,N,4,0,1,2,A,-,03,22350,NA,N,C,C,A,A,H,-,A,D,0,NA,NA,NA,Y,Y,NA,F,26,0,0,1,0,0,0,0,0,0,-,-,34.00130081176758,-117.83928680419922,LOS ANGELES,DIAMOND BAR,-117.83929443359376,34.001319885253906
92170566,2023,2023-09-15,9525,2023-09-03,130,022627,NA,7,3,9,1900,0,2,4,NA,2,045,VALLEY BLVD (13000 BLOCK),SAN ANGELO AVE,15,E,N,B,-,N,NA,NA,NA,NA,NA,NA,NA,NA,NA,Y,3,0,1,2,A,-,07,21658,A,F,B,C,A,A,H,-,C,A,0,NA,NA,NA,NA,Y,NA,A,01,0,1,0,0,0,0,0,0,0,-,-,34.05181884765625,-117.99994659423828,LOS ANGELES,UNINCORPORATED,-118.00006103515624,34.05177307128906
92170568,2023,2023-09-15,9525,2023-09-12,2225,020230,NA,2,3,4,1916,0,1,1,NA,2,106,I-10 E/B (SAN BERNARDINO FWY),VIA VERDE RD,1000,W,N,A,-,Y,LA,NA,10,NA,NA,40.074,H,NA,R,Y,4,0,3,2,A,-,03,22350,NA,N,C,C,A,A,H,-,C,D,0,NA,NA,NA,NA,Y,NA,A,01,0,0,3,0,0,0,0,0,0,-,-,34.068199157714844,-117.84636688232422,LOS ANGELES,COVINA,-117.84636688232422,34.068172454833984
92170576,2023,2023-09-15,9565,2023-09-02,1945,022923,NA,6,2,5,1928,0,1,1,NA,2,010,I-105 EASTBOUND (CENTURY FREEWAY),HAWTHORNE BOULEVARD,570,E,N,A,-,Y,LA,NA,105,NA,R,3.169,H,NA,R,Y,3,0,1,1,A,-,01,23152,A,N,E,I,A,A,H,-,D,D,0,NA,NA,NA,NA,Y,Y,A,07,0,1,0,0,0,0,0,0,0,-,-,33.93313980102539,-118.35066986083984,LOS ANGELES,HAWTHORNE,-118.35070037841795,33.93304443359375
92170577,2023,2023-09-15,9590,2023-08-23,2210,022984,NA,3,3,7,1942,0,1,1,NA,2,050,I-110 N/B (HARBOR FREEWAY) (HAF),67TH STREET,15,N,N,A,-,Y,LA,NA,110,NA,NA,17.303,H,NA,R,Y,4,0,1,4,A,-,07,21658,A,F,C,C,A,A,H,-,C,D,0,NA,NA,NA,NA,Y,NA,-,99,0,0,1,0,0,0,0,0,0,-,-,33.979129791259766,-118.28067016601564,LOS ANGELES,LOS ANGELES,-118.2807159423828,33.979129791259766