CASE_ID,ACCIDENT_YEAR,PROC_DATE,JURIS,COLLISION_DATE,COLLISION_TIME,OFFICER_ID,REPORTING_DISTRICT,DAY_OF_WEEK,CHP_SHIFT,POPULATION,CNTY_CITY_LOC,SPECIAL_COND,BEAT_TYPE,CHP_BEAT_TYPE,CITY_DIVISION_LAPD,CHP_BEAT_CLASS,BEAT_NUMBER,PRIMARY_RD,SECONDARY_RD,DISTANCE,DIRECTION,INTERSECTION,WEATHER_1,WEATHER_2,STATE_HWY_IND,CALTRANS_COUNTY,CALTRANS_DISTRICT,STATE_ROUTE,ROUTE_SUFFIX,POSTMILE_PREFIX,POSTMILE,LOCATION_TYPE,RAMP_INTERSECTION,SIDE_OF_HWY,TOW_AWAY,COLLISION_SEVERITY,NUMBER_KILLED,NUMBER_INJURED,PARTY_COUNT,PRIMARY_COLL_FACTOR,PCF_CODE_OF_VIOL,PCF_VIOL_CATEGORY,PCF_VIOLATION,PCF_VIOL_SUBSECTION,HIT_AND_RUN,TYPE_OF_COLLISION,MVIW,PED_ACTION,ROAD_SURFACE,ROAD_COND_1,ROAD_COND_2,LIGHTING,CONTROL_DEVICE,CHP_ROAD_TYPE,PEDESTRIAN_ACCIDENT,BICYCLE_ACCIDENT,MOTORCYCLE_ACCIDENT,TRUCK_ACCIDENT,NOT_PRIVATE_PROPERTY,ALCOHOL_INVOLVED,STWD_VEHTYPE_AT_FAULT,CHP_VEHTYPE_AT_FAULT,COUNT_SEVERE_INJ,COUNT_VISIBLE_INJ,COUNT_COMPLAINT_PAIN,COUNT_PED_KILLED,COUNT_PED_INJURED,COUNT_BICYCLIST_KILLED,COUNT_BICYCLIST_INJURED,COUNT_MC_KILLED,COUNT_MC_INJURED,PRIMARY_RAMP,SECONDARY_RAMP,LATITUDE,LONGITUDE,COUNTY,CITY,POINT_X,POINT_Y
92175430,2023,2023-09-20,9550,2023-09-12,1810,022587,NA,2,2,9,1900,0,1,3,NA,2,602,SR-60 E/B,FAIRWAY DRIVE,3168,W,N,A,-,Y,LA,NA,60,NA,NA,20.866,H,NA,R,N,4,0,3,3,A,-,03,22350,NA,N,C,C,A,A,H,-,A,D,0,NA,NA,NA,NA,Y,NA,A,01,0,0,3,0,0,0,0,0,0,-,-,33.994529724121094,-117.88105010986328,LOS ANGELES,UNINCORPORATED,-117.8810577392578,33.99454879760742
92175438,2023,2023-09-21,9550,2023-09-12,2000,022587,NA,2,2,9,1900,0,1,3,NA,2,602,SR-60 E/B,NOGALES ST,2640,W,N,A,-,Y,LA,NA,60,NA,NA,19.923,H,NA,R,Y,4,0,1,2,A,-,03,22350,NA,N,C,C,A,A,H,-,D,D,0,NA,NA,NA,NA,Y,NA,A,01,0,0,1,0,0,0,0,0,0,-,-,33.994110107421875,-117.8974609375,LOS ANGELES,UNINCORPORATED,-117.8974609375,33.99406433105469
92175449,2023,2023-09-21,9550,2023-09-13,630,019293,NA,3,1,9,1900,0,1,1,NA,2,650,I-605 SOUTHBOUND,WASHINGTON BLVD,100,N,N,A,-,Y,LA,NA,605,NA,R,12.258,H,NA,L,N,4,0,1,2,A,-,03,22350,NA,N,C,C,A,A,H,-,A,D,0,NA,NA,NA,NA,Y,NA,A,01,0,0,1,0,0,0,0,0,0,-,-,33.97671127319336,-118.07920837402344,LOS ANGELES,UNINCORPORATED,-118.07921600341795,33.97671127319336
92175452,2023,2023-09-21,9550,2023-09-13,807,018187,NA,3,1,9,1900,0,3,5,NA,2,001,BRADHURST ST,CEDARCLIFF AVE,0,NA,Y,B,-,N,NA,NA,NA,NA,NA,NA,NA,NA,NA,Y,4,0,1,2,A,-,09,21802,A,N,D,C,A,A,H,-,A,A,0,NA,NA,NA,NA,Y,NA,A,01,0,0,1,0,0,0,0,0,0,-,-,33.977020263671875,-118.06085205078124,LOS ANGELES,UNINCORPORATED,-118.06082916259766,33.97697830200195
92175460,2023,2023-11-28,9535,2023-09-11,1510,023349,NA,1,2,9,1900,0,1,3,NA,2,600,STATE ROUTE 60 (POMONA FREEWAY),INTERSTATE 710 (LONG BEACH FREEWAY),1214,E,N,B,-,Y,LA,NA,60,NA,R,3.507,H,NA,R,Y,4,0,1,2,A,-,03,22350,NA,N,C,C,A,A,H,-,A,D,0,NA,NA,NA,Y,Y,NA,G,25,0,0,1,0,0,0,0,0,0,-,-,34.03614044189453,-118.16594696044922,LOS ANGELES,UNINCORPORATED,-118.16596221923828,34.03617858886719
92175464,2023,2023-09-21,9535,2023-09-08,2048,023349,NA,5,2,6,1922,0,1,1,NA,2,400,INTERSTATE 10 E/B (SAN BERNARDINO FREEWAY),BALDWIN AVENUE,950,W,N,A,-,Y,LA,NA,10,NA,NA,27.786,H,NA,R,Y,4,0,3,3,A,-,01,23152,A,F,B,E,A,A,H,-,D,D,0,NA,NA,NA,NA,Y,Y,A,08,0,0,3,0,0,0,0,0,0,-,-,34.07215881347656,-118.05682373046876,LOS ANGELES,EL MONTE,-118.05682373046876,34.07227325439453
92175470,2023,2023-09-21,9550,2023-09-13,1400,023212,NA,3,2,9,1900,0,3,5,NA,2,001,MINES BLVD,DUCHESS DR,0,NA,Y,A,-,N,NA,NA,NA,NA,NA,NA,NA,NA,NA,N,3,0,1,2,A,-,09,21802,A,N,D,C,A,A,H,-,A,A,0,NA,NA,NA,NA,Y,NA,D,22,0,1,0,0,0,0,0,0,0,-,-,33.97869110107422,-118.06626892089844,LOS ANGELES,UNINCORPORATED,-118.06621551513672,33.97867202758789
92175732,2023,2023-09-21,9565,2023-09-10,1240,019031,NA,7,1,5,1965,0,1,1,NA,2,081,I-10 W/B (SANTA MONICA FWY.),20TH ST,175,W,N,A,-,Y,LA,NA,10,NA,R,3.031,H,NA,L,Y,4,0,1,2,A,-,03,22350,NA,N,C,C,A,A,H,-,A,D,0,NA,NA,NA,Y,Y,NA,F,26,0,0,1,0,0,0,0,0,0,-,-,34.023170471191406,-118.47447967529295,LOS ANGELES,SANTA MONICA,-118.47446441650392,34.023136138916016
92175734,2023,2023-09-21,9525,2023-09-09,430,018906,NA,6,3,6,1955,0,1,1,NA,2,107,I-10 W/B W/O KELLOGG DR.,KELLOGG DR.,2640,W,N,A,-,Y,LA,NA,10,NA,NA,41.409,H,NA,L,Y,4,0,1,2,A,-,03,22350,NA,N,C,C,A,A,H,-,D,D,0,NA,NA,NA,Y,Y,NA,D,22,0,0,1,0,0,0,0,0,0,-,-,34.064090728759766,-117.82433319091795,LOS ANGELES,POMONA,-117.82433319091795,34.064048767089844
92175740,2023,2023-09-21,9525,2023-09-11,1430,019491,NA,1,2,9,1900,0,3,5,NA,2,002,HOLLENBECK STREET,EDNA PLACE,0,NA,Y,B,-,N,NA,NA,NA,NA,NA,NA,NA,NA,NA,Y,2,0,3,2,A,-,09,21802,A,N,D,C,A,A,H,-,A,A,0,NA,NA,NA,NA,Y,NA,A,01,1,2,0,0,0,0,0,0,0,-,-,34.09257888793945,-117.8989486694336,LOS ANGELES,UNINCORPORATED,-117.89899444580078,34.09257507324219
92175767,2023,2023-09-21,9545,2023-09-13,348,021360,NA,3,3,9,1900,0,3,5,NA,2,002,AVENUE S,SR-14 S/B FROM AVENUE S,0,NA,Y,A,-,N,NA,NA,NA,NA,NA,NA,NA,NA,NA,Y,4,0,2,2,D,-,00,NA,NA,N,D,C,A,A,H,-,C,A,0,NA,NA,NA,NA,Y,NA,-,-,0,0,2,0,0,0,0,0,0,-,-,34.557838439941406,-118.13314819335938,LOS ANGELES,UNINCORPORATED,-117.82648468017578,34.5579833984375
92175771,2023,2023-09-21,9545,2023-09-15,1555,023340,NA,5,2,9,1900,0,3,5,NA,2,004,140TH ST  E,AVENUE F,944,S,N,A,-,N,NA,NA,NA,NA,NA,NA,NA,NA,NA,N,4,0,1,1,A,-,08,22107,NA,N,E,I,A,A,H,-,A,D,0,NA,NA,NA,NA,Y,NA,A,01,0,0,1,0,0,0,0,0,0,-,-,34.746280670166016,-117.88067626953124,LOS ANGELES,UNINCORPORATED,-117.88069915771484,34.74632263183594
92175775,2023,2023-09-21,9545,2023-09-11,1022,015826,NA,1,1,9,1900,0,1,3,NA,1,042,SR-138,SR-18,0,NA,Y,B,-,N,NA,NA,NA,NA,NA,NA,NA,NA,NA,N,3,0,1,2,A,-,09,21802,A,N,D,C,A,A,H,-,A,A,0,NA,NA,NA,NA,Y,NA,D,22,0,1,0,0,0,0,0,0,0,-,-,34.49824142456055,-117.73841857910156,LOS ANGELES,UNINCORPORATED,-117.74024963378906,34.498512268066406
92175797,2023,2023-09-21,9580,2023-09-12,2230,020791,NA,2,3,7,1942,0,1,1,NA,2,404,I-405 N/B (SAN DIEGO FWY),BURBANK BLVD,300,S,N,A,-,Y,LA,NA,405,NA,NA,40.133,H,NA,R,Y,2,0,2,3,A,-,01,23152,A,N,D,C,A,A,H,-,D,D,0,NA,NA,NA,NA,Y,Y,A,01,1,1,0,0,0,0,0,0,0,-,-,34.16992950439453,-118.46771240234376,LOS ANGELES,LOS ANGELES,-118.46768951416016,34.169925689697266
92175805,2023,2023-09-21,9530,2023-09-10,1628,022995,NA,7,2,7,1941,0,1,1,NA,2,072,I-710 N/B TO PACIFIC COAST HWY N/B,PACIFIC COAST HWY.,60,N,N,B,-,Y,NA,NA,NA,NA,NA,NA,NA,NA,NA,N,3,0,1,1,A,-,03,22350,NA,N,E,I,A,A,H,-,A,D,0,NA,NA,NA,NA,Y,Y,A,01,0,1,0,0,0,0,0,0,0,-,-,33.791099548339844,-118.20736694335938,LOS ANGELES,LONG BEACH,-118.20736694335938,33.791099548339844
92175831,2023,2023-09-21,9540,2023-09-20,520,018037,NA,3,3,9,1900,0,1,1,NA,2,507,I-5 S/B (GOLDEN STATE FREEWAY),RYE CANYON RD. U/C,426,N,N,B,-,Y,LA,NA,5,NA,R,54.253,H,NA,L,Y,4,0,2,2,A,-,08,22107,NA,N,B,C,A,A,D,-,D,D,0,NA,NA,NA,Y,Y,NA,G,25,0,0,2,0,0,0,0,0,0,-,-,34.431949615478516,-118.5893096923828,LOS ANGELES,UNINCORPORATED,-118.58930206298828,34.43195724487305
92175835,2023,2023-09-21,9565,2023-09-10,1954,022761,NA,7,2,4,1918,0,1,3,NA,2,070,SR-90 WESTBOUND,SEPULVEDA BLVD,200,E,N,A,-,Y,LA,NA,90,NA,NA,2.897,H,NA,L,N,4,0,1,2,A,-,03,22350,NA,N,C,C,A,A,H,-,D,A,0,NA,NA,NA,NA,Y,NA,A,07,0,0,1,0,0,0,0,0,0,-,-,33.98746109008789,-118.3948211669922,LOS ANGELES,CULVER CITY,-118.3948211669922,33.9874267578125
92175874,2023,2023-09-21,9540,2023-09-19,300,022615,NA,2,3,7,1942,0,1,1,NA,2,210,I-210 WESTBOUND,MACLAY ST,300,E,N,A,-,Y,LA,NA,210,NA,R,5.355,H,NA,L,N,3,0,1,2,A,-,00,21960,A,N,G,B,E,A,H,-,C,D,0,Y,NA,NA,NA,Y,NA,N,60,0,1,0,0,1,0,0,0,0,-,-,34.29487991333008,-118.41472625732422,LOS ANGELES,LOS ANGELES,-118.41465759277344,34.29492950439453
92175906,2023,2023-09-21,9530,2023-09-14,1035,023051,NA,4,1,7,1942,0,1,1,NA,2,110,I-110 S/B (HARBOR FREEWAY),120TH ST.,125,N,N,A,-,Y,LA,NA,110,NA,NA,13.503,H,NA,L,N,4,0,1,2,A,-,07,21658,A,N,B,C,A,A,H,-,A,D,0,NA,NA,NA,NA,Y,NA,A,01,0,0,1,0,0,0,0,0,0,-,-,33.924198150634766,-118.28141784667967,LOS ANGELES,LOS ANGELES,-118.28143310546876,33.92420196533203
92175979,2023,2023-09-21,9565,2023-09-11,1250,015275,NA,1,1,7,1942,0,1,1,NA,2,064,I-405 N/B,GETTY CENTER DRIVE,1056,S,N,B,-,Y,LA,NA,405,NA,NA,34.012,H,NA,R,N,4,0,1,2,A,-,07,21658,A,N,B,C,A,A,H,-,A,D,0,NA,NA,NA,NA,Y,NA,A,01,0,0,1,0,0,0,0,0,0,-,-,34.08565902709961,-118.4748077392578,LOS ANGELES,LOS ANGELES,-118.47478485107422,34.085662841796875
92175985,2023,2023-09-21,9545,2023-09-19,740,017305,NA,2,1,9,1900,0,3,5,NA,2,004,AVENUE N,50TH STREET EAST,555,E,N,A,-,N,NA,NA,NA,NA,NA,NA,NA,NA,NA,N,4,0,1,3,A,-,03,22350,NA,N,C,C,A,A,H,-,A,D,0,NA,NA,NA,NA,Y,NA,A,07,0,0,1,0,0,0,0,0,0,-,-,34.63138961791992,-118.03887939453124,LOS ANGELES,UNINCORPORATED,-118.03900146484376,34.631370544433594
92175996,2023,2023-09-21,9565,2023-09-11,1304,022576,NA,1,1,7,1942,0,1,1,NA,2,083,I-10 E/B,BAGLEY AVE,100,E,N,B,-,Y,LA,NA,10,NA,R,7.608,H,NA,R,Y,4,0,2,3,A,-,08,22107,NA,N,B,2,A,A,H,-,A,D,0,NA,NA,NA,Y,Y,NA,E,22,0,0,2,0,0,0,0,0,0,-,-,34.02899932861328,-118.39649963378906,LOS ANGELES,LOS ANGELES,-118.39649963378906,34.029014587402344
92176002,2023,2023-09-21,9580,2023-09-12,558,019952,NA,2,3,7,1942,0,1,1,NA,2,407,I-405 S/B (SAN DIEGO FWY),DEVONSHIRE ST,600,N,N,A,-,Y,LA,NA,405,NA,NA,46.381,H,NA,L,N,4,0,1,2,A,-,03,22350,NA,N,C,C,A,A,H,-,A,A,0,NA,NA,NA,NA,Y,NA,D,22,0,0,1,0,0,0,0,0,0,-,-,34.25923156738281,-118.47234344482422,LOS ANGELES,LOS ANGELES,-118.47235107421876,34.25923156738281
92176010,2023,2023-09-21,9545,2023-09-20,830,019816,NA,3,1,9,1900,0,3,5,NA,2,003,SIERRA HWY,ANGELES FOREST HWY,112,S,N,A,-,N,NA,NA,NA,NA,NA,NA,NA,NA,NA,N,3,0,2,2,A,-,08,22107,NA,N,D,C,A,A,H,-,A,D,0,NA,NA,NA,NA,Y,NA,A,01,0,2,0,0,0,0,0,0,0,-,-,34.50891876220703,-118.11131286621094,LOS ANGELES,UNINCORPORATED,-118.11198425292967,34.50936508178711
92176032,2023,2023-09-21,9580,2023-09-18,645,019451,NA,1,1,7,1942,0,1,2,NA,2,105,US-101 S/B (VENTURA FREEWAY),BURBANK BLVD.,100,N,N,A,-,Y,LA,NA,101,NA,NA,21.062,H,NA,L,Y,4,0,2,3,A,-,03,22350,NA,N,C,C,A,A,H,-,A,D,0,NA,NA,NA,NA,Y,NA,A,01,0,0,2,0,0,0,0,0,0,-,-,34.17226028442383,-118.53282165527344,LOS ANGELES,LOS ANGELES,-118.53285217285156,34.172203063964844
92176033,2023,2023-09-21,9540,2023-09-13,1840,021124,NA,3,2,7,1942,0,1,3,NA,1,143,SR-14 S/B (ANTELOPE VALLEY FREEWAY) TO SAN FERNAND,SAN FERNANDO ROAD,2112,N,N,A,-,Y,NA,NA,NA,NA,NA,NA,NA,NA,NA,Y,4,0,1,2,A,-,08,22107,NA,N,B,2,A,A,H,-,A,D,0,NA,NA,NA,NA,Y,NA,A,01,0,0,1,0,0,0,0,0,0,-,-,34.33058166503906,-118.5071029663086,LOS ANGELES,LOS ANGELES,-118.50105285644533,34.369873046875
92176036,2023,2023-09-21,9540,2023-09-13,1750,021190,NA,3,2,9,1900,0,2,4,NA,1,102,HASLEY CANYON ROAD (29500 BLOCK),SLOAN CANYON ROAD,900,E,N,A,-,N,NA,NA,NA,NA,NA,NA,NA,NA,NA,Y,4,0,1,1,A,-,08,22107,NA,N,E,I,A,A,H,-,A,D,0,NA,NA,NA,NA,Y,NA,A,07,0,0,1,0,0,0,0,0,0,-,-,34.45943832397461,-118.65125274658205,LOS ANGELES,UNINCORPORATED,-118.65131378173828,34.45936965942383
92176037,2023,2023-09-21,9530,2023-09-13,1905,020956,NA,3,2,5,1977,0,1,1,NA,2,410,I-405 S/B (SAN DIEGO FREEWAY),ALAMEDA ST.,1056,N,N,A,-,Y,LA,NA,405,NA,NA,9.071,H,NA,L,N,4,0,1,1,C,-,18,NA,NA,N,E,I,A,A,H,-,B,D,0,NA,NA,NA,NA,Y,NA,-,-,0,0,1,0,0,0,0,0,0,-,-,33.825599670410156,-118.23291015625,LOS ANGELES,CARSON,-118.23290252685548,33.825687408447266
92176045,2023,2023-09-21,9565,2023-09-02,956,022764,NA,6,1,5,1928,0,1,1,NA,2,060,I-405 S/B (SAN DIEGO FWY),135TH ST,350,S,N,C,-,Y,LA,NA,405,NA,NA,19.673,H,NA,L,Y,4,0,2,3,A,-,03,22350,NA,M,C,C,A,B,H,-,A,D,0,NA,NA,NA,NA,Y,NA,-,99,0,0,2,0,0,0,0,0,0,-,-,33.908390045166016,-118.37059783935548,LOS ANGELES,HAWTHORNE,-118.37059020996094,33.908390045166016
92176046,2023,2023-09-21,9580,2023-09-19,725,023201,NA,2,1,7,1942,0,1,3,NA,2,116,SR-118 E/B (RONALD REAGAN FWY.),TAMPA AVE,2640,E,N,B,-,Y,LA,NA,118,NA,R,5.263,H,NA,R,Y,4,0,2,2,A,-,08,22107,NA,N,B,C,A,A,H,-,A,D,0,NA,NA,NA,NA,Y,NA,A,01,0,0,2,0,0,0,0,0,0,-,-,34.27425003051758,-118.54562377929688,LOS ANGELES,LOS ANGELES,-118.5456085205078,34.27415466308594
92176059,2023,2023-09-21,9580,2023-09-20,1245,022036,NA,3,1,7,1942,0,1,2,NA,2,103,US-101 S/B TO I-405 S/B,US-101,100,S,N,B,-,Y,NA,NA,NA,NA,NA,NA,NA,NA,NA,N,4,0,2,2,A,-,03,22350,NA,N,C,C,A,A,H,-,A,D,0,NA,NA,NA,NA,Y,NA,A,07,0,0,2,0,0,0,0,0,0,-,-,34.15980911254883,-118.47004699707033,LOS ANGELES,LOS ANGELES,-118.47004699707033,34.15980911254883
92176064,2023,2023-09-21,9550,2023-09-09,1510,022909,NA,6,2,9,1900,0,1,1,NA,2,650,I-605 S/B,OBREGON ST,370,S,N,A,-,Y,LA,NA,605,NA,R,13.911,H,NA,L,N,3,0,3,2,A,-,03,22350,NA,N,C,C,A,A,H,-,A,D,0,NA,NA,NA,NA,Y,NA,A,07,0,1,2,0,0,0,0,0,0,-,-,33.998329162597656,-118.06810760498048,LOS ANGELES,UNINCORPORATED,-118.0681610107422,33.99834060668945
92176076,2023,2023-09-21,9525,2023-09-15,1215,015445,NA,5,1,5,1906,0,1,1,NA,2,103,I-10 W/B (SAN BERNARDINO FWY),PUENTE AVE,500,W,N,B,-,Y,LA,NA,10,NA,NA,33.255,H,NA,L,N,4,0,2,3,A,-,03,22350,NA,N,C,C,A,A,H,-,A,D,0,NA,NA,NA,NA,Y,NA,A,01,0,0,2,0,0,0,0,0,0,-,-,34.06998825073242,-117.96382904052734,LOS ANGELES,BALDWIN PARK,-117.96382904052734,34.06997299194336
92176097,2023,2023-09-21,9530,2023-09-13,1820,022585,NA,3,2,9,1900,0,3,5,NA,2,005,PRAIRE AVE. (15800 BLOCK),MANHATTAN BEACH BLVD.,75,S,N,A,-,N,NA,NA,NA,NA,NA,NA,NA,NA,NA,N,3,0,1,2,A,-,09,21804,A,N,D,G,A,A,H,-,A,D,0,NA,Y,NA,NA,Y,NA,L,04,0,1,0,0,0,0,1,0,0,-,-,33.887081146240234,-118.34384918212892,LOS ANGELES,UNINCORPORATED,-118.34382629394533,33.887184143066406
92176106,2023,2024-03-05,9540,2023-05-03,445,022492,NA,3,3,6,1985,0,1,1,NA,2,506,I-5 NORTHBOUND,LYONS AVE,841,S,N,A,-,Y,LA,NA,5,NA,R,50.155,H,NA,R,Y,1,1,0,2,A,-,11,21954,A,N,G,B,E,A,H,-,D,D,0,Y,NA,NA,NA,Y,NA,N,60,0,0,0,1,0,0,0,0,0,-,-,34.37649917602539,-118.56400299072266,LOS ANGELES,SANTA CLARITA,-118.56394958496094,34.376522064208984
92176107,2023,2023-10-23,9530,2023-09-14,1745,022585,NA,4,2,9,1900,0,3,5,NA,2,002,EL SEGUNDO BLVD.,SAN PEDRO ST.,0,NA,Y,A,-,N,NA,NA,NA,NA,NA,NA,NA,NA,NA,N,3,0,1,2,A,-,09,21801,A,N,D,C,A,A,H,-,A,D,0,NA,NA,NA,NA,Y,NA,A,01,0,1,0,0,0,0,0,0,0,-,-,33.9163818359375,-118.26962280273438,LOS ANGELES,UNINCORPORATED,-118.26962280273438,33.916419982910156
92176114,2023,2023-09-21,9530,2023-09-13,1545,022670,NA,3,2,7,1941,0,1,1,NA,2,073,I-710 N/B (LONG BEACH FREEWAY),ANAHEIM ST.,1320,S,N,A,-,Y,LA,NA,710,NA,NA,6.133,H,NA,R,N,3,0,1,3,A,-,03,22350,NA,N,C,C,A,A,H,-,A,D,0,NA,NA,NA,NA,Y,NA,A,01,0,1,0,0,0,0,0,0,0,-,-,33.77899169921875,-118.20731353759766,LOS ANGELES,LONG BEACH,-118.20706176757813,33.7790641784668
92176119,2023,2023-09-21,9565,2023-04-19,730,022728,NA,3,1,9,1900,0,3,5,NA,2,002,120TH ST,VERMONT AVE,285,W,N,A,-,N,NA,NA,NA,NA,NA,NA,NA,NA,NA,N,3,0,1,2,A,-,17,22517,NA,N,B,G,A,A,H,-,A,D,0,NA,Y,NA,NA,Y,NA,A,07,0,1,0,0,0,0,1,0,0,-,-,33.92374038696289,-118.29283142089844,LOS ANGELES,UNINCORPORATED,-118.29273986816406,33.92367935180664
92176128,2023,2023-09-21,9565,2023-04-29,2000,023091,NA,6,2,5,1928,0,1,1,NA,2,012,I-105 E/B,VAN NESS AVE,200,W,N,A,-,Y,LA,NA,105,NA,R,5.189,H,NA,R,Y,3,0,1,1,A,-,08,22107,NA,N,F,J,A,A,H,-,C,D,0,NA,NA,NA,NA,Y,NA,A,01,0,1,0,0,0,0,0,0,0,-,-,33.92518997192383,-118.3185806274414,LOS ANGELES,HAWTHORNE,-118.3185806274414,33.9252815246582
92176192,2023,2023-09-21,9535,2023-09-09,1356,022298,NA,6,1,3,1914,0,1,1,NA,2,501,I-5 SOUTHBOUND (SANTA ANA FREEWAY),WEST ROADWAY EDGE PROLONGATION OF MAPLE AVENUE,480,N,N,A,-,Y,LA,NA,5,NA,NA,10.535,H,NA,L,N,4,0,1,2,A,-,07,21658,A,N,C,C,A,A,H,-,A,D,0,NA,NA,NA,NA,Y,NA,A,01,0,0,1,0,0,0,0,0,0,-,-,33.983970642089844,-118.13317108154295,LOS ANGELES,COMMERCE,-118.13312530517578,33.98400115966797
92176193,2023,2023-09-21,9550,2023-09-14,1030,018187,NA,4,1,9,1900,0,3,5,NA,2,002,REIS ST,MILLS AVE,0,NA,Y,A,-,N,NA,NA,NA,NA,NA,NA,NA,NA,NA,Y,4,0,1,2,A,-,09,21802,A,N,D,C,A,A,H,-,A,A,0,NA,NA,NA,NA,Y,NA,A,07,0,0,1,0,0,0,0,0,0,-,-,33.9398307800293,-118.0344696044922,LOS ANGELES,UNINCORPORATED,-118.03446197509766,33.93979263305664
92176211,2023,2023-09-21,9545,2023-09-20,520,019816,NA,3,3,9,1900,0,1,3,NA,2,031,SR-14 S/B,CROWN VALLEY ROAD,1320,N,N,A,-,Y,LA,NA,14,NA,R,48.856,H,NA,L,N,4,0,1,3,A,-,03,22350,NA,N,C,C,A,A,H,-,D,D,0,NA,NA,NA,NA,Y,NA,A,07,0,0,1,0,0,0,0,0,0,-,-,34.49256896972656,-118.19422149658205,LOS ANGELES,UNINCORPORATED,-118.19423675537108,34.492645263671875
92176289,2023,2023-09-21,9530,2023-09-14,755,022760,NA,4,1,9,1900,0,1,1,NA,2,120,I-110 N/B (HARBOR FREEWAY),CARSON ST.,448,N,N,B,-,Y,LA,NA,110,NA,NA,7.11,H,NA,R,N,4,0,1,2,A,-,03,22350,NA,N,C,C,A,A,H,-,A,D,0,NA,NA,NA,NA,Y,NA,D,22,0,0,1,0,0,0,0,0,0,-,-,33.832969665527344,-118.28720092773438,LOS ANGELES,UNINCORPORATED,-118.28724670410156,33.832969665527344
92176346,2023,2023-09-21,9550,2023-09-12,15,022722,NA,2,3,9,1900,0,2,4,NA,1,031,HACIENDA BLVD.,STATE ROUTE 60 WB TO HACIENDA BLVD.,350,N,N,A,-,N,NA,NA,NA,NA,NA,NA,NA,NA,NA,N,4,0,2,2,A,-,03,22350,NA,N,C,C,A,A,H,-,C,A,0,NA,NA,NA,NA,Y,NA,A,01,0,0,2,0,0,0,0,0,0,-,-,34.008209228515625,-117.96402740478516,LOS ANGELES,UNINCORPORATED,-117.96272277832033,33.969505310058594
92176348,2023,2023-09-21,9525,2023-09-15,2010,023283,NA,5,2,9,1900,0,2,4,NA,2,045,VALLEY BOULEVARD,TEMPLE AVENUE,350,W,N,A,-,N,NA,NA,NA,NA,NA,NA,NA,NA,NA,N,3,0,1,2,A,-,05,21650,NA,F,B,G,A,A,H,-,D,D,0,NA,Y,NA,NA,Y,NA,L,04,0,1,0,0,0,0,1,0,0,-,-,34.05455017089844,-118.00433349609376,LOS ANGELES,UNINCORPORATED,-117.81300354003906,34.04763412475586
92176355,2023,2023-09-21,9525,2023-09-17,1240,020869,NA,7,1,9,1900,0,3,5,NA,2,004,DON JULIAN RD.,WORKMAN MILL RD.,0,NA,Y,B,-,N,NA,NA,NA,NA,NA,NA,NA,NA,NA,N,3,0,1,2,A,-,10,21950,A,N,G,B,B,A,H,-,A,A,0,Y,NA,NA,NA,Y,NA,A,07,0,1,0,0,1,0,0,0,0,-,-,34.041168212890625,-117.99790954589844,LOS ANGELES,UNINCORPORATED,-117.99816131591795,34.041160583496094
92176363,2023,2023-09-21,9530,2023-09-21,550,023051,NA,4,3,5,1977,0,1,3,NA,2,310,SR-91 W/B (ARTESIA FREEWAY),AVALON BLVD,634,W,N,A,-,Y,LA,NA,91,NA,R,7.308,H,NA,L,Y,3,0,1,2,A,-,07,21658,A,F,C,C,A,A,H,-,B,D,0,NA,NA,NA,NA,Y,NA,-,99,0,1,0,0,0,0,0,0,0,-,-,33.87308120727539,-118.26820373535156,LOS ANGELES,CARSON,-118.26819610595705,33.87306213378906
92176439,2023,2023-09-21,9550,2023-09-12,1945,021100,NA,2,2,9,1900,0,1,3,NA,2,600,SR-60 EB,7TH AVE.,325,E,N,A,-,Y,LA,NA,60,NA,NA,14.357,H,NA,R,N,4,0,1,2,A,-,03,22350,NA,N,C,C,A,A,H,-,A,D,0,NA,NA,NA,NA,Y,NA,A,08,0,0,1,0,0,0,0,0,0,-,-,34.018550872802734,-117.98738098144533,LOS ANGELES,UNINCORPORATED,-117.98738861083984,34.01854705810547
92176447,2023,2023-09-21,9535,2023-08-20,1045,022120,NA,7,1,6,1922,0,1,1,NA,2,401,I-10 W/B (SAN BERNARDINO FREEWAY),NEW AVE,1214,E,N,C,-,Y,LA,NA,10,NA,NA,25.075,H,NA,L,N,4,0,1,2,A,-,03,22350,NA,N,B,C,A,B,H,-,A,D,0,NA,NA,NA,NA,Y,NA,A,01,0,0,1,0,0,0,0,0,0,-,-,34.07225036621094,-118.10410308837892,LOS ANGELES,EL MONTE,-118.10409545898438,34.07219696044922