CASE_ID,ACCIDENT_YEAR,PROC_DATE,JURIS,COLLISION_DATE,COLLISION_TIME,OFFICER_ID,REPORTING_DISTRICT,DAY_OF_WEEK,CHP_SHIFT,POPULATION,CNTY_CITY_LOC,SPECIAL_COND,BEAT_TYPE,CHP_BEAT_TYPE,CITY_DIVISION_LAPD,CHP_BEAT_CLASS,BEAT_NUMBER,PRIMARY_RD,SECONDARY_RD,DISTANCE,DIRECTION,INTERSECTION,WEATHER_1,WEATHER_2,STATE_HWY_IND,CALTRANS_COUNTY,CALTRANS_DISTRICT,STATE_ROUTE,ROUTE_SUFFIX,POSTMILE_PREFIX,POSTMILE,LOCATION_TYPE,RAMP_INTERSECTION,SIDE_OF_HWY,TOW_AWAY,COLLISION_SEVERITY,NUMBER_KILLED,NUMBER_INJURED,PARTY_COUNT,PRIMARY_COLL_FACTOR,PCF_CODE_OF_VIOL,PCF_VIOL_CATEGORY,PCF_VIOLATION,PCF_VIOL_SUBSECTION,HIT_AND_RUN,TYPE_OF_COLLISION,MVIW,PED_ACTION,ROAD_SURFACE,ROAD_COND_1,ROAD_COND_2,LIGHTING,CONTROL_DEVICE,CHP_ROAD_TYPE,PEDESTRIAN_ACCIDENT,BICYCLE_ACCIDENT,MOTORCYCLE_ACCIDENT,TRUCK_ACCIDENT,NOT_PRIVATE_PROPERTY,ALCOHOL_INVOLVED,STWD_VEHTYPE_AT_FAULT,CHP_VEHTYPE_AT_FAULT,COUNT_SEVERE_INJ,COUNT_VISIBLE_INJ,COUNT_COMPLAINT_PAIN,COUNT_PED_KILLED,COUNT_PED_INJURED,COUNT_BICYCLIST_KILLED,COUNT_BICYCLIST_INJURED,COUNT_MC_KILLED,COUNT_MC_INJURED,PRIMARY_RAMP,SECONDARY_RAMP,LATITUDE,LONGITUDE,COUNTY,CITY,POINT_X,POINT_Y
92177553,2023,2023-09-25,9590,2023-09-19,705,017520,NA,2,1,7,1942,0,1,1,NA,2,051,I-110 S/B (HAF),GAGE AVE,500,N,N,A,-,Y,LA,NA,110,NA,NA,17.637,H,NA,L,N,4,0,1,3,A,-,03,22350,NA,N,C,C,A,A,H,-,A,D,0,NA,NA,NA,NA,Y,NA,A,01,0,0,1,0,0,0,0,0,0,-,-,33.984169006347656,-118.28072357177734,LOS ANGELES,LOS ANGELES,-118.28062438964844,33.984169006347656
9217756,2021,2021-03-16,1900,2021-01-22,1800,654100,2841,5,5,5,1915,0,0,0,NA,0,283T1,REEVE ST,WILLOWBROOK AV,30,E,N,A,-,N,NA,NA,NA,NA,NA,NA,NA,NA,NA,N,4,0,1,2,A,-,08,22107,NA,F,G,B,D,A,H,-,D,D,0,Y,NA,NA,NA,Y,NA,A,07,0,0,1,0,1,0,0,0,0,-,-,33.8866081237793,-118.22337341308594,LOS ANGELES,COMPTON,-118.22370147705078,33.88676834106445
92177569,2023,2023-09-25,9590,2023-09-14,1725,022520,NA,4,2,7,1942,0,1,2,NA,2,071,US-101 S/B (HOLLYWOOD FREEWAY),BEAUDRY AVE.,730,N,N,A,-,Y,LA,NA,101,NA,NA,1.907,H,NA,L,N,4,0,1,2,A,-,03,22350,NA,F,C,C,A,A,H,-,A,D,0,NA,NA,NA,NA,Y,NA,-,99,0,0,1,0,0,0,0,0,0,-,-,34.06550979614258,-118.25225830078124,LOS ANGELES,LOS ANGELES,-118.25229644775392,34.06547546386719
9217757,2021,2021-03-17,1900,2021-01-24,0904,NA,2833,7,5,5,1915,0,0,0,NA,0,282T1,WILMINGTON AV,ALONDRA BL,0,NA,Y,A,-,N,NA,NA,NA,NA,NA,NA,NA,NA,NA,N,4,0,2,2,A,-,12,21453,A,N,D,C,A,A,H,-,A,A,0,NA,NA,NA,NA,Y,NA,A,01,0,0,2,0,0,0,0,0,0,-,-,33.88848114013672,-118.23716735839844,LOS ANGELES,COMPTON,-118.23709869384766,33.88844680786133
92177573,2023,2023-09-25,9545,2023-09-12,222,022910,NA,2,3,9,1900,0,3,5,NA,2,003,SIERRA HWY,ANGELES FOREST HWY,450,N,N,A,-,N,NA,NA,NA,NA,NA,NA,NA,NA,NA,Y,4,0,2,2,A,-,01,23152,A,N,D,C,A,A,H,-,C,D,0,NA,NA,NA,NA,Y,Y,A,01,0,0,2,0,0,0,0,0,0,-,-,34.51292037963867,-118.10841369628906,LOS ANGELES,UNINCORPORATED,-118.11033630371094,34.5102424621582
9217762,2021,2021-03-10,1929,2021-01-18,1544,150,SOUTH,1,5,3,1929,0,0,0,NA,0,001,VALLEY DR,6TH ST,400,S,N,A,-,N,NA,NA,NA,NA,NA,NA,NA,NA,NA,NA,4,0,1,3,A,-,04,21703,NA,N,C,C,A,A,H,-,A,D,0,NA,NA,Y,NA,Y,NA,C,02,0,0,1,0,0,0,0,0,1,-,-,33.85858154296875,-118.39431762695313,LOS ANGELES,HERMOSA BEACH,-118.39456939697266,33.85757064819336
9217763,2021,2021-03-10,1929,2021-01-27,1609,234,NA,3,5,3,1929,0,0,0,NA,0,002,HERMOSA AV,15TH ST,40,N,N,A,-,N,NA,NA,NA,NA,NA,NA,NA,NA,NA,N,3,0,1,2,A,-,17,22517,NA,N,B,G,A,A,H,-,A,A,0,NA,Y,NA,NA,Y,NA,A,01,0,1,0,0,0,0,1,0,0,-,-,NA,NA,LOS ANGELES,HERMOSA BEACH,-118.40071868896484,33.864585876464844
92177669,2023,2023-09-25,9575,2023-09-18,1355,022839,NA,1,1,5,1902,0,1,1,NA,2,065,I-210 E/B (FOOTHILL FREEWAY),EAST EDGE OF FIFTH AVENUE,2,W,N,A,-,Y,LA,NA,210,NA,R,32.633,H,NA,R,Y,4,0,1,2,A,-,03,22350,NA,N,C,C,A,A,H,-,A,D,0,NA,NA,NA,NA,Y,NA,A,01,0,0,1,0,0,0,0,0,0,-,-,34.14265823364258,-118.02046966552734,LOS ANGELES,ARCADIA,-118.02049255371094,34.14262008666992
92177670,2023,2023-09-25,9575,2023-09-18,1720,022783,NA,1,2,6,1953,0,1,1,NA,2,064,I-210 W/B (FOOTHILL FREEWAY),ALLEN AVE,305,W,N,A,-,Y,LA,NA,210,NA,R,27.395,H,NA,L,Y,3,0,2,2,A,-,03,22350,NA,N,C,2,A,A,H,-,A,D,0,NA,NA,NA,Y,Y,Y,G,25,0,2,0,0,0,0,0,0,0,-,-,34.152679443359375,-118.1137466430664,LOS ANGELES,PASADENA,-118.1137466430664,34.152584075927734
92177671,2023,2023-09-25,9575,2023-09-11,1250,023031,NA,1,1,7,1942,0,2,4,NA,2,310,BIG TUJUNGA CANYON ROAD,DOSKE ROAD,860,W,N,A,-,N,NA,NA,NA,NA,NA,NA,NA,NA,NA,N,3,0,1,1,A,-,01,23152,A,N,E,I,A,A,H,-,A,D,0,NA,NA,NA,NA,Y,Y,A,07,0,1,0,0,0,0,0,0,0,-,-,34.297630310058594,-118.24629974365234,LOS ANGELES,LOS ANGELES,-118.24614715576172,34.29767608642578
92177682,2023,2023-09-25,9575,2023-09-14,828,023205,NA,4,1,7,1942,0,1,1,NA,2,052,I-5 S/B (GOLDEN STATE FREEWAY),LAUREL CANYON BOULEVARD,150,S,N,A,-,Y,LA,NA,5,NA,NA,35.909,H,NA,L,N,3,0,1,2,A,-,03,22350,NA,M,C,C,A,A,H,-,A,D,0,NA,NA,NA,NA,Y,NA,-,99,0,1,0,0,0,0,0,0,0,-,-,34.231300354003906,-118.40249633789064,LOS ANGELES,LOS ANGELES,-118.40251159667967,34.23125457763672
92177684,2023,2023-09-25,9575,2023-07-02,20,022939,NA,7,3,9,1900,0,1,3,NA,2,081,ROSEMEAD BLVD,COLORADO BLVD,0,NA,Y,A,-,N,NA,NA,NA,NA,NA,NA,NA,NA,NA,N,2,0,1,2,A,-,10,21950,C,F,G,B,B,A,H,-,C,A,0,Y,NA,NA,NA,Y,NA,-,99,1,0,0,0,1,0,0,0,0,-,-,34.14643859863281,-118.07333374023438,LOS ANGELES,UNINCORPORATED,-118.07331085205078,34.146217346191406
92177689,2023,2023-09-25,9525,2023-09-04,2320,019890,NA,1,3,9,1900,0,3,5,NA,2,005,MT. BALDY RD.,MPM 3.01,300,N,N,B,-,N,NA,NA,NA,NA,NA,NA,NA,NA,NA,Y,3,0,1,1,A,-,03,22350,NA,N,E,9,A,A,H,-,D,D,0,NA,NA,Y,NA,Y,NA,C,02,0,1,0,0,0,0,0,0,1,-,-,34.20000076293945,-117.67579650878906,LOS ANGELES,UNINCORPORATED,NA,NA
92177690,2023,2023-09-25,9525,2023-09-13,1000,018505,NA,3,1,4,1960,0,1,1,NA,2,208,SR-210 E/B (FOOTHILL FWY),SAN DIMAS AVE,1400,W,N,A,-,Y,LA,NA,210,NA,R,45.204,H,NA,R,Y,4,0,1,2,A,-,07,21658,A,N,C,C,A,A,H,-,A,D,0,NA,NA,NA,NA,Y,NA,E,22,0,0,1,0,0,0,0,0,0,-,-,34.11960983276367,-117.81182861328124,LOS ANGELES,SAN DIMAS,-117.81182861328124,34.11970520019531
92177694,2023,2023-09-25,9525,2023-09-17,417,022627,NA,7,3,5,1926,0,1,1,NA,2,205,I-210 W/B (FOOTHILL FWY),SUNFLOWER AVE,1584,W,N,B,C,Y,LA,NA,210,NA,R,42.808,H,NA,L,Y,4,0,1,3,A,-,03,22350,NA,N,C,C,A,B,H,-,E,D,0,NA,NA,NA,NA,Y,NA,A,01,0,0,1,0,0,0,0,0,0,-,-,34.11769104003906,-117.85270690917967,LOS ANGELES,GLENDORA,-117.85270690917967,34.117713928222656
92177734,2023,2023-09-25,9545,2023-09-15,540,020140,NA,5,3,9,1900,0,1,3,NA,1,042,SR-138,106TH STREET EAST,0,NA,Y,A,-,Y,LA,NA,138,NA,R,57.184,H,NA,R,Y,3,0,3,2,A,-,09,21802,A,N,D,C,A,A,H,-,D,A,0,NA,NA,NA,NA,Y,NA,A,07,0,1,2,0,0,0,0,0,0,-,-,34.521018981933594,-117.94046020507813,LOS ANGELES,UNINCORPORATED,-117.94046020507813,34.521034240722656
92177813,2023,2023-09-25,9575,2023-09-08,1645,023236,NA,5,2,9,1900,0,2,4,NA,2,010,ORANGE AVENUE (2600 BLOCK),ROSEMONT AVENUE,0,NA,Y,A,-,N,NA,NA,NA,NA,NA,NA,NA,NA,NA,N,4,0,1,2,A,-,12,22450,A,N,D,C,A,A,H,-,A,A,0,NA,NA,NA,NA,Y,NA,-,-,0,0,1,0,0,0,0,0,0,-,-,34.23044967651367,-118.23509216308594,LOS ANGELES,UNINCORPORATED,-118.2350845336914,34.230403900146484
92177814,2023,2023-09-25,9575,2023-09-08,1735,023236,NA,5,2,7,1942,0,1,1,NA,2,061,I-210 W/B (FOOTHILL FREEWAY),CHRISTY AVENUE,718,W,N,A,-,Y,LA,NA,210,NA,R,8.956,H,NA,L,N,4,0,1,2,A,-,03,22350,NA,N,C,C,A,A,H,-,B,D,0,NA,NA,NA,NA,Y,NA,A,08,0,0,1,0,0,0,0,0,0,-,-,34.273399353027344,-118.36139678955078,LOS ANGELES,LOS ANGELES,-118.36140441894533,34.27339172363281
92177815,2023,2023-09-25,9575,2023-09-19,1535,021925,NA,2,2,6,1953,0,1,1,NA,2,065,I-210 W/B (FOOTHILL FREEWAY),MICHILLINDA AVENUE,2000,E,N,A,-,Y,LA,NA,210,NA,R,30.198,H,NA,L,N,4,0,1,1,A,-,08,22107,NA,N,E,I,A,A,H,-,A,D,0,NA,NA,NA,NA,Y,NA,A,01,0,0,1,0,0,0,0,0,0,-,-,34.149070739746094,-118.0610122680664,LOS ANGELES,PASADENA,-118.06100463867188,34.1489143371582
92177816,2023,2023-09-25,9575,2023-09-13,1555,022513,NA,3,2,9,1900,0,3,5,NA,2,002,WAPELLO ST,MARENGO AVE,440,W,N,A,-,N,NA,NA,NA,NA,NA,NA,NA,NA,NA,N,4,0,1,2,A,-,01,23152,A,N,B,C,A,A,H,-,A,D,0,NA,NA,NA,NA,Y,Y,A,08,0,0,1,0,0,0,0,0,0,-,-,34.20045852661133,-118.1374969482422,LOS ANGELES,UNINCORPORATED,-118.13741302490234,34.20043182373047
92177828,2023,2023-09-25,9575,2023-09-20,927,019538,NA,3,1,6,1925,0,1,1,NA,2,050,I-5 N/B FROM WESTERN AVE W/B,WESTERN AVE U/C,700,N,N,B,-,Y,LA,NA,5,NA,NA,27.991,H,NA,R,N,4,0,1,2,A,-,03,22350,NA,N,C,C,A,A,H,-,A,D,0,NA,NA,NA,NA,Y,NA,D,22,0,0,1,0,0,0,0,0,0,-,-,34.166168212890625,-118.29823303222656,LOS ANGELES,GLENDALE,-118.29834747314452,34.16605758666992
92177834,2023,2023-09-25,9575,2023-09-09,700,022626,NA,6,1,9,1900,0,1,1,NA,2,065,I-210 E/B (FOOTHILL FREEWAY),ROSEMEAD BLVD.,40,E,N,A,-,Y,LA,NA,210,NA,R,29.507,H,NA,R,Y,4,0,1,2,A,-,07,21658,A,N,B,C,A,A,H,-,A,D,0,NA,NA,NA,NA,Y,NA,A,01,0,0,1,0,0,0,0,0,0,-,-,34.14820861816406,-118.07318878173828,LOS ANGELES,UNINCORPORATED,-118.0731964111328,34.148250579833984
9217785,2021,2021-03-12,1941,2021-01-23,1936,11457,NA,6,5,7,1941,0,0,0,NA,0,NA,CERRITOS AV,EAST 7TH ST,0,NA,Y,B,-,N,NA,NA,NA,NA,NA,NA,NA,NA,NA,N,4,0,1,2,A,-,03,22350,NA,F,D,G,A,B,H,-,C,A,0,NA,Y,NA,NA,Y,NA,A,NA,0,0,1,0,0,0,1,0,0,-,-,NA,NA,LOS ANGELES,LONG BEACH,-118.177978515625,33.775352478027344
9217786,2021,2021-03-12,1941,2021-01-24,0415,11230,NA,7,5,7,1941,0,0,0,NA,0,NA,WARDLOW RD,ELM AV,0,NA,Y,A,-,N,NA,NA,NA,NA,NA,NA,NA,NA,NA,N,4,0,1,2,A,-,12,22450,A,F,D,C,A,B,H,-,C,A,0,NA,NA,NA,NA,Y,NA,A,NA,0,0,1,0,0,0,0,0,0,-,-,NA,NA,LOS ANGELES,LONG BEACH,-118.18833160400392,33.81892013549805
9217787,2021,2021-03-12,1941,2021-01-25,1739,10328,NA,1,5,7,1941,0,0,0,NA,0,NA,SANTA FE AV,W 25TH ST,0,NA,Y,A,-,N,NA,NA,NA,NA,NA,NA,NA,NA,NA,Y,4,0,1,2,A,-,09,21801,A,F,D,C,A,A,H,-,C,D,0,NA,NA,NA,NA,Y,NA,A,NA,0,0,1,0,0,0,0,0,0,-,-,NA,NA,LOS ANGELES,LONG BEACH,-118.21552276611328,33.802345275878906
9217788,2021,2021-03-12,1941,2021-01-19,1350,5900,NA,2,5,7,1941,0,0,0,NA,0,NA,WILLOW ST,FASHION AV,38,E,N,A,-,N,NA,NA,NA,NA,NA,NA,NA,NA,NA,Y,3,0,4,4,A,-,07,21658,A,N,B,C,A,A,H,-,A,A,0,NA,NA,NA,NA,Y,NA,A,NA,0,1,3,0,0,0,0,0,0,-,-,NA,NA,LOS ANGELES,LONG BEACH,-118.20880889892578,33.80438995361328
9217789,2021,2021-03-12,1941,2021-01-26,0923,5767,NA,2,5,7,1941,0,0,0,NA,0,NA,BELLFLOWER BL,E 27TH ST,0,NA,Y,A,-,N,NA,NA,NA,NA,NA,NA,NA,NA,NA,Y,4,0,2,2,A,-,12,21453,A,N,D,C,A,A,H,-,A,A,0,NA,NA,NA,NA,Y,NA,A,NA,0,0,2,0,0,0,0,0,0,-,-,NA,NA,LOS ANGELES,LONG BEACH,-118.12535095214844,33.80506134033203
9217790,2021,2021-03-12,1941,2021-01-25,2225,10140,NA,1,5,7,1941,0,0,0,NA,0,NA,ARTESIA BL,LONG BEACH BL,14,W,N,A,-,N,NA,NA,NA,NA,NA,NA,NA,NA,NA,Y,4,0,1,3,A,-,09,21801,A,N,D,C,A,A,H,-,C,A,0,NA,NA,NA,NA,Y,NA,A,NA,0,0,1,0,0,0,0,0,0,-,-,NA,NA,LOS ANGELES,LONG BEACH,-118.2028350830078,33.874359130859375
9217791,2021,2021-03-12,1941,2021-01-25,1836,10877,NA,1,5,7,1941,0,0,0,NA,0,NA,PARAMOUNT BL,54TH ST,0,NA,Y,-,-,N,NA,NA,NA,NA,NA,NA,NA,NA,NA,Y,4,0,2,2,A,-,09,21804,A,N,D,C,A,A,H,-,C,A,0,NA,NA,NA,NA,Y,NA,A,NA,0,0,2,0,0,0,0,0,0,-,-,NA,NA,LOS ANGELES,LONG BEACH,-118.15987396240234,33.85538864135742
9217792,2021,2021-03-12,1941,2021-01-13,1954,11246,NA,3,5,7,1941,0,0,0,NA,0,NA,CHERRY AV,36TH ST,0,NA,Y,A,-,N,NA,NA,NA,NA,NA,NA,NA,NA,NA,Y,4,0,1,2,A,-,03,22350,NA,N,C,C,A,A,H,-,C,A,0,NA,NA,NA,NA,Y,NA,A,NA,0,0,1,0,0,0,0,0,0,-,-,NA,NA,LOS ANGELES,LONG BEACH,-118.16756439208984,33.82211685180664
9217793,2021,2021-03-12,1941,2021-01-26,1648,10311,NA,2,5,7,1941,0,0,0,NA,0,NA,7TH ST,LONG BEACH BL,300,E,N,A,-,N,NA,NA,NA,NA,NA,NA,NA,NA,NA,N,4,0,2,3,A,-,03,22350,NA,M,C,C,A,A,H,-,A,A,0,NA,NA,NA,NA,Y,NA,A,NA,0,0,2,0,0,0,0,0,0,-,-,NA,NA,LOS ANGELES,LONG BEACH,-118.1884765625,33.77534103393555
9217798,2021,2021-03-12,1931,2021-01-08,2117,5261,1931,5,5,5,1931,0,0,0,NA,0,003,FLORENCE AV,SANTA FE AV,0,NA,Y,A,-,N,NA,NA,NA,NA,NA,NA,NA,NA,NA,N,4,0,1,2,A,-,03,22350,NA,M,C,C,A,A,H,-,C,A,0,NA,NA,NA,NA,Y,NA,A,01,0,0,1,0,0,0,0,0,0,-,-,NA,NA,LOS ANGELES,HUNTINGTON PARK,-118.23029327392578,33.9747314453125
9217799,2021,2021-03-12,1931,2021-01-25,1440,5661,1931,1,5,5,1931,0,0,0,NA,0,003,MILES AV,SATURN AV,46,N,N,A,-,N,NA,NA,NA,NA,NA,NA,NA,NA,NA,Y,3,0,3,2,A,-,09,21801,A,N,D,C,A,A,H,-,A,A,0,NA,NA,NA,NA,Y,NA,A,01,0,1,2,0,0,0,0,0,0,-,-,NA,NA,LOS ANGELES,HUNTINGTON PARK,-118.21903228759766,33.97701644897461
9217800,2021,2021-03-12,1931,2021-01-26,1750,5196,1931,2,5,5,1931,0,0,0,NA,0,002,ARBUTUS AV,RANDOLPH ST,0,NA,Y,A,-,N,NA,NA,NA,NA,NA,NA,NA,NA,NA,N,4,0,1,2,A,-,12,22450,A,F,D,C,A,A,H,-,C,A,0,NA,NA,NA,NA,Y,NA,A,01,0,0,1,0,0,0,0,0,0,-,-,NA,NA,LOS ANGELES,HUNTINGTON PARK,-118.21483612060548,33.98452377319336
92178006,2023,2023-09-25,9540,2023-09-12,1453,021845,NA,2,2,7,1942,0,1,1,NA,2,213,I-210 E/B,BLEDSOE ST,528,E,N,A,-,Y,LA,NA,210,NA,R,2.871,H,NA,R,Y,4,0,1,2,A,-,17,22109,NA,F,E,8,A,A,H,-,A,D,0,NA,NA,NA,NA,Y,Y,-,99,0,0,1,0,0,0,0,0,0,-,-,34.320560455322266,-118.44516754150392,LOS ANGELES,LOS ANGELES,-118.44519805908205,34.320533752441406
92178023,2023,2023-09-25,9580,2023-09-17,30,022561,NA,7,3,9,1900,0,2,4,NA,1,127,MALIBU CANYON RD,ADAMSON FLAT,6600,N,N,B,C,N,NA,NA,NA,NA,NA,NA,NA,NA,NA,Y,3,0,1,1,A,-,01,23152,A,N,E,8,A,B,H,-,D,D,0,NA,NA,NA,NA,Y,Y,A,01,0,1,0,0,0,0,0,0,0,-,-,34.064090728759766,-118.70748138427734,LOS ANGELES,UNINCORPORATED,NA,NA
92178024,2023,2023-09-25,9525,2023-09-19,1040,020552,NA,2,1,5,1906,0,1,1,NA,2,103,I-10 W/B (SAN BERNARDINO FWY),BALDWIN PARK BLVD,30,E,N,B,-,Y,LA,NA,10,NA,NA,32.24,H,NA,L,Y,4,0,2,3,A,-,03,22350,NA,N,C,C,A,A,H,-,A,D,0,NA,NA,NA,NA,Y,NA,A,07,0,0,2,0,0,0,0,0,0,-,-,34.0677490234375,-117.98136901855467,LOS ANGELES,BALDWIN PARK,-117.98135375976564,34.06766891479492
92178027,2023,2023-09-25,9530,2023-08-26,1855,023048,NA,6,2,9,1900,0,3,5,NA,2,001,FLORENCE AVE.,HOLMES AVE.,0,NA,Y,A,-,N,NA,NA,NA,NA,NA,NA,NA,NA,NA,N,4,0,1,2,A,-,09,21804,A,N,D,G,A,A,H,-,A,A,0,NA,Y,NA,NA,Y,NA,L,04,0,0,1,0,0,0,1,0,0,-,-,33.97488021850586,-118.24127960205078,LOS ANGELES,UNINCORPORATED,-118.24126434326172,33.9747314453125
92178031,2023,2023-09-25,9525,2023-09-10,311,021967,NA,7,3,6,1955,0,1,3,NA,2,071,SR-71 S/B (CHINO VALLEY FWY),POMONA BLVD,50,S,N,A,-,Y,LA,NA,71,NA,NA,1.261,H,NA,L,Y,2,0,2,2,C,-,18,NA,NA,N,B,2,A,A,H,-,D,D,0,NA,NA,NA,NA,Y,NA,-,-,1,1,0,0,0,0,0,0,0,-,-,34.05759048461914,-117.78531646728516,LOS ANGELES,POMONA,-117.78522491455078,34.05765151977539
92178034,2023,2023-09-25,9530,2023-09-08,1425,023235,NA,5,2,9,1900,0,3,5,NA,2,001,MIRAMONTE BOULEVARD (6000 BLOCK),GAGE STREET,300,S,N,A,-,N,NA,NA,NA,NA,NA,NA,NA,NA,NA,Y,3,0,1,3,A,-,01,23152,A,N,B,E,A,A,H,-,A,D,0,NA,NA,NA,NA,Y,Y,A,01,0,1,0,0,0,0,0,0,0,-,-,33.98064041137695,-118.245361328125,LOS ANGELES,UNINCORPORATED,-118.2453155517578,33.98120880126953
92178035,2023,2023-09-25,9525,2023-09-17,1335,023176,NA,7,1,5,1906,0,1,1,NA,2,104,I-10 E/B (SAN BERNARDINO FWY),FRANCISQUITO AVE,792,W,N,B,-,Y,LA,NA,10,NA,NA,32.508,H,NA,R,N,4,0,1,3,A,-,07,21658,A,N,C,C,A,A,H,-,A,D,0,NA,NA,NA,NA,Y,NA,-,-,0,0,1,0,0,0,0,0,0,-,-,34.068050384521484,-117.97695922851564,LOS ANGELES,BALDWIN PARK,-117.97696685791016,34.06808090209961
92178036,2023,2023-09-25,9525,2023-09-17,10,022772,NA,7,3,5,1906,0,1,1,NA,2,103,I-10 W/B (SAN BERNARDINO FWY),BALDWIN PARK BOULEVARD,450,E,N,A,-,Y,LA,NA,10,NA,NA,32.086,H,NA,L,Y,3,0,1,2,A,-,03,22350,NA,F,C,2,A,A,H,-,C,D,0,NA,NA,NA,NA,Y,NA,A,01,0,1,0,0,0,0,0,0,0,-,-,34.06719970703125,-117.98390197753906,LOS ANGELES,BALDWIN PARK,-117.98392486572266,34.06734085083008
92178039,2023,2023-09-25,9525,2023-09-17,15,022772,NA,7,3,5,1906,0,1,1,NA,2,103,I-10 W/B (SAN BERNARDINO FWY),BALDWIN PARK BLVD,10,E,N,A,-,Y,LA,NA,10,NA,NA,32.189,H,NA,L,Y,3,0,1,2,A,-,03,22350,NA,N,C,C,A,A,H,-,D,D,0,NA,NA,NA,NA,Y,NA,D,22,0,1,0,0,0,0,0,0,0,-,-,34.0673713684082,-117.982177734375,LOS ANGELES,BALDWIN PARK,-117.98221588134766,34.06755065917969
92178066,2023,2023-09-25,9580,2023-09-15,1500,021291,NA,5,2,7,1942,0,1,2,NA,2,101,US-101 S/B (VENTURA FREEWAY),WHITSETT AVE,100,S,N,A,-,Y,LA,NA,101,NA,NA,13.373,H,NA,L,N,4,0,2,3,A,-,03,22350,NA,N,C,C,A,A,H,-,A,D,0,NA,NA,NA,NA,Y,NA,A,07,0,0,2,0,0,0,0,0,0,-,-,34.156681060791016,-118.40479278564452,LOS ANGELES,LOS ANGELES,-118.40479278564452,34.15660095214844
92178068,2023,2023-09-25,9535,2023-09-13,1718,022298,NA,3,2,3,1914,0,1,1,NA,2,501,I-5 SOUTHBOUND (SANTA ANA FREEWAY),WASHINGTON BOULEVARD,1230,N,N,A,-,Y,LA,NA,5,NA,NA,11.827,H,NA,L,N,4,0,1,2,A,-,03,22350,NA,N,C,C,A,A,H,-,A,D,0,NA,NA,NA,NA,Y,NA,A,07,0,0,1,0,0,0,0,0,0,-,-,33.99850845336914,-118.1474380493164,LOS ANGELES,COMMERCE,-118.1474380493164,33.998512268066406
92178072,2023,2023-09-25,9580,2023-09-15,1640,021291,NA,5,2,7,1942,0,1,1,NA,2,404,I-405 N/B (SAN DIEGO FWY),SEPULVEDA BLVD,500,S,N,A,-,Y,LA,NA,405,NA,NA,38.515,H,NA,R,N,2,0,1,1,A,-,08,22107,NA,N,F,J,A,A,H,-,A,D,0,NA,NA,Y,NA,Y,NA,C,02,1,0,0,0,0,0,0,0,1,-,-,34.147220611572266,-118.46981811523438,LOS ANGELES,LOS ANGELES,-118.46987915039064,34.147239685058594
92178073,2023,2023-09-25,9530,2023-09-11,135,022716,NA,1,3,9,1900,0,3,5,NA,2,002,REDONDO BEACH BLVD.,AVALON BLVD,186,E,N,A,-,N,NA,NA,NA,NA,NA,NA,NA,NA,NA,Y,4,0,1,3,A,-,01,23152,A,M,C,E,A,A,H,-,C,D,0,NA,NA,NA,NA,Y,Y,A,01,0,0,1,0,0,0,0,0,0,-,-,33.89316940307617,-118.26458740234376,LOS ANGELES,UNINCORPORATED,-118.26478576660156,33.89323043823242
92178088,2023,2023-09-25,9580,2023-09-16,1608,022591,NA,6,2,7,1942,0,1,2,NA,2,105,US-101 S/B (VENTURA FREEWAY),VALLEY CIRCLE BLVD,550,W,N,A,-,Y,LA,NA,101,NA,NA,27.474,H,NA,L,N,4,0,4,3,A,-,03,22350,NA,N,C,C,A,A,H,-,A,D,0,NA,NA,NA,NA,Y,NA,A,01,0,0,4,0,0,0,0,0,0,-,-,34.15858840942383,-118.6394500732422,LOS ANGELES,LOS ANGELES,-118.63946533203124,34.15861511230469
92178089,2023,2023-09-25,9530,2023-09-12,2350,022022,NA,2,3,9,1900,0,3,5,NA,2,006,TORRANCE BLVD. (1100 BLOCK),CATALINA ST.,469,W,N,A,-,N,NA,NA,NA,NA,NA,NA,NA,NA,NA,N,4,0,1,3,A,-,01,23152,A,N,B,E,A,A,H,-,C,D,0,NA,NA,NA,NA,Y,Y,D,22,0,0,1,0,0,0,0,0,0,-,-,33.8419189453125,-118.29534149169922,LOS ANGELES,UNINCORPORATED,-118.29544067382813,33.84197998046875
92178110,2023,2023-09-25,9525,2023-09-08,2250,022627,NA,5,3,9,1900,0,1,3,NA,1,024,SR-39 (SAN GABRIEL CANYON RD),MPM 28.98,220,N,N,B,-,Y,LA,NA,39,NA,NA,28.995,H,NA,R,Y,2,0,2,1,A,-,08,22107,NA,N,E,I,A,A,H,-,D,D,0,NA,NA,NA,NA,Y,NA,A,01,1,0,1,0,0,0,0,0,0,-,-,34.26245880126953,-117.85079193115234,LOS ANGELES,UNINCORPORATED,-117.8508529663086,34.26242446899414
92178151,2023,2023-09-25,9525,2023-09-12,1720,022194,NA,2,2,5,1926,0,1,1,NA,2,215,I-210 W/B,SUNFLOWER AVE.,1000,W,N,A,-,Y,LA,NA,210,NA,R,42.652,H,NA,L,Y,3,0,4,5,A,-,07,21658,A,N,D,C,A,A,H,-,A,D,0,NA,NA,Y,NA,Y,NA,A,08,0,1,3,0,0,0,0,0,1,-,-,34.117591857910156,-117.85540771484376,LOS ANGELES,GLENDORA,-117.85541534423828,34.1176643371582