CASE_ID,ACCIDENT_YEAR,PROC_DATE,JURIS,COLLISION_DATE,COLLISION_TIME,OFFICER_ID,REPORTING_DISTRICT,DAY_OF_WEEK,CHP_SHIFT,POPULATION,CNTY_CITY_LOC,SPECIAL_COND,BEAT_TYPE,CHP_BEAT_TYPE,CITY_DIVISION_LAPD,CHP_BEAT_CLASS,BEAT_NUMBER,PRIMARY_RD,SECONDARY_RD,DISTANCE,DIRECTION,INTERSECTION,WEATHER_1,WEATHER_2,STATE_HWY_IND,CALTRANS_COUNTY,CALTRANS_DISTRICT,STATE_ROUTE,ROUTE_SUFFIX,POSTMILE_PREFIX,POSTMILE,LOCATION_TYPE,RAMP_INTERSECTION,SIDE_OF_HWY,TOW_AWAY,COLLISION_SEVERITY,NUMBER_KILLED,NUMBER_INJURED,PARTY_COUNT,PRIMARY_COLL_FACTOR,PCF_CODE_OF_VIOL,PCF_VIOL_CATEGORY,PCF_VIOLATION,PCF_VIOL_SUBSECTION,HIT_AND_RUN,TYPE_OF_COLLISION,MVIW,PED_ACTION,ROAD_SURFACE,ROAD_COND_1,ROAD_COND_2,LIGHTING,CONTROL_DEVICE,CHP_ROAD_TYPE,PEDESTRIAN_ACCIDENT,BICYCLE_ACCIDENT,MOTORCYCLE_ACCIDENT,TRUCK_ACCIDENT,NOT_PRIVATE_PROPERTY,ALCOHOL_INVOLVED,STWD_VEHTYPE_AT_FAULT,CHP_VEHTYPE_AT_FAULT,COUNT_SEVERE_INJ,COUNT_VISIBLE_INJ,COUNT_COMPLAINT_PAIN,COUNT_PED_KILLED,COUNT_PED_INJURED,COUNT_BICYCLIST_KILLED,COUNT_BICYCLIST_INJURED,COUNT_MC_KILLED,COUNT_MC_INJURED,PRIMARY_RAMP,SECONDARY_RAMP,LATITUDE,LONGITUDE,COUNTY,CITY,POINT_X,POINT_Y
92195700,2023,2023-10-10,9525,2023-10-04,1310,019188,NA,3,1,5,1926,0,1,1,NA,2,207,SR-210 W/B (FOOTHILL FWY),LONE HILL AVE,1320,E,N,A,-,Y,LA,NA,210,NA,R,44.33,H,NA,L,Y,4,0,1,3,A,-,07,21658,A,M,B,C,A,A,H,-,A,D,0,NA,NA,NA,NA,Y,NA,-,99,0,0,1,0,0,0,0,0,0,-,-,34.12089920043945,-117.82687377929688,LOS ANGELES,GLENDORA,-117.82687377929688,34.12089157104492
92195706,2023,2023-10-10,9525,2023-10-05,1345,019188,NA,4,1,5,1926,0,1,1,NA,2,205,I-210 W/B (FOOTHILL FWY),SUNFLOWER AVE,700,W,N,A,-,Y,LA,NA,210,NA,R,43.022,H,NA,L,N,4,0,1,2,A,-,03,22350,NA,N,C,C,A,A,H,-,A,D,0,NA,NA,NA,Y,Y,NA,F,26,0,0,1,0,0,0,0,0,0,-,-,34.11777114868164,-117.84896850585938,LOS ANGELES,GLENDORA,-117.84896850585938,34.117698669433594
92195719,2023,2023-10-10,9535,2023-08-27,2107,022298,NA,7,2,9,1900,0,1,3,NA,2,600,SR-60 EASTBOUND (POMONA FREEWAY),3RD STREET,430,W,N,A,-,Y,LA,NA,60,NA,R,2.518,H,NA,R,Y,3,0,3,2,A,-,07,21658,A,N,C,C,A,A,H,-,D,D,0,NA,NA,NA,NA,Y,NA,A,01,0,2,1,0,0,0,0,0,0,-,-,34.03261947631836,-118.18212127685548,LOS ANGELES,UNINCORPORATED,-118.18212127685548,34.032615661621094
92195741,2023,2025-05-07,9535,2023-08-17,521,020902,NA,4,3,5,1948,0,1,1,NA,2,421,INTERSTATE 10 WESTBOUND TO INTERSTATE 710 SOUTHBOU,INTERSTATE 710,250,W,N,A,-,Y,NA,NA,NA,NA,NA,NA,NA,NA,NA,N,2,0,1,1,C,-,18,NA,NA,N,F,A,A,D,B,G,C,D,0,NA,NA,NA,NA,Y,NA,-,-,1,0,0,0,0,0,0,0,0,-,-,34.061798095703125,-118.16612243652344,LOS ANGELES,MONTEREY PARK,-118.16612243652344,34.061798095703125
92195750,2023,2023-10-10,9535,2023-08-14,1805,022808,NA,1,2,5,1901,0,1,1,NA,2,421,I-10 WB (SAN BERNARDINO FREEWAY),ALMANSOR ST. OVERPASS,190,W,N,A,-,Y,LA,NA,10,NA,NA,24.279,H,NA,L,N,4,0,1,4,A,-,03,22350,NA,N,C,C,A,A,H,-,A,D,0,NA,NA,NA,NA,Y,NA,A,07,0,0,1,0,0,0,0,0,0,-,-,34.07191848754883,-118.11798095703124,LOS ANGELES,ALHAMBRA,-118.11798095703124,34.071868896484375
92195760,2023,2023-10-10,9535,2023-09-19,1502,023393,NA,2,2,5,1948,0,1,3,NA,2,600,SR-60 E/B (POMONA FREEWAY),ATLANTIC BLVD.,581,W,N,A,-,Y,LA,NA,60,NA,R,4.303,H,NA,R,Y,4,0,1,3,A,-,07,21658,A,N,C,C,A,A,H,-,A,D,0,NA,NA,Y,NA,Y,NA,A,01,0,0,1,0,0,0,0,0,0,-,-,34.0359001159668,-118.15229034423828,LOS ANGELES,MONTEREY PARK,-118.15227508544922,34.03594207763672
92195771,2023,2023-10-10,9530,2023-09-29,2110,022421,NA,5,2,2,1967,0,1,1,NA,2,420,I-405 S/B (SAN DIEGO FREEWAY),WALNUT AVE.,40,N,N,A,-,Y,LA,NA,405,NA,NA,5.168,H,NA,L,Y,3,0,1,1,A,-,08,22107,NA,N,E,I,A,A,H,-,D,D,0,NA,NA,Y,NA,Y,NA,C,02,0,1,0,0,0,0,0,0,1,-,-,33.81407165527344,-118.17250061035156,LOS ANGELES,SIGNAL HILL,-118.17250061035156,33.81420135498047
92195796,2023,2023-10-11,9530,2023-09-29,1725,023418,NA,5,2,5,1977,0,1,1,NA,2,410,I-405 S/B (SAN DIEGO FREEWAY),CARSON ST.,528,N,N,A,-,Y,LA,NA,405,NA,NA,10.752,H,NA,L,N,4,0,1,2,A,-,03,22350,NA,N,C,C,A,A,H,-,A,D,0,NA,NA,NA,NA,Y,NA,A,01,0,0,1,0,0,0,0,0,0,-,-,33.833858489990234,-118.25811004638672,LOS ANGELES,CARSON,-118.25817108154295,33.83381652832031
92195797,2023,2023-10-11,9590,2023-09-28,40,023319,NA,4,3,7,1942,0,1,2,NA,2,070,US-101 N/B (SANTA ANA FREEWAY),ALAMEDA ST.,145,S,N,A,-,Y,LA,NA,101,NA,NA,0.73,H,NA,R,N,3,0,1,2,A,-,03,22350,NA,N,C,C,A,A,H,-,C,D,0,NA,NA,NA,NA,Y,NA,A,01,0,1,0,0,0,0,0,0,0,-,-,34.05405044555664,-118.2375030517578,LOS ANGELES,LOS ANGELES,-118.23747253417967,34.05409622192383
92195807,2023,2023-10-11,9525,2023-10-10,1600,022183,NA,2,2,6,1955,0,1,1,NA,2,108,I-10 EB (SAN BERNARDINO FWY) TO SB SR-71,RIDGEWAY ST,1584,W,N,A,-,Y,NA,NA,NA,NA,NA,NA,NA,NA,NA,N,4,0,1,2,A,-,03,22350,NA,N,C,C,A,A,H,-,A,D,0,NA,NA,NA,NA,Y,NA,A,01,0,0,1,0,0,0,0,0,0,-,-,34.06568145751953,-117.80245208740234,LOS ANGELES,POMONA,-117.80245208740234,34.06568145751953
92195808,2023,2023-10-11,9565,2023-09-29,1720,022099,NA,5,2,7,1942,0,1,1,NA,2,063,INTERSTATE 405 N/B (SAN DIEGO FWY),OLYMPIC BLVD,400,N,N,B,-,Y,LA,NA,405,NA,NA,30.295,H,NA,R,Y,3,0,1,3,A,-,07,21658,A,F,F,A,A,A,H,-,A,D,0,NA,NA,Y,NA,Y,NA,-,99,0,1,0,0,0,0,0,0,1,-,-,34.040260314941406,-118.44081115722656,LOS ANGELES,LOS ANGELES,-118.44076538085938,34.04029083251953
92195812,2023,2023-10-11,9565,2023-09-29,1122,022728,NA,5,1,9,1900,0,3,5,NA,2,003,LA BREA AVENUE,SLAUSON AVENUE,170,S,N,B,-,N,NA,NA,NA,NA,NA,NA,NA,NA,NA,N,3,0,1,2,A,-,07,21658,A,N,B,C,A,A,H,-,A,D,0,NA,NA,NA,NA,Y,NA,A,01,0,1,0,0,0,0,0,0,0,-,-,33.98794937133789,-118.35852813720705,LOS ANGELES,UNINCORPORATED,-118.3585205078125,33.988094329833984
92195817,2023,2023-10-11,9565,2023-09-29,1620,022057,NA,5,2,9,1900,0,3,5,NA,2,006,WILSHIRE BOULEVARD,FEDERAL AVENUE,400,E,N,A,-,N,NA,NA,NA,NA,NA,NA,NA,NA,NA,N,4,0,1,2,A,-,03,22350,NA,F,C,C,A,A,H,-,A,D,0,NA,NA,NA,NA,Y,NA,-,99,0,0,1,0,0,0,0,0,0,-,-,34.05194854736328,-118.4584732055664,LOS ANGELES,UNINCORPORATED,-118.45856475830078,34.051719665527344
92195820,2023,2023-10-11,9565,2023-07-05,130,023091,NA,3,3,9,1900,0,2,4,NA,2,022,NORMANDIE AVENUE N/B,109TH STREET,60,S,N,B,-,N,NA,NA,NA,NA,NA,NA,NA,NA,NA,Y,3,0,1,2,A,-,08,22107,NA,N,B,E,A,A,H,-,C,D,0,NA,NA,NA,NA,Y,NA,A,01,0,1,0,0,0,0,0,0,0,-,-,33.937068939208984,-118.30023956298828,LOS ANGELES,UNINCORPORATED,-118.30030822753906,33.93711471557617
92195824,2023,2023-10-11,9565,2023-09-30,525,022810,NA,6,3,7,1942,0,1,1,NA,2,061,I-405 S/B (SAN DIEGO FREEWAY),LA TIJERA BOULEVARD,1690,N,N,B,-,Y,LA,NA,405,NA,NA,24.61,H,NA,L,Y,4,0,2,3,A,-,03,22350,NA,N,B,C,A,A,H,-,B,D,0,NA,NA,NA,Y,Y,NA,D,22,0,0,2,0,0,0,0,0,0,-,-,33.974430084228516,-118.38287353515624,LOS ANGELES,LOS ANGELES,-118.38286590576172,33.97443771362305
92195989,2023,2023-10-11,9530,2023-09-29,1905,023235,NA,5,2,7,1941,0,1,3,NA,2,320,SR-91 E/B (ARTESIA FREEWAY),LONG BEACH BLVD.,200,W,N,B,-,Y,LA,NA,91,NA,R,10.707,H,NA,R,Y,3,0,1,4,A,-,03,22350,NA,N,C,C,A,A,H,-,C,D,0,NA,NA,NA,NA,Y,NA,A,01,0,1,0,0,0,0,0,0,0,-,-,33.873600006103516,-118.20916748046876,LOS ANGELES,LONG BEACH,-118.20916748046876,33.87348556518555
92195992,2023,2023-11-16,9530,2023-09-29,1045,023399,NA,5,1,7,1941,0,1,1,NA,2,071,I-710 N/B (LONG BEACH FREEWAY),DEL AMO BLVD.,1320,S,N,A,-,Y,LA,NA,710,NA,NA,10.592,H,NA,R,Y,4,0,2,2,A,-,08,22107,NA,N,D,2,A,A,H,-,A,D,0,NA,NA,NA,NA,Y,NA,A,01,0,0,2,0,0,0,0,0,0,-,-,33.84326171875,-118.20626068115234,LOS ANGELES,LONG BEACH,-118.20619964599608,33.84324645996094
92195994,2023,2023-10-11,9530,2023-09-29,1625,023456,NA,5,2,9,1900,0,3,5,NA,2,001,HOPE STREET,SANTA FE AVE.,335,E,N,A,-,N,NA,NA,NA,NA,NA,NA,NA,NA,NA,Y,4,0,1,2,A,-,09,21804,A,N,B,2,A,A,H,-,A,D,0,NA,NA,NA,NA,Y,NA,A,01,0,0,1,0,0,0,0,0,0,-,-,33.970420837402344,-118.22907257080078,LOS ANGELES,UNINCORPORATED,-118.22916412353516,33.970394134521484
92195997,2023,2023-10-11,9575,2023-09-29,1915,022477,NA,5,2,7,1942,0,1,1,NA,2,053,INTERSTATE 5 N/B,VAN NUYS BOULEVARD,225,N,N,A,-,Y,LA,NA,5,NA,NA,38.574,H,NA,R,N,4,0,2,2,A,-,03,22350,NA,N,E,C,A,A,H,-,C,D,0,NA,NA,NA,NA,Y,NA,A,01,0,0,2,0,0,0,0,0,0,-,-,34.25740051269531,-118.43553924560548,LOS ANGELES,LOS ANGELES,-118.43561553955078,34.25734329223633
92196003,2023,2023-10-11,9580,2023-10-06,131,019876,NA,5,3,7,1942,0,1,2,NA,2,105,US-101 S/B (VENTURA FREEWAY),RESEDA BLVD,1000,N,N,A,-,Y,LA,NA,101,NA,NA,21.758,H,NA,L,Y,4,0,3,2,A,-,03,22350,NA,N,C,C,A,A,H,-,D,D,0,NA,NA,NA,NA,Y,NA,A,01,0,0,3,0,0,0,0,0,0,-,-,34.173301696777344,-118.54460906982422,LOS ANGELES,LOS ANGELES,-118.54460906982422,34.17332077026367
92196004,2023,2023-10-11,9580,2023-10-01,1930,023272,NA,7,2,7,1942,0,1,2,NA,2,100,US-101 N/B (VENTURA FREEWAY),TUJUNGA AVE,1056,N,N,A,-,Y,LA,NA,101,NA,NA,12.174,H,NA,R,N,2,0,1,2,A,-,07,21658,A,F,B,C,A,A,H,-,D,D,0,NA,NA,NA,NA,Y,NA,A,01,1,0,0,0,0,0,0,0,0,-,-,34.15459060668945,-118.38446807861328,LOS ANGELES,LOS ANGELES,-118.38446807861328,34.15456771850586
92196007,2023,2023-10-11,9580,2023-10-10,440,023181,NA,2,3,7,1942,0,1,1,NA,2,405,I-405 S/B (SAN DIEGO FWY),VALLEY VISTA BLVD,1056,S,N,A,-,Y,LA,NA,405,NA,NA,38.484,H,NA,L,Y,4,0,1,3,A,-,08,22107,NA,N,B,C,A,A,H,-,B,D,0,NA,NA,NA,NA,Y,NA,A,01,0,0,1,0,0,0,0,0,0,-,-,34.1468505859375,-118.4705810546875,LOS ANGELES,LOS ANGELES,-118.47052764892578,34.14683532714844
92196009,2023,2023-10-11,9580,2023-10-09,1100,020849,NA,1,1,7,1942,0,1,3,NA,2,171,SR-170 S/B (HOLLYWOOD FWY.),MAGNOLIA BLVD,900,N,N,A,-,Y,LA,NA,170,NA,R,15.562,H,NA,L,Y,4,0,4,2,A,-,03,22350,NA,N,C,C,A,A,H,-,A,D,0,NA,NA,NA,NA,Y,NA,A,01,0,0,4,0,0,0,0,0,0,-,-,34.16733169555664,-118.38391876220705,LOS ANGELES,LOS ANGELES,-118.38388824462892,34.16733932495117
92196011,2023,2023-10-11,9580,2023-10-08,1700,022746,NA,7,2,3,1989,0,1,2,NA,2,107,US-101 S/B (VENTURA FREEWAY),MULHOLLAND DR,2112,N,N,A,-,Y,LA,NA,101,NA,NA,27.749,H,NA,L,Y,3,0,1,1,A,-,08,22107,NA,N,E,I,A,A,H,-,A,D,0,NA,NA,NA,NA,Y,NA,A,01,0,1,0,0,0,0,0,0,0,-,-,34.156951904296875,-118.643798828125,LOS ANGELES,CALABASAS,-118.64376068115234,34.156890869140625
92196012,2023,2023-10-11,9580,2023-10-08,1040,020849,NA,7,1,7,1942,0,1,2,NA,2,103,US-101 S/B (VENTURA FREEWAY),HASKELL AVE,2000,S,N,A,-,Y,LA,NA,101,NA,NA,18.004,H,NA,L,Y,4,0,1,2,A,-,03,22350,NA,N,C,C,A,A,H,-,A,D,0,NA,NA,NA,NA,Y,NA,A,01,0,0,1,0,0,0,0,0,0,-,-,34.1651611328125,-118.48179626464844,LOS ANGELES,LOS ANGELES,-118.48180389404295,34.16521072387695
92196014,2023,2023-10-11,9580,2023-10-07,210,021461,NA,6,3,7,1942,0,1,2,NA,2,100,US-101 N/B (HOLLYWOOD FREEWAY),CAMPO DE CAHUENGA,300,S,N,A,-,Y,LA,NA,101,NA,NA,10.521,H,NA,R,Y,4,0,1,2,A,-,03,22350,NA,M,C,C,A,A,H,-,C,D,0,NA,NA,NA,NA,Y,NA,-,99,0,0,1,0,0,0,0,0,0,-,-,34.13948059082031,-118.36511993408205,LOS ANGELES,LOS ANGELES,-118.36507415771484,34.13951873779297
92196019,2023,2023-10-11,9540,2023-10-03,1010,018037,NA,2,1,9,1900,0,1,3,NA,1,143,SR-14 S/B (ANTELOPE VALLEY FREEWAY),SIERRA HIGHWAY U/C,1260,N,N,A,-,Y,LA,NA,14,NA,R,25.386,H,NA,L,Y,4,0,1,2,A,-,03,22350,NA,N,C,C,A,A,H,-,A,D,0,NA,NA,NA,NA,Y,NA,A,01,0,0,1,0,0,0,0,0,0,-,-,34.34217834472656,-118.50576019287108,LOS ANGELES,UNINCORPORATED,-118.50579071044922,34.34218978881836
92196028,2023,2023-10-11,9545,2023-10-05,1005,016124,NA,4,1,9,1900,0,3,5,NA,2,004,PEARBLOSSOM HIGHWAY,SMALL ROAD,215,E,N,A,-,N,NA,NA,NA,NA,NA,NA,NA,NA,NA,Y,4,0,3,2,A,-,08,22107,NA,N,A,C,A,A,H,-,A,D,0,NA,NA,NA,NA,Y,NA,D,22,0,0,3,0,0,0,0,0,0,-,-,34.5294189453125,-118.09117126464844,LOS ANGELES,UNINCORPORATED,-118.09116363525392,34.52932357788086
92196040,2023,2023-10-11,9540,2023-10-04,730,018037,NA,3,1,6,1985,0,1,3,NA,2,149,SR-14 S/B (ANTELOPE VALLEY FREEWAY),VIA PRINCESSA WAY U/C,22,N,N,A,-,Y,LA,NA,14,NA,R,30.926,H,NA,L,Y,4,0,1,3,A,-,03,22350,NA,M,C,C,A,A,H,-,A,D,0,NA,NA,NA,NA,Y,NA,A,01,0,0,1,0,0,0,0,0,0,-,-,34.402748107910156,-118.45474243164064,LOS ANGELES,SANTA CLARITA,-118.45477294921876,34.40279006958008
92196051,2023,2023-10-11,9565,2023-09-29,1800,023268,NA,5,2,9,1900,0,2,4,NA,2,022,NORMANDIE AVE,102ND ST,0,NA,Y,A,-,N,NA,NA,NA,NA,NA,NA,NA,NA,NA,N,3,0,1,2,A,-,09,21804,A,N,D,C,A,A,H,-,A,A,0,NA,NA,NA,NA,Y,NA,A,08,0,1,0,0,0,0,0,0,0,-,-,33.944129943847656,-118.30036163330078,LOS ANGELES,UNINCORPORATED,-118.30028533935548,33.94407653808594
92196058,2023,2023-10-11,9550,2023-09-23,9,023099,NA,6,3,9,1900,0,1,1,NA,2,650,INTERSTATE 605 NORTHBOUND TO WASHINGTON BLVD,WASHINGTON BLVD,492,N,N,A,-,Y,LA,NA,605,NA,R,12.168,H,NA,R,N,4,0,1,1,A,-,01,23152,A,N,F,I,A,A,H,-,D,D,0,NA,NA,Y,NA,Y,Y,C,02,0,0,1,0,0,0,0,0,1,-,-,33.975341796875,-118.07927703857422,LOS ANGELES,UNINCORPORATED,-118.07946014404295,33.975379943847656
92196095,2023,2023-10-11,9565,2023-09-28,258,021786,NA,4,3,7,1942,0,1,1,NA,2,063,I-405 S/B (SAN DIEGO FREEWAY),WILSHIRE BLVD,910,N,N,A,-,Y,LA,NA,405,NA,NA,31.743,H,NA,L,Y,2,0,1,1,A,-,08,22107,NA,N,E,I,A,A,H,-,C,D,0,NA,NA,NA,NA,Y,NA,A,07,1,0,0,0,0,0,0,0,0,-,-,34.05799865722656,-118.45400238037108,LOS ANGELES,LOS ANGELES,-118.45408630371094,34.057952880859375
92196136,2023,2023-10-11,9565,2023-09-29,1447,022923,NA,5,2,9,1900,0,3,5,NA,2,003,STOCKER STREET,FAIRFAX AVENUE,350,W,N,A,-,N,NA,NA,NA,NA,NA,NA,NA,NA,NA,Y,2,0,3,3,C,-,18,NA,NA,N,B,C,A,A,H,-,A,D,0,NA,NA,NA,NA,Y,NA,-,-,3,0,0,0,0,0,0,0,0,-,-,33.99861145019531,-118.36660003662108,LOS ANGELES,UNINCORPORATED,-118.36656188964844,33.99858093261719
92196139,2023,2023-10-11,9530,2023-09-30,0,022380,NA,6,3,7,1941,0,1,1,NA,2,430,I-405 S/B (SAN DIEGO FREEWAY),WOODRUFF AVE,250,S,N,A,-,Y,LA,NA,405,NA,NA,1.601,H,NA,L,Y,2,0,2,1,A,-,08,22107,NA,N,E,I,A,A,H,-,C,D,0,NA,NA,NA,NA,Y,NA,A,01,1,1,0,0,0,0,0,0,0,-,-,33.801361083984375,-118.11386871337892,LOS ANGELES,LONG BEACH,-118.11395263671876,33.80127716064453
92196144,2023,2023-10-11,9530,2023-10-02,1415,023030,NA,1,2,7,1942,0,1,3,NA,2,310,SR-91 W/B TO I-110 N/B,I-110 N/B (HARBOR FREEWAY),510,E,N,A,-,Y,NA,NA,NA,NA,NA,NA,NA,NA,NA,N,3,0,1,2,A,-,08,22107,NA,N,B,C,A,A,H,-,A,D,0,NA,NA,NA,NA,Y,NA,A,08,0,1,0,0,0,0,0,0,0,-,-,33.873538970947266,-118.2829132080078,LOS ANGELES,LOS ANGELES,-118.2829132080078,33.873538970947266
92196209,2023,2023-10-11,9545,2023-10-04,1645,022910,NA,3,2,6,1992,0,1,3,NA,2,021,SR-14 SOUTHBOUND,AVENUE M,1320,N,N,A,-,Y,LA,NA,14,NA,R,65.035,H,NA,L,Y,4,0,1,2,A,-,07,21658,A,N,C,C,A,A,D,-,A,D,0,NA,NA,Y,NA,Y,NA,D,22,0,0,1,0,0,0,0,0,1,-,-,34.65092849731445,-118.15350341796876,LOS ANGELES,LANCASTER,-118.15348052978516,34.65092849731445
92196252,2023,2023-10-11,9530,2023-09-30,327,021108,NA,6,3,7,1941,0,1,1,NA,2,071,I-710 N/B (LONG BEACH FREEWAY),ATLANTIC AVE,380,S,N,A,-,Y,LA,NA,710,NA,NA,13.401,H,NA,R,Y,4,0,1,2,A,-,03,22350,NA,N,C,C,A,A,H,-,C,D,0,NA,NA,NA,NA,Y,NA,A,01,0,0,1,0,0,0,0,0,0,-,-,33.88154983520508,-118.19139862060548,LOS ANGELES,LONG BEACH,-118.19155120849608,33.88157653808594
92196268,2023,2023-10-11,9540,2023-10-10,900,019508,NA,2,1,6,1985,0,1,1,NA,2,506,I/5 N/B TO MCBEAN PKWY OFF,MCBEAN PKWY,4,S,N,A,-,Y,NA,NA,NA,NA,NA,NA,NA,NA,NA,N,3,0,1,2,A,-,09,21800,A,N,D,G,A,A,H,-,A,A,0,NA,Y,NA,NA,Y,NA,A,01,0,1,0,0,0,0,1,0,0,-,-,34.394229888916016,-118.56968688964844,LOS ANGELES,SANTA CLARITA,-118.56968688964844,34.394229888916016
92196349,2023,2023-10-11,9530,2023-09-30,1339,023048,NA,6,1,9,1900,0,3,5,NA,2,001,ALAMEDA ST.( 9300 BLOCK),92ND ST.,40,N,N,B,-,N,NA,NA,NA,NA,NA,NA,NA,NA,NA,N,4,0,1,2,A,-,03,22350,NA,N,C,C,A,A,H,-,A,D,0,NA,NA,NA,NA,Y,NA,A,01,0,0,1,0,0,0,0,0,0,-,-,33.953521728515625,-118.23011779785156,LOS ANGELES,UNINCORPORATED,-118.22963714599608,33.95330810546875
92196386,2023,2023-10-11,9540,2023-10-08,1920,019232,NA,7,2,9,1900,0,2,4,NA,1,201,SIERRA HIGHWAY,SAND CANYON ROAD,0,NA,Y,A,-,Y,NA,NA,NA,NA,NA,NA,NA,NA,NA,Y,4,0,1,2,A,-,12,21453,A,N,D,C,A,A,H,-,C,A,0,NA,NA,NA,NA,Y,NA,A,01,0,0,1,0,0,0,0,0,0,-,-,34.44974136352539,-118.42359924316406,LOS ANGELES,UNINCORPORATED,-118.42363739013672,34.44980239868164
92196419,2023,2023-10-11,9530,2023-09-30,1950,023235,NA,6,2,5,1943,0,1,1,NA,2,210,I-105 E/B (GLENN ANDERSON FWY),PHILADELPHIA,100,W,N,B,C,Y,LA,NA,105,NA,R,10.564,H,NA,R,Y,4,0,1,2,A,-,08,22107,NA,N,B,C,A,B,H,-,C,D,0,NA,NA,NA,Y,Y,NA,F,26,0,0,1,0,0,0,0,0,0,-,-,33.929359436035156,-118.22592163085938,LOS ANGELES,LYNWOOD,-118.22590637207033,33.92931365966797
92196433,2023,2023-10-11,9540,2023-09-29,1855,023422,NA,5,2,9,1900,0,3,5,NA,2,200,SAND CANYON RD (30000 BLOCK),SIERRA HWY,1500,E,N,A,-,N,NA,NA,NA,NA,NA,NA,NA,NA,NA,Y,3,0,1,2,A,-,21,22106,NA,N,D,E,A,A,H,-,D,D,0,NA,NA,NA,NA,Y,NA,A,01,0,1,0,0,0,0,0,0,0,-,-,34.448638916015625,-118.41831970214844,LOS ANGELES,UNINCORPORATED,-118.42058563232422,34.44677734375
92196451,2023,2023-10-11,9565,2023-09-30,1045,017060,NA,6,1,9,1900,0,2,4,NA,2,024,IMPERIAL HIGHWAY EASTBOUND,WESTERN AVE.,25,W,N,B,-,Y,NA,NA,NA,NA,NA,NA,NA,NA,NA,N,4,0,1,2,A,-,03,22350,NA,F,C,C,A,A,H,-,A,A,0,NA,NA,NA,NA,Y,NA,A,01,0,0,1,0,0,0,0,0,0,-,-,33.930938720703125,-118.30935668945313,LOS ANGELES,UNINCORPORATED,-118.30921936035156,33.9310188293457
92196459,2023,2023-10-11,9535,2023-08-31,1410,022822,NA,4,2,9,1900,0,1,3,NA,2,601,SR-60 W/B (POMONA FREEWAY),MEDNIK AVE.,1140,E,N,A,-,Y,LA,NA,60,NA,R,3.968,H,NA,L,Y,3,0,4,2,A,-,07,21658,A,N,C,2,A,A,H,-,A,D,0,NA,NA,NA,NA,Y,NA,J,41,0,2,2,0,0,0,0,0,0,-,-,34.03675842285156,-118.15799713134766,LOS ANGELES,UNINCORPORATED,-118.15799713134766,34.036712646484375
92196464,2023,2023-10-11,9540,2023-09-01,2120,021464,NA,5,2,7,1942,0,1,1,NA,2,500,I-5NB (GOLDEN STATE FREEWAY),ROXFORD ST,1056,S,N,A,-,Y,LA,NA,5,NA,NA,42.245,H,NA,R,Y,4,0,2,3,A,-,03,22350,NA,M,C,C,A,A,H,-,C,D,0,NA,NA,NA,NA,Y,NA,A,01,0,0,2,0,0,0,0,0,0,-,-,34.29877853393555,-118.47505950927734,LOS ANGELES,LOS ANGELES,-118.47510528564452,34.29875183105469
92196482,2023,2023-10-11,9530,2023-09-30,1700,022714,NA,6,2,7,1941,0,1,1,NA,2,420,I-405 S/B (SAN DIEGO FREEWAY),WOODRUFF AVE.,528,S,N,C,-,Y,LA,NA,405,NA,NA,1.535,H,NA,L,N,3,0,1,2,A,-,03,22350,NA,N,C,C,A,B,H,-,A,D,0,NA,NA,Y,NA,Y,NA,C,02,0,1,0,0,0,0,0,0,1,-,-,33.80072021484375,-118.11305236816406,LOS ANGELES,LONG BEACH,-118.11310577392578,33.80066680908203
92196490,2023,2023-10-11,9535,2023-09-29,2110,022269,NA,5,2,3,1914,0,1,1,NA,2,501,I-5  S/B (SANTA ANA FREEWAY),WASHINGTON BLVD.,85,N,N,B,-,Y,LA,NA,5,NA,NA,11.607,H,NA,L,N,4,0,3,2,A,-,03,22350,NA,N,C,C,A,A,H,-,C,D,0,NA,NA,NA,NA,Y,NA,A,08,0,0,3,0,0,0,0,0,0,-,-,33.99578094482422,-118.14553833007813,LOS ANGELES,COMMERCE,-118.1455535888672,33.99577331542969
92196497,2023,2023-10-11,9565,2023-09-08,2110,023091,NA,5,2,7,1942,0,1,1,NA,2,064,I-405 N/B,BEL AIR CREST RD,454,N,N,A,-,Y,LA,NA,405,NA,NA,35.928,H,NA,R,N,2,0,1,4,A,-,03,22350,NA,N,C,C,A,A,H,-,C,D,0,NA,NA,Y,NA,Y,NA,A,01,1,0,0,0,0,0,0,0,1,-,-,34.11201858520508,-118.48206329345705,LOS ANGELES,LOS ANGELES,-118.48200988769533,34.112022399902344
92196498,2023,2023-10-11,9525,2023-10-04,740,016450,NA,3,1,5,1906,0,1,1,NA,2,104,I-10 E/B (SAN BERNARDINO FWY),FRANCISQUITO AVE,528,W,N,A,-,Y,LA,NA,10,NA,NA,32.582,H,NA,R,Y,3,0,1,3,A,-,07,21658,A,N,C,C,A,A,H,-,A,D,0,NA,NA,NA,NA,Y,NA,A,07,0,1,0,0,0,0,0,0,0,-,-,34.068321228027344,-117.97557067871094,LOS ANGELES,BALDWIN PARK,-117.9755630493164,34.068267822265625