CASE_ID,ACCIDENT_YEAR,PROC_DATE,JURIS,COLLISION_DATE,COLLISION_TIME,OFFICER_ID,REPORTING_DISTRICT,DAY_OF_WEEK,CHP_SHIFT,POPULATION,CNTY_CITY_LOC,SPECIAL_COND,BEAT_TYPE,CHP_BEAT_TYPE,CITY_DIVISION_LAPD,CHP_BEAT_CLASS,BEAT_NUMBER,PRIMARY_RD,SECONDARY_RD,DISTANCE,DIRECTION,INTERSECTION,WEATHER_1,WEATHER_2,STATE_HWY_IND,CALTRANS_COUNTY,CALTRANS_DISTRICT,STATE_ROUTE,ROUTE_SUFFIX,POSTMILE_PREFIX,POSTMILE,LOCATION_TYPE,RAMP_INTERSECTION,SIDE_OF_HWY,TOW_AWAY,COLLISION_SEVERITY,NUMBER_KILLED,NUMBER_INJURED,PARTY_COUNT,PRIMARY_COLL_FACTOR,PCF_CODE_OF_VIOL,PCF_VIOL_CATEGORY,PCF_VIOLATION,PCF_VIOL_SUBSECTION,HIT_AND_RUN,TYPE_OF_COLLISION,MVIW,PED_ACTION,ROAD_SURFACE,ROAD_COND_1,ROAD_COND_2,LIGHTING,CONTROL_DEVICE,CHP_ROAD_TYPE,PEDESTRIAN_ACCIDENT,BICYCLE_ACCIDENT,MOTORCYCLE_ACCIDENT,TRUCK_ACCIDENT,NOT_PRIVATE_PROPERTY,ALCOHOL_INVOLVED,STWD_VEHTYPE_AT_FAULT,CHP_VEHTYPE_AT_FAULT,COUNT_SEVERE_INJ,COUNT_VISIBLE_INJ,COUNT_COMPLAINT_PAIN,COUNT_PED_KILLED,COUNT_PED_INJURED,COUNT_BICYCLIST_KILLED,COUNT_BICYCLIST_INJURED,COUNT_MC_KILLED,COUNT_MC_INJURED,PRIMARY_RAMP,SECONDARY_RAMP,LATITUDE,LONGITUDE,COUNTY,CITY,POINT_X,POINT_Y
92200212,2023,2023-10-16,9550,2023-09-29,1845,022081,NA,5,2,6,1920,0,1,1,NA,2,500,I-5 S/B,PARAMOUNT BLVD,300,S,N,A,-,Y,NA,NA,NA,NA,NA,NA,NA,NA,NA,N,3,0,1,2,A,-,07,21658,A,N,B,C,A,A,H,-,A,D,0,NA,NA,Y,NA,Y,NA,A,07,0,1,0,0,0,0,0,0,1,-,-,39.96733093261719,-118.12171173095705,LOS ANGELES,DOWNEY,-118.11959838867188,33.963592529296875
92200218,2023,2023-10-16,9550,2023-09-28,1319,022167,NA,4,1,5,1919,0,1,1,NA,2,652,I-605 N/B,SR-91,140,N,N,A,-,Y,LA,NA,605,NA,R,5.002,H,NA,R,Y,4,0,1,3,A,-,03,22350,NA,N,C,C,A,A,H,-,A,D,0,NA,NA,NA,NA,Y,NA,A,01,0,0,1,0,0,0,0,0,0,-,-,33.87580108642578,-118.10215759277344,LOS ANGELES,CERRITOS,-118.10213470458984,33.87580490112305
9220023,2021,2021-03-17,1925,2021-01-01,0904,21024,186,5,5,6,1925,0,0,0,NA,0,001,GLENWOOD RD,IRVING AV,100,W,N,A,-,N,NA,NA,NA,NA,NA,NA,NA,NA,NA,Y,4,0,1,2,A,-,01,23152,A,N,A,C,A,A,H,-,A,A,0,NA,NA,NA,NA,Y,Y,A,01,0,0,1,0,0,0,0,0,0,-,-,NA,NA,LOS ANGELES,GLENDALE,-118.29039001464844,34.175716400146484
92200236,2023,2023-10-16,9550,2023-09-16,1625,022952,NA,6,2,9,1900,0,2,4,NA,1,031,HACIENDA BLVD,REGALADO ST,0,NA,Y,B,-,N,NA,NA,NA,NA,NA,NA,NA,NA,NA,Y,3,0,1,1,A,-,01,23152,A,N,E,I,A,A,H,-,A,D,0,NA,NA,NA,NA,Y,Y,A,01,0,1,0,0,0,0,0,0,0,-,-,33.990989685058594,-117.96930694580078,LOS ANGELES,UNINCORPORATED,-117.9692611694336,33.99092102050781
92200246,2023,2023-10-16,9525,2023-10-10,703,023416,NA,2,1,9,1900,0,3,5,NA,2,001,SANTA ANITA AVENUE,DAINES DRIVE,0,NA,Y,B,-,N,NA,NA,NA,NA,NA,NA,NA,NA,NA,N,4,0,2,2,A,-,09,21802,A,N,D,2,A,A,H,-,A,A,0,NA,NA,NA,NA,Y,NA,A,01,0,0,2,0,0,0,0,0,0,-,-,34.103721618652344,-118.02983856201172,LOS ANGELES,UNINCORPORATED,-118.02976989746094,34.10371780395508
92200278,2023,2023-10-16,9550,2023-10-05,825,022167,NA,4,1,6,1920,0,1,1,NA,2,151,105 W/B,COLUMBIA WAY,170,E,N,A,-,Y,LA,NA,105,NA,R,16.07,H,NA,L,N,4,0,1,2,A,-,03,22350,NA,N,C,C,A,A,H,-,A,D,0,NA,NA,NA,NA,Y,NA,D,22,0,0,1,0,0,0,0,0,0,-,-,33.91328048706055,-118.1352767944336,LOS ANGELES,DOWNEY,-118.1352767944336,33.913246154785156
92200282,2023,2023-10-16,9535,2023-10-04,1045,023297,NA,3,1,5,1915,0,1,1,NA,2,075,I-710 S/B (LONG BEACH FWY),ATLANTIC AVE,250,S,N,A,-,Y,LA,NA,710,NA,NA,13.578,H,NA,L,N,4,0,1,2,A,-,03,22350,NA,N,C,C,A,A,H,-,A,D,0,NA,NA,NA,NA,Y,NA,A,01,0,0,1,0,0,0,0,0,0,-,-,33.884178161621094,-118.1911163330078,LOS ANGELES,COMPTON,-118.1911163330078,33.884178161621094
92200299,2023,2023-10-16,9590,2023-10-05,2300,023348,NA,4,3,7,1942,0,1,2,NA,2,072,US-101 (HOLLYWOOD FREEWAY),LANKERSHIM BLVD,1000,S,N,A,-,Y,LA,NA,101,NA,NA,10.154,H,NA,R,N,4,0,1,3,A,-,03,22350,NA,N,C,C,A,A,H,-,C,D,0,NA,NA,NA,NA,Y,NA,A,01,0,0,1,0,0,0,0,0,0,-,-,34.136009216308594,-118.36025238037108,LOS ANGELES,LOS ANGELES,-118.36026000976564,34.13600540161133
9220032,2021,2021-03-18,1910,2021-01-06,1406,04267,NA,3,5,4,1910,0,0,0,NA,0,009,SWALL,OLYMPIC,80,S,N,A,-,N,NA,NA,NA,NA,NA,NA,NA,NA,NA,N,4,0,1,2,A,-,05,21650,NA,N,H,A,A,A,H,-,A,D,0,NA,NA,Y,NA,Y,NA,-,NA,0,0,1,0,0,0,0,0,1,-,-,NA,NA,LOS ANGELES,BEVERLY HILLS,-118.3856964111328,34.05913162231445
92200342,2023,2023-10-16,9580,2023-10-11,825,019483,NA,3,1,7,1942,0,1,2,NA,2,104,US-101 N/B (VENTURA FREEWAY) FROM BURBANK BLVD.,SR-27 S/B (TOPANGA CYN. BLVD.),200,N,N,A,-,Y,LA,NA,101,NA,NA,25.435,H,NA,R,Y,4,0,1,2,A,-,08,22107,NA,N,B,2,A,A,H,-,A,A,0,NA,NA,NA,NA,Y,NA,-,-,0,0,1,0,0,0,0,0,0,-,-,34.171119689941406,-118.6073989868164,LOS ANGELES,LOS ANGELES,-118.60739135742188,34.1708869934082
92200344,2023,2023-10-16,9535,2023-10-04,755,023384,NA,3,1,3,1914,0,1,1,NA,2,501,I-5 SOUTHBOUND (SANTA ANA FREEWAY),EASTERN AVE O/C,355,N,N,A,-,Y,LA,NA,5,NA,NA,13.964,H,NA,L,N,4,0,2,4,A,-,04,21703,NA,F,C,C,A,A,H,-,A,D,0,NA,NA,NA,NA,Y,NA,A,01,0,0,2,0,0,0,0,0,0,-,-,34.01742172241211,-118.17568206787108,LOS ANGELES,COMMERCE,-118.17569732666016,34.01739501953125
92200346,2023,2023-10-16,9590,2023-10-01,150,023052,NA,7,3,7,1942,0,1,2,NA,2,072,US-101 N/B (HOLLYWOOD FREEWAY),MULLHOLLAND DR,500,N,N,A,-,Y,LA,NA,101,NA,NA,8.842,H,NA,R,N,4,0,3,3,A,-,03,22350,NA,F,C,C,A,A,H,-,C,D,0,NA,NA,NA,NA,Y,NA,A,01,0,0,3,0,0,0,0,0,0,-,-,34.12434005737305,-118.34303283691406,LOS ANGELES,LOS ANGELES,-118.34295654296876,34.12439727783203
92200355,2023,2023-10-16,9550,2023-10-07,58,023289,NA,6,3,9,1900,0,3,5,NA,2,005,PATHFINDER ROAD,S HILLRISE DR,125,W,N,A,-,N,NA,NA,NA,NA,NA,NA,NA,NA,NA,Y,4,0,1,1,A,-,08,22107,NA,N,E,I,A,A,H,-,C,D,0,NA,NA,NA,NA,Y,Y,A,07,0,0,1,0,0,0,0,0,0,-,-,33.97433853149414,-117.86280059814452,LOS ANGELES,UNINCORPORATED,-117.86275482177734,33.974266052246094
92200363,2023,2023-10-16,9550,2023-10-07,530,020025,NA,6,3,9,1900,0,3,5,NA,2,004,COLIMA ROAD,AZUSA AVE,375,W,N,A,-,N,NA,NA,NA,NA,NA,NA,NA,NA,NA,Y,3,0,1,1,A,-,03,22350,NA,N,E,I,A,A,H,-,C,D,0,NA,NA,Y,NA,Y,NA,C,02,0,1,0,0,0,0,0,0,1,-,-,33.99079132080078,-117.93325042724608,LOS ANGELES,UNINCORPORATED,-117.93314361572266,33.99073028564453
92200364,2023,2023-10-16,9580,2023-10-14,715,020396,NA,6,1,7,1942,0,1,2,NA,2,105,US-101 S/B (VENTURA FREEWAY),CANOGA AVE,400,N,N,A,-,Y,LA,NA,101,NA,NA,24.956,H,NA,L,N,4,0,1,2,A,-,08,22107,NA,N,B,C,A,A,H,-,A,D,0,NA,NA,NA,NA,Y,NA,A,07,0,0,1,0,0,0,0,0,0,-,-,34.16960144042969,-118.59911346435548,LOS ANGELES,LOS ANGELES,-118.59910583496094,34.169612884521484
9220037,2021,2021-03-18,1942,2021-01-12,0820,42387,0363,2,5,7,1942,0,0,0,C,0,3A1,SOMERSET DR,SANTA ROSALIA DR,115,S,N,A,-,N,NA,NA,NA,NA,NA,NA,NA,NA,NA,N,4,0,1,2,A,-,21,22106,NA,N,G,B,E,A,H,-,A,D,0,Y,NA,NA,NA,Y,NA,A,01,0,0,1,0,1,0,0,0,0,-,-,NA,NA,LOS ANGELES,LOS ANGELES,-118.34137725830078,34.0113410949707
9220038,2021,2021-03-18,1942,2021-01-13,1530,43545,0341,3,5,7,1942,0,0,0,C,0,3A34,JEFFERSON BL,HOLDREGE AV,150,W,N,A,-,N,NA,NA,NA,NA,NA,NA,NA,NA,NA,N,4,0,1,2,A,-,03,22350,NA,N,C,C,A,A,H,-,A,D,0,NA,NA,NA,NA,Y,NA,A,01,0,0,1,0,0,0,0,0,0,-,-,NA,NA,LOS ANGELES,LOS ANGELES,-118.3786163330078,34.02114486694336
9220039,2021,2021-03-23,1942,2021-01-06,1815,41752,0361,3,5,7,1942,0,0,0,C,0,3A34,MARTIN LUTHER KING JR BL,NICOLET AVE,0,NA,Y,A,-,N,NA,NA,NA,NA,NA,NA,NA,NA,NA,Y,4,0,5,4,A,-,09,21801,A,N,D,C,A,A,H,-,C,A,0,NA,Y,NA,NA,Y,NA,A,01,0,0,5,0,0,0,1,0,0,-,-,NA,NA,LOS ANGELES,LOS ANGELES,-118.34950256347656,34.01966857910156
9220040,2021,2021-04-08,1942,2021-01-14,1620,43704,0321,4,5,7,1942,0,0,0,C,0,3A63,OBAMA BL,LA BREA AVE,200,E,N,A,-,N,NA,NA,NA,NA,NA,NA,NA,NA,NA,Y,4,0,1,2,A,-,09,21801,A,N,D,C,A,A,H,-,A,D,0,NA,NA,NA,NA,Y,NA,A,01,0,0,1,0,0,0,0,0,0,-,-,NA,NA,LOS ANGELES,LOS ANGELES,-118.35494995117188,34.02151870727539
92200449,2023,2023-10-17,9550,2023-10-04,1350,021656,NA,3,1,3,1903,0,1,3,NA,2,091,STATE ROUTE 91 W/B,STUDEBAKER ROAD,500,E,N,A,-,Y,LA,NA,91,NA,R,17.2,H,NA,L,Y,4,0,2,3,A,-,03,22350,NA,N,C,C,A,A,H,-,A,D,0,NA,NA,NA,NA,Y,NA,A,08,0,0,2,0,0,0,0,0,0,-,-,33.876461029052734,-118.09796142578124,LOS ANGELES,ARTESIA,-118.09796142578124,33.87645721435547
92200661,2023,2023-10-17,9590,2023-10-04,1955,023445,NA,3,2,7,1942,0,1,1,NA,2,061,I-10 W/B (SANTA MONICA FREEWAY),WEST BOULEVARD,775,W,N,A,-,Y,LA,NA,10,NA,R,10.873,H,NA,L,Y,3,0,2,2,A,-,01,23152,A,N,C,C,A,A,H,-,D,D,0,NA,NA,NA,NA,Y,Y,A,01,0,1,1,0,0,0,0,0,0,-,-,34.0347900390625,-118.34268951416016,LOS ANGELES,LOS ANGELES,-118.34268951416016,34.03476333618164
92200663,2023,2023-10-17,9580,2023-10-13,650,021079,NA,5,1,7,1942,0,1,2,NA,2,107,US-101 N/B (VENTURA FREEWAY),MUREAU RD,1320,N,N,A,-,Y,LA,NA,101,NA,NA,29.567,H,NA,R,N,4,0,1,2,A,-,03,22350,NA,N,C,C,A,A,H,-,A,D,0,NA,NA,NA,NA,Y,NA,D,22,0,0,1,0,0,0,0,0,0,-,-,34.149391174316406,-118.67371368408205,LOS ANGELES,LOS ANGELES,-118.67369079589844,34.149452209472656
92200666,2023,2023-10-17,9590,2023-10-04,1910,023394,NA,3,2,7,1942,0,1,1,NA,2,062,I-10 EB (SANTA MONICA FREEWAY),MAIN ST,10,E,N,A,-,Y,LA,NA,10,NA,NA,15.554,H,NA,R,N,3,0,1,3,A,-,03,22350,NA,N,C,C,A,A,H,-,D,D,0,NA,NA,NA,NA,Y,NA,D,22,0,1,0,0,0,0,0,0,0,-,-,34.03247833251953,-118.26358795166016,LOS ANGELES,LOS ANGELES,-118.26358795166016,34.0324821472168
92200677,2023,2023-10-17,9590,2023-10-04,933,021346,NA,3,1,7,1942,0,1,2,NA,2,073,US-101 S/B (HOLLYWOOD FREEWAY),WILTON PLACE,200,N,N,A,-,Y,LA,NA,101,NA,NA,6.192,H,NA,L,N,4,0,1,2,A,-,03,22350,NA,N,C,C,A,A,H,-,A,D,0,NA,NA,NA,NA,Y,NA,A,01,0,0,1,0,0,0,0,0,0,-,-,34.09733963012695,-118.31411743164064,LOS ANGELES,LOS ANGELES,-118.31410980224608,34.09734344482422
92200708,2023,2023-10-17,9575,2023-10-06,1430,021538,NA,5,2,6,1925,0,1,3,NA,2,042,SR-134 E/B (VENTURA FREEWAY),PACIFIC AVE.,1100,W,N,A,-,Y,LA,NA,134,NA,R,6.379,H,NA,R,N,3,0,1,2,A,-,03,22350,NA,N,C,C,A,A,H,-,A,D,0,NA,NA,NA,NA,Y,NA,A,01,0,1,0,0,0,0,0,0,0,-,-,34.155479431152344,-118.26808166503906,LOS ANGELES,GLENDALE,-118.26806640625,34.155433654785156
92200712,2023,2023-10-17,9575,2023-10-05,935,023413,NA,4,1,7,1942,0,1,1,NA,2,050,I-5 S/B (GOLDEN STATE FREEWAY),ZOO DRIVE,270,N,N,A,-,Y,LA,NA,5,NA,NA,26.531,H,NA,L,N,3,0,1,2,A,-,03,22350,NA,N,C,C,A,A,H,-,A,D,0,NA,NA,Y,NA,Y,NA,C,02,0,1,0,0,0,0,0,0,1,-,-,34.151058197021484,-118.28128051757813,LOS ANGELES,LOS ANGELES,-118.28132629394533,34.15103530883789
92200743,2023,2023-10-17,9550,2023-10-06,2310,023212,NA,5,3,9,1900,0,1,1,NA,2,651,I-605 SOUTHBOUND,FILESTONE BLVD,1056,N,N,A,-,Y,LA,NA,605,NA,R,8.613,H,NA,L,N,4,0,1,2,A,-,08,22107,NA,M,B,C,A,A,H,-,C,D,0,NA,NA,NA,NA,Y,NA,-,99,0,0,1,0,0,0,0,0,0,-,-,33.92790985107422,-118.10352325439452,LOS ANGELES,UNINCORPORATED,-118.10340118408205,33.92787551879883
92200760,2023,2023-10-17,9530,2023-10-05,545,022696,NA,4,3,7,1941,0,1,1,NA,2,071,I-710 S/B (LONG BEACH FREEWAY),CARSON ST.,200,N,N,A,-,Y,LA,NA,710,NA,NA,9.804,H,NA,L,N,4,0,1,2,A,-,03,22350,NA,N,C,C,A,A,H,-,A,D,0,NA,NA,NA,NA,Y,NA,A,01,0,0,1,0,0,0,0,0,0,-,-,33.832130432128906,-118.20906066894533,LOS ANGELES,LONG BEACH,-118.20895385742188,33.83213806152344
92200762,2023,2023-10-17,9530,2023-10-05,1710,023313,NA,4,2,7,1941,0,1,3,NA,2,320,SR-91 W/B (ARTESIA FREEWAY),I-710,400,E,N,A,-,Y,LA,NA,91,NA,R,11.791,H,NA,L,N,4,0,1,2,A,-,07,21658,A,N,C,C,A,A,H,-,A,D,0,NA,NA,NA,NA,Y,NA,A,01,0,0,1,0,0,0,0,0,0,-,-,33.87620162963867,-118.19146728515624,LOS ANGELES,LONG BEACH,-118.19149017333984,33.87623977661133
92200841,2023,2023-10-17,9575,2023-10-09,911,023009,NA,1,1,7,1942,0,1,1,NA,2,053,I-5 S/B (GOLDEN STATE FREEWAY),TERRA BELLA ST,527,N,N,A,-,Y,LA,NA,5,NA,NA,38.077,H,NA,L,N,4,0,2,2,A,-,03,22350,NA,N,C,C,A,A,H,-,A,D,0,NA,NA,NA,NA,Y,NA,A,01,0,0,2,0,0,0,0,0,0,-,-,34.25175857543945,-118.43007659912108,LOS ANGELES,LOS ANGELES,-118.43004608154295,34.25178527832031
92200849,2023,2023-10-17,9525,2023-10-11,810,016450,NA,3,1,5,1906,0,1,1,NA,2,103,I-10 W/B (SAN BERNARDINO FWY),BALDWIN PARK BLVD,50,W,N,A,-,Y,LA,NA,10,NA,NA,32.208,H,NA,L,N,4,0,1,2,A,-,07,21658,A,N,B,C,A,A,H,-,A,D,0,NA,NA,NA,Y,Y,NA,G,25,0,0,1,0,0,0,0,0,0,-,-,34.06768035888672,-117.98191833496094,LOS ANGELES,BALDWIN PARK,-117.98190307617188,34.06759262084961
92200926,2023,2023-10-17,9540,2023-10-11,845,019772,NA,3,1,7,1942,0,1,3,NA,2,149,SR-14 S/B TO I-5,THE OLD RD.,300,S,N,A,-,Y,LA,NA,5,NA,R,45.505,H,NA,R,N,4,0,1,2,A,-,03,22350,NA,N,C,C,A,A,H,-,A,D,0,NA,NA,NA,NA,Y,NA,A,01,0,0,1,0,0,0,0,0,0,-,-,34.332950592041016,-118.5074462890625,LOS ANGELES,LOS ANGELES,-118.50748443603516,34.33293151855469
92200933,2023,2023-10-17,9530,2023-10-05,1120,022760,NA,4,1,9,1900,0,3,5,NA,2,001,PACIFIC BLVD. (2600 BLOCK),OLIVE ST.,116,N,N,A,-,N,NA,NA,NA,NA,NA,NA,NA,NA,NA,N,4,0,1,2,A,-,21,22106,NA,N,B,D,A,A,H,-,A,D,0,NA,NA,NA,NA,Y,NA,A,01,0,0,1,0,0,0,0,0,0,-,-,33.96873092651367,-118.22527313232422,LOS ANGELES,UNINCORPORATED,-118.2252197265625,33.96866989135742
92200947,2023,2023-10-17,9575,2023-10-05,1315,023072,NA,4,1,7,1942,0,1,1,NA,2,061,I-210 W/B (FOOTHILL FREEWAY),LA TUNA CANYON ROAD,600,W,N,A,-,Y,LA,NA,210,NA,R,12.816,H,NA,L,Y,3,0,1,1,A,-,08,22107,NA,N,E,8,A,A,H,-,E,D,0,NA,NA,NA,Y,Y,NA,G,25,0,1,0,0,0,0,0,0,0,-,-,34.241920471191406,-118.3119888305664,LOS ANGELES,LOS ANGELES,-118.31202697753906,34.241798400878906
92201080,2023,2023-10-17,9530,2023-08-25,2240,022805,NA,5,3,9,1900,0,3,5,NA,2,001,ALAMEDA ST.,83RD ST.,0,NA,Y,A,-,N,NA,NA,NA,NA,NA,NA,NA,NA,NA,Y,3,0,1,3,A,-,03,22350,NA,M,C,C,A,A,H,-,C,D,0,NA,NA,NA,NA,Y,Y,D,22,0,1,0,0,0,0,0,0,0,-,-,33.96295928955078,-118.23219299316406,LOS ANGELES,UNINCORPORATED,-118.2322235107422,33.96296691894531
92201119,2023,2023-10-17,9575,2023-10-05,1150,023016,NA,4,1,9,1900,0,2,4,NA,2,310,BIG TUJUNGA CANYON RD,ANGELES FOREST HIGHWAY,8448,W,N,A,-,N,NA,NA,NA,NA,NA,NA,NA,NA,NA,Y,4,0,1,1,A,-,08,22107,NA,N,F,A,A,A,H,-,A,D,0,NA,NA,Y,NA,Y,NA,C,02,0,0,1,0,0,0,0,0,1,-,-,34.2940788269043,-118.18029022216795,LOS ANGELES,UNINCORPORATED,-118.1801300048828,34.29429244995117
9220119,2021,2021-03-10,1942,2021-01-18,1830,44111,1037,1,5,7,1942,0,0,0,J,0,10X18,WHITE OAK AV,KITTRIDGE ST,300,N,N,A,-,N,NA,NA,NA,NA,NA,NA,NA,NA,NA,N,2,0,1,2,A,-,11,21954,A,N,B,B,D,A,H,-,C,A,0,Y,NA,NA,NA,Y,NA,N,60,1,0,0,0,1,0,0,0,0,-,-,NA,NA,LOS ANGELES,LOS ANGELES,-118.51854705810548,34.191043853759766
9220120,2021,2021-06-02,1942,2021-01-20,2155,39217,1612,3,5,7,1942,0,0,0,P,0,16A11,PAXTON ST,BRADLEY AV,72,E,N,A,-,N,NA,NA,NA,NA,NA,NA,NA,NA,NA,N,2,0,1,3,A,-,03,22350,NA,N,E,I,A,A,H,-,C,B,0,NA,NA,NA,Y,Y,NA,D,22,1,0,0,0,0,0,0,0,0,-,-,NA,NA,LOS ANGELES,LOS ANGELES,-118.42440032958984,34.27499008178711
92201207,2023,2023-10-17,9550,2023-10-08,5,022895,NA,7,3,9,1900,0,1,3,NA,2,601,STATE ROUTE 60 WESTBOUND,STONER CREEK ROAD,655,W,N,A,-,Y,LA,NA,60,NA,NA,18.996,H,NA,L,Y,4,0,4,2,A,-,08,22107,NA,F,E,8,A,A,H,-,D,D,0,NA,NA,NA,NA,Y,Y,A,07,0,0,4,0,0,0,0,0,0,-,-,33.99489974975586,-117.9135513305664,LOS ANGELES,UNINCORPORATED,-117.91356658935548,33.99481201171875
92201229,2023,2023-10-17,9530,2023-09-15,2030,023382,NA,5,2,9,1900,0,1,1,NA,2,210,I-105 W/B (GLENN ANDERSON FWY),WILMINGTON AVE.,3245,E,N,A,-,Y,LA,NA,105,NA,R,10.432,H,NA,L,Y,4,0,1,2,A,-,01,23152,A,N,E,I,A,A,H,-,C,D,0,NA,NA,NA,NA,Y,Y,A,01,0,0,1,0,0,0,0,0,0,-,-,33.92919921875,-118.22824096679688,LOS ANGELES,UNINCORPORATED,-118.22820281982422,33.92909622192383
9220124,2021,2021-06-02,1942,2021-01-20,1219,38687,1501,3,5,7,1942,0,0,0,O,0,15A21,SATICOY ST,ATOLL AV,0,NA,Y,A,-,N,NA,NA,NA,NA,NA,NA,NA,NA,NA,N,4,0,1,2,A,-,04,21703,NA,N,D,C,A,A,H,-,A,D,0,NA,NA,NA,Y,Y,NA,F,76,0,0,1,0,0,0,0,0,0,-,-,NA,NA,LOS ANGELES,LOS ANGELES,-118.42102813720705,34.20792770385742
92201241,2023,2023-10-17,9550,2023-10-08,245,023164,NA,7,3,5,1976,0,1,1,NA,2,650,I-605 NB TO BEVERLY BLVD,BEVERLY BLVD,190,S,N,A,-,Y,LA,NA,605,NA,R,14.363,H,NA,R,Y,3,0,1,1,A,-,08,22107,NA,N,E,I,A,A,H,-,C,D,0,NA,NA,NA,NA,Y,NA,A,01,0,1,0,0,0,0,0,0,0,-,-,34.00381088256836,-118.06417846679688,LOS ANGELES,WHITTIER,-118.06427001953124,34.00389099121094
92201260,2023,2023-10-17,9530,2023-09-30,2340,021325,NA,6,3,4,1939,0,1,1,NA,2,400,I-405 S/B (SAN DIEGO FREEWAY),HAWTHORNE BLVD.,290,S,N,A,-,Y,LA,NA,405,NA,NA,17.508,H,NA,L,N,3,0,1,2,A,-,03,22350,NA,F,C,C,A,A,H,-,C,D,0,NA,NA,NA,NA,Y,NA,-,99,0,1,0,0,0,0,0,0,0,-,-,33.883731842041016,-118.35157012939452,LOS ANGELES,LAWNDALE,-118.35152435302734,33.8837776184082
9220127,2021,2021-03-10,1942,2021-01-19,1330,43368,1525,2,5,7,1942,0,0,0,O,0,16A37,OXNARD ST,RADFORD AV,10,W,N,A,-,N,NA,NA,NA,NA,NA,NA,NA,NA,NA,N,2,0,1,2,A,-,10,21950,A,N,G,B,B,A,H,-,A,A,0,Y,NA,NA,NA,Y,NA,D,22,1,0,0,0,1,0,0,0,0,-,-,NA,NA,LOS ANGELES,LOS ANGELES,-118.39219665527344,34.17940902709961
92201273,2023,2023-10-17,9575,2023-10-13,1625,022513,NA,5,2,6,1912,0,1,3,NA,2,044,SR-134 E/B (VENTURA FREEWAY),BUENA VISTA ST.,1056,E,N,A,-,Y,LA,NA,134,NA,NA,3.127,H,NA,R,N,4,0,2,3,A,-,03,22350,NA,N,C,C,A,A,H,-,A,D,0,NA,NA,NA,NA,Y,NA,A,01,0,0,2,0,0,0,0,0,0,-,-,34.15425109863281,-118.32293701171876,LOS ANGELES,BURBANK,-118.32293701171876,34.154232025146484
92201279,2023,2023-10-17,9550,2023-10-08,440,023212,NA,7,3,9,1900,0,1,3,NA,2,600,SR-60 WESTBOUND,TURNBULL CANYON ROAD,150,E,N,A,-,Y,LA,NA,60,NA,NA,15.148,H,NA,L,N,2,0,1,2,A,-,08,22107,NA,N,C,2,A,A,H,-,C,D,0,NA,NA,NA,NA,Y,NA,A,07,1,0,0,0,0,0,0,0,0,-,-,34.011051177978516,-117.97738647460938,LOS ANGELES,UNINCORPORATED,-117.97740936279295,34.01100540161133
9220128,2021,2021-03-18,1942,2021-01-20,0200,44544,NOHO,3,5,7,1942,0,0,0,NA,0,15A21,TYJUNGA AV,MAGNOLIA BL,150,S,N,A,-,N,NA,NA,NA,NA,NA,NA,NA,NA,NA,N,3,0,2,2,A,-,08,22107,NA,N,C,E,A,A,H,-,C,A,0,NA,NA,NA,NA,Y,NA,A,07,0,1,1,0,0,0,0,0,0,-,-,NA,NA,LOS ANGELES,LOS ANGELES,-118.37899780273438,34.1645393371582
92201285,2023,2023-10-17,9575,2023-10-13,1935,020711,NA,5,2,6,1912,0,1,3,NA,2,044,SR-134 E/B (VENTURA FREEWAY),RIVERSIDE DR,1000,E,N,A,-,Y,LA,NA,134,NA,NA,3.064,H,NA,R,N,4,0,1,2,A,-,03,22350,NA,N,C,C,A,A,H,-,D,D,0,NA,NA,NA,NA,Y,NA,A,01,0,0,1,0,0,0,0,0,0,-,-,34.15401077270508,-118.32396697998048,LOS ANGELES,BURBANK,-118.323974609375,34.154022216796875
92201298,2023,2023-10-17,9525,2023-10-11,2030,022627,NA,3,2,6,1975,0,1,1,NA,2,104,I-10 E/B (SAN BERNARDINO FWY),PACIFIC AVE,1320,W,N,A,-,Y,LA,NA,10,NA,NA,34.187,H,NA,R,Y,3,0,1,1,A,-,08,22107,NA,N,E,I,A,A,H,-,D,D,0,NA,NA,NA,NA,Y,NA,A,01,0,1,0,0,0,0,0,0,0,-,-,34.07147979736328,-117.94772338867188,LOS ANGELES,WEST COVINA,-117.9477310180664,34.07157516479492
92201300,2023,2023-10-17,9540,2023-10-07,1255,022385,NA,6,1,9,1900,0,1,1,NA,1,503,I-5 S/B (GOLDEN STATE FREEWAY),WELDON CANYON ROAD,75,S,N,A,-,Y,LA,NA,5,NA,R,46.558,H,NA,L,N,4,0,1,3,A,-,03,22350,NA,N,C,C,A,A,H,-,A,D,0,NA,NA,NA,NA,Y,NA,A,07,0,0,1,0,0,0,0,0,0,-,-,34.340919494628906,-118.52256774902344,LOS ANGELES,UNINCORPORATED,-118.5225830078125,34.34086990356445