CASE_ID,ACCIDENT_YEAR,PROC_DATE,JURIS,COLLISION_DATE,COLLISION_TIME,OFFICER_ID,REPORTING_DISTRICT,DAY_OF_WEEK,CHP_SHIFT,POPULATION,CNTY_CITY_LOC,SPECIAL_COND,BEAT_TYPE,CHP_BEAT_TYPE,CITY_DIVISION_LAPD,CHP_BEAT_CLASS,BEAT_NUMBER,PRIMARY_RD,SECONDARY_RD,DISTANCE,DIRECTION,INTERSECTION,WEATHER_1,WEATHER_2,STATE_HWY_IND,CALTRANS_COUNTY,CALTRANS_DISTRICT,STATE_ROUTE,ROUTE_SUFFIX,POSTMILE_PREFIX,POSTMILE,LOCATION_TYPE,RAMP_INTERSECTION,SIDE_OF_HWY,TOW_AWAY,COLLISION_SEVERITY,NUMBER_KILLED,NUMBER_INJURED,PARTY_COUNT,PRIMARY_COLL_FACTOR,PCF_CODE_OF_VIOL,PCF_VIOL_CATEGORY,PCF_VIOLATION,PCF_VIOL_SUBSECTION,HIT_AND_RUN,TYPE_OF_COLLISION,MVIW,PED_ACTION,ROAD_SURFACE,ROAD_COND_1,ROAD_COND_2,LIGHTING,CONTROL_DEVICE,CHP_ROAD_TYPE,PEDESTRIAN_ACCIDENT,BICYCLE_ACCIDENT,MOTORCYCLE_ACCIDENT,TRUCK_ACCIDENT,NOT_PRIVATE_PROPERTY,ALCOHOL_INVOLVED,STWD_VEHTYPE_AT_FAULT,CHP_VEHTYPE_AT_FAULT,COUNT_SEVERE_INJ,COUNT_VISIBLE_INJ,COUNT_COMPLAINT_PAIN,COUNT_PED_KILLED,COUNT_PED_INJURED,COUNT_BICYCLIST_KILLED,COUNT_BICYCLIST_INJURED,COUNT_MC_KILLED,COUNT_MC_INJURED,PRIMARY_RAMP,SECONDARY_RAMP,LATITUDE,LONGITUDE,COUNTY,CITY,POINT_X,POINT_Y
92203455,2023,2023-10-19,9550,2023-10-04,355,022738,NA,3,3,9,1900,0,1,3,NA,2,602,SR-60 WB TO NOGALES ST.,NOGALES STREET,5,E,N,A,-,Y,NA,NA,NA,NA,NA,NA,NA,NA,NA,N,4,0,1,2,A,-,08,22107,NA,M,B,C,A,A,H,-,C,A,0,NA,NA,NA,Y,Y,NA,G,25,0,0,1,0,0,0,0,0,0,-,-,33.99541091918945,-117.88831329345705,LOS ANGELES,UNINCORPORATED,-117.88831329345705,33.99541091918945
92203502,2023,2023-10-19,9550,2023-10-04,2135,023289,NA,3,2,9,1900,0,3,5,NA,2,005,COLIMA RD,PEPPERDALE DR,0,NA,Y,A,-,N,NA,NA,NA,NA,NA,NA,NA,NA,NA,Y,3,0,5,2,A,-,09,21804,A,N,D,C,A,A,H,-,C,D,0,NA,NA,NA,NA,Y,NA,A,01,0,1,4,0,0,0,0,0,0,-,-,33.98625183105469,-117.87248992919922,LOS ANGELES,UNINCORPORATED,-117.87249755859376,33.98618698120117
92203511,2023,2023-10-19,9550,2023-10-08,2000,022909,NA,7,2,5,1919,0,1,3,NA,2,092,SR-91 WB,BLOOMFIELD AVE,90,W,N,A,-,Y,LA,NA,91,NA,R,19.144,H,NA,L,N,4,0,1,2,A,-,03,22350,NA,N,C,C,A,A,H,-,C,D,0,NA,NA,NA,NA,Y,NA,A,01,0,0,1,0,0,0,0,0,0,-,-,33.875648498535156,-118.06427764892578,LOS ANGELES,CERRITOS,-118.06430053710938,33.875614166259766
92203515,2023,2023-10-19,9590,2023-10-08,16,022720,NA,7,3,7,1942,0,1,1,NA,2,060,I-10 E/B (SANTA MONICA FREEWAY),REDONDO BLVD.,20,E,N,A,-,Y,LA,NA,10,NA,R,10.145,H,NA,R,Y,4,0,2,3,A,-,03,22350,NA,F,C,C,A,A,H,-,C,D,0,NA,NA,NA,NA,Y,NA,-,99,0,0,2,0,0,0,0,0,0,-,-,34.033958435058594,-118.35549926757813,LOS ANGELES,LOS ANGELES,-118.35549926757813,34.03391647338867
92203552,2023,2023-10-19,9565,2023-10-07,1304,022692,NA,6,1,7,1942,0,1,1,NA,2,063,I-405 S/B (SAN DIEGO FWY.),SANTA MONICA BLVD.,120,N,N,A,-,Y,LA,NA,405,NA,NA,30.903,H,NA,L,N,4,0,1,2,A,-,03,22350,NA,N,C,C,A,A,H,-,A,D,0,NA,NA,NA,Y,Y,NA,F,25,0,0,1,0,0,0,0,0,0,-,-,34.04732131958008,-118.44725036621094,LOS ANGELES,LOS ANGELES,-118.44716644287108,34.04737091064453
92203582,2023,2023-10-19,9525,2023-10-13,1930,021545,NA,5,2,9,1900,0,1,3,NA,2,573,SR-57 S/B TO BREA CANYON RD,BREA CANYON RD,0,NA,Y,A,-,N,NA,NA,NA,NA,NA,NA,NA,NA,NA,Y,4,0,1,2,A,-,09,21801,A,N,D,C,A,A,H,-,C,D,0,NA,NA,NA,NA,Y,NA,A,01,0,0,1,0,0,0,0,0,0,-,-,33.95737075805664,-117.86090087890624,LOS ANGELES,UNINCORPORATED,-117.86076354980467,33.95721435546875
92203590,2023,2023-10-19,9530,2023-10-08,745,022696,NA,7,1,7,1942,0,1,1,NA,2,200,I-105 E/B TO I-110 N/B,111TH PL.,50,N,N,A,-,Y,LA,NA,110,NA,NA,14.159,H,NA,R,N,4,0,1,1,A,-,03,22350,NA,N,E,I,A,A,H,-,A,D,0,NA,NA,NA,NA,Y,NA,A,01,0,0,1,0,0,0,0,0,0,-,-,33.93367004394531,-118.2797622680664,LOS ANGELES,LOS ANGELES,-118.27992248535156,33.933677673339844
92203605,2023,2023-10-19,9530,2023-10-07,1402,022995,NA,6,2,7,1941,0,1,1,NA,2,072,I-710 N/B (LONG BEACH FREEWAY),WILLOW ST.,300,S,N,A,-,Y,LA,NA,710,NA,NA,7.824,H,NA,R,N,4,0,1,2,A,-,03,22350,NA,N,C,C,A,A,H,-,A,D,0,NA,NA,NA,NA,Y,NA,D,22,0,0,1,0,0,0,0,0,0,-,-,33.8034782409668,-118.2072982788086,LOS ANGELES,LONG BEACH,-118.20734405517578,33.8034782409668
92203616,2023,2023-10-19,9530,2023-10-09,1335,022585,NA,1,1,7,1942,0,1,1,NA,2,400,I-405 S/B (SAN DIEGO FREEWAY),VERMONT AVE.,1373,N,N,A,-,Y,LA,NA,405,NA,NA,13.617,H,NA,L,N,4,0,1,2,A,-,03,22350,NA,N,C,C,A,A,H,-,A,D,0,NA,NA,NA,NA,Y,NA,-,-,0,0,1,0,0,0,0,0,0,-,-,33.85969161987305,-118.2951889038086,LOS ANGELES,LOS ANGELES,-118.2951889038086,33.8597297668457
92203627,2023,2023-10-19,9545,2023-10-17,1320,017768,NA,2,1,9,1900,0,3,5,NA,2,004,AVENUE T,87TH ST  E,400,E,N,A,-,N,NA,NA,NA,NA,NA,NA,NA,NA,NA,Y,3,0,1,2,A,-,08,22107,NA,N,D,C,A,A,H,-,A,D,0,NA,NA,NA,NA,Y,NA,D,22,0,1,0,0,0,0,0,0,0,-,-,34.542911529541016,-117.97405242919922,LOS ANGELES,UNINCORPORATED,-117.97350311279295,34.54292297363281
92203644,2023,2023-10-19,9580,2023-10-10,1928,022591,NA,2,2,7,1942,0,1,2,NA,2,106,US-101 N/B (VENTURA FREEWAY),CHESEBRO RD,300,S,N,A,-,Y,LA,NA,101,NA,NA,33.65,H,NA,R,N,4,0,1,2,A,-,08,22107,NA,N,B,C,A,A,H,-,D,D,0,NA,NA,NA,NA,Y,NA,A,01,0,0,1,0,0,0,0,0,0,-,-,34.143131256103516,-118.73741149902344,LOS ANGELES,LOS ANGELES,-118.73739624023438,34.1431770324707
92203654,2023,2023-10-19,9550,2023-10-12,745,022391,NA,4,1,9,1900,0,3,5,NA,2,005,PASO REAL AVENUE,COLIMA ROAD,15,S,N,A,-,N,NA,NA,NA,NA,NA,NA,NA,NA,NA,N,3,0,1,2,A,-,09,21804,A,N,D,G,A,A,H,-,A,A,0,NA,Y,NA,NA,Y,NA,L,04,0,1,0,0,0,0,1,0,0,-,-,33.987579345703125,-117.89356231689452,LOS ANGELES,UNINCORPORATED,-117.8935546875,33.98772048950195
92203658,2023,2023-10-19,9550,2023-10-12,1435,022354,NA,4,2,9,1900,0,2,4,NA,1,031,HACIENDA BLVD.,COLIMA RD.,10,S,N,A,-,N,NA,NA,NA,NA,NA,NA,NA,NA,NA,N,4,0,1,3,A,-,03,22350,NA,N,C,C,A,A,H,-,A,A,0,NA,NA,NA,NA,Y,NA,A,01,0,0,1,0,0,0,0,0,0,-,-,33.980979919433594,-117.97303771972656,LOS ANGELES,UNINCORPORATED,-117.97307586669922,33.981224060058594
92203660,2023,2023-10-19,9530,2023-10-09,1030,023143,NA,1,1,7,1941,0,1,1,NA,2,071,I-710 N/B (LONG BEACH FREEWAY),SR-91,156,S,N,A,-,Y,LA,NA,710,NA,NA,12.855,H,NA,R,Y,4,0,1,2,A,-,07,21658,A,M,B,C,A,A,H,-,D,B,0,NA,NA,NA,NA,Y,NA,-,99,0,0,1,0,0,0,0,0,0,-,-,33.87382125854492,-118.19345092773438,LOS ANGELES,LONG BEACH,-118.19345855712892,33.87382125854492
92203665,2023,2023-10-19,9550,2023-10-09,745,018187,NA,1,1,9,1900,0,2,4,NA,1,022,LEFFINGWELL RD,MOLLYKNOLL AVE,15,W,N,A,-,N,NA,NA,NA,NA,NA,NA,NA,NA,NA,Y,4,0,1,2,A,-,03,22350,NA,N,C,C,A,A,H,-,A,D,0,NA,NA,NA,NA,Y,NA,D,22,0,0,1,0,0,0,0,0,0,-,-,33.93143081665039,-117.99202728271484,LOS ANGELES,UNINCORPORATED,-117.9919662475586,33.931480407714844
92203669,2023,2023-10-19,9530,2023-10-08,1318,022696,NA,7,1,5,1943,0,1,1,NA,2,210,I-105 W/B (GLENN ANDERSON FWY),ATLANTIC AVE.,1320,W,N,A,-,Y,LA,NA,105,NA,R,12.622,H,NA,L,Y,4,0,2,3,A,-,03,22350,NA,N,C,C,A,A,H,-,A,D,0,NA,NA,NA,NA,Y,NA,A,07,0,0,2,0,0,0,0,0,0,-,-,33.917850494384766,-118.19342803955078,LOS ANGELES,LYNWOOD,-118.19343566894533,33.9178352355957
92203707,2023,2023-10-19,9565,2023-10-07,1455,022923,NA,6,2,5,1928,0,1,1,NA,2,060,I-405 NORTHBOUND (SAN DIEGO FREEWAY),ROSECRANS AVENUE,1050,S,N,A,-,Y,LA,NA,405,NA,NA,18.983,H,NA,R,Y,4,0,2,2,A,-,08,22107,NA,N,B,C,A,A,H,-,A,D,0,NA,NA,NA,NA,Y,NA,A,01,0,0,2,0,0,0,0,0,0,-,-,33.89836120605469,-118.37004089355467,LOS ANGELES,HAWTHORNE,-118.37003326416016,33.89836120605469
92203709,2023,2023-10-19,9525,2023-10-13,1840,020216,NA,5,2,6,1955,0,1,3,NA,2,605,SR-60 W/B (POMONA FWY),TOWNE AVE.,500,E,N,A,-,Y,LA,NA,60,NA,R,29.942,H,NA,L,N,4,0,2,3,A,-,03,22350,NA,N,C,C,A,A,H,-,C,D,0,NA,NA,NA,NA,Y,NA,A,07,0,0,2,0,0,0,0,0,0,-,-,34.024940490722656,-117.73844909667967,LOS ANGELES,POMONA,-117.73844146728516,34.02487564086914
92203730,2023,2023-10-19,9575,2023-10-18,205,022477,NA,3,3,7,1942,0,1,3,NA,2,044,STATE ROUTE 134 W/B (VENTURA FWY),LANKERSHIM BOULEVARD,500,E,N,A,-,Y,LA,NA,134,NA,NA,0.608,H,NA,L,Y,3,0,1,1,A,-,01,23152,A,N,F,A,A,A,H,-,C,D,0,NA,NA,NA,NA,Y,Y,A,07,0,1,0,0,0,0,0,0,0,-,-,34.15336990356445,-118.36585998535156,LOS ANGELES,LOS ANGELES,-118.36585235595705,34.153316497802734
92203753,2023,2023-10-19,9580,2023-10-11,1900,022755,NA,3,2,7,1942,0,1,2,NA,2,103,US-101 S/B (VENTURA FREEWAY),VAN NUYS BLVD,500,N,N,A,-,Y,LA,NA,101,NA,NA,16.698,H,NA,L,N,4,0,1,2,A,-,03,22350,NA,N,C,C,A,A,H,-,D,D,0,NA,NA,NA,NA,Y,NA,A,01,0,0,1,0,0,0,0,0,0,-,-,34.15935134887695,-118.4617919921875,LOS ANGELES,LOS ANGELES,-118.4617919921875,34.1593132019043
92203756,2023,2023-10-19,9530,2023-10-08,2045,023038,NA,7,2,9,1900,0,3,5,NA,2,002,EL SEGUNDO BOULEVARD (2000 BLOCK),WILMINGTON AVENUE,704,E,N,A,-,N,NA,NA,NA,NA,NA,NA,NA,NA,NA,Y,3,0,1,6,A,-,03,22350,NA,N,C,C,A,A,A,-,C,D,0,NA,NA,NA,NA,Y,Y,D,22,0,1,0,0,0,0,0,0,0,-,-,33.916168212890625,-118.23665618896484,LOS ANGELES,UNINCORPORATED,-118.23915100097656,33.91619110107422
92203765,2023,2023-10-19,9580,2023-10-12,720,023395,NA,4,1,7,1942,0,1,2,NA,2,105,US-101 N/B (VENTURA FREEWAY),CANOGA AVE,300,N,N,A,-,Y,LA,NA,101,NA,NA,24.92,H,NA,R,N,4,0,1,2,A,-,08,22107,NA,N,B,C,A,A,H,-,A,D,0,NA,NA,NA,NA,Y,Y,D,22,0,0,1,0,0,0,0,0,0,-,-,34.169761657714844,-118.59848022460938,LOS ANGELES,LOS ANGELES,-118.59848785400392,34.16971206665039
92203782,2023,2023-10-19,9565,2023-10-09,1600,022099,NA,1,2,7,1942,0,1,1,NA,2,082,INTERSTATE 10 E/B (SANTA MONICA FWY),SAWTELLE BLVD.,200,W,N,A,-,Y,LA,NA,10,NA,R,5.305,H,NA,R,N,4,0,1,2,A,-,03,22350,NA,N,C,C,A,A,H,-,A,D,0,NA,NA,NA,NA,Y,NA,A,01,0,0,1,0,0,0,0,0,0,-,-,34.03084945678711,-118.43611145019533,LOS ANGELES,LOS ANGELES,-118.43611145019533,34.030860900878906
92203783,2023,2023-10-19,9575,2023-09-26,1700,022526,NA,2,2,7,1942,0,1,3,NA,2,090,SR-2 E/B TO SR-134 E/B,BROADWAY,58,N,N,A,-,Y,NA,NA,NA,NA,NA,NA,NA,NA,NA,N,4,0,1,2,A,-,08,22107,NA,M,B,C,A,A,H,-,A,D,0,NA,NA,NA,NA,Y,NA,A,01,0,0,1,0,0,0,0,0,0,-,-,34.14448928833008,-118.22618865966795,LOS ANGELES,LOS ANGELES,-118.22618865966795,34.14448928833008
92203822,2023,2023-10-19,9550,2023-10-12,1705,022587,NA,4,2,5,1919,0,1,3,NA,2,091,SR-91 W/B,PIONEER BLVD,900,W,N,A,-,Y,LA,NA,91,NA,R,17.919,H,NA,L,N,4,0,1,2,A,-,03,22350,NA,N,C,C,A,A,H,-,A,D,0,NA,NA,NA,NA,Y,NA,A,01,0,0,1,0,0,0,0,0,0,-,-,33.87651062011719,-118.0854721069336,LOS ANGELES,CERRITOS,-118.0854721069336,33.876487731933594
92203857,2023,2023-10-19,9550,2023-09-22,131,022820,NA,5,3,7,1941,0,1,3,NA,2,090,STATE ROUTE 91 (ARTESIA FREEWAY),ATLANTIC AVE.,50,E,N,A,-,Y,LA,NA,91,NA,R,12.123,H,NA,R,Y,3,0,1,2,A,-,03,22350,NA,N,C,C,A,A,H,-,C,D,0,NA,NA,NA,NA,Y,NA,A,07,0,1,0,0,0,0,0,0,0,-,-,33.876888275146484,-118.18576049804688,LOS ANGELES,LONG BEACH,-118.18575286865234,33.8766975402832
92203860,2023,2023-10-19,9575,2023-08-15,1738,022526,NA,2,2,7,1942,0,1,1,NA,2,050,I-5 S/B (GOLDEN STATE FREEWAY),ZOO DRIVE,1557,S,N,A,-,Y,LA,NA,5,NA,NA,26.158,H,NA,L,N,4,0,3,2,A,-,03,22350,NA,M,C,C,A,A,H,-,A,D,0,NA,NA,NA,NA,Y,NA,-,99,0,0,3,0,0,0,0,0,0,-,-,34.1462516784668,-118.27919769287108,LOS ANGELES,LOS ANGELES,-118.27909088134766,34.146270751953125
92203861,2023,2023-10-19,9535,2023-10-07,750,021970,NA,6,1,9,1900,0,3,5,NA,2,006,SAN GABRIEL BLVD W/B,ROSEMEAD BLVD,500,W,N,A,-,N,NA,NA,NA,NA,NA,NA,NA,NA,NA,N,4,0,1,2,A,-,09,21804,A,N,C,G,A,A,H,-,A,D,0,NA,Y,NA,NA,Y,NA,L,04,0,0,1,0,0,0,1,0,0,-,-,34.029361724853516,-118.07006072998048,LOS ANGELES,UNINCORPORATED,-118.06943511962892,34.02902603149414
92203864,2023,2023-10-19,9545,2023-10-11,142,021361,NA,3,3,9,1900,0,1,3,NA,2,031,SR-14 S/B,SANTIAGO RD,4224,S,N,A,-,Y,LA,NA,14,NA,R,49.976,H,NA,L,Y,3,0,1,1,A,-,01,23152,A,N,F,A,A,A,H,-,D,D,0,NA,NA,NA,NA,Y,Y,-,-,0,1,0,0,0,0,0,0,0,-,-,34.4935417175293,-118.17494201660156,LOS ANGELES,UNINCORPORATED,-118.17493438720705,34.49352264404297
92203865,2023,2023-10-19,9540,2023-10-11,1015,020862,NA,3,1,7,1942,0,1,1,NA,1,503,I-5 SOUTHBOUND (GOLDEN STATE FWY),ROXFORD ST,100,N,N,A,-,Y,LA,NA,5,NA,NA,42.654,H,NA,L,Y,4,0,3,2,A,-,07,21658,A,F,E,I,A,A,H,-,A,D,0,NA,NA,NA,NA,Y,NA,-,-,0,0,3,0,0,0,0,0,0,-,-,34.30324935913086,-118.47962188720705,LOS ANGELES,LOS ANGELES,-118.47968292236328,34.30320739746094
92203883,2023,2023-10-19,9580,2023-10-14,1650,022746,NA,6,2,7,1942,0,1,2,NA,2,105,US-101 S/B (VENTURA FREEWAY),RESEDA BLVD.,2640,N,N,A,-,Y,LA,NA,101,NA,NA,21.789,H,NA,L,Y,4,0,1,3,A,-,08,22107,NA,N,B,C,A,A,H,-,A,D,0,NA,NA,Y,NA,Y,NA,C,02,0,0,1,0,0,0,0,0,1,-,-,34.17338180541992,-118.54519653320313,LOS ANGELES,LOS ANGELES,-118.54520416259766,34.17333221435547
92203895,2023,2023-10-19,9580,2023-10-13,556,023395,NA,5,3,7,1942,0,1,2,NA,2,104,US-101 N/B (VENTURA FREEWAY),TOPANGA CANYON BLVD,528,N,N,A,-,Y,LA,NA,101,NA,NA,25.499,H,NA,R,N,4,0,1,2,A,-,03,22350,NA,N,C,C,A,A,H,-,D,D,0,NA,NA,Y,NA,Y,NA,C,02,0,0,1,0,0,0,0,0,1,-,-,34.170738220214844,-118.60851287841795,LOS ANGELES,LOS ANGELES,-118.6085205078125,34.17078399658203
92203932,2023,2023-10-19,9530,2023-10-09,550,023455,NA,1,3,5,1943,0,1,1,NA,2,210,I-105 W/B (GLENN ANDERSON FWY),LONG BEACH BLVD,970,E,N,B,-,Y,LA,NA,105,NA,R,11.837,H,NA,L,Y,3,0,1,2,A,-,07,21658,A,F,B,C,A,A,H,-,D,D,0,NA,NA,Y,NA,Y,NA,-,99,0,1,0,0,0,0,0,0,1,-,-,33.923091888427734,-118.20564270019533,LOS ANGELES,LYNWOOD,-118.2055892944336,33.92317199707031
92203968,2023,2023-10-19,9550,2023-10-13,1254,018187,NA,5,1,9,1900,0,2,4,NA,1,012,WASHINGTON BL,APPLEDALE AVE,0,NA,Y,B,-,N,NA,NA,NA,NA,NA,NA,NA,NA,NA,Y,4,0,1,2,A,-,09,21801,A,N,C,C,A,A,H,-,A,D,0,NA,NA,NA,NA,Y,NA,A,01,0,0,1,0,0,0,0,0,0,-,-,33.96847152709961,-118.0566177368164,LOS ANGELES,UNINCORPORATED,-118.05655670166016,33.96860122680664
92203969,2023,2023-10-19,9590,2023-01-14,138,022673,NA,6,3,7,1942,0,1,1,NA,2,063,INTERSTATE 10 WESTBOUND (SANTA MONICA FREEWAY) TO,INTERSTATE 110 (HARBOR FREEWAY),45,W,N,A,-,Y,NA,NA,NA,NA,NA,NA,NA,NA,NA,Y,1,1,1,1,A,-,01,23152,G,F,E,8,A,A,H,-,C,D,0,NA,NA,NA,NA,Y,Y,A,01,1,0,0,0,0,0,0,0,0,-,-,34.03889083862305,-118.2744369506836,LOS ANGELES,LOS ANGELES,-118.27446746826172,34.0384521484375
92203980,2023,2023-10-19,9575,2023-08-03,1822,023029,NA,4,2,6,1953,0,1,1,NA,2,063,I-210 W/B (FOOTHILL FREEWAY),MOUNTAIN STREET,716,E,N,A,-,Y,LA,NA,210,NA,R,24.199,H,NA,L,Y,4,0,1,3,A,-,08,22107,NA,M,C,2,A,A,H,-,A,D,0,NA,NA,NA,Y,Y,NA,F,26,0,0,1,0,0,0,0,0,0,-,-,34.160179138183594,-118.1584014892578,LOS ANGELES,PASADENA,-118.1584930419922,34.160186767578125
92203986,2023,2023-10-19,9575,2023-10-07,1410,023243,NA,6,2,7,1942,0,1,1,NA,2,053,I-5 N/B (GOLDEN STATE FREEWAY),VAN NUYS BOULEVARD,980,S,N,A,-,Y,LA,NA,5,NA,NA,38.717,H,NA,R,Y,4,0,1,5,A,-,03,22350,NA,N,C,C,A,A,H,-,A,D,0,NA,NA,NA,Y,Y,NA,A,01,0,0,1,0,0,0,0,0,0,-,-,34.25896072387695,-118.43717956542967,LOS ANGELES,LOS ANGELES,-118.43726348876952,34.2588996887207
92203991,2023,2023-10-19,9535,2023-10-08,1730,023247,NA,7,2,5,1906,0,1,1,NA,2,651,I-605 S/B (SAN GABRIEL RIVER FREEWAY),VALLEY BLVD,10,N,N,A,-,Y,NA,NA,NA,NA,NA,NA,NA,NA,NA,Y,4,0,1,4,A,-,03,22350,NA,N,B,C,A,A,A,-,A,D,0,NA,NA,NA,NA,Y,NA,A,01,0,0,1,0,0,0,0,0,0,-,-,34.05358123779297,-118.00261688232422,LOS ANGELES,BALDWIN PARK,-118.00433349609376,34.054466247558594
92204005,2023,2023-10-19,9540,2023-06-19,2038,022378,NA,1,2,9,1900,0,1,3,NA,2,146,SR-14 N/B (ANTELOPE VALLEY FWY),ESCONDIDO CANYON RD,5808,N,N,A,-,Y,LA,NA,14,NA,NA,44.364,H,NA,R,Y,1,1,4,3,A,-,01,23152,A,N,C,2,A,A,H,-,D,D,0,NA,NA,NA,NA,Y,Y,A,01,2,1,1,0,0,0,0,0,0,-,-,34.49769973754883,-118.26624298095705,LOS ANGELES,UNINCORPORATED,-118.2662353515625,34.49767303466797
92204008,2023,2023-10-19,9530,2023-10-10,610,023418,NA,2,1,9,1900,0,3,5,NA,2,006,TORRANCE BLVD. (20700 BLOCK),NORMANDIE AVE.,100,E,N,A,-,N,NA,NA,NA,NA,NA,NA,NA,NA,NA,Y,4,0,1,3,A,-,03,22350,NA,N,C,C,A,A,H,-,B,A,0,NA,NA,NA,NA,Y,NA,A,07,0,0,1,0,0,0,0,0,0,-,-,33.842041015625,-118.29882049560548,LOS ANGELES,UNINCORPORATED,-118.2992935180664,33.84196090698242
9220401,2021,2021-03-16,1942,2021-01-14,2230,34561,1097,4,5,7,1942,0,0,0,J,0,10A99,N SEPULVEDA BL,ROYAL HILLS DR,300,N,N,A,-,N,NA,NA,NA,NA,NA,NA,NA,NA,NA,Y,4,0,2,1,A,-,03,22350,NA,N,E,I,A,A,H,-,C,D,0,NA,NA,NA,NA,Y,NA,A,01,0,0,2,0,0,0,0,0,0,-,-,NA,NA,LOS ANGELES,LOS ANGELES,-118.48657989501952,34.13580322265625
9220402,2021,2021-03-16,1942,2021-01-14,1240,39545,1025,4,5,7,1942,0,0,0,J,0,10EL1,GAULT ST,GARDEN GROVE,0,NA,Y,A,-,N,NA,NA,NA,NA,NA,NA,NA,NA,NA,N,3,0,1,2,A,-,21,22106,NA,N,G,B,E,A,-,-,A,D,0,Y,NA,NA,NA,Y,NA,A,01,0,1,0,0,1,0,0,0,0,-,-,NA,NA,LOS ANGELES,LOS ANGELES,-118.52950286865234,34.19933319091797
92204020,2023,2023-10-19,9580,2023-10-09,1905,023224,NA,1,2,7,1942,0,1,2,NA,2,102,US-101 N/B (VENTURA FREEWAY),HAYVENHURST AVE,2800,S,N,A,-,Y,LA,NA,101,NA,NA,18.157,H,NA,R,Y,4,0,4,4,A,-,03,22350,NA,N,C,C,A,A,H,-,D,D,0,NA,NA,NA,NA,Y,NA,A,01,0,0,4,0,0,0,0,0,0,-,-,34.16542053222656,-118.48439025878906,LOS ANGELES,LOS ANGELES,-118.48439025878906,34.165367126464844
92204025,2023,2023-10-19,9525,2023-10-10,1440,021978,NA,2,2,9,1900,0,3,5,NA,2,002,LARK ELLEN AVENUE,ARROW HIGHWAY,0,NA,Y,A,-,N,NA,NA,NA,NA,NA,NA,NA,NA,NA,Y,4,0,1,2,A,-,12,21453,A,N,D,C,A,A,H,-,A,D,0,NA,NA,NA,NA,Y,Y,-,-,0,0,1,0,0,0,0,0,0,-,-,34.10715866088867,-117.91664123535156,LOS ANGELES,UNINCORPORATED,-117.9169692993164,34.10688781738281
92204026,2023,2023-10-19,9550,2023-10-13,1650,022722,NA,5,2,9,1900,0,1,3,NA,2,600,SR 60 WB TO 7TH AVE,7TH AVE,700,E,N,A,-,Y,LA,NA,60,NA,NA,14.431,H,NA,L,N,4,0,1,3,A,-,03,22350,NA,N,C,C,A,A,H,-,A,D,0,NA,NA,NA,NA,Y,NA,I,09,0,0,1,0,0,0,0,0,0,-,-,34.018001556396484,-117.986328125,LOS ANGELES,UNINCORPORATED,-117.98647308349608,34.01790237426758
9220403,2021,2021-03-16,1942,2021-01-14,1307,44437,1023,4,5,7,1942,0,0,0,J,0,10A39,WILBUR AV,SHERMAN WY,0,NA,Y,A,-,N,NA,NA,NA,NA,NA,NA,NA,NA,NA,Y,4,0,3,2,A,-,09,21801,A,N,A,C,A,A,H,-,A,A,0,NA,NA,NA,NA,Y,NA,A,01,0,0,3,0,0,0,0,0,0,-,-,NA,NA,LOS ANGELES,LOS ANGELES,-118.54476165771484,34.201171875
92204032,2023,2023-10-19,9535,2023-10-08,1730,023244,NA,7,2,5,1906,0,1,1,NA,2,650,I-605 N/B (SAN GABIREL RIVER FREEWAY),I-10 E/B (SAN BERNARDINO FREEWAY),2640,S,N,A,-,Y,LA,NA,605,NA,R,19.717,H,NA,R,N,4,0,2,3,A,-,03,22350,NA,M,C,C,A,A,H,-,A,D,0,NA,NA,NA,NA,Y,NA,A,01,0,0,2,0,0,0,0,0,0,-,-,34.05841827392578,-118.00179290771484,LOS ANGELES,BALDWIN PARK,-118.00186157226564,34.05844497680664
92204033,2023,2023-10-19,9525,2023-10-07,1610,023085,NA,6,2,3,1921,0,1,1,NA,2,202,I-10 E/B (SAN BERNARDINO FWY),BUENA VISTA STREET,820,E,N,A,-,Y,LA,NA,210,NA,R,35.512,H,NA,R,Y,3,0,1,2,A,-,03,22350,NA,M,C,2,A,A,H,-,A,D,0,NA,NA,NA,NA,Y,NA,A,01,0,1,0,0,0,0,0,0,0,-,-,34.13547897338867,-117.9730987548828,LOS ANGELES,DUARTE,-117.97309112548828,34.13541030883789
9220404,2021,2021-03-23,1942,2021-01-14,1020,41639,1089,4,5,7,1942,0,0,0,J,0,10A83,VENTURA BL,ORION ST,200,W,N,A,-,N,NA,NA,NA,NA,NA,NA,NA,NA,NA,Y,3,0,1,3,C,-,18,NA,NA,N,C,E,A,A,H,-,A,D,0,NA,NA,NA,NA,Y,NA,-,-,0,1,0,0,0,0,0,0,0,-,-,NA,NA,LOS ANGELES,LOS ANGELES,-118.47066497802734,34.15456008911133