CASE_ID,ACCIDENT_YEAR,PROC_DATE,JURIS,COLLISION_DATE,COLLISION_TIME,OFFICER_ID,REPORTING_DISTRICT,DAY_OF_WEEK,CHP_SHIFT,POPULATION,CNTY_CITY_LOC,SPECIAL_COND,BEAT_TYPE,CHP_BEAT_TYPE,CITY_DIVISION_LAPD,CHP_BEAT_CLASS,BEAT_NUMBER,PRIMARY_RD,SECONDARY_RD,DISTANCE,DIRECTION,INTERSECTION,WEATHER_1,WEATHER_2,STATE_HWY_IND,CALTRANS_COUNTY,CALTRANS_DISTRICT,STATE_ROUTE,ROUTE_SUFFIX,POSTMILE_PREFIX,POSTMILE,LOCATION_TYPE,RAMP_INTERSECTION,SIDE_OF_HWY,TOW_AWAY,COLLISION_SEVERITY,NUMBER_KILLED,NUMBER_INJURED,PARTY_COUNT,PRIMARY_COLL_FACTOR,PCF_CODE_OF_VIOL,PCF_VIOL_CATEGORY,PCF_VIOLATION,PCF_VIOL_SUBSECTION,HIT_AND_RUN,TYPE_OF_COLLISION,MVIW,PED_ACTION,ROAD_SURFACE,ROAD_COND_1,ROAD_COND_2,LIGHTING,CONTROL_DEVICE,CHP_ROAD_TYPE,PEDESTRIAN_ACCIDENT,BICYCLE_ACCIDENT,MOTORCYCLE_ACCIDENT,TRUCK_ACCIDENT,NOT_PRIVATE_PROPERTY,ALCOHOL_INVOLVED,STWD_VEHTYPE_AT_FAULT,CHP_VEHTYPE_AT_FAULT,COUNT_SEVERE_INJ,COUNT_VISIBLE_INJ,COUNT_COMPLAINT_PAIN,COUNT_PED_KILLED,COUNT_PED_INJURED,COUNT_BICYCLIST_KILLED,COUNT_BICYCLIST_INJURED,COUNT_MC_KILLED,COUNT_MC_INJURED,PRIMARY_RAMP,SECONDARY_RAMP,LATITUDE,LONGITUDE,COUNTY,CITY,POINT_X,POINT_Y
92205024,2023,2023-10-20,9535,2023-10-10,930,023286,NA,2,1,6,1922,0,1,1,NA,2,651,I-605 S/B (SAN GABRIEL RIVER FREEWAY),WALNUT CREEK BRIDGE,53,S,N,A,-,Y,LA,NA,605,NA,R,19.685,H,NA,L,Y,4,0,2,4,A,-,03,22350,NA,N,C,C,A,A,H,-,A,D,0,NA,NA,NA,NA,Y,NA,A,07,0,0,2,0,0,0,0,0,0,-,-,34.05802917480469,-118.00225830078124,LOS ANGELES,EL MONTE,-118.00234222412108,34.05805969238281
92205086,2023,2023-10-20,9535,2023-09-09,1935,023247,NA,6,2,9,1900,0,2,4,NA,2,024,WHITTIER BLVD (5400 BLOCK),EASTMONT AVE,40,W,N,A,-,N,NA,NA,NA,NA,NA,NA,NA,NA,NA,N,4,0,1,3,A,-,08,22107,NA,N,B,C,A,A,H,-,C,D,0,NA,NA,Y,NA,Y,NA,C,02,0,0,1,0,0,0,0,0,1,-,-,34.01921081542969,-118.15186309814452,LOS ANGELES,UNINCORPORATED,-118.15151977539064,34.0191764831543
92205092,2023,2023-10-20,9535,2023-10-10,1630,023462,NA,2,2,5,1959,0,1,1,NA,2,400,I-10 E/B (SAN BERNARDINO FREEWAY),DEL MAR AVE,150,E,N,A,-,Y,LA,NA,10,NA,NA,25.371,H,NA,R,Y,3,0,4,3,A,-,03,22350,NA,N,C,C,A,A,H,-,A,D,0,NA,NA,NA,NA,Y,NA,A,07,0,1,3,0,0,0,0,0,0,-,-,34.07173156738281,-118.09893035888672,LOS ANGELES,ROSEMEAD,-118.09893035888672,34.07174301147461
92205100,2023,2023-10-23,9590,2023-10-14,555,021762,NA,6,3,7,1942,0,1,2,NA,2,073,US-101 S/B (HOLLYWOOD FREEWAY),PILGRIMAGE BRIDGE,500,N,N,A,-,Y,LA,NA,101,NA,NA,8.154,H,NA,L,Y,4,0,3,5,A,-,03,22350,NA,N,C,C,A,A,H,-,B,D,0,NA,NA,NA,Y,Y,NA,A,01,0,0,3,0,0,0,0,0,0,-,-,34.115970611572266,-118.33702850341795,LOS ANGELES,LOS ANGELES,-118.33706665039064,34.115962982177734
92205104,2023,2023-10-23,9525,2023-10-20,1500,023176,NA,5,2,6,1975,0,1,1,NA,2,104,I-10 E/B (SAN BERNARDINO FWY),VINCENT AVE,1690,W,N,A,-,Y,LA,NA,10,NA,NA,35.073,H,NA,R,N,4,0,3,3,A,-,03,22350,NA,N,C,C,A,A,H,-,A,D,0,NA,NA,NA,NA,Y,NA,A,01,0,0,3,0,0,0,0,0,0,-,-,34.072181701660156,-117.93248748779295,LOS ANGELES,WEST COVINA,-117.93248748779295,34.07228469848633
92205107,2023,2023-10-23,9590,2023-10-18,850,021762,NA,3,1,7,1942,0,1,2,NA,2,072,US-101 N/B (HOLLYWOOD FREEWAY),SANTA MONICA BLVD,850,S,N,A,-,Y,LA,NA,101,NA,NA,5.385,H,NA,R,N,4,0,1,2,A,-,07,21658,A,N,B,2,A,A,H,-,A,D,0,NA,NA,Y,NA,Y,NA,A,08,0,0,1,0,0,0,0,0,1,-,-,34.088619232177734,-118.30512237548828,LOS ANGELES,LOS ANGELES,-118.3050537109375,34.088653564453125
92205110,2023,2023-10-23,9590,2023-10-18,200,022984,NA,3,3,7,1942,0,1,2,NA,2,072,US-101 N/B (HOF) TO CAHUENGA BOULEVARD,ODIN STREET (6600 W BLOCK),20,N,N,A,-,Y,LA,NA,101,NA,NA,7.801,H,NA,R,Y,2,0,3,1,A,-,01,23152,G,N,E,8,A,A,H,-,C,A,0,NA,NA,NA,NA,Y,Y,A,07,2,1,0,0,0,0,0,0,0,-,-,34.11137008666992,-118.33470916748048,LOS ANGELES,LOS ANGELES,-118.33499145507813,34.11124038696289
92205115,2023,2023-10-23,9590,2023-10-17,835,021835,NA,2,1,7,1942,0,1,1,NA,2,013,SR-110 S/B (ASP),AVE 43,100,N,N,A,-,Y,LA,NA,110,NA,NA,27.14,H,NA,L,N,4,0,1,2,A,-,03,22350,NA,N,C,C,A,A,H,-,A,D,0,NA,NA,NA,NA,Y,NA,A,01,0,0,1,0,0,0,0,0,0,-,-,34.093631744384766,-118.20638275146484,LOS ANGELES,LOS ANGELES,-118.2063446044922,34.0936279296875
92205116,2023,2023-10-23,9590,2023-10-15,650,021835,NA,7,1,7,1942,0,1,1,NA,2,051,I-110 S/B (HAF),79TH STREET,350,N,N,A,-,Y,LA,NA,110,NA,NA,16.596,H,NA,L,Y,4,0,1,2,A,-,03,22350,NA,F,C,C,A,A,H,-,A,D,0,NA,NA,NA,NA,Y,NA,-,99,0,0,1,0,0,0,0,0,0,-,-,33.96889114379883,-118.28102111816406,LOS ANGELES,LOS ANGELES,-118.28093719482422,33.96889114379883
92205119,2023,2023-10-23,9565,2023-10-10,1710,023150,NA,2,2,9,1900,0,3,5,NA,2,002,VAN BUREN AVE,112TH ST,0,NA,Y,A,-,N,NA,NA,NA,NA,NA,NA,NA,NA,NA,N,4,0,1,2,D,-,00,NA,NA,N,D,C,A,A,H,-,A,A,0,NA,NA,NA,NA,Y,NA,-,-,0,0,1,0,0,0,0,0,0,-,-,33.932838439941406,-118.29662322998048,LOS ANGELES,UNINCORPORATED,-118.29669189453124,33.93282699584961
92205124,2023,2023-10-23,9565,2023-10-10,2210,022642,NA,2,3,7,1942,0,1,1,NA,2,083,I-10 E/B,LA CIENGEGA BLVD.,2500,W,N,A,-,Y,LA,NA,10,NA,R,8.347,H,NA,R,Y,4,0,1,3,A,-,03,22350,NA,N,C,C,A,A,H,-,C,D,0,NA,NA,NA,NA,Y,NA,A,01,0,0,1,0,0,0,0,0,0,-,-,34.0340690612793,-118.38529205322266,LOS ANGELES,LOS ANGELES,-118.38529205322266,34.03407287597656
92205126,2023,2023-10-23,9565,2023-10-10,835,021453,NA,2,1,9,1900,0,1,1,NA,2,060,I-405 N/B FROM IMPERIAL HIGHWAY,FELTON AVENUE,150,W,N,A,-,Y,NA,NA,NA,NA,NA,NA,NA,NA,NA,N,4,0,2,2,A,-,03,22350,NA,N,C,C,A,A,H,-,A,D,0,NA,NA,NA,NA,Y,NA,A,01,0,0,2,0,0,0,0,0,0,-,-,33.931121826171875,-118.36624145507813,LOS ANGELES,UNINCORPORATED,-118.36624145507813,33.931121826171875
92205128,2023,2023-10-23,9565,2023-10-10,850,016943,NA,2,1,4,1918,0,1,1,NA,2,061,I-405 S/B,JEFFERSON BLVD,200,N,N,B,-,Y,LA,NA,405,NA,NA,26.064,H,NA,L,N,4,0,2,4,A,-,03,22350,NA,N,C,C,A,A,H,-,A,D,0,NA,NA,NA,NA,Y,NA,A,01,0,0,2,0,0,0,0,0,0,-,-,33.98917007446289,-118.400390625,LOS ANGELES,CULVER CITY,-118.40036010742188,33.98918533325195
9220513,2021,2021-02-25,1975,2021-01-20,2115,347,6P26,3,5,6,1975,0,0,0,NA,0,005,AMAR RD,TEMPLE AV,2,E,N,A,-,N,NA,NA,NA,NA,NA,NA,NA,NA,NA,Y,4,0,1,2,A,-,12,22450,A,N,D,C,A,A,H,-,C,A,0,NA,NA,NA,NA,Y,NA,D,22,0,0,1,0,0,0,0,0,0,-,-,34.02927017211914,-117.91004943847656,LOS ANGELES,WEST COVINA,-117.91007232666016,34.029197692871094
92205133,2023,2023-10-23,9565,2023-10-06,1450,023177,NA,5,2,7,1942,0,1,1,NA,2,062,I-405 S/B (SAN DIEGO FWY),NATIONAL BLVD.,625,S,N,A,-,Y,LA,NA,405,NA,NA,29.047,H,NA,L,Y,4,0,2,4,A,-,08,22107,NA,N,C,C,A,A,H,-,A,D,0,NA,NA,NA,NA,Y,NA,A,07,0,0,2,0,0,0,0,0,0,-,-,34.02531814575195,-118.4289093017578,LOS ANGELES,LOS ANGELES,-118.42896270751952,34.025291442871094
92205148,2023,2023-10-23,9565,2023-10-11,1000,015275,NA,3,1,7,1942,0,1,1,NA,2,063,I-405 S/B,SUNSET BOULEVARD,1056,S,N,A,-,Y,LA,NA,405,NA,NA,32.728,H,NA,L,N,4,0,1,3,A,-,03,22350,NA,N,C,C,A,A,H,-,A,D,0,NA,NA,NA,Y,Y,NA,F,27,0,0,1,0,0,0,0,0,0,-,-,34.069549560546875,-118.46410369873048,LOS ANGELES,LOS ANGELES,-118.46405029296876,34.069580078125
92205149,2023,2023-10-23,9565,2023-10-11,725,015587,NA,3,1,7,1942,0,1,1,NA,2,062,I-405 N/B (SAN DIEGO FREEWAY),I-10 FREEWAY,100,N,N,B,-,Y,LA,NA,405,NA,NA,29.568,H,NA,R,N,4,0,1,2,A,-,07,21658,A,N,B,C,A,A,H,-,A,D,0,NA,NA,NA,Y,Y,NA,G,25,0,0,1,0,0,0,0,0,0,-,-,34.03166961669922,-118.43370819091795,LOS ANGELES,LOS ANGELES,-118.43374633789064,34.031646728515625
92205263,2023,2023-10-23,9590,2023-10-15,1115,023252,NA,7,1,7,1942,0,1,1,NA,2,061,I-10 W/B (SANTA MONICA FREEWAY),REDONDO BOULEVARD,335,W,N,A,-,Y,LA,NA,10,NA,R,10.059,H,NA,L,N,4,0,1,2,A,-,03,22350,NA,N,C,C,A,A,H,-,A,D,0,NA,NA,NA,NA,Y,NA,A,01,0,0,1,0,0,0,0,0,0,-,-,34.034000396728516,-118.3568878173828,LOS ANGELES,LOS ANGELES,-118.35689544677734,34.03406524658203
92205265,2023,2023-10-23,9550,2023-08-20,600,022167,NA,7,1,7,1941,0,1,3,NA,2,091,SR-91 W/B,BIXBY AVENUE,250,E,N,B,C,Y,LA,NA,91,NA,R,15.931,H,NA,L,Y,4,0,1,2,A,-,03,22350,NA,F,B,C,A,B,H,-,B,D,0,NA,NA,NA,NA,Y,NA,A,01,0,0,1,0,0,0,0,0,0,-,-,33.8763313293457,-118.11995697021484,LOS ANGELES,LONG BEACH,-118.11995697021484,33.876319885253906
92205268,2023,2023-10-23,9590,2023-10-06,605,022698,NA,5,1,7,1942,0,1,1,NA,2,052,I-110 NORTHBOUND (HARBOR FREEWAY),FIGUEROA STREET,100,S,N,A,-,Y,LA,NA,110,NA,NA,20.891,H,NA,R,N,3,0,1,2,A,-,08,22107,NA,N,B,A,A,A,H,-,B,D,0,NA,NA,NA,NA,Y,NA,A,01,0,1,0,0,0,0,0,0,0,-,-,34.030189514160156,-118.27435302734376,LOS ANGELES,LOS ANGELES,-118.27434539794922,34.030189514160156
92205279,2023,2023-10-23,9525,2023-10-17,755,020552,NA,2,1,1,1934,0,1,1,NA,2,203,I-210 W/B (FOOTHILL FWY),I-605 FREEWAY,2112,E,N,A,-,Y,LA,NA,210,NA,R,36.893,H,NA,L,N,4,0,2,2,A,-,03,22350,NA,N,C,C,A,A,H,-,A,D,0,NA,NA,NA,NA,Y,NA,D,22,0,0,2,0,0,0,0,0,0,-,-,34.13209915161133,-117.94960021972656,LOS ANGELES,IRWINDALE,-117.94957733154295,34.132137298583984
92205281,2023,2023-10-23,9525,2023-10-18,630,019146,NA,3,1,4,1913,0,1,1,NA,2,219,SR-210 W/B (FOOTHILL FWY),MONTE VISTA AVE,100,W,N,A,-,Y,LA,NA,210,NA,R,51.692,H,NA,L,N,4,0,1,3,A,-,03,22350,NA,N,C,C,A,A,H,-,B,D,0,NA,NA,NA,NA,Y,NA,A,01,0,0,1,0,0,0,0,0,0,-,-,34.120601654052734,-117.69893646240234,LOS ANGELES,CLAREMONT,-117.6989517211914,34.12062454223633
92205282,2023,2023-10-23,9525,2023-10-19,635,018761,NA,4,1,9,1900,0,2,4,NA,2,022,SAN BERNARDINO RD.,IRWINDALE AVE,0,NA,Y,A,-,N,NA,NA,NA,NA,NA,NA,NA,NA,NA,N,4,0,1,2,A,-,12,21453,A,N,D,C,A,A,H,-,B,A,0,NA,NA,NA,NA,Y,NA,D,22,0,0,1,0,0,0,0,0,0,-,-,34.089820861816406,-117.9341278076172,LOS ANGELES,UNINCORPORATED,-117.93423461914064,34.089778900146484
92205292,2023,2023-10-23,9590,2023-10-15,1435,022741,NA,7,2,7,1942,0,1,1,NA,2,010,SR-110 N/B (ASP) TO I-5 N/B (GSF),RIVERSIDE DRIVE,900,N,N,A,-,Y,LA,NA,5,NA,NA,20.895,H,NA,R,N,4,0,1,2,A,-,03,22350,NA,F,C,C,A,A,H,-,A,D,0,NA,NA,NA,NA,Y,NA,-,99,0,0,1,0,0,0,0,0,0,-,-,34.085121154785156,-118.23058319091795,LOS ANGELES,LOS ANGELES,-118.23072052001952,34.08498764038086
92205306,2023,2023-10-23,9590,2023-10-20,1745,022741,NA,5,2,7,1942,0,1,1,NA,2,062,I-10 E/B (SANTA MONICA FREEWAY),VERMONT AVENUE,475,E,N,A,-,Y,LA,NA,10,NA,R,13.917,H,NA,R,N,4,0,2,2,A,-,03,22350,NA,N,C,C,A,A,H,-,B,D,0,NA,NA,NA,NA,Y,NA,A,07,0,0,2,0,0,0,0,0,0,-,-,34.03683090209961,-118.28987884521484,LOS ANGELES,LOS ANGELES,-118.28987884521484,34.03681945800781
92205378,2023,2023-10-23,9545,2023-10-21,240,022678,NA,6,3,9,1900,0,1,3,NA,2,031,SR-14 S/B (ANTELOPE VALLEY FREEWAY),SANTIAGO RD,2773,N,N,A,-,Y,LA,NA,14,NA,R,51.308,H,NA,L,Y,2,0,2,1,A,-,01,23153,A,N,E,J,A,A,H,-,D,D,0,NA,NA,NA,NA,Y,Y,A,01,1,1,0,0,0,0,0,0,0,-,-,34.48556137084961,-118.15425872802734,LOS ANGELES,UNINCORPORATED,-118.1542510986328,34.485618591308594
9220538,2021,2021-03-13,1942,2021-01-24,1025,37146,0361,7,5,7,1942,0,0,0,C,0,3A41,STEVELY AV,AUGUST ST,300,S,N,A,-,N,NA,NA,NA,NA,NA,NA,NA,NA,NA,N,4,0,1,3,A,-,03,22350,NA,F,C,C,A,A,H,-,A,D,0,NA,NA,NA,NA,Y,NA,-,99,0,0,1,0,0,0,0,0,0,-,-,NA,NA,LOS ANGELES,LOS ANGELES,-118.35362243652344,34.016456604003906
92205385,2023,2023-10-23,9575,2023-08-21,1430,023126,NA,1,2,7,1942,0,1,3,NA,2,041,SR-134 W/B (VENTURA FREEWAY),PATRICIAN WAY.,95,E,N,A,-,Y,LA,NA,134,NA,R,11.714,H,NA,L,N,3,0,1,1,A,-,08,22107,NA,N,F,A,A,A,H,-,A,D,0,NA,NA,NA,NA,Y,NA,A,07,0,1,0,0,0,0,0,0,0,-,-,34.141578674316406,-118.18157958984376,LOS ANGELES,LOS ANGELES,-118.18158721923828,34.14155578613281
92205390,2023,2023-10-23,9575,2023-10-18,745,023413,NA,3,1,6,1925,0,1,3,NA,2,042,SR-134 E/B (VENTURA FREEWAY),JACKSON STREET,145,W,N,A,-,Y,LA,NA,134,NA,R,7.367,H,NA,R,N,3,0,2,2,A,-,08,22107,NA,N,B,2,A,A,H,-,A,D,0,NA,NA,NA,NA,Y,NA,A,07,0,2,0,0,0,0,0,0,0,-,-,34.156349182128906,-118.25089263916016,LOS ANGELES,GLENDALE,-118.25089263916016,34.15627670288086
92205393,2023,2023-10-23,9575,2023-10-12,2254,021712,NA,4,3,7,1942,0,1,3,NA,2,044,SR-134 W/B (VENTURA FREEWAY),LEDGE AVE,120,W,N,A,-,Y,LA,NA,134,NA,NA,1.083,H,NA,L,N,4,0,2,2,A,-,03,22350,NA,F,C,C,A,A,H,-,C,D,0,NA,NA,NA,NA,Y,NA,A,01,0,0,2,0,0,0,0,0,0,-,-,34.15317153930664,-118.35759735107422,LOS ANGELES,LOS ANGELES,-118.35760498046876,34.153133392333984
92205396,2023,2023-10-23,9550,2023-10-15,540,022167,NA,7,3,6,1949,0,1,1,NA,2,501,I-5 N/B TO NORWALK BOULEVARD,NORWALK BOULEVARD,440,S,N,A,-,Y,NA,NA,NA,NA,NA,NA,NA,NA,NA,Y,3,0,1,1,A,-,03,22350,NA,N,E,I,A,A,H,-,D,D,0,NA,NA,NA,NA,Y,NA,-,-,0,1,0,0,0,0,0,0,0,-,-,33.91181182861328,-118.0719985961914,LOS ANGELES,NORWALK,-118.0719985961914,33.91181182861328
92205397,2023,2023-10-23,9575,2023-10-15,2113,022839,NA,7,2,6,1953,0,1,1,NA,2,063,I-210 E/B (FOOTHILL FREEWAY),CASITAS AVENUE,475,W,N,A,-,Y,LA,NA,210,NA,R,22.753,H,NA,R,N,4,0,1,2,A,-,21,22106,NA,N,C,C,A,A,H,-,C,D,0,NA,NA,NA,Y,Y,NA,G,25,0,0,1,0,0,0,0,0,0,-,-,34.1786003112793,-118.16567230224608,LOS ANGELES,PASADENA,-118.16562652587892,34.178646087646484
92205398,2023,2023-10-23,9550,2023-10-21,615,022790,NA,6,1,5,1919,0,1,1,NA,2,652,INTERSTATE 605 SOUTHBOUND (SAN GABRIEL RIVER FREEW,SOUTH STREET,400,S,N,A,-,Y,LA,NA,605,NA,R,3.675,H,NA,L,N,3,0,3,2,A,-,01,23152,A,N,C,C,A,A,H,-,C,D,0,NA,NA,NA,NA,Y,Y,A,07,0,3,0,0,0,0,0,0,0,-,-,33.857261657714844,-118.09603881835938,LOS ANGELES,CERRITOS,-118.09610748291016,33.85725021362305
92205412,2023,2023-10-23,9550,2023-09-30,755,022167,NA,6,1,5,1919,0,1,3,NA,2,091,SR-91 E/B,SAN GABRIEL RIVER,20,E,N,A,-,Y,LA,NA,91,NA,R,16.668,H,NA,R,N,4,0,2,2,A,-,08,22107,NA,N,E,I,A,A,H,-,A,D,0,NA,NA,NA,NA,Y,NA,A,01,0,0,2,0,0,0,0,0,0,-,-,33.87656021118164,-118.10720825195313,LOS ANGELES,CERRITOS,-118.10720825195313,33.87655258178711
92205417,2023,2023-10-23,9550,2023-09-30,820,022167,NA,6,1,5,1919,0,1,3,NA,2,091,SR-91 E/B TO I-605,SAN GABRIEL RIVER,45,E,N,A,-,Y,LA,NA,91,NA,R,16.676,H,NA,R,N,4,0,1,2,A,-,03,22350,NA,F,C,C,A,A,H,-,A,D,0,NA,NA,NA,NA,Y,NA,-,99,0,0,1,0,0,0,0,0,0,-,-,33.87644958496094,-118.10710144042967,LOS ANGELES,CERRITOS,-118.10708618164064,33.87653732299805
92205434,2023,2024-02-12,9565,2023-06-14,1340,022780,NA,3,1,9,1900,0,3,5,NA,2,002,BUDLONG AVENUE,96TH STREET,0,NA,Y,A,-,Y,NA,NA,NA,NA,NA,NA,NA,NA,NA,N,4,0,1,2,A,-,12,22450,A,F,D,C,A,A,H,-,A,A,0,NA,NA,Y,NA,Y,NA,-,99,0,0,1,0,0,0,0,0,1,-,-,33.94871139526367,-118.29591369628906,LOS ANGELES,UNINCORPORATED,-118.29592895507813,33.94868469238281
92205538,2023,2023-10-23,9575,2023-10-12,640,023016,NA,4,1,7,1942,0,1,1,NA,2,052,I-5 S/B (GOLDEN STATE FREEWAY),ROSCOE BLVD,57,N,N,A,-,Y,LA,NA,5,NA,NA,33.298,H,NA,L,Y,3,0,1,4,A,-,07,21658,A,N,E,I,A,A,H,-,A,D,0,NA,NA,Y,NA,Y,NA,A,01,0,1,0,0,0,0,0,0,1,-,-,34.22154998779297,-118.3600616455078,LOS ANGELES,LOS ANGELES,-118.36009216308594,34.22145080566406
92205539,2023,2023-11-02,9575,2023-10-13,1850,023126,NA,5,2,9,1900,0,2,4,NA,2,020,ALTADENA DR,FAIR OAKS AVE,0,NA,Y,A,-,N,NA,NA,NA,NA,NA,NA,NA,NA,NA,N,4,0,1,2,A,-,09,21801,A,N,D,2,A,A,H,-,C,A,0,NA,NA,NA,NA,Y,NA,A,07,0,0,1,0,0,0,0,0,0,-,-,34.194610595703125,-118.14734649658205,LOS ANGELES,UNINCORPORATED,-118.14736938476564,34.19456481933594
92205540,2023,2023-10-23,9575,2023-10-13,1930,023126,NA,5,2,9,1900,0,2,4,NA,2,020,ALTADENA DR.,MIDWICK DR.,65,S,N,A,-,N,NA,NA,NA,NA,NA,NA,NA,NA,NA,N,4,0,1,2,A,-,08,22107,NA,N,D,4,A,A,H,-,D,D,0,NA,NA,NA,NA,Y,NA,A,07,0,0,1,0,0,0,0,0,0,-,-,34.18421173095703,-118.10153198242188,LOS ANGELES,UNINCORPORATED,-118.10157775878906,34.18409729003906
92205542,2023,2023-10-23,9575,2023-10-15,1400,022629,NA,7,2,7,1942,0,1,3,NA,2,043,SR-134 E/B (VENTURA FREEWAY),FOREST LAWN DR.,98,E,N,A,-,Y,LA,NA,134,NA,NA,3.912,H,NA,R,N,4,0,2,4,A,-,08,22107,NA,N,C,C,A,A,H,-,A,D,0,NA,NA,NA,NA,Y,NA,A,01,0,0,2,0,0,0,0,0,0,-,-,34.15528869628906,-118.3093719482422,LOS ANGELES,LOS ANGELES,-118.3093490600586,34.15522384643555
92205546,2023,2023-10-23,9530,2023-09-29,1215,022986,NA,5,1,9,1900,0,1,1,NA,2,120,I-110 N/B (HARBOR FREEWAY),DEL AMO BLVD.,1500,N,N,A,-,Y,LA,NA,110,NA,NA,8.359,H,NA,R,Y,4,0,1,4,A,-,03,22350,NA,F,C,C,A,A,H,-,A,D,0,NA,NA,NA,Y,Y,NA,G,26,0,0,1,0,0,0,0,0,0,-,-,33.850868225097656,-118.28482818603516,LOS ANGELES,UNINCORPORATED,-118.28487396240234,33.850868225097656
92205553,2023,2023-10-23,9530,2023-10-06,1340,023188,NA,5,1,9,1900,0,1,1,NA,2,210,I-105 E/B (GLENN ANDERSON FWY),MONA BLVD.,300,W,N,A,-,Y,LA,NA,105,NA,R,10.248,H,NA,R,N,3,0,1,3,A,-,07,21658,A,N,C,C,A,A,H,-,A,D,0,NA,NA,Y,NA,Y,NA,A,07,0,1,0,0,0,0,0,0,1,-,-,33.92810821533203,-118.23120880126952,LOS ANGELES,UNINCORPORATED,-118.23119354248048,33.92803955078125
92205554,2023,2023-10-23,9550,2023-10-12,1425,022631,NA,4,2,9,1900,0,1,1,NA,2,650,I605 NB,TELEGRAPH RD.,1000,S,N,A,-,Y,LA,NA,605,NA,R,9.928,H,NA,R,N,4,0,3,4,A,-,03,22350,NA,N,C,C,A,A,H,-,A,D,0,NA,NA,NA,NA,Y,NA,A,07,0,0,3,0,0,0,0,0,0,-,-,33.945430755615234,-118.09438323974608,LOS ANGELES,UNINCORPORATED,-118.09430694580078,33.94540023803711
92205556,2023,2023-10-23,9575,2023-10-11,1240,021795,NA,3,1,7,1942,0,1,1,NA,2,052,I-5 S/B (GOLDEN STATE FREEWAY),LAUREL CANYON BLVD.,350,S,N,A,-,Y,LA,NA,5,NA,NA,35.855,H,NA,L,Y,4,0,1,3,A,-,03,22350,NA,N,C,C,A,A,H,-,A,D,0,NA,NA,NA,Y,Y,NA,A,08,0,0,1,0,0,0,0,0,0,-,-,34.23106002807617,-118.40161895751952,LOS ANGELES,LOS ANGELES,-118.401611328125,34.231109619140625
92205558,2023,2023-10-23,9550,2023-10-12,820,020025,NA,4,1,5,1919,0,1,3,NA,2,091,SR-91EB,I-605,200,E,N,A,-,Y,LA,NA,91,NA,R,16.971,H,NA,R,Y,4,0,1,4,A,-,08,22107,NA,N,B,C,A,A,H,-,A,D,0,NA,NA,NA,NA,Y,NA,A,01,0,0,1,0,0,0,0,0,0,-,-,33.87636947631836,-118.10195159912108,LOS ANGELES,CERRITOS,-118.10195159912108,33.87635040283203
92205579,2023,2023-10-23,9530,2023-10-11,510,023455,NA,3,3,7,1941,0,1,1,NA,2,120,I-110 N/B (HARBOR FREEWAY),CHANNEL ST,500,N,N,B,-,Y,LA,NA,110,NA,R,1.377,H,NA,R,Y,4,0,1,2,A,-,07,21658,A,N,B,C,A,A,H,-,D,D,0,NA,NA,NA,NA,Y,NA,A,08,0,0,1,0,0,0,0,0,0,-,-,33.755401611328125,-118.29093170166016,LOS ANGELES,LONG BEACH,-118.29095458984376,33.755401611328125
92205582,2023,2023-10-23,9575,2023-10-16,830,022526,NA,1,1,7,1942,0,1,1,NA,2,053,I-5 N/B (GOLDEN STATE FREEWAY),VAN NUYS BOULEVARD,1510,N,N,A,-,Y,LA,NA,5,NA,NA,38.82,H,NA,R,Y,4,0,3,2,A,-,03,22350,NA,N,C,C,A,A,H,-,A,D,0,NA,NA,NA,NA,Y,NA,A,01,0,0,3,0,0,0,0,0,0,-,-,34.260101318359375,-118.43833923339844,LOS ANGELES,LOS ANGELES,-118.43844604492188,34.2600212097168
92205611,2023,2023-10-23,9575,2023-10-15,2045,023236,NA,7,2,6,1953,0,1,1,NA,2,063,I-210 E/B (FOOTHILL FREEWAY),WASHINGTON BOULEVARD,310,W,N,A,-,Y,LA,NA,210,NA,R,23.495,H,NA,R,Y,4,0,3,3,A,-,03,22350,NA,N,C,C,A,A,H,-,D,D,0,NA,NA,NA,NA,Y,NA,A,07,0,0,3,0,0,0,0,0,0,-,-,34.170509338378906,-118.1580810546875,LOS ANGELES,PASADENA,-118.15798950195313,34.17051696777344
92205613,2023,2023-10-23,9530,2023-09-28,1802,023048,NA,4,2,9,1900,0,3,5,NA,2,002,MONA BLVD.,132ND ST,40,S,N,A,-,Y,NA,NA,NA,NA,NA,NA,NA,NA,NA,N,3,0,1,2,A,-,09,21804,A,N,G,G,A,A,H,-,A,D,0,NA,Y,NA,NA,Y,NA,L,04,0,1,0,0,0,0,1,0,0,-,-,33.9122314453125,-118.22582244873048,LOS ANGELES,UNINCORPORATED,-118.2259521484375,33.91248321533203