CASE_ID,ACCIDENT_YEAR,PROC_DATE,JURIS,COLLISION_DATE,COLLISION_TIME,OFFICER_ID,REPORTING_DISTRICT,DAY_OF_WEEK,CHP_SHIFT,POPULATION,CNTY_CITY_LOC,SPECIAL_COND,BEAT_TYPE,CHP_BEAT_TYPE,CITY_DIVISION_LAPD,CHP_BEAT_CLASS,BEAT_NUMBER,PRIMARY_RD,SECONDARY_RD,DISTANCE,DIRECTION,INTERSECTION,WEATHER_1,WEATHER_2,STATE_HWY_IND,CALTRANS_COUNTY,CALTRANS_DISTRICT,STATE_ROUTE,ROUTE_SUFFIX,POSTMILE_PREFIX,POSTMILE,LOCATION_TYPE,RAMP_INTERSECTION,SIDE_OF_HWY,TOW_AWAY,COLLISION_SEVERITY,NUMBER_KILLED,NUMBER_INJURED,PARTY_COUNT,PRIMARY_COLL_FACTOR,PCF_CODE_OF_VIOL,PCF_VIOL_CATEGORY,PCF_VIOLATION,PCF_VIOL_SUBSECTION,HIT_AND_RUN,TYPE_OF_COLLISION,MVIW,PED_ACTION,ROAD_SURFACE,ROAD_COND_1,ROAD_COND_2,LIGHTING,CONTROL_DEVICE,CHP_ROAD_TYPE,PEDESTRIAN_ACCIDENT,BICYCLE_ACCIDENT,MOTORCYCLE_ACCIDENT,TRUCK_ACCIDENT,NOT_PRIVATE_PROPERTY,ALCOHOL_INVOLVED,STWD_VEHTYPE_AT_FAULT,CHP_VEHTYPE_AT_FAULT,COUNT_SEVERE_INJ,COUNT_VISIBLE_INJ,COUNT_COMPLAINT_PAIN,COUNT_PED_KILLED,COUNT_PED_INJURED,COUNT_BICYCLIST_KILLED,COUNT_BICYCLIST_INJURED,COUNT_MC_KILLED,COUNT_MC_INJURED,PRIMARY_RAMP,SECONDARY_RAMP,LATITUDE,LONGITUDE,COUNTY,CITY,POINT_X,POINT_Y
92206533,2023,2023-10-23,9550,2023-10-14,2255,023073,NA,6,3,9,1900,0,2,4,NA,1,022,LEFFINGWELL RD,COLIMA RD,0,NA,Y,A,-,N,NA,NA,NA,NA,NA,NA,NA,NA,NA,Y,4,0,4,2,A,-,09,21801,A,N,D,C,A,A,H,-,C,A,0,NA,NA,NA,NA,Y,NA,A,08,0,0,4,0,0,0,0,0,0,-,-,33.923709869384766,-118.02552032470705,LOS ANGELES,UNINCORPORATED,-118.0255126953125,33.92372512817383
92206550,2023,2023-10-24,9535,2023-10-18,650,023384,NA,3,1,9,1900,0,1,3,NA,2,600,SR-60 EASTBOUND (POMONA FREEWAY),SUNOL DR,20,E,N,A,-,Y,LA,NA,60,NA,R,2.763,H,NA,R,N,4,0,1,2,A,-,07,21658,A,M,E,I,A,A,H,-,A,D,0,NA,NA,NA,NA,Y,NA,A,01,0,0,1,0,0,0,0,0,0,-,-,34.034000396728516,-118.17861938476564,LOS ANGELES,UNINCORPORATED,-118.1786880493164,34.03415298461914
92206558,2023,2023-10-24,9550,2023-10-15,127,023321,NA,7,3,9,1900,0,2,4,NA,1,052,COLIMA ROAD,FULLERTON ROAD,200,E,N,A,-,N,NA,NA,NA,NA,NA,NA,NA,NA,NA,N,4,0,1,1,A,-,08,22107,NA,N,E,I,A,A,H,-,C,D,0,NA,Y,NA,NA,Y,NA,L,04,0,0,1,0,0,0,1,0,0,-,-,33.98793029785156,-117.89881134033205,LOS ANGELES,UNINCORPORATED,-117.90503692626952,33.98831558227539
92206881,2023,2023-10-24,9590,2023-03-22,210,022720,NA,3,3,7,1942,0,1,1,NA,2,053,INTERSTATE-110 SOUTHBOUND (HARBOR FREEWAY),THE NORTH ROAD EDGE OF 7TH STREET OVERCROSSING,56,S,N,B,C,Y,LA,NA,110,NA,NA,22.557,H,NA,L,N,1,1,0,2,A,-,11,21954,A,F,G,B,E,B,H,-,D,D,0,Y,NA,NA,NA,Y,NA,N,60,0,0,0,1,0,0,0,0,0,-,-,34.05022048950195,-118.26265716552734,LOS ANGELES,LOS ANGELES,-118.26277160644533,34.05034637451172
92206898,2023,2023-10-24,9545,2023-10-14,1700,022679,NA,6,2,9,1900,0,1,3,NA,1,042,SR-138,116TH STREET EAST,0,NA,Y,A,-,Y,LA,NA,138,NA,NA,58.678,H,NA,R,Y,3,0,1,2,A,-,03,22350,NA,M,D,C,A,A,H,-,A,A,0,NA,NA,NA,NA,Y,NA,A,01,0,1,0,0,0,0,0,0,0,-,-,34.506309509277344,-117.92282104492188,LOS ANGELES,UNINCORPORATED,-117.92279815673828,34.50636672973633
92206901,2023,2023-10-24,9545,2023-10-18,1225,019414,NA,3,1,9,1900,0,3,5,NA,2,002,ELIZABETH LAKE RD,SAGE TREE ST,0,NA,Y,A,-,N,NA,NA,NA,NA,NA,NA,NA,NA,NA,Y,2,0,2,2,A,-,09,21802,A,N,D,C,A,A,H,-,A,A,0,NA,NA,Y,NA,Y,NA,C,02,1,1,0,0,0,0,0,0,1,-,-,34.587181091308594,-118.15157318115234,LOS ANGELES,UNINCORPORATED,-118.15155029296876,34.587162017822266
92206934,2023,2023-10-24,9530,2023-10-12,940,020938,NA,4,1,9,1900,0,3,5,NA,2,003,COMPTON BLVD (4400 BLOCK),ATLANTIC AVE,5,W,N,A,-,N,NA,NA,NA,NA,NA,NA,NA,NA,NA,N,3,0,1,2,A,-,10,21950,A,N,G,B,B,A,H,-,A,A,0,Y,NA,NA,NA,Y,NA,A,01,0,1,0,0,1,0,0,0,0,-,-,33.89609909057617,-118.193603515625,LOS ANGELES,UNINCORPORATED,-118.19345855712892,33.89616012573242
92206988,2023,2023-10-24,9530,2023-10-12,1715,022585,NA,4,2,9,1900,0,3,5,NA,2,005,REDONDO BEACH BLVD.  (3300 BLOCK),YUKON AVE.,90,E,N,A,-,N,NA,NA,NA,NA,NA,NA,NA,NA,NA,N,4,0,1,1,A,-,03,22350,NA,N,F,A,A,A,H,-,A,D,0,NA,NA,Y,NA,Y,NA,C,02,0,0,1,0,0,0,0,0,1,-,-,33.88029861450195,-118.33482360839844,LOS ANGELES,UNINCORPORATED,-118.3349380493164,33.88018035888672
92206993,2023,2023-10-24,9590,2023-10-12,1920,022088,NA,4,2,7,1942,0,1,2,NA,2,073,US-101 SOUTHBOUND (HOLLYWOOD FREEWAY),MULHOLLAND DRIVE O/C,5280,S,N,A,-,Y,LA,NA,101,NA,NA,8.476,H,NA,L,N,4,0,2,2,A,-,03,22350,NA,N,C,C,A,A,H,-,C,D,0,NA,NA,NA,NA,Y,NA,A,01,0,0,2,0,0,0,0,0,0,-,-,34.120269775390625,-118.33901214599608,LOS ANGELES,LOS ANGELES,-118.33895111083984,34.12030029296875
92207040,2023,2023-11-09,9530,2023-10-12,1650,023090,NA,4,2,9,1900,0,3,5,NA,2,001,COMPTON AVE.,GAGE AVE.,8,S,N,A,-,N,NA,NA,NA,NA,NA,NA,NA,NA,NA,N,3,0,1,2,A,-,11,21453,D,N,A,A,B,A,H,-,A,A,0,Y,NA,NA,NA,Y,NA,-,-,0,1,0,0,1,0,0,0,0,-,-,33.98196029663086,-118.24770355224608,LOS ANGELES,UNINCORPORATED,-118.24774169921876,33.98203659057617
92207048,2023,2023-10-24,9590,2023-10-12,1844,022136,NA,4,2,7,1942,0,1,1,NA,2,052,I-110 N/B (HARBOR FREEWAY),JAMES M. WOOD BLVD.,170,S,N,A,-,Y,LA,NA,110,NA,NA,22.246,H,NA,R,N,3,0,1,2,A,-,07,21658,A,N,B,C,A,A,H,-,C,D,0,NA,NA,Y,NA,Y,NA,A,01,0,1,0,0,0,0,0,0,1,-,-,34.047489166259766,-118.26689910888672,LOS ANGELES,LOS ANGELES,-118.26699066162108,34.0475959777832
92207083,2023,2023-10-24,9530,2023-10-12,1435,023456,NA,4,2,9,1900,0,3,5,NA,2,001,COMPTON AVENUE (7200 BLOCK),73RD STREET,45,N,N,A,-,N,NA,NA,NA,NA,NA,NA,NA,NA,NA,N,3,0,1,2,A,-,10,21950,A,N,G,B,D,A,H,-,A,D,0,Y,NA,NA,NA,Y,NA,D,22,0,1,0,0,1,0,0,0,0,-,-,33.974220275878906,-118.2476806640625,LOS ANGELES,UNINCORPORATED,-118.24767303466795,33.97403335571289
92207110,2023,2023-10-24,9580,2023-10-16,1855,023440,NA,1,2,7,1942,0,1,3,NA,2,170,SR-170 N/B (HOLLYWOOD FWY.),STRATHERN ST,528,N,N,A,-,Y,LA,NA,170,NA,R,19.47,H,NA,R,Y,3,0,2,3,A,-,08,22107,NA,N,B,C,A,A,H,-,C,D,0,NA,NA,NA,NA,Y,NA,A,01,0,2,0,0,0,0,0,0,0,-,-,34.217891693115234,-118.40901184082033,LOS ANGELES,LOS ANGELES,-118.40901184082033,34.21788787841797
92207112,2023,2023-10-24,9530,2023-10-11,1320,020816,NA,3,1,9,1900,0,3,5,NA,2,001,FIRESTONE BLVD.,BEACH ST.,0,NA,Y,A,-,N,NA,NA,NA,NA,NA,NA,NA,NA,NA,N,4,0,2,2,A,-,09,21801,A,N,D,C,A,A,H,-,A,D,0,NA,NA,NA,NA,Y,NA,A,07,0,0,2,0,0,0,0,0,0,-,-,33.9600715637207,-118.2419662475586,LOS ANGELES,UNINCORPORATED,-118.24195098876952,33.96015167236328
92207178,2023,2023-10-24,9530,2023-09-26,1830,023456,NA,2,2,9,1900,0,3,5,NA,2,002,REDONDO BEACH BOULEVARD (200 BLOCK),MAIN STREET,1267,E,N,A,-,N,NA,NA,NA,NA,NA,NA,NA,NA,NA,Y,3,0,3,4,A,-,03,22350,NA,N,C,2,A,A,H,-,A,D,0,NA,NA,NA,NA,Y,NA,A,01,0,1,2,0,0,0,0,0,0,-,-,33.89305877685547,-118.27352905273438,LOS ANGELES,UNINCORPORATED,-118.27622985839844,33.892921447753906
92207207,2023,2023-10-24,9575,2023-10-22,300,023227,NA,7,3,6,1912,0,1,1,NA,2,051,I-5 N/B (GOLDEN STATE FREEWAY),BURBANK BLVD,2000,N,N,A,-,Y,LA,NA,5,NA,NA,30.189,H,NA,R,Y,2,0,4,2,A,-,01,23153,A,F,A,C,A,A,H,-,C,D,0,NA,NA,NA,NA,Y,Y,A,01,1,3,0,0,0,0,0,0,0,-,-,34.18891143798828,-118.32363128662108,LOS ANGELES,BURBANK,-118.32359313964844,34.18894577026367
92207215,2023,2023-10-24,9565,2023-10-12,645,022775,NA,4,1,5,1928,0,1,1,NA,2,012,I-105 WESTBOUND,CRENSHAW BOULEVARD,3800,E,N,A,-,Y,LA,NA,105,NA,R,5.47,H,NA,L,Y,3,0,1,2,A,-,08,22107,NA,F,B,C,A,A,H,-,A,D,0,NA,NA,Y,NA,Y,NA,-,99,0,1,0,0,0,0,0,0,1,-,-,33.92552947998047,-118.31369018554688,LOS ANGELES,HAWTHORNE,-118.31369018554688,33.925601959228516
92207231,2023,2023-10-24,9535,2023-10-13,940,019857,NA,5,1,9,1900,0,1,3,NA,2,600,SR-60 E/B TO I-710,MARIANNA AVE. PEDESTRIAN OVERCROSS,60,W,N,A,-,Y,LA,NA,60,NA,R,2.938,H,NA,R,N,4,0,1,2,A,-,03,22350,NA,N,C,C,A,A,H,-,A,D,0,NA,NA,NA,NA,Y,NA,A,01,0,0,1,0,0,0,0,0,0,-,-,34.03450012207031,-118.17572021484376,LOS ANGELES,UNINCORPORATED,-118.17575073242188,34.03467559814453
92207278,2023,2023-10-24,9535,2023-10-13,1325,023022,NA,5,1,5,1952,0,1,1,NA,2,074,I-710 N/B (LONG BEACH FREEWAY),COMPTON BLVD,528,N,N,A,-,Y,LA,NA,710,NA,NA,14.633,H,NA,R,Y,3,0,2,2,A,-,03,22350,NA,N,C,C,A,A,H,-,A,D,0,NA,NA,NA,NA,Y,NA,D,22,0,1,1,0,0,0,0,0,0,-,-,33.89897155761719,-118.18711090087892,LOS ANGELES,PARAMOUNT,-118.18699645996094,33.898956298828125
92207293,2023,2023-10-24,9565,2023-10-12,1025,014952,NA,4,1,9,1900,0,3,5,NA,2,002,112TH ST.,WILTON PL.,0,NA,Y,A,-,N,NA,NA,NA,NA,NA,NA,NA,NA,NA,Y,4,0,1,2,A,-,09,21802,A,N,D,C,A,A,H,-,A,A,0,NA,NA,NA,NA,Y,NA,A,01,0,0,1,0,0,0,0,0,0,-,-,33.93193054199219,-118.31343841552734,LOS ANGELES,UNINCORPORATED,-118.31343841552734,33.931907653808594
92207311,2023,2023-10-24,9580,2023-10-19,1035,019097,NA,4,1,3,1994,0,1,2,NA,2,107,US-101 S/B (VENTURA FREEWAY) TO KANAN RD,KANAN ROAD,30,N,N,A,-,Y,NA,NA,NA,NA,NA,NA,NA,NA,NA,Y,4,0,1,2,A,-,03,22350,NA,N,C,C,A,A,H,-,A,D,0,NA,NA,NA,Y,Y,NA,A,01,0,0,1,0,0,0,0,0,0,-,-,34.14516067504883,-118.76177978515624,LOS ANGELES,AGOURA HILLS,-118.76177978515624,34.14516067504883
92207313,2023,2023-10-24,9590,2023-10-12,935,021346,NA,4,1,7,1942,0,1,1,NA,2,061,I-10 W/B (SANTA MONICA FREEWAY),CRENSHAW BOULEVARD,500,W,N,A,-,Y,LA,NA,10,NA,R,11.282,H,NA,L,N,4,0,1,2,A,-,03,22350,NA,N,C,C,A,A,H,-,A,D,0,NA,NA,NA,NA,Y,NA,-,99,0,0,1,0,0,0,0,0,0,-,-,34.03506851196289,-118.33563232421876,LOS ANGELES,LOS ANGELES,-118.33563232421876,34.03506851196289
92207328,2023,2023-10-24,9580,2023-10-19,1605,023224,NA,4,2,7,1942,0,1,3,NA,2,170,SR-170 N/B (HOLLYWOOD FWY.),SHERMAN WAY,2400,S,N,A,-,Y,LA,NA,170,NA,R,17.776,H,NA,R,N,4,0,2,3,A,-,03,22350,NA,N,C,C,A,A,A,-,A,D,0,NA,NA,NA,NA,Y,NA,A,07,0,0,2,0,0,0,0,0,0,-,-,34.19404983520508,-118.40242767333984,LOS ANGELES,LOS ANGELES,-118.40235900878906,34.19405746459961
92207339,2023,2023-10-24,9545,2023-10-19,1130,019816,NA,4,1,9,1900,0,1,3,NA,2,031,SR-14 S/B,SANTIAGO ROAD,528,N,N,A,-,Y,LA,NA,14,NA,R,50.901,H,NA,L,N,3,0,2,1,A,-,08,22107,NA,N,E,I,A,A,H,-,A,D,0,NA,NA,NA,NA,Y,NA,A,01,0,1,1,0,0,0,0,0,0,-,-,34.48788070678711,-118.16063690185548,LOS ANGELES,UNINCORPORATED,-118.16061401367188,34.487911224365234
92207364,2023,2023-10-24,9550,2023-10-13,400,023193,NA,5,3,6,1949,0,1,1,NA,2,651,I-605 SOUTHBOUND,IMPERIAL HIGHWAY,2000,N,N,A,-,Y,LA,NA,605,NA,R,8.253,H,NA,L,Y,4,0,1,3,A,-,03,22350,NA,N,C,C,A,A,H,-,D,D,0,NA,NA,NA,NA,Y,NA,A,01,0,0,1,0,0,0,0,0,0,-,-,33.92274856567383,-118.10466766357422,LOS ANGELES,NORWALK,-118.10455322265624,33.922733306884766
92207373,2023,2023-10-24,9530,2023-09-28,1445,022670,NA,4,2,7,1941,0,1,1,NA,2,420,I-405 S/B (SAN DIEGO FREEWAY),LONG BEACH BLVD.,125,N,N,A,-,Y,LA,NA,405,NA,NA,6.399,H,NA,L,Y,3,0,1,3,D,-,00,NA,NA,N,B,C,A,A,H,-,A,D,0,NA,NA,Y,NA,Y,NA,-,-,0,1,0,0,0,0,0,0,1,-,-,33.81781005859375,-118.18978881835938,LOS ANGELES,LONG BEACH,-118.18985748291016,33.8177490234375
92207377,2023,2023-10-24,9535,2023-09-27,930,023297,NA,3,1,5,1943,0,1,1,NA,2,105,I-105 W/B (CENTURY FWY) TO I-710 S/B (LONG BEACH F,I-105 (CENTURY FREEWAY),150,S,N,A,-,Y,LA,NA,710,NA,R,15.641,H,NA,R,Y,3,0,1,1,A,-,08,22107,NA,N,E,I,A,A,H,-,A,D,0,NA,NA,NA,NA,Y,NA,A,07,0,1,0,0,0,0,0,0,0,-,-,33.912078857421875,-118.18000030517578,LOS ANGELES,LYNWOOD,-118.18008422851564,33.91209030151367
92207388,2023,2023-10-24,9540,2023-10-15,516,022774,NA,7,3,7,1942,0,1,1,NA,1,501,I-5 S/B,SAN FERNANDO MISSION BLVD,6710,N,N,A,-,Y,LA,NA,5,NA,NA,41.539,H,NA,L,Y,3,0,2,2,A,-,03,22350,NA,N,B,C,A,A,H,-,D,D,0,NA,NA,NA,NA,Y,Y,A,01,0,1,1,0,0,0,0,0,0,-,-,34.29072189331055,-118.46724700927734,LOS ANGELES,LOS ANGELES,-118.46730041503906,34.29068374633789
92207394,2023,2023-10-24,9550,2023-10-12,705,018187,NA,4,1,9,1900,0,3,5,NA,2,002,MILLS AVE,LIGHT ST,0,NA,Y,A,-,N,NA,NA,NA,NA,NA,NA,NA,NA,NA,N,4,0,1,2,A,-,05,21650,NA,N,D,G,A,A,H,-,A,A,0,NA,Y,NA,NA,Y,NA,L,04,0,0,1,0,0,0,1,0,0,-,-,33.94116973876953,-118.03167724609376,LOS ANGELES,UNINCORPORATED,-118.03158569335938,33.941078186035156
92207398,2023,2023-10-24,9550,2023-10-12,1208,018187,NA,4,1,9,1900,0,2,4,NA,1,011,WORKMAN MILL RD,MISSION MILL RD,0,NA,Y,A,-,N,NA,NA,NA,NA,NA,NA,NA,NA,NA,N,4,0,2,2,A,-,08,22107,NA,N,D,C,A,A,H,-,A,A,0,NA,NA,Y,NA,Y,NA,C,02,0,0,2,0,0,0,0,0,2,-,-,34.01539993286133,-118.04395294189452,LOS ANGELES,UNINCORPORATED,-118.04402923583984,34.01534652709961
92207416,2023,2023-10-24,9535,2023-10-14,1225,020902,NA,6,1,9,1900,0,1,3,NA,2,600,SR-60 E/B (POMONA FWY),I-710,270,W,N,A,-,Y,LA,NA,60,NA,R,3.201,H,NA,R,N,4,0,1,2,A,-,07,21658,A,M,B,C,A,A,H,-,A,D,0,NA,NA,NA,NA,Y,NA,-,99,0,0,1,0,0,0,0,0,0,-,-,34.03533935546875,-118.1711883544922,LOS ANGELES,UNINCORPORATED,-118.1711883544922,34.03532028198242
92207473,2023,2023-10-24,9550,2023-10-16,730,023329,NA,1,1,9,1900,0,1,3,NA,2,602,SR-60 WESTBOUND,AZUSA AVENUE,2640,E,N,A,-,Y,LA,NA,60,NA,NA,18.415,H,NA,L,Y,4,0,1,2,A,-,03,22350,NA,N,C,C,A,A,H,-,A,D,0,NA,NA,NA,Y,Y,NA,G,26,0,0,1,0,0,0,0,0,0,-,-,33.996089935302734,-117.9235610961914,LOS ANGELES,UNINCORPORATED,-117.9235610961914,33.99610137939453
92207484,2023,2023-10-24,9525,2023-10-19,1910,019188,NA,4,2,9,1900,0,2,4,NA,2,022,CYPRESS AVE,VINCENT AVE,0,NA,Y,A,-,N,NA,NA,NA,NA,NA,NA,NA,NA,NA,Y,4,0,1,2,A,-,09,21801,A,M,D,C,A,A,H,-,C,A,0,NA,NA,NA,NA,Y,NA,-,99,0,0,1,0,0,0,0,0,0,-,-,34.09585952758789,-117.92542266845705,LOS ANGELES,UNINCORPORATED,-117.92542266845705,34.09593200683594
92207488,2023,2023-10-24,9550,2023-10-16,741,016761,NA,1,1,5,1919,0,1,3,NA,2,092,STATE ROUTE 91 WESTBOUND (ARTESIA FREEWAY),NORWALK BOULEVARD,925,E,N,A,-,Y,NA,NA,NA,NA,NA,NA,NA,NA,NA,Y,4,0,1,2,A,-,03,22350,NA,N,C,C,A,A,H,-,A,D,0,NA,NA,NA,Y,Y,NA,A,01,0,0,1,0,0,0,0,0,0,-,-,33.876121520996094,-118.06941986083984,LOS ANGELES,CERRITOS,-118.06941986083984,33.87650680541992
92207520,2023,2023-10-24,9530,2023-10-10,1548,022951,NA,2,2,9,1900,0,3,5,NA,2,002,135TH ST (200 BLOCK),BROADWAY,200,E,N,A,-,N,NA,NA,NA,NA,NA,NA,NA,NA,NA,N,4,0,2,3,A,-,03,22350,NA,N,C,C,A,A,H,-,A,D,0,NA,NA,NA,NA,Y,NA,A,01,0,0,2,0,0,0,0,0,0,-,-,33.90913009643555,-118.27771759033205,LOS ANGELES,UNINCORPORATED,-118.27775573730467,33.90916061401367
92207521,2023,2023-10-24,9525,2023-10-19,2015,019491,NA,4,2,9,1900,0,3,5,NA,2,002,VINCENT AVENUE,QUEENSIDE DRIVE,0,NA,Y,A,-,N,NA,NA,NA,NA,NA,NA,NA,NA,NA,N,3,0,1,2,A,-,08,22107,NA,F,B,G,A,A,H,-,D,D,0,NA,Y,NA,NA,Y,NA,-,99,0,1,0,0,0,0,1,0,0,-,-,34.093631744384766,-117.9253387451172,LOS ANGELES,UNINCORPORATED,-117.92560577392578,34.0934944152832
92207534,2023,2023-10-24,9590,2023-05-08,401,022698,NA,1,3,7,1942,0,1,2,NA,2,073,UNITED STATES 101 SOUTHBOUND (HOLLYWOOD FREEWAY),SANTA MONICA BOULEVARD,1170,S,N,A,-,Y,LA,NA,101,NA,NA,5.356,H,NA,L,N,1,1,2,5,A,-,05,21651,B,N,A,C,A,A,H,-,C,D,0,NA,NA,NA,NA,Y,Y,A,01,1,0,1,0,0,0,0,0,0,-,-,34.08824920654297,-118.3049087524414,LOS ANGELES,LOS ANGELES,-118.3049545288086,34.088226318359375
92207564,2023,2023-10-24,9550,2023-10-16,755,016237,NA,1,1,9,1900,0,3,5,NA,2,005,LERONA AVE.,LA GUARDIA ST.,0,NA,Y,A,-,N,NA,NA,NA,NA,NA,NA,NA,NA,NA,Y,4,0,1,2,A,-,09,21801,A,N,A,C,A,A,H,-,A,D,0,NA,NA,NA,NA,Y,NA,A,01,0,0,1,0,0,0,0,0,0,-,-,33.9781494140625,-117.88784790039064,LOS ANGELES,UNINCORPORATED,-117.88787841796876,33.978214263916016
92207572,2023,2023-10-24,9525,2023-10-14,1025,020552,NA,6,1,9,1900,0,3,5,NA,2,003,FELLOWSHIP ST,HARTVIEW AVE,500,W,N,A,-,Y,NA,NA,NA,NA,NA,NA,NA,NA,NA,N,2,0,1,2,A,-,08,22107,NA,N,C,E,A,A,H,-,A,D,0,NA,NA,NA,NA,Y,NA,A,07,1,0,0,0,0,0,0,0,0,-,-,34.04570007324219,-117.92955017089844,LOS ANGELES,UNINCORPORATED,-117.92955017089844,34.045711517333984
92207601,2023,2023-10-24,9525,2023-10-12,740,015445,NA,4,1,9,1900,0,3,5,NA,2,003,FRANCISQUITO AVE.  (15700 BLOCK),GRIFFITH AVE.,70,W,N,A,-,N,NA,NA,NA,NA,NA,NA,NA,NA,NA,N,4,0,1,2,A,-,10,21952,NA,N,G,B,F,A,H,-,A,D,0,Y,NA,NA,NA,Y,NA,A,07,0,0,1,0,1,0,0,0,0,-,-,34.05059814453125,-117.94271850585938,LOS ANGELES,UNINCORPORATED,-117.94328308105467,34.05052185058594
92207623,2023,2023-10-24,9545,2023-10-13,1730,022910,NA,5,2,9,1900,0,1,3,NA,2,011,SR-14,AVENUE E,528,S,N,A,-,Y,LA,NA,14,NA,R,72.927,H,NA,R,Y,4,0,1,2,A,-,03,22350,NA,N,C,C,A,A,H,-,A,D,0,NA,NA,NA,NA,Y,NA,D,22,0,0,1,0,0,0,0,0,0,-,-,34.76128005981445,-118.17034149169922,LOS ANGELES,UNINCORPORATED,-118.17034149169922,34.76128005981445
92207648,2023,2023-10-24,9580,2023-10-20,2030,023224,NA,5,2,7,1942,0,1,2,NA,2,102,US-101 N/B (VENTURA FREEWAY),HASKELL AVE,250,N,N,A,-,Y,LA,NA,101,NA,NA,17.651,H,NA,R,N,4,0,1,2,A,-,03,22350,NA,M,C,C,A,A,H,-,D,D,0,NA,NA,NA,NA,Y,NA,A,01,0,0,1,0,0,0,0,0,0,-,-,34.16545867919922,-118.47557830810548,LOS ANGELES,LOS ANGELES,-118.4756088256836,34.16535568237305
92207662,2023,2023-10-24,9535,2023-10-16,1750,023022,NA,1,2,6,1922,0,1,1,NA,2,400,I-10 (SAN BERNARDINO FREEWAY) E/B FROM BALDWIN AVE,BALDWIN AVE,310,E,N,A,-,Y,NA,NA,NA,NA,NA,NA,NA,NA,NA,N,4,0,1,3,A,-,03,22350,NA,N,C,C,A,A,H,-,B,D,0,NA,NA,NA,NA,Y,NA,A,07,0,0,1,0,0,0,0,0,0,-,-,34.071380615234375,-118.05274200439452,LOS ANGELES,EL MONTE,-118.05274200439452,34.071380615234375
92207668,2023,2023-10-24,9535,2023-10-14,1440,023022,NA,6,2,5,1901,0,1,1,NA,2,420,I-10 E/B (SAN BERNARDINO FREEWAY),MARGUERITA AVE PEDESTRIAN OVERCROSS,70,W,N,A,-,Y,LA,NA,10,NA,NA,23.102,H,NA,R,N,4,0,1,2,A,-,03,22350,NA,N,C,C,A,A,H,-,A,D,0,NA,NA,NA,NA,Y,NA,A,01,0,0,1,0,0,0,0,0,0,-,-,34.07133102416992,-118.1384735107422,LOS ANGELES,ALHAMBRA,-118.1384735107422,34.071258544921875
92207674,2023,2023-10-24,9535,2023-10-11,1920,022842,NA,3,2,9,1900,0,1,1,NA,2,071,I-710 S/B (LONG BEACH FREEWAY),FLORAL DR,1584,N,N,A,-,Y,LA,NA,710,NA,NA,25.476,H,NA,L,Y,3,0,1,2,C,-,18,NA,NA,N,C,C,A,A,B,-,D,D,0,NA,NA,NA,Y,Y,NA,-,-,0,1,0,0,0,0,0,0,0,-,-,34.04793167114258,-118.16783142089844,LOS ANGELES,UNINCORPORATED,-118.16783142089844,34.04793167114258
92207682,2023,2023-10-24,9580,2023-10-24,610,016413,NA,2,1,7,1942,0,1,1,NA,2,405,I-405 S/B (SAN DIEGO FWY),VICTORY BLVD,1056,S,N,A,-,Y,LA,NA,405,NA,NA,41.039,H,NA,L,N,4,0,1,2,A,-,03,22350,NA,N,C,C,A,A,H,-,D,D,0,NA,NA,NA,NA,Y,NA,A,01,0,0,1,0,0,0,0,0,0,-,-,34.18217086791992,-118.47209167480467,LOS ANGELES,LOS ANGELES,-118.47200012207033,34.18221664428711
92207698,2023,2023-10-24,9535,2023-10-13,1535,023420,NA,5,2,6,1922,0,1,1,NA,2,400,I-10 E/B (SAN BERNARDINO FREEWAY),PECK RD,1485,E,N,A,-,Y,LA,NA,10,NA,NA,29.856,H,NA,R,N,3,0,2,2,A,-,03,22350,NA,N,C,C,A,A,H,-,A,D,0,NA,NA,NA,NA,Y,NA,D,22,0,2,0,0,0,0,0,0,0,-,-,34.06766891479492,-118.02166748046876,LOS ANGELES,EL MONTE,-118.02166748046876,34.06767272949219
92207700,2023,2023-10-24,9535,2023-10-13,1520,023420,NA,5,2,9,1900,0,1,1,NA,2,651,I-605 S/B (SAN GABRIEL FREEWAY),SR-60,4615,N,N,A,-,Y,LA,NA,605,NA,R,18.306,H,NA,L,N,3,0,2,3,A,-,03,22350,NA,N,C,C,A,A,H,-,A,D,0,NA,NA,NA,Y,Y,NA,F,25,0,2,0,0,0,0,0,0,0,-,-,34.041358947753906,-118.0144271850586,LOS ANGELES,UNINCORPORATED,-118.01438903808594,34.041297912597656
92207716,2023,2023-10-24,9550,2023-10-16,810,021656,NA,1,1,6,1949,0,1,1,NA,2,150,E/B I-105 TO N/B I-605,INTERSTATE 605,1500,W,N,A,-,Y,LA,NA,105,NA,R,17.585,H,NA,R,N,4,0,1,2,A,-,03,22350,NA,N,C,C,A,A,H,-,A,D,0,NA,NA,NA,NA,Y,NA,D,22,0,0,1,0,0,0,0,0,0,-,-,33.91355895996094,-118.10900115966795,LOS ANGELES,NORWALK,-118.10900115966795,33.91379165649414