CASE_ID,ACCIDENT_YEAR,PROC_DATE,JURIS,COLLISION_DATE,COLLISION_TIME,OFFICER_ID,REPORTING_DISTRICT,DAY_OF_WEEK,CHP_SHIFT,POPULATION,CNTY_CITY_LOC,SPECIAL_COND,BEAT_TYPE,CHP_BEAT_TYPE,CITY_DIVISION_LAPD,CHP_BEAT_CLASS,BEAT_NUMBER,PRIMARY_RD,SECONDARY_RD,DISTANCE,DIRECTION,INTERSECTION,WEATHER_1,WEATHER_2,STATE_HWY_IND,CALTRANS_COUNTY,CALTRANS_DISTRICT,STATE_ROUTE,ROUTE_SUFFIX,POSTMILE_PREFIX,POSTMILE,LOCATION_TYPE,RAMP_INTERSECTION,SIDE_OF_HWY,TOW_AWAY,COLLISION_SEVERITY,NUMBER_KILLED,NUMBER_INJURED,PARTY_COUNT,PRIMARY_COLL_FACTOR,PCF_CODE_OF_VIOL,PCF_VIOL_CATEGORY,PCF_VIOLATION,PCF_VIOL_SUBSECTION,HIT_AND_RUN,TYPE_OF_COLLISION,MVIW,PED_ACTION,ROAD_SURFACE,ROAD_COND_1,ROAD_COND_2,LIGHTING,CONTROL_DEVICE,CHP_ROAD_TYPE,PEDESTRIAN_ACCIDENT,BICYCLE_ACCIDENT,MOTORCYCLE_ACCIDENT,TRUCK_ACCIDENT,NOT_PRIVATE_PROPERTY,ALCOHOL_INVOLVED,STWD_VEHTYPE_AT_FAULT,CHP_VEHTYPE_AT_FAULT,COUNT_SEVERE_INJ,COUNT_VISIBLE_INJ,COUNT_COMPLAINT_PAIN,COUNT_PED_KILLED,COUNT_PED_INJURED,COUNT_BICYCLIST_KILLED,COUNT_BICYCLIST_INJURED,COUNT_MC_KILLED,COUNT_MC_INJURED,PRIMARY_RAMP,SECONDARY_RAMP,LATITUDE,LONGITUDE,COUNTY,CITY,POINT_X,POINT_Y
92208747,2023,2023-10-25,9580,2023-10-23,1730,021976,NA,1,2,7,1942,0,1,2,NA,2,105,US-101 S/B TO FALLBROOK AVE.,FALLBROOK AVE.,357,N,N,A,-,Y,LA,NA,101,NA,NA,26.54,H,NA,L,N,4,0,2,3,A,-,03,22350,NA,N,C,C,A,A,H,-,A,D,0,NA,NA,NA,NA,Y,NA,D,22,0,0,2,0,0,0,0,0,0,-,-,34.16386032104492,-118.62451934814452,LOS ANGELES,LOS ANGELES,-118.62461090087892,34.16404724121094
9220876,2021,2021-03-09,1942,2021-01-11,1320,38017,2143,1,5,7,1942,0,0,0,NA,0,21A43,FALLBROOK AV,VICTORY BL,0,NA,Y,A,-,N,NA,NA,NA,NA,NA,NA,NA,NA,NA,Y,4,0,2,2,A,-,09,21801,A,N,B,C,A,-,H,-,A,A,0,NA,NA,NA,NA,Y,NA,D,22,0,0,2,0,0,0,0,0,0,-,-,NA,NA,LOS ANGELES,LOS ANGELES,-118.62339019775392,34.18646240234375
92208765,2023,2023-10-26,9590,2023-10-19,1915,022173,NA,4,2,7,1942,0,1,2,NA,2,042,US-101 NORTHBOUND (SANTA ANA FREEWAY),1ST STREET,1000,N,N,A,-,Y,LA,NA,101,NA,S,1.041,H,NA,R,N,4,0,3,2,A,-,03,22350,NA,M,C,C,A,A,H,-,A,D,0,NA,NA,NA,NA,Y,NA,A,07,0,0,3,0,0,0,0,0,0,-,-,34.049591064453125,-118.22238159179688,LOS ANGELES,LOS ANGELES,-118.22235870361328,34.049598693847656
9220877,2021,2021-03-09,1942,2021-01-12,1920,38185,2107,2,5,7,1942,0,0,0,NA,0,21A5,ROSCOE BL,VARIEL AV,0,NA,Y,A,-,N,NA,NA,NA,NA,NA,NA,NA,NA,NA,N,4,0,1,2,A,-,09,21801,A,N,D,C,A,A,H,-,C,A,0,NA,NA,NA,NA,Y,NA,A,07,0,0,1,0,0,0,0,0,0,-,-,NA,NA,LOS ANGELES,LOS ANGELES,-118.5928955078125,34.21992492675781
92208772,2023,2023-10-26,9565,2023-10-13,1850,023279,NA,5,2,9,1900,0,3,5,NA,2,002,DENKER AVE,109TH ST,5,S,N,A,-,N,NA,NA,NA,NA,NA,NA,NA,NA,NA,Y,3,0,1,1,A,-,08,22107,NA,N,E,I,A,A,H,-,C,D,0,NA,NA,NA,NA,Y,NA,A,07,0,1,0,0,0,0,0,0,0,-,-,33.937339782714844,-118.30477142333984,LOS ANGELES,UNINCORPORATED,-118.3046875,33.93742752075195
92208783,2023,2023-10-26,9590,2023-10-13,634,023259,NA,5,1,7,1942,0,1,2,NA,2,071,US-101 S/B (HOLLYWOOD FREEWAY),SANTA MONICA BLVD,250,S,N,A,-,Y,LA,NA,101,NA,NA,5.498,H,NA,L,N,4,0,1,2,A,-,03,22350,NA,N,C,C,A,A,H,-,A,D,0,NA,NA,NA,NA,Y,NA,A,01,0,0,1,0,0,0,0,0,0,-,-,34.090030670166016,-118.30621337890624,LOS ANGELES,LOS ANGELES,-118.30614471435548,34.090057373046875
92208790,2023,2023-10-26,9590,2023-10-13,928,021823,NA,5,1,7,1942,0,1,1,NA,2,061,I-10 W/B (SANTA MONICA FREEWAY),6TH AVE,290,W,N,A,-,Y,LA,NA,10,NA,R,11.913,H,NA,L,Y,2,0,1,2,A,-,07,21658,A,N,B,C,A,A,H,-,A,D,0,NA,NA,Y,NA,Y,NA,C,02,1,0,0,0,0,0,0,0,1,-,-,34.03586959838867,-118.32469177246094,LOS ANGELES,LOS ANGELES,-118.32467651367188,34.03580856323242
92208793,2023,2023-10-26,9535,2023-10-06,1200,023384,NA,5,1,9,1900,0,1,1,NA,2,071,I-710 S/B (LONG BEACH FREEWAY) FROM EASTERN AVE.,OLYMPIC BLVD.,75,S,N,A,-,Y,LA,NA,710,NA,NA,23.438,H,NA,L,Y,4,0,4,4,A,-,03,22350,NA,N,C,C,A,A,H,-,A,A,0,NA,NA,NA,Y,Y,NA,F,26,0,0,4,0,0,0,0,0,0,-,-,34.018768310546875,-118.17369079589844,LOS ANGELES,UNINCORPORATED,-118.1735382080078,34.018768310546875
92208794,2023,2023-10-26,9535,2023-10-05,815,023384,NA,4,1,9,1900,0,2,4,NA,2,016,1ST STREET (3900 BLOCK),BONNIE BEACH PLACE,70,E,N,B,-,N,NA,NA,NA,NA,NA,NA,NA,NA,NA,Y,4,0,1,2,A,-,08,22107,NA,M,D,C,A,A,H,-,A,D,0,NA,NA,NA,NA,Y,NA,A,01,0,0,1,0,0,0,0,0,0,-,-,34.036041259765625,-118.17955017089844,LOS ANGELES,UNINCORPORATED,-118.17960357666016,34.03606414794922
92208796,2023,2023-10-26,9565,2023-10-13,1530,022923,NA,5,2,7,1942,0,1,1,NA,2,062,I-405 N/B (SAN DIEGO FREEWAY),PALMS BOULEVARD,300,S,N,A,-,Y,LA,NA,405,NA,NA,28.45,H,NA,R,N,4,0,3,4,A,-,01,23152,A,F,C,C,A,A,H,-,A,D,0,NA,NA,NA,NA,Y,Y,A,01,0,0,3,0,0,0,0,0,0,-,-,34.01810836791992,-118.42308044433594,LOS ANGELES,LOS ANGELES,-118.42302703857422,34.01813888549805
9220881,2021,2021-03-05,1942,2021-01-26,0145,40404,1827,2,5,7,1942,0,0,0,R,0,18A26,E 92ND ST,WILMINGTON AV,0,NA,Y,A,-,N,NA,NA,NA,NA,NA,NA,NA,NA,NA,Y,2,0,2,4,A,-,01,23152,A,N,D,C,A,A,H,-,C,A,0,NA,NA,NA,NA,Y,Y,A,07,1,0,1,0,0,0,0,0,0,-,-,NA,NA,LOS ANGELES,LOS ANGELES,-118.2385482788086,33.95327377319336
9220882,2021,2021-03-05,1942,2021-01-24,0925,36738,1821,7,5,7,1942,0,0,0,R,0,25T27,CENTURY BL,HOOVER ST,340,W,N,A,-,N,NA,NA,NA,NA,NA,NA,NA,NA,NA,Y,3,0,1,4,A,-,01,23152,A,M,B,E,A,A,H,-,A,D,0,NA,NA,NA,NA,Y,Y,A,08,0,1,0,0,0,0,0,0,0,-,-,NA,NA,LOS ANGELES,LOS ANGELES,-118.2880859375,33.94550704956055
9220883,2021,2021-03-05,1942,2021-01-22,2125,37618,1239,5,5,7,1942,0,0,0,L,0,12A49,S FLOWER ST,W 60TH ST,25,S,N,A,-,N,NA,NA,NA,NA,NA,NA,NA,NA,NA,Y,3,0,2,2,A,-,01,23152,A,N,A,E,A,B,H,-,C,D,0,NA,NA,NA,NA,Y,Y,A,01,0,1,1,0,0,0,0,0,0,-,-,NA,NA,LOS ANGELES,LOS ANGELES,-118.2809600830078,33.985023498535156
9220884,2021,2021-03-11,1942,2021-01-18,1220,43913,0394,1,5,7,1942,0,0,0,C,0,3A73,ARLINGTON AV,41ST DR,0,NA,Y,A,-,N,NA,NA,NA,NA,NA,NA,NA,NA,NA,Y,3,0,2,2,A,-,08,22107,NA,N,A,C,A,A,H,-,A,D,0,NA,NA,NA,NA,Y,NA,A,01,0,2,0,0,0,0,0,0,0,-,-,NA,NA,LOS ANGELES,LOS ANGELES,-118.3182373046875,34.00899124145508
92208968,2023,2023-10-26,9580,2023-10-23,235,022561,NA,1,3,7,1942,0,1,2,NA,2,103,US-101 S/B (VENTURA FREEWAY),HASKELL AVE,1320,N,N,A,-,Y,LA,NA,101,NA,NA,17.84,H,NA,L,Y,3,0,2,2,A,-,01,23152,A,N,C,2,A,A,H,-,C,D,0,NA,NA,NA,NA,Y,Y,A,01,0,1,1,0,0,0,0,0,0,-,-,34.165279388427734,-118.4789581298828,LOS ANGELES,LOS ANGELES,-118.4789581298828,34.16524887084961
92208969,2023,2023-10-26,9590,2023-10-16,2140,021535,NA,1,2,7,1942,0,1,1,NA,2,012,SR-110 N/B (ASP),AVENUE 60,250,N,N,A,-,Y,LA,NA,110,NA,NA,28.834,H,NA,R,N,4,0,1,2,A,-,03,22350,NA,F,D,C,A,A,H,-,C,A,0,NA,NA,NA,NA,Y,NA,-,99,0,0,1,0,0,0,0,0,0,-,-,34.108360290527344,-118.18522644042967,LOS ANGELES,LOS ANGELES,-118.18531799316406,34.1084098815918
92208970,2023,2023-10-26,9530,2023-10-14,1525,023237,NA,6,2,9,1900,0,3,5,NA,2,001,FLORENCE AVE.,GRAHAM AVE.,0,NA,Y,A,-,N,NA,NA,NA,NA,NA,NA,NA,NA,NA,N,4,0,1,2,A,-,10,21950,A,F,G,B,B,A,H,-,A,A,0,Y,NA,NA,NA,Y,NA,-,99,0,0,1,0,1,0,0,0,0,-,-,33.974830627441406,-118.24266815185548,LOS ANGELES,UNINCORPORATED,-118.24279022216795,33.97473907470703
92208973,2023,2023-10-26,9580,2023-10-21,640,022799,NA,6,1,9,1900,0,1,2,NA,2,100,US-101 N/B (HOLLYWOOD FREEWAY),CAMPO DE CAHUENGA,528,N,N,A,-,Y,LA,NA,101,NA,NA,10.711,H,NA,R,Y,3,0,1,1,A,-,08,22107,NA,N,E,8,A,A,H,-,B,D,0,NA,NA,NA,NA,Y,NA,A,01,0,1,0,0,0,0,0,0,0,-,-,34.14181137084961,-118.36672973632813,LOS ANGELES,UNINCORPORATED,-118.36661529541016,34.141845703125
92208986,2023,2023-10-26,9565,2023-10-24,1045,021453,NA,2,1,9,1900,0,2,4,NA,2,022,NORMANDIE AVENUE,105TH STREET,100,N,N,A,-,N,NA,NA,NA,NA,NA,NA,NA,NA,NA,Y,3,0,1,4,A,-,01,23152,A,N,C,C,A,A,H,-,A,D,0,NA,NA,NA,NA,Y,Y,A,01,0,1,0,0,0,0,0,0,0,-,-,33.94157028198242,-118.3002471923828,LOS ANGELES,UNINCORPORATED,-118.30027770996094,33.941184997558594
92209014,2023,2023-10-26,9540,2023-10-19,1630,021190,NA,4,2,9,1900,0,3,5,NA,2,300,HARRISON PKY,LIVINGSTON AVENUE,0,NA,Y,A,-,N,NA,NA,NA,NA,NA,NA,NA,NA,NA,N,4,0,1,2,A,-,09,21801,A,N,D,C,A,A,H,-,A,A,0,NA,NA,NA,NA,Y,NA,D,22,0,0,1,0,0,0,0,0,0,-,-,34.44026184082031,-118.6262664794922,LOS ANGELES,UNINCORPORATED,-118.62621307373048,34.440208435058594
92209019,2023,2023-10-26,9590,2023-10-16,315,018529,NA,1,3,7,1942,0,1,1,NA,2,014,SR-110 N/B,STONEY DR.,285,S,N,A,-,Y,LA,NA,110,NA,NA,30.104,H,NA,R,N,3,0,1,1,A,-,01,23152,A,N,E,I,A,A,H,-,C,A,0,NA,NA,NA,NA,Y,Y,A,07,0,1,0,0,0,0,0,0,0,-,-,34.117698669433594,-118.16876983642578,LOS ANGELES,LOS ANGELES,-118.16876220703124,34.11766815185547
92209021,2023,2023-10-26,9575,2023-10-17,1451,022839,NA,2,2,6,1912,0,1,3,NA,2,044,SR-134 E/B (VENTURA FREEWAY) FROM W RIVERSIDE DRIV,W RIVERSIDE DRIVE,898,E,N,A,-,Y,LA,NA,134,NA,NA,3.076,H,NA,R,Y,4,0,6,4,A,-,03,22350,NA,N,C,C,A,A,H,-,A,D,0,NA,NA,NA,NA,Y,NA,A,01,0,0,6,0,0,0,0,0,0,-,-,34.15394973754883,-118.32373809814452,LOS ANGELES,BURBANK,-118.3237762451172,34.1540641784668
92209038,2023,2023-10-26,9540,2023-10-24,1730,019232,NA,2,2,9,1900,0,1,3,NA,2,146,SR-14 N/B,ESCONDIDO CYN RD,250,S,N,A,-,Y,LA,NA,14,NA,NA,43.051,H,NA,R,Y,4,0,1,2,A,-,07,21658,A,N,B,2,A,A,H,-,A,D,0,NA,NA,NA,NA,Y,NA,A,01,0,0,1,0,0,0,0,0,0,-,-,34.489410400390625,-118.28607940673828,LOS ANGELES,UNINCORPORATED,-118.28622436523438,34.48945999145508
92209042,2023,2023-10-26,9575,2023-10-17,720,022203,NA,2,1,7,1942,0,1,1,NA,2,061,I-210 E/B (FOOTHILL FREEWAY),ORCAS AVE.,155,E,N,A,-,Y,LA,NA,210,NA,R,8.596,H,NA,R,Y,4,0,1,3,A,-,03,22350,NA,N,C,C,A,A,H,-,A,D,0,NA,NA,NA,NA,Y,NA,A,07,0,0,1,0,0,0,0,0,0,-,-,34.27362823486328,-118.36769104003906,LOS ANGELES,LOS ANGELES,-118.36769104003906,34.27360534667969
92209046,2023,2023-10-26,9530,2023-10-15,1510,023038,NA,7,2,9,1900,0,3,5,NA,2,003,COMPTON BLVD. (4300 BLOCK),COOKACRE ST.,196,W,N,A,-,N,NA,NA,NA,NA,NA,NA,NA,NA,NA,Y,3,0,2,3,A,-,08,22107,NA,N,B,C,A,A,A,-,A,D,0,NA,NA,NA,NA,Y,NA,A,01,0,2,0,0,0,0,0,0,0,-,-,33.896148681640625,-118.19525909423828,LOS ANGELES,UNINCORPORATED,-118.19519805908205,33.89614486694336
92209051,2023,2023-10-26,9545,2023-10-14,145,022707,NA,6,3,9,1900,0,3,5,NA,2,003,SR-14 N/B,SANTIAGO ROAD,3538,S,N,A,-,Y,LA,NA,14,NA,R,50.078,H,NA,R,Y,4,0,1,1,A,-,08,22107,NA,N,E,I,A,A,H,-,D,D,0,NA,NA,NA,NA,Y,NA,A,01,0,0,1,0,0,0,0,0,0,-,-,34.49325180053711,-118.17337799072266,LOS ANGELES,UNINCORPORATED,-118.1733856201172,34.49315643310547
92209062,2023,2023-10-26,9545,2023-10-15,317,022707,NA,7,3,9,1900,0,3,5,NA,2,003,SR-14 N/B,MOUNTAIN SPRINGS RD,4733,S,N,A,-,Y,LA,NA,14,NA,R,52.898,H,NA,R,Y,3,0,1,1,A,-,01,23152,A,N,E,I,A,A,H,-,D,D,0,NA,NA,NA,NA,Y,Y,A,01,0,1,0,0,0,0,0,0,0,-,-,34.49203872680664,-118.12850189208984,LOS ANGELES,UNINCORPORATED,-118.12843322753906,34.49195098876953
92209100,2023,2023-10-26,9590,2023-10-15,2005,022313,NA,7,2,7,1942,0,1,1,NA,2,062,I-10 E/B (SANTA MONICA FREEWAY),VERMONT AVENUE,200,W,N,A,-,Y,LA,NA,10,NA,R,13.705,H,NA,R,N,4,0,1,2,A,-,03,22350,NA,N,C,C,A,A,H,-,C,D,0,NA,NA,NA,NA,Y,NA,A,01,0,0,1,0,0,0,0,0,0,-,-,34.03684997558594,-118.29360198974608,LOS ANGELES,LOS ANGELES,-118.29360198974608,34.036865234375
92209103,2023,2023-10-26,9545,2023-10-17,1150,017305,NA,2,1,9,1900,0,1,3,NA,2,021,SR-14 S/B TO PALMDALE BLVD,PALMDALE BLVD,250,N,N,A,-,Y,NA,NA,NA,NA,NA,NA,NA,NA,NA,N,4,0,2,3,A,-,08,22107,NA,N,D,C,A,A,H,-,A,D,0,NA,NA,NA,NA,Y,NA,A,07,0,0,2,0,0,0,0,0,0,-,-,34.58277893066406,-118.13485717773438,LOS ANGELES,UNINCORPORATED,-118.13390350341795,34.58212661743164
92209121,2023,2023-10-26,9535,2023-10-16,1230,022120,NA,1,1,5,1915,0,1,1,NA,2,075,I-710 S/B (LONG BEACH FREEWAY),ALONDRA BLVD.,1426,N,N,A,-,Y,LA,NA,710,NA,NA,14.222,H,NA,L,N,4,0,1,2,A,-,03,22350,NA,N,C,C,A,A,H,-,A,A,0,NA,NA,NA,Y,Y,NA,G,25,0,0,1,0,0,0,0,0,0,-,-,33.893009185791016,-118.18824768066406,LOS ANGELES,COMPTON,-118.18820190429688,33.89300537109375
92209134,2023,2023-10-26,9525,2023-10-20,1235,020552,NA,5,1,1,1934,0,1,1,NA,2,204,I-210 E/B (FOOTHILL FWY),IRWINDALE AVE,1056,E,N,A,-,Y,LA,NA,210,NA,R,38.058,H,NA,R,Y,3,0,2,6,A,-,03,22350,NA,N,C,C,A,A,H,-,A,D,0,NA,NA,NA,NA,Y,NA,A,01,0,2,0,0,0,0,0,0,0,-,-,34.130531311035156,-117.930419921875,LOS ANGELES,IRWINDALE,-117.930419921875,34.13053894042969
92209189,2023,2023-11-27,9525,2023-10-20,1235,018761,NA,5,1,4,1960,0,1,3,NA,2,572,SR-57 N/B (ORANGE FWY),AUTO CENTER,575,S,N,A,-,Y,LA,NA,57,NA,R,11.47,H,NA,R,Y,3,0,1,4,A,-,07,21658,A,N,B,C,A,A,H,-,A,D,0,NA,NA,NA,Y,Y,NA,A,08,0,1,0,0,0,0,0,0,0,-,-,34.115928649902344,-117.82393646240234,LOS ANGELES,SAN DIMAS,-117.8239974975586,34.115928649902344
92209195,2023,2023-10-26,9535,2023-09-27,1632,023443,NA,3,2,9,1900,0,3,5,NA,2,001,6TH ST,ARIZONA AVE,0,NA,Y,A,-,N,NA,NA,NA,NA,NA,NA,NA,NA,NA,Y,3,0,5,2,A,-,12,21453,A,F,D,C,A,A,H,-,A,A,0,NA,NA,NA,NA,Y,NA,A,01,0,5,0,0,0,0,0,0,0,-,-,34.02680969238281,-118.16545104980467,LOS ANGELES,UNINCORPORATED,-118.49488830566406,34.0192985534668
9220924,2021,2021-03-22,1942,2021-01-17,0530,43908,1024,7,5,7,1942,0,0,0,J,0,10A21,VANOWEN,AMIGO,0,NA,Y,A,-,N,NA,NA,NA,NA,NA,NA,NA,NA,NA,Y,4,0,1,2,A,-,09,21801,NA,N,D,C,A,A,H,-,C,D,0,NA,NA,NA,NA,Y,NA,A,01,0,0,1,0,0,0,0,0,0,-,-,NA,NA,LOS ANGELES,LOS ANGELES,-118.53860473632813,34.193851470947266
92209256,2023,2023-10-26,9530,2023-10-08,2000,022986,NA,7,2,9,1900,0,3,5,NA,2,005,MANHATTAN BEACH BLVD (3500 BLOCK),CERISE AVE.,100,E,N,A,-,N,NA,NA,NA,NA,NA,NA,NA,NA,NA,Y,4,0,1,2,A,-,01,23152,A,N,C,C,A,A,H,-,B,D,0,NA,NA,NA,NA,Y,Y,A,01,0,0,1,0,0,0,0,0,0,-,-,33.88731002807617,-118.33310699462892,LOS ANGELES,UNINCORPORATED,-118.33313751220705,33.88737869262695
92209262,2023,2023-11-09,9540,2023-10-17,1340,019232,NA,2,1,9,1900,0,1,3,NA,2,147,SR-14 S/B,AGUA DULCE CYN RD,6600,N,N,A,-,Y,NA,NA,NA,NA,NA,NA,NA,NA,NA,Y,3,0,1,2,A,-,01,23152,A,N,E,8,A,A,H,-,A,D,0,NA,NA,NA,NA,Y,Y,A,01,0,1,0,0,0,0,0,0,0,-,-,34.45460891723633,-118.30818176269533,LOS ANGELES,UNINCORPORATED,-118.31220245361328,34.472747802734375
92209278,2023,2023-10-26,9540,2023-10-01,1450,022378,NA,7,2,9,1900,0,2,4,NA,1,204,BOUQUET CANYON RD (29900 BLOCK),LENNY DR,305,N,N,A,-,N,NA,NA,NA,NA,NA,NA,NA,NA,NA,Y,2,0,1,2,A,-,06,21750,NA,N,D,2,A,A,H,-,A,D,0,NA,NA,Y,NA,Y,NA,C,02,1,0,0,0,0,0,0,0,1,-,-,34.48377990722656,-118.46499633789064,LOS ANGELES,UNINCORPORATED,-118.46498107910156,34.4837646484375
92209318,2023,2023-10-26,9535,2023-10-15,1040,021684,NA,7,1,9,1900,0,3,5,NA,2,002,FETTERLY AVE.,EAGLE ST.,0,NA,Y,A,-,N,NA,NA,NA,NA,NA,NA,NA,NA,NA,N,4,0,1,2,A,-,12,22450,A,N,D,C,A,A,H,-,A,D,0,NA,NA,NA,NA,Y,NA,D,22,0,0,1,0,0,0,0,0,0,-,-,34.028709411621094,-118.16252136230467,LOS ANGELES,UNINCORPORATED,-118.16252136230467,34.02869415283203
92209329,2023,2023-10-26,9575,2023-10-17,926,022526,NA,2,1,6,1912,0,1,1,NA,2,051,I-5 S/B (GOLDEN STATE FREEWAY),OLIVE AVENUE,133,S,N,A,-,Y,LA,NA,5,NA,NA,29.13,H,NA,L,N,4,0,1,4,A,-,03,22350,NA,N,C,C,A,A,H,-,A,D,0,NA,NA,NA,NA,Y,NA,A,01,0,0,1,0,0,0,0,0,0,-,-,34.178470611572266,-118.31060791015624,LOS ANGELES,BURBANK,-118.31060791015624,34.17847442626953
92209343,2023,2023-10-26,9530,2023-10-08,1220,022696,NA,7,1,7,1942,0,1,1,NA,2,110,I-110 N/B (HARBOR FREEWAY),ALONDRA BLVD.,700,N,N,A,-,Y,LA,NA,110,NA,NA,10.896,H,NA,R,Y,4,0,1,2,A,-,08,22107,NA,M,D,C,A,A,H,-,A,D,0,NA,NA,NA,NA,Y,NA,A,07,0,0,1,0,0,0,0,0,0,-,-,33.88753128051758,-118.28539276123048,LOS ANGELES,LOS ANGELES,-118.285400390625,33.88753128051758
92209384,2023,2023-10-26,9590,2023-10-15,236,023162,NA,7,3,7,1942,0,1,1,NA,2,051,I-110 S/B (HARBOR FREEWAY),39TH STREET,300,S,N,A,-,Y,LA,NA,110,NA,NA,19.677,H,NA,L,N,4,0,1,3,A,-,07,21658,A,M,B,C,A,A,H,-,C,D,0,NA,NA,NA,NA,Y,NA,-,99,0,0,1,0,0,0,0,0,0,-,-,34.013648986816406,-118.28134918212892,LOS ANGELES,LOS ANGELES,-118.28109741210938,34.013648986816406
92209419,2023,2023-10-26,9530,2023-10-09,1845,022708,NA,1,2,7,1941,0,1,1,NA,2,400,I-405 N/B TO I-710 N/B,PACIFIC PLACE,200,N,N,A,-,Y,NA,NA,NA,NA,NA,NA,NA,NA,NA,N,3,0,1,1,A,-,03,22350,NA,N,E,I,A,A,H,-,C,D,0,NA,NA,NA,NA,Y,NA,D,22,0,1,0,0,0,0,0,0,0,-,-,33.827999114990234,-118.20703125,LOS ANGELES,LONG BEACH,-118.20703125,33.827999114990234
92209426,2023,2023-10-26,9535,2023-10-15,1805,023070,NA,7,2,5,1906,0,1,1,NA,2,650,N/B I-605 (SAN GABRIEL RIVER FREEWAY),VALLEY BLVD,1584,N,N,A,-,Y,LA,NA,605,NA,R,19.724,H,NA,R,N,4,0,1,2,A,-,03,22350,NA,N,C,C,A,A,H,-,A,D,0,NA,NA,NA,NA,Y,NA,A,07,0,0,1,0,0,0,0,0,0,-,-,34.05854034423828,-118.00177001953124,LOS ANGELES,BALDWIN PARK,-118.00180816650392,34.05855178833008
92209427,2023,2023-10-26,9550,2023-10-14,1650,022909,NA,6,2,6,1949,0,1,1,NA,2,651,I-605 NB,CECILIA ST,320,N,N,A,-,Y,LA,NA,605,NA,R,8.986,H,NA,R,N,4,0,2,5,A,-,03,22350,NA,N,C,C,A,A,H,-,A,D,0,NA,NA,NA,NA,Y,NA,A,07,0,0,2,0,0,0,0,0,0,-,-,33.93288040161133,-118.10079956054688,LOS ANGELES,NORWALK,-118.1007843017578,33.9328727722168
9220946,2021,2021-03-11,1942,2021-01-29,1610,40690,1207,5,5,7,1942,0,0,0,L,0,12A15,W 48TH ST,S HOOVER ST,90,S,N,B,-,N,NA,NA,NA,NA,NA,NA,NA,NA,NA,Y,4,0,1,2,A,-,01,23152,A,N,C,E,A,A,H,-,A,A,0,NA,NA,NA,NA,Y,Y,A,07,0,0,1,0,0,0,0,0,0,-,-,NA,NA,LOS ANGELES,LOS ANGELES,-118.28714752197266,33.99961853027344
92209476,2023,2023-10-26,9530,2023-10-10,1930,023313,NA,2,2,9,1900,0,3,5,NA,2,002,AVALON BLVD. (15600 BLOCK),ALONDRA BLVD.,950,N,N,A,-,N,NA,NA,NA,NA,NA,NA,NA,NA,NA,N,4,0,1,1,A,-,03,22350,NA,N,H,A,A,A,H,-,C,D,0,NA,Y,NA,NA,Y,NA,L,04,0,0,1,0,0,0,1,0,0,-,-,33.888790130615234,-118.26541137695313,LOS ANGELES,UNINCORPORATED,-118.2654266357422,33.88870620727539
92209492,2023,2023-10-26,9530,2023-10-10,1730,023313,NA,2,2,9,1900,0,3,5,NA,2,001,MACE PL. (7200 BLOCK),FLORENCE AVE.,7,S,N,A,-,N,NA,NA,NA,NA,NA,NA,NA,NA,NA,N,4,0,1,2,A,-,09,21804,A,N,H,G,A,A,H,-,A,D,0,NA,Y,NA,NA,Y,NA,L,04,0,0,1,0,0,0,1,0,0,-,-,33.97465133666992,-118.2515106201172,LOS ANGELES,UNINCORPORATED,-118.25144958496094,33.9747314453125
92209504,2023,2023-10-26,9550,2023-10-17,900,021656,NA,2,1,6,1949,0,1,1,NA,2,651,INTERSTATE 605 N/B,IMPERIAL HIGHWAY,500,N,N,A,-,Y,LA,NA,605,NA,R,7.968,H,NA,R,N,4,0,1,2,A,-,03,22350,NA,N,C,C,A,A,H,-,A,D,0,NA,NA,NA,Y,Y,NA,F,26,0,0,1,0,0,0,0,0,0,-,-,33.9185791015625,-118.1044692993164,LOS ANGELES,NORWALK,-118.1045150756836,33.918582916259766
92209522,2023,2023-10-26,9550,2023-10-17,1855,022722,NA,2,2,3,1964,0,2,4,NA,1,021,CARMENITA ROAD,IMPERIAL HIGHWAY,0,NA,Y,A,-,N,NA,NA,NA,NA,NA,NA,NA,NA,NA,Y,4,0,1,2,A,-,09,21801,A,N,D,C,A,A,H,-,C,A,0,NA,NA,NA,NA,Y,NA,A,01,0,0,1,0,0,0,0,0,0,-,-,33.917049407958984,-118.04672241210938,LOS ANGELES,SANTA FE SPRINGS,-118.04680633544922,33.91695022583008
92209537,2023,2023-10-26,9530,2023-10-10,800,018745,NA,2,1,5,1977,0,1,1,NA,2,410,I-405 S/B (SAN DIEGO FREEWAY),WILMINGTON AVE.,950,N,N,B,-,Y,LA,NA,405,NA,NA,9.781,H,NA,L,N,3,0,1,2,A,-,03,22350,NA,N,F,A,A,A,H,-,A,D,0,NA,NA,Y,NA,Y,NA,C,02,0,1,0,0,0,0,0,0,1,-,-,33.825809478759766,-118.24507904052734,LOS ANGELES,CARSON,-118.24507904052734,33.82575225830078