CASE_ID,ACCIDENT_YEAR,PROC_DATE,JURIS,COLLISION_DATE,COLLISION_TIME,OFFICER_ID,REPORTING_DISTRICT,DAY_OF_WEEK,CHP_SHIFT,POPULATION,CNTY_CITY_LOC,SPECIAL_COND,BEAT_TYPE,CHP_BEAT_TYPE,CITY_DIVISION_LAPD,CHP_BEAT_CLASS,BEAT_NUMBER,PRIMARY_RD,SECONDARY_RD,DISTANCE,DIRECTION,INTERSECTION,WEATHER_1,WEATHER_2,STATE_HWY_IND,CALTRANS_COUNTY,CALTRANS_DISTRICT,STATE_ROUTE,ROUTE_SUFFIX,POSTMILE_PREFIX,POSTMILE,LOCATION_TYPE,RAMP_INTERSECTION,SIDE_OF_HWY,TOW_AWAY,COLLISION_SEVERITY,NUMBER_KILLED,NUMBER_INJURED,PARTY_COUNT,PRIMARY_COLL_FACTOR,PCF_CODE_OF_VIOL,PCF_VIOL_CATEGORY,PCF_VIOLATION,PCF_VIOL_SUBSECTION,HIT_AND_RUN,TYPE_OF_COLLISION,MVIW,PED_ACTION,ROAD_SURFACE,ROAD_COND_1,ROAD_COND_2,LIGHTING,CONTROL_DEVICE,CHP_ROAD_TYPE,PEDESTRIAN_ACCIDENT,BICYCLE_ACCIDENT,MOTORCYCLE_ACCIDENT,TRUCK_ACCIDENT,NOT_PRIVATE_PROPERTY,ALCOHOL_INVOLVED,STWD_VEHTYPE_AT_FAULT,CHP_VEHTYPE_AT_FAULT,COUNT_SEVERE_INJ,COUNT_VISIBLE_INJ,COUNT_COMPLAINT_PAIN,COUNT_PED_KILLED,COUNT_PED_INJURED,COUNT_BICYCLIST_KILLED,COUNT_BICYCLIST_INJURED,COUNT_MC_KILLED,COUNT_MC_INJURED,PRIMARY_RAMP,SECONDARY_RAMP,LATITUDE,LONGITUDE,COUNTY,CITY,POINT_X,POINT_Y
92210801,2023,2023-10-26,1941,2023-05-17,1048,11837,EAST,3,5,7,1941,0,0,0,NA,0,014,TERMINO AV,RT 1,0,NA,Y,A,-,Y,LA,NA,1,NA,NA,3.76,H,NA,L,N,4,0,3,2,A,-,04,21703,NA,N,C,C,A,A,H,-,A,B,0,NA,NA,NA,NA,Y,NA,-,-,0,0,3,0,0,0,0,0,0,-,-,33.78984832763672,-118.14588928222656,LOS ANGELES,LONG BEACH,-118.14588928222656,33.789798736572266
92210802,2023,2023-10-26,1942,2023-08-06,100,611033,0282,7,5,7,1942,0,0,0,B,0,27T,GLEASON ST,MEDNIK AV,70,E,N,A,-,N,NA,NA,NA,NA,NA,NA,NA,NA,NA,Y,3,0,1,3,C,-,18,NA,NA,N,C,E,A,A,H,-,C,D,0,NA,NA,NA,NA,Y,NA,-,-,0,1,0,0,0,0,0,0,0,-,-,34.03601837158203,-118.16152954101564,LOS ANGELES,LOS ANGELES,-118.16162109375,34.03606033325195
92210803,2023,2023-10-26,1938,2023-08-09,2018,1495,AREA1,3,5,4,1938,0,0,0,NA,0,001,FOOTHILL BLVD,MORENO AV,0,NA,Y,A,-,Y,NA,NA,NA,NA,NA,NA,NA,NA,NA,Y,2,0,1,2,A,-,12,21453,NA,N,G,B,B,A,H,-,C,A,0,Y,NA,NA,NA,Y,NA,-,-,1,0,0,0,1,0,0,0,0,-,-,NA,NA,LOS ANGELES,LA VERNE,-117.78061676025392,34.11842346191406
92210805,2023,2023-10-26,1942,2023-08-04,2240,39546,2024,5,5,7,1942,0,0,0,NA,0,27T31W,WESTERN AV,6TH ST,225,N,N,A,-,N,NA,NA,NA,NA,NA,NA,NA,NA,NA,N,2,0,1,2,A,-,11,21955,NA,N,G,B,D,A,H,-,C,A,0,Y,NA,NA,NA,Y,NA,-,-,1,0,0,0,1,0,0,0,0,-,-,NA,NA,LOS ANGELES,LOS ANGELES,-118.30911254882813,34.06413650512695
9221081,2021,2021-03-25,1942,2021-02-07,2220,40404,1203,7,5,7,1942,0,0,0,L,0,3A99,W VERNON AV,S WESTERN AV,0,NA,Y,A,-,N,NA,NA,NA,NA,NA,NA,NA,NA,NA,Y,4,0,1,2,A,-,09,21801,A,F,D,C,A,A,H,-,C,A,0,NA,NA,NA,NA,Y,NA,-,99,0,0,1,0,0,0,0,0,0,-,-,NA,NA,LOS ANGELES,LOS ANGELES,-118.30892944335938,34.003719329833984
92210813,2023,2023-10-26,1900,2023-08-05,2250,651177,1011,6,5,3,1995,0,0,0,NA,0,220T3,PACIFIC COAST HWY,BROAD BEACH RD,0,NA,N,A,-,Y,LA,NA,1,NA,NA,58.304,H,NA,R,Y,3,0,2,2,A,-,03,22350,NA,N,C,C,A,A,H,-,C,D,0,NA,NA,NA,NA,Y,Y,-,-,0,2,0,0,0,0,0,0,0,-,-,34.03807830810547,-118.86624145507813,LOS ANGELES,MALIBU,-118.86620330810548,34.03814697265625
9221082,2021,2021-03-25,1942,2021-02-05,1500,38556,1269,5,5,7,1942,0,0,0,L,0,12A69,S CENTRAL AV,E 85TH ST,0,NA,Y,A,-,N,NA,NA,NA,NA,NA,NA,NA,NA,NA,N,4,0,1,2,A,-,08,22107,NA,F,A,C,A,A,H,-,A,D,0,NA,NA,NA,NA,Y,NA,-,99,0,0,1,0,0,0,0,0,0,-,-,NA,NA,LOS ANGELES,LOS ANGELES,-118.25641632080078,33.96106719970703
92210825,2023,2023-10-26,1946,2023-07-11,1249,P12,NA,2,5,4,1946,0,0,0,NA,0,003,DUARTE,SHAMROCK,4,W,N,A,-,N,NA,NA,NA,NA,NA,NA,NA,NA,NA,Y,4,0,1,2,A,-,03,22350,NA,N,C,D,A,A,A,-,A,D,0,NA,NA,NA,NA,Y,NA,-,-,0,0,1,0,0,0,0,0,0,-,-,NA,NA,LOS ANGELES,MONROVIA,-117.99072265625,34.13225173950195
92210826,2023,2023-10-26,1900,2023-08-17,1520,629508,1126,4,5,6,1992,0,0,0,NA,0,111T1,AV L,RT 14,0,NA,Y,A,-,Y,NA,NA,NA,NA,NA,NA,NA,NA,NA,Y,3,0,3,3,A,-,12,21453,NA,N,D,D,A,A,H,-,A,A,0,NA,NA,NA,NA,Y,NA,-,-,0,1,2,0,0,0,0,0,0,-,-,NA,NA,LOS ANGELES,LANCASTER,-118.15317535400392,34.660369873046875
92210827,2023,2023-10-27,1942,2023-08-12,1130,39436,1464,6,5,7,1942,0,0,0,N,0,27M31,JEFFERSON BL,PLAYA VISTA DR,285,W,N,A,-,N,NA,NA,NA,NA,NA,NA,NA,NA,NA,Y,4,0,1,2,A,-,03,22350,NA,N,C,C,A,A,H,-,A,A,0,NA,NA,NA,NA,Y,NA,-,-,0,0,1,0,0,0,0,0,0,-,-,NA,NA,LOS ANGELES,LOS ANGELES,-118.42856597900392,33.972938537597656
9221083,2021,2021-03-25,1942,2021-02-05,1345,37146,1249,5,5,7,1942,0,0,0,L,0,12A49,S FIGUEROA ST,W GAGE AV,20,S,N,A,-,N,NA,NA,NA,NA,NA,NA,NA,NA,NA,N,4,0,1,2,A,-,03,22350,NA,F,C,C,A,A,H,-,A,A,0,NA,NA,NA,NA,Y,NA,-,99,0,0,1,0,0,0,0,0,0,-,-,NA,NA,LOS ANGELES,LOS ANGELES,-118.2826690673828,33.98232650756836
92210839,2023,2023-10-27,1942,2023-09-04,2032,38033,1521,1,5,7,1942,0,0,0,O,0,26T37W,VANOWEN ST,ATOLL AV,40,E,N,A,-,N,NA,NA,NA,NA,NA,NA,NA,NA,NA,Y,4,0,1,2,A,-,01,23152,NA,M,B,E,A,A,H,-,C,A,0,NA,NA,NA,NA,Y,Y,-,-,0,0,1,0,0,0,0,0,0,-,-,NA,NA,LOS ANGELES,LOS ANGELES,-118.4209442138672,34.193939208984375
9221084,2021,2021-03-25,1942,2021-02-04,2325,38088,1249,4,5,7,1942,0,0,0,L,0,12A49,S FIGUEROA ST,W 65TH ST,0,NA,Y,A,-,N,NA,NA,NA,NA,NA,NA,NA,NA,NA,Y,4,0,1,2,A,-,09,21802,A,F,D,C,A,A,H,-,C,A,0,NA,NA,NA,NA,Y,NA,A,01,0,0,1,0,0,0,0,0,0,-,-,NA,NA,LOS ANGELES,LOS ANGELES,-118.28269958496094,33.98059844970703
92210840,2023,2023-10-27,1900,2023-04-18,1923,658303,1333,2,5,5,1908,0,0,0,NA,0,133T2,WOODRUFF AV,FLORA VISTA ST,0,NA,Y,A,-,N,NA,NA,NA,NA,NA,NA,NA,NA,NA,Y,4,0,2,2,A,-,12,21453,NA,N,A,C,A,A,H,-,B,A,0,NA,NA,NA,NA,Y,NA,-,-,0,0,2,0,0,0,0,0,0,-,-,NA,NA,LOS ANGELES,BELLFLOWER,-118.1173095703125,33.88188552856445
92210842,2023,2023-10-27,1946,2023-07-03,1411,P20,NA,1,5,4,1946,0,0,0,NA,0,001,FOOTHILL ST,NORUMBEGA RD,10,W,N,A,-,N,NA,NA,NA,NA,NA,NA,NA,NA,NA,Y,4,0,1,3,A,-,08,22107,NA,N,B,C,A,A,H,-,A,D,0,NA,NA,NA,NA,Y,NA,-,-,0,0,1,0,0,0,0,0,0,-,-,NA,NA,LOS ANGELES,MONROVIA,-117.9935302734375,34.151451110839844
92210846,2023,2023-10-27,1942,2023-08-18,519,34959,0763,5,5,7,1942,0,0,0,G,0,27TL29,AIRDROME ST,FAIRFAX AV,0,NA,Y,A,-,N,NA,NA,NA,NA,NA,NA,NA,NA,NA,Y,4,0,1,2,A,-,12,21453,NA,F,D,C,A,A,H,-,C,A,0,NA,NA,NA,NA,Y,NA,-,-,0,0,1,0,0,0,0,0,0,-,-,NA,NA,LOS ANGELES,LOS ANGELES,-118.36809539794922,34.04561233520508
9221085,2021,2021-03-26,1942,2021-02-02,0815,43133,1205,2,5,7,1942,0,0,0,L,0,25TL,S NORMANDIE AV,51ST ST,0,NA,Y,A,-,N,NA,NA,NA,NA,NA,NA,NA,NA,NA,Y,4,0,2,3,A,-,12,21453,A,N,A,C,A,A,H,-,A,A,0,NA,NA,NA,NA,Y,NA,A,01,0,0,2,0,0,0,0,0,0,-,-,NA,NA,LOS ANGELES,LOS ANGELES,-118.3001708984375,33.99686050415039
92210852,2023,2023-10-27,1942,2023-08-04,1330,38333,1431,5,5,7,1942,0,0,0,N,0,27M134,WINDWARD AV,GRAND BL,0,NA,Y,A,-,N,NA,NA,NA,NA,NA,NA,NA,NA,NA,N,3,0,1,2,A,-,09,21802,NA,N,D,J,A,A,H,-,A,A,0,NA,NA,NA,NA,Y,NA,-,-,0,1,0,0,0,0,0,0,0,-,-,NA,NA,LOS ANGELES,LOS ANGELES,-118.47077941894533,33.98810577392578
92210853,2023,2023-10-27,1941,2023-05-29,420,10848,SOUTH,1,5,7,1941,0,0,0,NA,0,008,EAST 6TH ST,ELM AV,85,E,N,A,-,N,NA,NA,NA,NA,NA,NA,NA,NA,NA,Y,4,0,1,2,A,-,01,23152,NA,N,C,E,A,A,H,-,C,D,0,NA,NA,NA,NA,Y,NA,-,-,0,0,1,0,0,0,0,0,0,-,-,33.77444839477539,-118.18711853027344,LOS ANGELES,LONG BEACH,-118.18737030029295,33.7741584777832
9221086,2021,2021-03-25,1942,2021-02-02,0210,40404,1245,2,5,7,1942,0,0,0,L,0,12A45,W FLORENCE AV,RAYMOND AV,140,E,N,A,-,N,NA,NA,NA,NA,NA,NA,NA,NA,NA,Y,3,0,1,3,A,-,01,23152,F,N,C,E,A,A,H,-,C,A,0,NA,NA,NA,NA,Y,NA,A,01,0,1,0,0,0,0,0,0,0,-,-,NA,NA,LOS ANGELES,LOS ANGELES,-118.29766082763672,33.97459030151367
9221087,2021,2021-03-25,1942,2021-02-05,1120,40165,2103,5,5,7,1942,0,0,0,NA,0,21A1,TOPANGA CANYON BL,CHASE ST,500,N,N,A,-,N,NA,NA,NA,NA,NA,NA,NA,NA,NA,Y,3,0,3,5,A,-,05,21650,NA,F,A,C,A,A,H,-,A,A,0,NA,NA,NA,NA,Y,NA,A,01,0,1,2,0,0,0,0,0,0,-,-,NA,NA,LOS ANGELES,LOS ANGELES,-118.6060791015625,34.225608825683594
92210870,2023,2023-10-27,1942,2023-08-02,1810,42618,1469,3,5,7,1942,0,0,0,N,0,27TL48,LA CIENEGA BL,CENTINELA AV,62,N,N,A,-,N,NA,NA,NA,NA,NA,NA,NA,NA,NA,N,4,0,2,2,A,-,09,21804,NA,F,D,C,A,A,H,-,A,D,0,NA,NA,NA,NA,Y,NA,-,-,0,0,2,0,0,0,0,0,0,-,-,NA,NA,LOS ANGELES,LOS ANGELES,-118.37020111083984,33.977455139160156
92210878,2023,2023-10-27,1900,2023-02-25,42,550853,2920,6,5,5,1990,0,0,0,NA,0,299K3,AVENIDA RANCHEROS,GOLDEN SPRINGS DR,223,E,N,C,-,N,NA,NA,NA,NA,NA,NA,NA,NA,NA,Y,4,0,1,1,A,-,03,22350,NA,N,E,I,A,B,H,-,C,D,0,NA,NA,NA,NA,Y,NA,-,-,0,0,1,0,0,0,0,0,0,-,-,34.037410736083984,-117.79402160644533,LOS ANGELES,DIAMOND BAR,-117.79412078857422,34.03746795654297
9221088,2021,2021-03-26,1942,2021-02-04,1055,38191,1785,4,5,7,1942,0,0,0,Q,0,17A67,RESEDA BL,DEARBORN ST,43,S,N,A,-,N,NA,NA,NA,NA,NA,NA,NA,NA,NA,Y,2,0,2,4,A,-,05,21650,NA,N,B,C,A,A,H,-,A,A,0,NA,NA,NA,NA,Y,Y,A,01,1,0,1,0,0,0,0,0,0,-,-,NA,NA,LOS ANGELES,LOS ANGELES,-118.53607940673828,34.23719024658203
92210886,2023,2023-10-27,1946,2023-07-21,1619,P5,PASAD,5,5,4,1946,0,0,0,NA,0,002,DUARTE,6TH,120,E,N,A,-,N,NA,NA,NA,NA,NA,NA,NA,NA,NA,Y,4,0,1,2,A,-,01,23153,NA,N,B,C,A,A,H,-,A,A,0,NA,NA,NA,NA,Y,Y,-,-,0,0,1,0,0,0,0,0,0,-,-,NA,NA,LOS ANGELES,MONROVIA,-118.01841735839844,34.13138961791992
92210888,2023,2023-10-27,1941,2023-08-06,2339,11255,EAST,7,5,7,1941,0,0,0,NA,0,017,E SPRING ST,WOODRUFF AV,0,NA,Y,A,-,N,NA,NA,NA,NA,NA,NA,NA,NA,NA,Y,4,0,3,2,D,-,00,NA,NA,N,D,C,A,A,H,-,C,A,0,NA,NA,NA,NA,Y,NA,-,-,0,0,3,0,0,0,0,0,0,-,-,33.81050109863281,-118.11457824707033,LOS ANGELES,LONG BEACH,-118.11468505859376,33.81045150756836
9221089,2021,2021-04-02,1931,2021-02-02,2037,5322,1931,2,5,5,1931,0,0,0,NA,0,002,CLARENDON AV,GENTRY ST,136,W,N,A,-,N,NA,NA,NA,NA,NA,NA,NA,NA,NA,N,3,0,1,6,A,-,03,22350,NA,F,B,C,A,A,H,-,C,D,0,NA,NA,NA,NA,Y,NA,A,01,0,1,0,0,0,0,0,0,0,-,-,NA,NA,LOS ANGELES,HUNTINGTON PARK,-118.21836853027344,33.98346710205078
9221090,2021,2021-03-25,1931,2021-02-06,0717,5661,1931,6,5,5,1931,0,0,0,NA,0,003,GAGE AV,ALAMEDA ST,20,W,N,A,-,N,NA,NA,NA,NA,NA,NA,NA,NA,NA,Y,3,0,3,2,A,-,01,23153,F,N,D,C,A,A,H,-,A,A,0,NA,NA,NA,NA,Y,NA,A,01,0,1,2,0,0,0,0,0,0,-,-,NA,NA,LOS ANGELES,HUNTINGTON PARK,-118.2359619140625,33.981658935546875
9221097,2021,2021-03-26,1925,2021-02-06,1916,28137,3,6,5,6,1925,0,0,0,NA,0,240,WILSON AV,HARVEY DR,335,N,N,A,-,N,NA,NA,NA,NA,NA,NA,NA,NA,NA,N,3,0,1,3,A,-,03,22350,A,N,G,B,D,A,H,-,C,D,0,Y,NA,NA,NA,Y,Y,A,01,0,1,0,0,1,0,0,0,0,-,-,NA,NA,LOS ANGELES,GLENDALE,-118.23041534423828,34.147274017333984
9221098,2021,2021-03-26,1925,2021-02-04,1047,23811,225,4,5,6,1925,0,0,0,NA,0,002,BROADWAY,CENTRAL AV,0,NA,Y,A,-,N,NA,NA,NA,NA,NA,NA,NA,NA,NA,Y,4,0,2,3,A,-,12,21453,A,N,D,C,A,A,H,-,A,A,0,NA,NA,NA,NA,Y,NA,A,01,0,0,2,0,0,0,0,0,0,-,-,NA,NA,LOS ANGELES,GLENDALE,-118.25791168212892,34.14683532714844
9221099,2021,2021-03-26,1925,2021-02-07,0710,25361,3,7,5,6,1925,0,0,0,NA,0,250,COLORADO BL,GLENDALE AV,0,NA,Y,A,-,N,NA,NA,NA,NA,NA,NA,NA,NA,NA,Y,4,0,1,2,A,-,12,21453,A,N,D,C,A,A,H,-,A,A,0,NA,NA,NA,NA,Y,NA,A,01,0,0,1,0,0,0,0,0,0,-,-,NA,NA,LOS ANGELES,GLENDALE,-118.24927520751952,34.142662048339844
9221101,2021,2021-03-27,1969,2021-02-02,1506,10249,PATRO,2,5,5,1969,0,0,0,NA,0,003,TWEEDY BL,MCNERNEY AV,0,NA,Y,A,-,N,NA,NA,NA,NA,NA,NA,NA,NA,NA,Y,4,0,1,2,A,-,12,21453,A,N,D,C,A,A,H,-,A,A,0,NA,NA,NA,NA,Y,NA,A,01,0,0,1,0,0,0,0,0,0,-,-,33.94321823120117,-118.19651794433594,LOS ANGELES,SOUTH GATE,-118.19662475585938,33.9432373046875
9221102,2021,2021-04-01,1969,2021-02-03,0500,10241,NA,3,5,5,1969,0,0,0,NA,0,NA,FIRESTONE BL,OTIS ST,200,W,N,A,-,N,NA,NA,NA,NA,NA,NA,NA,NA,NA,NA,4,0,1,3,A,-,03,22350,NA,N,C,C,A,A,H,-,B,A,0,NA,NA,NA,NA,Y,NA,A,01,0,0,1,0,0,0,0,0,0,-,-,33.95323181152344,-118.1964874267578,LOS ANGELES,SOUTH GATE,-118.19718170166016,33.95328140258789
9221144,2021,2021-04-02,1942,2021-02-04,1355,33397,1861,4,5,7,1942,0,0,0,R,0,25MQ14,IMPERIAL HWY,DENVER AV,0,NA,N,A,-,N,NA,NA,NA,NA,NA,NA,NA,NA,NA,Y,4,0,2,3,A,-,01,23152,A,N,C,-,A,A,H,-,A,A,0,NA,NA,NA,NA,Y,NA,A,01,0,0,2,0,0,0,0,0,0,-,-,NA,NA,LOS ANGELES,LOS ANGELES,-118.28485107421876,33.93098831176758
9221156,2021,2021-04-12,1900,2021-01-29,0805,621412,1415,5,5,1,1932,0,0,0,NA,0,141T2,ARENTH AV,ANAHEIM-PUENTE RD,585,E,N,B,C,N,NA,NA,NA,NA,NA,NA,NA,NA,NA,Y,4,0,1,2,A,-,08,22107,NA,N,D,C,A,B,H,-,A,D,0,NA,NA,NA,NA,Y,NA,-,NA,0,0,1,0,0,0,0,0,0,-,-,34.00883102416992,-117.92784118652344,LOS ANGELES,INDUSTRY,-117.92781829833984,34.00881576538086
9221276,2021,2021-02-08,1942,2021-01-02,2055,35017,0466,6,5,7,1942,0,0,0,D,0,4A71,E 1ST ST,N MATHEWS ST,138,E,N,A,-,N,NA,NA,NA,NA,NA,NA,NA,NA,NA,N,4,0,3,2,A,-,03,22350,NA,N,C,C,A,A,H,-,C,D,0,NA,NA,NA,NA,Y,NA,A,01,0,0,3,0,0,0,0,0,0,-,-,NA,NA,LOS ANGELES,LOS ANGELES,-118.2081298828125,34.042991638183594
9221280,2021,2021-02-08,1916,2021-01-02,1323,2946,E48C1,6,5,4,1916,0,0,0,NA,0,00E,GRAND AV,BADILLO ST,457,S,N,A,-,N,NA,NA,NA,NA,NA,NA,NA,NA,NA,Y,3,0,4,2,A,-,09,21804,A,N,D,C,A,A,H,-,A,D,0,NA,NA,NA,NA,Y,NA,A,01,0,4,0,0,0,0,0,0,0,-,-,34.08625030517578,-117.87258911132813,LOS ANGELES,COVINA,-117.87261962890624,34.08626174926758
9221281,2021,2021-02-11,1942,2021-01-14,1930,38642,0511,4,5,7,1942,0,0,0,E,0,5A11,PACIFIC COAST HWY,BELL PORTE AV,0,NA,Y,A,-,Y,LA,7,1,-,-,12.733,I,5,S,N,4,0,1,2,A,-,09,21801,A,F,A,C,A,A,H,-,C,A,0,NA,NA,NA,NA,Y,NA,-,99,0,0,1,0,0,0,0,0,0,-,-,NA,NA,LOS ANGELES,LOS ANGELES,-118.30117034912108,33.789405822753906
9221285,2021,2021-02-12,1942,2021-01-04,1620,38616,0519,1,5,7,1942,0,0,0,E,0,5A15,ALAMEDA ST,YOUNG ST,64,N,N,B,-,N,NA,NA,NA,NA,NA,NA,NA,NA,NA,N,3,0,1,2,A,-,08,22107,NA,F,D,C,A,A,H,-,A,D,0,NA,NA,Y,NA,Y,Y,-,99,0,1,0,0,0,0,0,0,1,-,-,NA,NA,LOS ANGELES,LOS ANGELES,-118.24256134033205,33.786651611328125
9221289,2021,2021-02-11,1942,2021-01-14,2100,44382,0511,4,5,7,1942,0,0,0,E,0,5A11,PACIFIC COAST HWY,WESTERN AV,10,W,N,A,-,Y,LA,7,1,-,-,13.12,H,-,S,N,4,0,1,2,A,-,03,22350,NA,F,C,C,A,A,H,-,C,A,0,NA,NA,NA,NA,Y,Y,-,99,0,0,1,0,0,0,0,0,0,-,-,NA,NA,LOS ANGELES,LOS ANGELES,-118.30789184570313,33.7894172668457
9221301,2021,2021-02-08,1975,2021-01-15,2258,436,WCPD,5,5,6,1975,0,0,0,NA,0,005,AZUSA AV,FRANCISQUITO AV,286,S,N,A,-,N,NA,NA,NA,NA,NA,NA,NA,NA,NA,Y,4,0,1,2,A,-,03,22350,NA,N,C,I,A,A,H,-,C,D,0,NA,NA,NA,NA,Y,NA,A,01,0,0,1,0,0,0,0,0,0,-,-,34.05022048950195,-117.90805053710938,LOS ANGELES,WEST COVINA,-117.90810394287108,34.049415588378906
9221362,2021,2021-02-12,1976,2021-01-14,1725,539,1976,4,5,5,1976,0,0,0,NA,0,002,WHITTIER BL,PENN ST,0,NA,Y,A,-,Y,LA,7,72,-,-,4.85,H,-,S,Y,2,0,1,1,A,-,08,22107,NA,N,E,I,A,A,H,-,C,D,0,NA,NA,NA,NA,Y,NA,A,01,1,0,0,0,0,0,0,0,0,-,-,NA,NA,LOS ANGELES,WHITTIER,-118.04680633544922,33.97541809082031
9221366,2021,2021-02-12,1976,2021-01-16,2225,533,NA,6,5,5,1976,0,0,0,NA,0,002,WHITTIER BL,PENN ST,0,NA,Y,A,-,Y,LA,7,72,-,-,4.856,I,5,N,Y,2,0,1,2,A,-,09,21802,C,N,D,C,A,A,H,-,C,A,0,NA,NA,Y,NA,Y,NA,A,07,1,0,0,0,0,0,0,0,1,-,-,NA,NA,LOS ANGELES,WHITTIER,-118.04690551757813,33.975563049316406
9221370,2021,2021-02-12,1976,2021-01-21,1544,424,1976,4,5,5,1976,0,0,0,NA,0,003,WHITTIER BL,LA ENTRADA AV,331,W,N,A,-,Y,LA,7,72,-,-,2.33,H,-,N,N,4,0,1,2,A,-,03,22350,NA,N,C,C,A,A,H,-,A,D,0,NA,NA,NA,NA,Y,NA,A,01,0,0,1,0,0,0,0,0,0,-,-,NA,NA,LOS ANGELES,WHITTIER,-118.01358795166016,33.952430725097656
9221374,2021,2021-02-12,1976,2021-01-26,1541,449,NA,2,5,5,1976,0,0,0,NA,0,001,WHITTIER BL,NORWALK BL,162,E,N,A,-,Y,LA,7,72,-,-,6.24,H,-,N,Y,4,0,1,2,A,-,01,23152,A,N,C,C,A,A,H,-,A,A,0,NA,NA,NA,NA,Y,Y,A,08,0,0,1,0,0,0,0,0,0,-,-,NA,NA,LOS ANGELES,WHITTIER,-118.06356811523438,33.98960494995117
9221400,2021,2021-02-12,1909,2021-01-16,2213,589,1909,6,5,4,1909,0,0,0,NA,0,NA,GALLANT ST,GILLILAND AV,141,E,N,A,-,N,NA,NA,NA,NA,NA,NA,NA,NA,NA,Y,3,0,1,2,A,-,08,22107,NA,N,A,E,A,A,H,-,C,D,0,NA,NA,NA,NA,Y,NA,A,01,0,1,0,0,0,0,0,0,0,-,-,33.96099090576172,-118.15438079833984,LOS ANGELES,BELL GARDENS,-118.15395355224608,33.960914611816406
9221401,2021,2021-02-12,1942,2021-01-21,1435,33294,1905,4,5,7,1942,0,0,0,NA,0,26M34,POLK ST,FOOTHILL BL,465,N,N,A,-,Y,LA,7,210,-,R,3.133,R,4,W,Y,4,0,5,2,A,-,09,21801,A,N,D,C,A,A,H,-,A,A,0,NA,NA,NA,NA,Y,NA,A,01,0,0,5,0,0,0,0,0,0,-,-,NA,NA,LOS ANGELES,LOS ANGELES,-118.44174194335938,34.318050384521484
9221404,2021,2021-02-23,1900,2021-01-12,1945,600527,1126,2,5,6,1992,0,0,0,NA,0,112T2/,AV K,RT 14,0,NA,Y,A,-,Y,LA,7,14,-,R,66.99,R,4,S,N,4,0,2,2,A,-,17,21451,A,N,D,C,A,A,H,-,C,A,0,NA,NA,NA,NA,Y,NA,A,01,0,0,2,0,0,0,0,0,0,-,SF,NA,NA,LOS ANGELES,LANCASTER,-118.16032409667967,34.67751693725586
9221408,2021,2021-02-23,1956,2021-01-21,2108,1272,20,4,5,5,1956,0,0,0,NA,0,002,RT 1,DIAMOND ST,0,NA,Y,A,-,Y,LA,7,1,-,-,19.941,I,5,N,Y,3,0,2,2,A,-,09,21801,A,N,D,C,A,A,H,-,C,A,0,NA,NA,NA,NA,Y,NA,A,01,0,2,0,0,0,0,0,0,0,-,-,NA,NA,LOS ANGELES,REDONDO BEACH,-118.38726043701172,33.844970703125
9221429,2021,2021-02-09,1975,2021-01-09,1700,685,NA,6,5,6,1975,0,0,0,NA,0,005,AZUSA AV,WING LN,9,S,N,A,-,N,NA,NA,NA,NA,NA,NA,NA,NA,NA,N,3,0,1,2,A,-,09,21804,A,F,G,B,D,A,H,-,B,A,0,Y,NA,NA,NA,Y,Y,A,08,0,1,0,0,1,0,0,0,0,-,-,34.02738952636719,-117.9165496826172,LOS ANGELES,WEST COVINA,-117.91661834716795,34.027400970458984
9221437,2021,2021-02-12,1900,2021-01-06,1445,625464,2607,3,5,6,1950,0,0,0,NA,0,264T7,PEARBLOSSOM HWY,CHESEBORO RD,0,NA,Y,A,-,Y,LA,7,138,-,-,51.59,H,-,E,N,3,0,2,2,A,-,07,21658,A,N,C,C,A,A,H,-,A,D,0,NA,NA,NA,NA,Y,NA,A,01,0,1,1,0,0,0,0,0,0,-,-,34.541019439697266,-118.02790069580078,LOS ANGELES,PALMDALE,-118.02787017822266,34.54102325439453
9221445,2021,2021-03-01,1910,2021-01-27,1707,03209,NA,3,5,4,1910,0,0,0,NA,0,006,NORTH SANTA MONICA BL,N REXFORD DR,0,NA,Y,B,-,N,NA,NA,NA,NA,NA,NA,NA,NA,NA,N,4,0,1,2,A,-,10,21950,A,N,G,B,B,A,H,-,A,A,0,Y,NA,NA,NA,Y,NA,A,01,0,0,1,0,1,0,0,0,0,-,-,NA,NA,LOS ANGELES,BEVERLY HILLS,-118.40061950683594,34.07375717163086
9221449,2021,2021-02-12,1910,2021-01-28,1620,03209,NA,4,5,4,1910,0,0,0,NA,0,004,NORTH SANTA MONICA BL,WALDEN DR,30,E,N,B,-,Y,NA,NA,NA,NA,NA,NA,NA,NA,NA,N,4,0,1,2,A,-,03,22350,NA,M,C,C,A,A,H,-,A,A,0,NA,NA,NA,NA,Y,NA,A,01,0,0,1,0,0,0,0,0,0,-,-,NA,NA,LOS ANGELES,BEVERLY HILLS,-118.4096450805664,34.06759262084961
9221522,2021,2021-02-25,1900,2021-01-16,1620,525042,1012,6,5,3,1995,0,0,0,NA,0,101T2,RT 1,ZUMIREZ DR,0,NA,Y,A,-,Y,LA,7,1,-,-,53.66,H,-,N,Y,4,0,2,2,A,-,03,22350,NA,N,C,C,A,A,H,-,A,A,0,NA,NA,NA,NA,Y,NA,A,01,0,0,2,0,0,0,0,0,0,-,-,34.02045822143555,-118.79621887207033,LOS ANGELES,MALIBU,-118.79604339599608,34.02058029174805
9221526,2021,2021-02-25,1900,2021-01-24,1417,627961,1016,7,5,3,1995,0,0,0,NA,0,471,PACIFIC COAST HWY,CARBON BEACH TR,358,E,N,A,-,Y,LA,7,1,-,-,45.48,H,-,N,N,4,0,1,2,A,-,03,22350,NA,N,C,C,A,A,H,-,A,D,0,NA,NA,NA,NA,Y,NA,A,01,0,0,1,0,0,0,0,0,0,-,-,34.03929901123047,-118.65972900390624,LOS ANGELES,MALIBU,-118.65900421142578,34.03929901123047
9221530,2021,2021-03-01,1942,2021-01-17,0030,43380,2114,7,5,7,1942,0,0,0,NA,0,21A29,TOPANGA CANYON BL,STRATHERN ST,350,S,N,A,-,Y,LA,7,27,-,-,15.47,H,-,S,N,3,0,2,6,A,-,04,21703,NA,N,C,C,A,A,H,-,C,D,0,NA,NA,NA,NA,Y,NA,A,01,0,1,1,0,0,0,0,0,0,-,-,NA,NA,LOS ANGELES,LOS ANGELES,-118.60606384277344,34.21453094482422