CASE_ID,ACCIDENT_YEAR,PROC_DATE,JURIS,COLLISION_DATE,COLLISION_TIME,OFFICER_ID,REPORTING_DISTRICT,DAY_OF_WEEK,CHP_SHIFT,POPULATION,CNTY_CITY_LOC,SPECIAL_COND,BEAT_TYPE,CHP_BEAT_TYPE,CITY_DIVISION_LAPD,CHP_BEAT_CLASS,BEAT_NUMBER,PRIMARY_RD,SECONDARY_RD,DISTANCE,DIRECTION,INTERSECTION,WEATHER_1,WEATHER_2,STATE_HWY_IND,CALTRANS_COUNTY,CALTRANS_DISTRICT,STATE_ROUTE,ROUTE_SUFFIX,POSTMILE_PREFIX,POSTMILE,LOCATION_TYPE,RAMP_INTERSECTION,SIDE_OF_HWY,TOW_AWAY,COLLISION_SEVERITY,NUMBER_KILLED,NUMBER_INJURED,PARTY_COUNT,PRIMARY_COLL_FACTOR,PCF_CODE_OF_VIOL,PCF_VIOL_CATEGORY,PCF_VIOLATION,PCF_VIOL_SUBSECTION,HIT_AND_RUN,TYPE_OF_COLLISION,MVIW,PED_ACTION,ROAD_SURFACE,ROAD_COND_1,ROAD_COND_2,LIGHTING,CONTROL_DEVICE,CHP_ROAD_TYPE,PEDESTRIAN_ACCIDENT,BICYCLE_ACCIDENT,MOTORCYCLE_ACCIDENT,TRUCK_ACCIDENT,NOT_PRIVATE_PROPERTY,ALCOHOL_INVOLVED,STWD_VEHTYPE_AT_FAULT,CHP_VEHTYPE_AT_FAULT,COUNT_SEVERE_INJ,COUNT_VISIBLE_INJ,COUNT_COMPLAINT_PAIN,COUNT_PED_KILLED,COUNT_PED_INJURED,COUNT_BICYCLIST_KILLED,COUNT_BICYCLIST_INJURED,COUNT_MC_KILLED,COUNT_MC_INJURED,PRIMARY_RAMP,SECONDARY_RAMP,LATITUDE,LONGITUDE,COUNTY,CITY,POINT_X,POINT_Y
9221534,2021,2021-02-18,1942,2021-01-21,1815,41729,1861,4,5,7,1942,0,0,0,R,0,18A97,W IMPERIAL HWY,S VERMONT AV,25,E,N,A,-,N,NA,NA,NA,NA,NA,NA,NA,NA,NA,N,4,0,2,2,A,-,09,21801,A,N,D,C,A,A,H,-,C,A,0,NA,NA,NA,NA,Y,NA,A,07,0,0,2,0,0,0,0,0,0,-,-,NA,NA,LOS ANGELES,LOS ANGELES,-118.2915267944336,33.93098068237305
9221535,2021,2021-02-18,1942,2021-01-26,1735,41536,1849,2,5,7,1942,0,0,0,R,0,18A49,E IMPERIAL HWY,S MONA BL,0,NA,Y,A,-,N,NA,NA,NA,NA,NA,NA,NA,NA,NA,Y,4,0,2,2,A,-,09,21801,A,N,D,C,A,A,H,-,A,A,0,NA,NA,NA,NA,Y,NA,A,01,0,0,2,0,0,0,0,0,0,-,-,NA,NA,LOS ANGELES,LOS ANGELES,-118.2303466796875,33.92900085449219
9221538,2021,2021-02-18,1942,2021-01-16,2200,43747,17A99,6,5,7,1942,0,0,0,Q,0,17A99,ROSCOE BL,HASKELL AV,0,E,N,A,-,N,NA,NA,NA,NA,NA,NA,NA,NA,NA,N,4,0,2,2,A,-,12,21453,NA,N,C,C,A,A,H,-,C,A,0,NA,NA,NA,NA,Y,NA,-,-,0,0,2,0,0,0,0,0,0,-,-,NA,NA,LOS ANGELES,LOS ANGELES,-118.47645568847656,34.22134780883789
9221543,2021,2021-02-18,1900,2021-01-25,1900,618405,2117,1,5,5,1943,0,0,0,NA,0,212T3,ATLANTIC AV,AGNES AV,0,NA,Y,A,-,N,NA,NA,NA,NA,NA,NA,NA,NA,NA,Y,4,0,2,4,A,-,08,22107,NA,N,A,C,A,A,H,-,C,A,0,NA,NA,NA,NA,Y,NA,A,07,0,0,2,0,0,0,0,0,0,-,-,33.91389846801758,-118.19039916992188,LOS ANGELES,LYNWOOD,-118.19049835205078,33.913978576660156
9221577,2021,2021-03-01,1900,2021-01-22,0941,520671,2924,5,5,5,1990,0,0,0,NA,0,292T1,GRAND AV,RT 60,0,NA,Y,A,-,Y,LA,7,60,-,R,24.277,R,4,E,Y,3,0,2,2,A,-,12,21453,A,N,A,C,A,A,H,-,A,A,0,NA,NA,NA,NA,Y,NA,-,-,0,2,0,0,0,0,0,0,0,-,EF,34.009559631347656,-117.82328033447266,LOS ANGELES,DIAMOND BAR,-117.82534790039064,34.008026123046875
9221667,2021,2021-03-05,1956,2021-01-27,1045,1244,68,3,5,5,1956,0,0,0,NA,0,003,RT 107,ARTESIA BL,450,S,N,B,-,Y,LA,7,107,-,-,4.6,H,-,S,N,3,0,1,2,A,-,05,21650,1,N,D,G,A,A,H,-,A,D,0,NA,Y,NA,NA,Y,NA,L,04,0,1,0,0,0,0,1,0,0,-,-,NA,NA,LOS ANGELES,REDONDO BEACH,-118.3526611328125,33.871429443359375
9221668,2021,2021-02-25,1942,2021-02-07,2135,38996,2105,7,5,7,1942,0,0,0,NA,0,21A1,TOPANGA CANYON BL,CHASE ST,261,S,N,A,-,Y,LA,7,27,-,-,16.09,H,-,N,N,4,0,1,1,A,-,01,23152,A,N,E,H,A,A,H,-,C,D,0,NA,NA,NA,NA,Y,Y,A,01,0,0,1,0,0,0,0,0,0,-,-,NA,NA,LOS ANGELES,LOS ANGELES,-118.60591888427734,34.22361373901367
9221706,2021,2021-02-22,1928,2021-01-05,0353,50422,517,2,5,5,1928,0,0,0,NA,0,503,EL SEGUNDO BL,CERISE AV,65,E,N,A,-,N,NA,NA,NA,NA,NA,NA,NA,NA,NA,Y,3,0,1,2,A,-,03,22350,NA,N,C,C,A,A,H,-,C,A,0,NA,NA,NA,NA,Y,NA,A,01,0,1,0,0,0,0,0,0,0,-,-,33.91638946533203,-118.33226013183594,LOS ANGELES,HAWTHORNE,-118.33230590820313,33.91643142700195
9221710,2021,2021-03-05,1942,2021-01-31,1200,31392,2185,7,5,7,1942,0,0,0,NA,0,21A97,CLAREDON ST,TOPANGA CANYON BL,0,NA,Y,B,-,Y,LA,7,27,-,-,12.361,I,5,N,Y,3,0,1,2,A,-,12,21453,A,F,D,D,A,A,H,-,A,D,0,NA,NA,NA,NA,Y,NA,A,07,0,1,0,0,0,0,0,0,0,-,-,NA,NA,LOS ANGELES,LOS ANGELES,-118.60577392578124,34.169700622558594
9221722,2021,2021-02-22,1942,2021-01-06,0700,40832,1252,3,5,7,1942,0,0,0,L,0,12A67,VAN NESS AV,76TH ST,0,NA,Y,A,-,N,NA,NA,NA,NA,NA,NA,NA,NA,NA,N,4,0,1,2,A,-,12,21453,A,F,D,C,A,A,H,-,A,A,0,NA,NA,NA,NA,Y,NA,-,99,0,0,1,0,0,0,0,0,0,-,-,NA,NA,LOS ANGELES,LOS ANGELES,-118.31773376464844,33.97093200683594
9221735,2021,2021-03-08,1900,2021-01-23,1407,546256,531,6,5,5,1959,0,0,0,NA,0,53T1PM,RT 164,GLENDON WY,29,N,N,A,-,Y,LA,7,164,-,-,5.77,H,-,S,N,4,0,1,2,A,-,03,22350,NA,M,C,C,A,A,H,-,A,A,0,NA,NA,NA,NA,Y,NA,A,01,0,0,1,0,0,0,0,0,0,-,-,34.07421112060547,-118.07318115234376,LOS ANGELES,ROSEMEAD,-118.07313537597656,34.07454299926758
9221738,2021,2021-02-23,1900,2021-01-19,1050,623201,0561,2,5,3,1968,0,0,0,NA,0,55T110,ROSEMEAD BL,RUSH ST,37,S,N,A,-,N,NA,NA,164,NA,NA,NA,NA,NA,NA,Y,3,0,2,2,A,-,04,21703,NA,M,C,C,A,A,H,-,A,A,0,NA,NA,NA,NA,Y,NA,A,07,0,2,0,0,0,0,0,0,0,-,-,34.05165100097656,-118.06420135498048,LOS ANGELES,SOUTH EL MONTE,-118.064208984375,34.05165100097656
9221767,2021,2021-03-10,1956,2021-01-23,0954,1335,68,6,5,5,1956,0,0,0,NA,0,003,ARTESIA BL,HAWTHORNE BL,0,NA,Y,B,C,Y,LA,7,107,-,-,4.696,I,5,S,Y,3,0,3,3,A,-,08,22101,D,N,C,C,A,B,H,-,A,A,0,NA,NA,NA,NA,Y,NA,A,01,0,1,2,0,0,0,0,0,0,-,-,33.872718811035156,-118.35262298583984,LOS ANGELES,REDONDO BEACH,-118.35265350341795,33.872764587402344
9221771,2021,2021-03-04,1920,2021-01-05,1718,10062,NA,2,5,6,1920,0,0,0,NA,0,006,ROSECRANS AV,LAKEWOOD BL,305,W,N,A,-,N,NA,NA,NA,NA,NA,NA,NA,NA,NA,N,3,0,1,2,A,-,09,21804,A,N,D,C,A,A,H,-,C,D,0,NA,NA,NA,NA,Y,NA,A,01,0,1,0,0,0,0,0,0,0,-,-,NA,NA,LOS ANGELES,DOWNEY,-118.1438217163086,33.90378189086914
9221774,2021,2021-03-10,1976,2021-01-14,1835,549,NA,4,5,5,1976,0,0,0,NA,0,001,WHITTIER BL,MILLS AV,24,W,N,A,-,Y,LA,7,72,-,-,2.113,I,5,N,Y,4,0,1,2,A,-,09,21453,B,N,D,C,A,A,H,-,C,A,0,NA,NA,NA,NA,Y,NA,A,01,0,0,1,0,0,0,0,0,0,-,-,NA,NA,LOS ANGELES,WHITTIER,-118.0104522705078,33.950679779052734
9221777,2021,2021-03-10,1956,2021-02-07,1409,1296,24,7,5,5,1956,0,0,0,NA,0,002,PACIFIC COAST HWY,BERRLY ST,0,NA,Y,A,-,Y,LA,7,1,-,-,20.231,I,5,S,Y,4,0,2,2,A,-,12,21453,A,N,D,C,A,A,H,-,A,A,0,NA,NA,NA,NA,Y,NA,A,01,0,0,2,0,0,0,0,0,0,-,-,33.8491096496582,-118.38855743408205,LOS ANGELES,REDONDO BEACH,-118.38852691650392,33.84904098510742
9221779,2021,2021-03-11,1900,2021-01-13,1834,652793,1332,3,5,5,1908,0,0,0,NA,0,133H,LAKEWOOD BL,PASEO ST,125,S,N,A,-,N,NA,NA,NA,NA,NA,NA,NA,NA,NA,Y,3,0,2,2,A,-,08,22107,NA,N,C,E,A,A,H,-,C,D,0,NA,NA,NA,NA,Y,NA,A,01,0,1,1,0,0,0,0,0,0,-,-,NA,NA,LOS ANGELES,BELLFLOWER,-118.14264678955078,33.89415740966797
9221790,2021,2021-03-04,1942,2021-01-22,1835,40690,1862,5,5,7,1942,0,0,0,R,0,18A63,W IMPERIAL HWY,S BROADWAY ST,30,E,N,B,-,N,NA,NA,NA,NA,NA,NA,NA,NA,NA,N,4,0,3,2,A,-,01,23152,A,N,C,C,A,A,H,-,C,D,0,NA,NA,NA,NA,Y,Y,A,01,0,0,3,0,0,0,0,0,0,-,-,NA,NA,LOS ANGELES,LOS ANGELES,-118.27835845947266,33.93101119995117
9221794,2021,2021-03-10,1976,2021-01-26,1531,548,NA,2,5,5,1976,0,0,0,NA,0,002,WHITTIER BL,VICKI DR,50,W,N,A,-,Y,LA,7,72,-,-,6.09,H,-,N,N,4,0,1,2,A,-,01,23152,A,M,B,C,A,A,H,-,A,A,0,NA,NA,NA,NA,Y,Y,A,01,0,0,1,0,0,0,0,0,0,-,-,NA,NA,LOS ANGELES,WHITTIER,-118.06151580810548,33.988250732421875
9221798,2021,2021-03-04,1976,2021-01-14,1424,547,1976,4,5,5,1976,0,0,0,NA,0,002,BEVERLY BL,PAINTER AV,0,NA,Y,A,-,N,NA,NA,NA,NA,NA,NA,NA,NA,NA,Y,4,0,1,2,A,-,09,21800,A,N,D,C,A,A,H,-,A,A,0,NA,NA,Y,NA,Y,NA,A,01,0,0,1,0,0,0,0,0,0,-,-,NA,NA,LOS ANGELES,WHITTIER,-118.03265380859376,33.98813247680664
9221802,2021,2021-03-04,1941,2021-01-06,1440,10125,NA,3,5,7,1941,0,0,0,NA,0,NA,2ND ST,SHOPKEEPER RD,0,NA,Y,A,-,N,NA,NA,NA,NA,NA,NA,NA,NA,NA,Y,4,0,1,2,A,-,08,22107,NA,N,D,-,A,-,H,-,A,A,0,NA,NA,NA,NA,Y,NA,A,NA,0,0,1,0,0,0,0,0,0,-,-,NA,NA,LOS ANGELES,LONG BEACH,-118.10839080810548,33.7588996887207
9221822,2021,2021-03-04,1900,2021-01-31,1318,641006,1010,7,5,3,1995,0,0,0,NA,0,101T2,ENCINAL CANYON RD,AVENIDA DE LA ENCINAL,960,S,N,A,-,N,NA,NA,NA,NA,NA,NA,NA,NA,NA,N,4,0,1,1,A,-,03,22350,NA,N,F,A,A,A,H,-,A,D,0,NA,NA,Y,NA,Y,NA,C,02,0,0,1,0,0,0,0,0,1,-,-,34.04404830932617,-118.89256286621094,LOS ANGELES,MALIBU,-118.88906097412108,34.04439926147461
9221829,2021,2021-03-11,1942,2021-02-02,2100,42608,1209,2,5,7,1942,0,0,0,L,0,12A15,FLOWER ST,W VERNON AV,100,S,N,A,-,N,NA,NA,NA,NA,NA,NA,NA,NA,NA,Y,4,0,3,2,A,-,03,22350,NA,F,D,C,A,A,H,-,C,D,0,NA,NA,NA,NA,Y,NA,A,01,0,0,3,0,0,0,0,0,0,-,-,NA,NA,LOS ANGELES,LOS ANGELES,-118.28155517578124,34.00348663330078
9221834,2021,2021-03-04,1942,2021-01-24,0040,43789,1215,7,5,7,1942,0,0,0,L,0,12A73,SLAUSON AV,VERMONT AV,10,W,N,A,-,N,NA,NA,NA,NA,NA,NA,NA,NA,NA,N,4,0,1,2,A,-,03,22350,NA,F,C,C,A,B,H,-,C,D,0,NA,NA,NA,NA,Y,NA,-,99,0,0,1,0,0,0,0,0,0,-,-,NA,NA,LOS ANGELES,LOS ANGELES,-118.29150390625,33.98912811279297
9221873,2021,2021-03-03,1942,2021-02-13,1830,39062,0329,6,5,7,1942,0,0,0,C,0,3A19,W ADAMS BL,S FLOWER ST,70,W,N,A,-,N,NA,NA,NA,NA,NA,NA,NA,NA,NA,N,4,0,2,2,A,-,04,21703,NA,F,C,C,A,A,H,-,C,D,0,NA,NA,NA,NA,Y,NA,-,99,0,0,2,0,0,0,0,0,0,-,-,NA,NA,LOS ANGELES,LOS ANGELES,-118.2751235961914,34.02772903442383
9221881,2021,2021-03-10,1942,2021-02-15,1650,38326,1991,1,5,7,1942,0,0,0,NA,0,19A93,ROSCOE BL,ORION AV,230,W,N,A,-,Y,LA,7,405,-,-,43.64,R,4,N,N,4,0,1,3,A,-,03,22350,NA,F,C,C,A,A,H,-,A,A,0,NA,NA,NA,NA,Y,NA,-,99,0,0,1,0,0,0,0,0,0,-,-,NA,NA,LOS ANGELES,LOS ANGELES,-118.47310638427734,34.21944808959961
9221923,2021,2021-03-10,1972,2021-02-09,1152,18059,NA,2,5,6,1972,0,0,0,NA,0,NA,HAWTHORNE,EMERALD,0,NA,Y,B,-,N,NA,NA,NA,NA,NA,NA,NA,NA,NA,Y,4,0,1,2,A,-,09,21800,D,N,D,C,A,A,H,-,A,B,0,NA,NA,NA,NA,Y,NA,A,NA,0,0,1,0,0,0,0,0,0,-,-,NA,NA,LOS ANGELES,TORRANCE,-118.35383605957033,33.84135818481445
9221936,2021,2021-04-05,1900,2021-02-11,1255,530048,1012,4,5,3,1995,0,0,0,NA,0,101A,RT 1,BUSCH DR,60,N,N,A,-,Y,LA,7,1,-,-,55.07,H,-,S,Y,3,0,4,2,A,-,08,22107,NA,N,C,C,A,A,H,-,A,D,0,NA,NA,NA,NA,Y,NA,A,07,0,2,2,0,0,0,0,0,0,-,-,34.01668930053711,-118.81857299804688,LOS ANGELES,MALIBU,-118.81874847412108,34.01659393310547
9221943,2021,2021-03-10,1942,2021-02-03,1140,32973,1365,3,5,7,1942,0,0,0,M,0,13A75,E VERNON AV,HOOPER AV,110,E,N,A,-,N,NA,NA,NA,NA,NA,NA,NA,NA,NA,N,4,0,2,3,A,-,08,22107,NA,N,D,C,A,A,H,-,A,D,0,NA,NA,NA,NA,Y,NA,A,01,0,0,2,0,0,0,0,0,0,-,-,NA,NA,LOS ANGELES,LOS ANGELES,-118.25177764892578,34.00389099121094
9221946,2021,2021-03-10,1976,2021-02-05,1411,525,NA,5,5,5,1976,0,0,0,NA,0,002,E WHITTIER BL,MAR VISTA ST,334,W,N,A,-,Y,LA,7,72,-,-,4.74,H,-,N,Y,3,0,1,1,C,-,18,NA,NA,N,E,I,A,A,H,-,A,D,0,NA,NA,NA,NA,Y,NA,-,-,0,1,0,0,0,0,0,0,0,-,-,NA,NA,LOS ANGELES,WHITTIER,-118.0458755493164,33.974029541015625
9221947,2021,2021-03-16,1942,2021-02-13,1430,34426,1145,6,5,7,1942,0,0,0,K,0,11A71,RIVERSIDE DR,GLENDEN ST,100,N,N,A,-,Y,LA,7,2,-,-,14.955,R,4,W,N,4,0,1,2,A,-,08,22107,NA,F,D,C,A,A,H,-,A,D,0,NA,NA,NA,NA,Y,NA,-,99,0,0,1,0,0,0,0,0,0,-,-,NA,NA,LOS ANGELES,LOS ANGELES,-118.2512664794922,34.10000991821289
9221950,2021,2021-03-10,1976,2021-02-14,0938,549,2,7,5,5,1976,0,0,0,NA,0,NA,WHITTIER BL,PENN ST,21,S,N,A,-,Y,LA,7,72,-,-,4.85,H,-,S,N,4,0,1,2,A,-,09,21802,A,N,D,C,A,A,H,-,A,A,0,NA,NA,NA,NA,Y,NA,A,01,0,0,1,0,0,0,0,0,0,-,-,NA,NA,LOS ANGELES,WHITTIER,-118.04680633544922,33.97541809082031
9221951,2021,2021-03-16,1900,2021-02-04,0840,527069,2611,4,5,6,1950,0,0,0,NA,0,260H2,PALMDALE BL,DIVISION ST,291,W,N,A,-,Y,LA,7,138,-,-,43.6,H,-,W,Y,4,0,1,1,A,-,08,22107,NA,N,E,I,A,A,H,-,A,D,0,NA,NA,NA,NA,Y,NA,A,07,0,0,1,0,0,0,0,0,0,-,-,34.579978942871094,-118.13063049316406,LOS ANGELES,PALMDALE,-118.13088989257813,34.58005905151367
9221954,2021,2021-03-16,1941,2021-02-15,1915,10654,NA,1,5,7,1941,0,0,0,NA,0,NA,PACIFIC COAST HWY,2ND ST,100,S,N,A,-,Y,LA,7,1,-,-,0.56,H,-,N,Y,4,0,1,2,A,-,01,23152,NA,N,-,-,A,A,H,-,C,A,0,NA,NA,NA,NA,Y,Y,A,NA,0,0,1,0,0,0,0,0,0,-,-,NA,NA,LOS ANGELES,LONG BEACH,-118.11087799072266,33.757835388183594
9221955,2021,2021-03-16,1900,2021-02-02,0200,639633,2607,2,5,6,1950,0,0,0,NA,0,263T1,PALMDALE BL,47TH ST EAST,679,W,N,A,-,Y,LA,7,138,-,R,49.36,H,-,E,Y,4,0,1,1,A,-,08,22107,NA,N,E,I,A,A,H,-,C,D,0,NA,NA,NA,NA,Y,Y,A,01,0,0,1,0,0,0,0,0,0,-,-,34.58012008666992,-118.04618072509766,LOS ANGELES,PALMDALE,-118.04505920410156,34.568450927734375
9221962,2021,2021-03-12,1942,2021-02-20,2100,38819,0522,6,5,7,1942,0,0,0,E,0,5A25,ANAHEIM ST,BAY VIEW AV,0,NA,Y,A,-,N,NA,NA,NA,NA,NA,NA,NA,NA,NA,N,4,0,1,2,A,-,01,23152,A,N,B,C,A,A,-,-,C,D,0,NA,NA,NA,NA,Y,Y,A,01,0,0,1,0,0,0,0,0,0,-,-,NA,NA,LOS ANGELES,LOS ANGELES,-118.27027893066406,33.77954864501953
9221963,2021,2021-03-22,1941,2021-01-30,1818,10246,NA,6,5,7,1941,0,0,0,NA,0,NA,PACIFIC COAST HWY,WALNUT AV,0,NA,Y,A,-,Y,LA,7,1,-,-,5.25,H,-,N,Y,2,0,1,2,A,-,08,22107,NA,N,D,C,A,A,H,-,C,D,0,NA,NA,Y,NA,Y,NA,D,NA,1,0,0,0,0,0,0,0,1,-,-,NA,NA,LOS ANGELES,LONG BEACH,-118.17173004150392,33.7899169921875
9221974,2021,2021-03-10,1941,2021-02-11,1801,10140,NA,4,5,7,1941,0,0,0,NA,0,NA,ARTESIA BL,ATLANTIC AV,0,NA,Y,A,-,N,NA,NA,NA,NA,NA,NA,NA,NA,NA,Y,4,0,2,2,-,-,-,NA,NA,N,D,C,A,A,H,-,C,A,0,NA,NA,NA,NA,Y,NA,-,-,0,0,2,0,0,0,0,0,0,-,-,NA,NA,LOS ANGELES,LONG BEACH,-118.18624877929688,33.8743782043457
9221975,2021,2021-03-12,1941,2021-01-25,1040,10786,NA,1,5,7,1941,0,0,0,NA,0,NA,PACIFIC COAST HWY,PACIFIC AV,0,NA,Y,A,-,Y,LA,7,1,-,-,6.5,H,-,N,N,4,0,2,3,A,-,08,22107,NA,F,B,C,A,A,H,-,A,A,0,NA,NA,NA,NA,Y,NA,A,NA,0,0,2,0,0,0,0,0,0,-,-,NA,NA,LOS ANGELES,LONG BEACH,-118.19342803955078,33.7899169921875
9221977,2021,2021-03-04,1905,2021-01-15,1426,1154,123,5,5,4,1905,0,0,0,NA,0,003,N CERRITOS AV,BASELINE RD,0,NA,Y,A,-,N,NA,NA,NA,NA,NA,NA,NA,NA,NA,Y,3,0,1,2,A,-,12,21453,A,N,D,C,A,A,H,-,A,A,0,NA,NA,NA,NA,Y,NA,-,-,0,1,0,0,0,0,0,0,0,-,-,34.12166976928711,-117.89936065673828,LOS ANGELES,AZUSA,-117.8993911743164,34.12155532836914
9221985,2021,2021-03-10,1941,2021-02-05,1412,11354,NA,5,5,7,1941,0,0,0,NA,0,NA,PACIFIC COAST HWY,CHESTNUT AV,0,NA,Y,A,-,Y,LA,7,1,-,-,6.66,H,-,S,Y,4,0,2,2,A,-,08,22107,NA,N,D,C,A,A,H,-,A,D,0,NA,NA,NA,NA,Y,NA,A,NA,0,0,2,0,0,0,0,0,0,-,-,NA,NA,LOS ANGELES,LONG BEACH,-118.19618225097656,33.7898063659668
9221991,2021,2021-03-22,1942,2021-01-14,1245,33452,1101,4,5,7,1942,0,0,0,K,0,11A1,VENTURA FWY,RIVERSIDE DR,0,NA,Y,A,-,Y,LA,7,134,-,-,4.686,R,4,E,Y,2,0,1,1,A,-,03,22350,NA,N,E,I,A,A,H,-,A,A,0,NA,NA,NA,NA,Y,NA,A,07,1,0,0,0,0,0,0,0,0,EF,-,NA,NA,LOS ANGELES,LOS ANGELES,-118.2960968017578,34.155452728271484
9221993,2021,2021-03-10,1956,2021-02-19,0739,1296,68,5,5,5,1956,0,0,0,NA,0,003,RT 107,182ND ST,39,N,N,A,-,Y,LA,7,107,-,-,4.2,H,-,S,Y,3,0,1,2,A,-,03,22350,NA,N,C,C,A,A,H,-,A,A,0,NA,NA,NA,NA,Y,NA,A,01,0,1,0,0,0,0,0,0,0,-,-,33.86555862426758,-118.35262298583984,LOS ANGELES,REDONDO BEACH,-118.3526611328125,33.86566162109375
9221995,2021,2021-03-08,1942,2021-01-22,1655,34426,0141,5,5,7,1942,0,0,0,A,0,1A41,5TH ST,FIGUEROA ST,0,NA,Y,A,-,N,NA,NA,NA,NA,NA,NA,NA,NA,NA,Y,3,0,5,2,A,-,12,21453,A,N,F,C,A,A,H,-,B,A,0,NA,NA,NA,NA,Y,NA,A,07,0,1,4,0,0,0,0,0,0,-,-,NA,NA,LOS ANGELES,LOS ANGELES,-118.25711822509766,34.052284240722656
9221997,2021,2021-03-10,1956,2021-02-14,1516,1369,NA,7,5,5,1956,0,0,0,NA,0,NA,RT 10,TORRANCE BL,0,NA,Y,A,-,Y,LA,7,1,-,-,19.524,I,5,S,NA,4,0,1,2,A,-,10,21950,A,N,G,B,B,A,H,-,A,A,0,Y,NA,NA,NA,Y,NA,A,01,0,0,1,0,1,0,0,0,0,-,-,33.83831024169922,-118.38543701171876,LOS ANGELES,REDONDO BEACH,-118.38544464111328,33.838340759277344
9221998,2021,2021-03-16,1972,2021-02-19,0012,21306,NA,5,5,6,1972,0,0,0,NA,0,NA,PACIFIC COAST HWY,WINLOCK DR,240,E,N,A,-,Y,LA,7,1,-,-,15.49,H,-,S,Y,3,0,2,2,A,-,03,22350,NA,N,C,C,A,A,H,-,E,D,0,NA,NA,NA,NA,Y,NA,A,NA,0,2,0,0,0,0,0,0,0,-,-,NA,NA,LOS ANGELES,TORRANCE,-118.34395599365234,33.8004264831543
9222007,2021,2021-03-22,1976,2021-02-23,2225,548,NA,2,5,5,1976,0,0,0,NA,0,003,WHITTIER BL,COLIMA RD,22,W,N,A,-,Y,LA,7,72,-,-,1.86,H,-,S,N,4,0,1,2,A,-,03,22350,NA,F,C,C,A,A,H,-,C,A,0,NA,NA,NA,NA,Y,NA,A,07,0,0,1,0,0,0,0,0,0,-,-,NA,NA,LOS ANGELES,WHITTIER,-118.00667572021484,33.94877624511719
9222008,2021,2021-03-15,1942,2021-03-01,1900,40388,1513,1,5,7,1942,0,0,0,O,0,15A21,WHITSETT AV,SHERMAN WY,160,S,N,A,-,N,NA,NA,NA,NA,NA,NA,NA,NA,NA,Y,3,0,1,2,A,-,09,21804,B,N,D,C,A,A,H,-,C,A,0,NA,NA,Y,NA,Y,NA,A,01,0,1,0,0,0,0,0,0,1,-,-,NA,NA,LOS ANGELES,LOS ANGELES,-118.40523529052734,34.200775146484375
9222015,2021,2021-03-22,1925,2021-02-23,1040,21092,223,2,5,6,1925,0,0,0,NA,0,002,BRAND BL,SANCHEZ DR,0,NA,Y,A,-,Y,LA,7,134,-,R,7.255,R,4,E,Y,4,0,2,2,A,-,12,21453,A,N,D,C,A,A,H,-,A,A,0,NA,NA,NA,NA,Y,NA,A,08,0,0,2,0,0,0,0,0,0,-,-,NA,NA,LOS ANGELES,GLENDALE,-118.25276947021484,34.15627670288086
9222047,2021,2021-03-15,1900,2021-02-09,1338,618405,2112,2,5,5,1943,0,0,0,NA,0,212T3,IMPERIAL HWY,MARTIN LUTHER KING JR BL,0,NA,Y,B,-,N,NA,NA,NA,NA,NA,NA,NA,NA,NA,Y,3,0,1,3,A,-,12,21453,A,N,A,C,A,A,H,-,A,A,0,NA,NA,NA,NA,Y,NA,A,01,0,1,0,0,0,0,0,0,0,-,-,33.931400299072266,-118.2029037475586,LOS ANGELES,LYNWOOD,-118.20298004150392,33.93140411376953
9222055,2021,2021-03-22,1941,2021-02-07,0906,11128,NA,7,5,7,1941,0,0,0,NA,0,NA,PACIFIC COAST HWY,JUNIPERO AV,0,NA,Y,A,-,Y,LA,7,1,-,-,4.771,I,5,S,Y,4,0,1,3,A,-,09,21801,A,N,D,C,A,A,H,-,A,A,0,NA,NA,NA,NA,Y,NA,A,NA,0,0,1,0,0,0,0,0,0,-,-,NA,NA,LOS ANGELES,LONG BEACH,-118.16332244873048,33.7898063659668
9222059,2021,2021-03-22,1941,2021-02-23,1250,10053,NA,2,5,7,1941,0,0,0,NA,0,NA,PACIFIC COAST HWY,LOYNES,0,NA,Y,A,-,Y,LA,7,1,-,-,1.311,I,5,N,Y,3,0,2,2,A,-,09,21801,A,N,D,C,A,A,H,-,A,A,0,NA,NA,NA,NA,Y,NA,A,NA,0,1,1,0,0,0,0,0,0,-,-,NA,NA,LOS ANGELES,LONG BEACH,-118.11685943603516,33.767337799072266
9222063,2021,2021-03-29,1942,2021-02-27,0050,43696,LOS A,6,5,7,1942,0,0,0,NA,0,2114,TOPANGA CANYON,SATICOY,0,NA,Y,A,-,Y,LA,7,27,-,-,15.041,I,5,N,Y,4,0,1,2,A,-,12,21453,A,F,D,C,A,A,H,-,C,A,0,NA,NA,NA,NA,Y,NA,-,99,0,0,1,0,0,0,0,0,0,-,-,NA,NA,LOS ANGELES,LOS ANGELES,-118.60588073730467,34.208290100097656
92220917,2023,2023-10-27,9535,2023-10-14,1245,023297,NA,6,1,9,1900,0,1,3,NA,2,066,SR-164 S/B (ROSEMEAD BLVD),SR-60 W/B (POMONA FWY),1200,N,N,A,-,Y,LA,NA,164,NA,NA,3.604,H,NA,L,N,4,0,1,2,A,-,03,22350,NA,N,C,C,A,A,H,-,A,D,0,NA,NA,NA,NA,Y,NA,A,07,0,0,1,0,0,0,0,0,0,-,-,34.04500961303711,-118.06443786621094,LOS ANGELES,UNINCORPORATED,-118.06437683105467,34.04500961303711
92220921,2023,2023-10-27,9590,2023-10-14,1715,023252,NA,6,2,7,1942,0,1,1,NA,2,062,I-10 E/B (SANTA MONICA FREEWAY),MAPLE AVENUE,400,E,N,A,-,Y,LA,NA,10,NA,NA,15.86,H,NA,R,N,4,0,1,2,A,-,03,22350,NA,N,C,C,A,A,H,-,A,D,0,NA,NA,NA,NA,Y,NA,A,07,0,0,1,0,0,0,0,0,0,-,-,34.03078842163086,-118.25875854492188,LOS ANGELES,LOS ANGELES,-118.2587890625,34.03073501586914