CASE_ID,ACCIDENT_YEAR,PROC_DATE,JURIS,COLLISION_DATE,COLLISION_TIME,OFFICER_ID,REPORTING_DISTRICT,DAY_OF_WEEK,CHP_SHIFT,POPULATION,CNTY_CITY_LOC,SPECIAL_COND,BEAT_TYPE,CHP_BEAT_TYPE,CITY_DIVISION_LAPD,CHP_BEAT_CLASS,BEAT_NUMBER,PRIMARY_RD,SECONDARY_RD,DISTANCE,DIRECTION,INTERSECTION,WEATHER_1,WEATHER_2,STATE_HWY_IND,CALTRANS_COUNTY,CALTRANS_DISTRICT,STATE_ROUTE,ROUTE_SUFFIX,POSTMILE_PREFIX,POSTMILE,LOCATION_TYPE,RAMP_INTERSECTION,SIDE_OF_HWY,TOW_AWAY,COLLISION_SEVERITY,NUMBER_KILLED,NUMBER_INJURED,PARTY_COUNT,PRIMARY_COLL_FACTOR,PCF_CODE_OF_VIOL,PCF_VIOL_CATEGORY,PCF_VIOLATION,PCF_VIOL_SUBSECTION,HIT_AND_RUN,TYPE_OF_COLLISION,MVIW,PED_ACTION,ROAD_SURFACE,ROAD_COND_1,ROAD_COND_2,LIGHTING,CONTROL_DEVICE,CHP_ROAD_TYPE,PEDESTRIAN_ACCIDENT,BICYCLE_ACCIDENT,MOTORCYCLE_ACCIDENT,TRUCK_ACCIDENT,NOT_PRIVATE_PROPERTY,ALCOHOL_INVOLVED,STWD_VEHTYPE_AT_FAULT,CHP_VEHTYPE_AT_FAULT,COUNT_SEVERE_INJ,COUNT_VISIBLE_INJ,COUNT_COMPLAINT_PAIN,COUNT_PED_KILLED,COUNT_PED_INJURED,COUNT_BICYCLIST_KILLED,COUNT_BICYCLIST_INJURED,COUNT_MC_KILLED,COUNT_MC_INJURED,PRIMARY_RAMP,SECONDARY_RAMP,LATITUDE,LONGITUDE,COUNTY,CITY,POINT_X,POINT_Y
92220923,2023,2023-10-27,9535,2023-10-15,1529,023448,NA,7,2,9,1900,0,1,1,NA,2,070,I-710 N/B (LONG BEACH FREEWAY),OLYMPIC BLVD,739,S,N,A,-,Y,LA,NA,710,NA,NA,23.002,H,NA,R,Y,4,0,1,3,A,-,03,22350,NA,N,C,C,A,A,H,-,A,D,0,NA,NA,NA,NA,Y,NA,A,01,0,0,1,0,0,0,0,0,0,-,-,34.012550354003906,-118.17225646972656,LOS ANGELES,UNINCORPORATED,-118.17225646972656,34.012550354003906
92220926,2023,2023-10-27,9590,2023-10-14,150,023348,NA,6,3,7,1942,0,1,1,NA,2,041,I-5 S/B (SANTA ANA FREEWAY),SOTO STREET,150,S,N,A,-,Y,LA,NA,60,NA,NA,0.408,H,NA,L,N,4,0,1,2,A,-,07,21658,A,N,B,C,A,A,H,-,D,D,0,NA,NA,NA,NA,Y,NA,A,01,0,0,1,0,0,0,0,0,0,-,-,34.02936935424805,-118.21797943115234,LOS ANGELES,LOS ANGELES,-118.21800994873048,34.02958297729492
92220938,2023,2023-10-27,9550,2023-10-16,2150,022268,NA,1,2,6,1949,0,1,1,NA,2,651,I-605 S/B,ALONDRA BLVD.,700,N,N,A,-,Y,LA,NA,605,NA,R,6.07,H,NA,L,Y,3,0,1,1,A,-,01,23152,A,N,E,I,A,A,H,-,C,D,0,NA,NA,NA,NA,Y,Y,A,01,0,1,0,0,0,0,0,0,0,-,-,33.89107131958008,-118.10494995117188,LOS ANGELES,NORWALK,-118.1047821044922,33.89107894897461
92220953,2023,2023-10-27,9565,2023-10-16,905,016943,NA,1,1,9,1900,0,1,1,NA,2,061,PALAWAN WAY,ADMIRALTY WAY,0,NA,Y,A,-,N,NA,NA,NA,NA,NA,NA,NA,NA,NA,N,4,0,1,2,A,-,10,21950,A,N,G,B,B,A,H,-,A,A,0,Y,NA,NA,NA,Y,NA,-,-,0,0,1,0,1,0,0,0,0,-,-,33.98405075073242,-118.4586181640625,LOS ANGELES,UNINCORPORATED,-118.45781707763672,33.983245849609375
92220956,2023,2023-10-27,9565,2023-10-14,1500,023268,NA,6,2,9,1900,0,3,5,NA,2,002,92ND ST,NORMANDIE AVE,500,E,N,A,-,N,NA,NA,NA,NA,NA,NA,NA,NA,NA,N,3,0,1,2,A,-,11,21954,A,N,G,B,D,A,H,-,A,D,0,Y,NA,NA,NA,Y,NA,N,60,0,1,0,0,1,0,0,0,0,-,-,33.95323181152344,-118.29888916015624,LOS ANGELES,UNINCORPORATED,-118.3002700805664,33.952728271484375
92220957,2023,2023-10-27,9565,2023-10-14,730,019031,NA,6,1,5,1965,0,1,1,NA,2,081,I-10 W/B (SANTA MONICA FWY.),CLOVERFIELD BOULEVARD,400,E,N,A,-,Y,LA,NA,10,NA,R,3.633,H,NA,L,Y,3,0,1,2,A,-,08,22107,NA,N,E,I,A,A,H,-,A,D,0,NA,NA,NA,NA,Y,NA,A,01,0,1,0,0,0,0,0,0,0,-,-,34.025821685791016,-118.46444702148438,LOS ANGELES,SANTA MONICA,-118.4644775390625,34.02588653564453
9222108,2021,2021-03-23,1976,2021-02-18,2152,456,1976,4,5,5,1976,0,0,0,NA,0,002,WHITTIER BL,PENN ST,500,W,N,A,-,Y,LA,7,72,-,-,4.83,H,-,S,N,4,0,1,1,A,-,08,22107,NA,N,E,I,A,A,H,-,D,D,0,NA,NA,NA,NA,Y,NA,A,01,0,0,1,0,0,0,0,0,0,-,-,NA,NA,LOS ANGELES,WHITTIER,-118.046630859375,33.975154876708984
9222120,2021,2021-03-16,1941,2021-02-24,2029,10140,NA,3,5,7,1941,0,0,0,NA,0,NA,LONG BEACH BL,ARTESIA BL,0,NA,Y,A,-,N,NA,NA,NA,NA,NA,NA,NA,NA,NA,Y,4,0,2,2,-,-,-,NA,NA,N,A,C,A,A,H,-,C,A,0,NA,NA,NA,NA,Y,NA,-,-,0,0,2,0,0,0,0,0,0,-,-,NA,NA,LOS ANGELES,LONG BEACH,-118.20278930664064,33.87436294555664
9222124,2021,2021-03-22,1972,2021-02-28,0957,19427,NA,7,5,6,1972,0,0,0,NA,0,NA,PACIFIC COAST HWY,CRENSHAW BL,0,NA,Y,A,-,Y,LA,7,1,-,-,14.634,I,5,N,N,4,0,1,2,A,-,04,21703,NA,N,C,C,A,A,H,-,A,A,0,NA,NA,Y,NA,Y,NA,A,NA,0,0,1,0,0,0,0,0,1,-,-,NA,NA,LOS ANGELES,TORRANCE,-118.33313751220705,33.79212951660156
92221242,2023,2023-10-27,9550,2023-10-17,1920,022498,NA,2,2,5,1954,0,1,1,NA,2,500,INTERSTATE 5 SOUTHBOUND,RIO HONDO RIVER,30,S,N,A,-,Y,LA,NA,5,NA,NA,9.44,H,NA,L,N,3,0,1,2,A,-,08,22107,NA,N,B,C,A,A,H,-,D,D,0,NA,NA,Y,Y,Y,NA,F,27,0,1,0,0,0,0,0,0,1,-,-,33.97085952758789,-118.12287139892578,LOS ANGELES,PICO RIVERA,-118.12277221679688,33.97087860107422
92221245,2023,2023-10-27,9550,2023-07-21,1700,022952,NA,5,2,3,1964,0,1,1,NA,2,650,I-605 NORTHBOUND,TELEGRAPH ROAD,50,S,N,A,-,Y,LA,NA,605,NA,R,10.249,H,NA,R,N,2,0,1,3,A,-,08,22107,NA,F,B,C,A,A,H,-,A,D,0,NA,NA,Y,NA,Y,NA,A,01,1,0,0,0,0,0,0,0,1,-,-,33.94953918457031,-118.09205627441406,LOS ANGELES,SANTA FE SPRINGS,-118.09194946289064,33.94949722290039
92221270,2023,2023-10-27,9575,2023-10-18,1654,022110,NA,3,2,6,1925,0,1,3,NA,2,042,SR-134 W/B (VENTURA FREEWAY),CONCORD STREET,735,E,N,A,-,Y,LA,NA,134,NA,R,6.338,H,NA,L,Y,3,0,3,3,A,-,03,22350,NA,N,C,C,A,A,H,-,A,D,0,NA,NA,NA,NA,Y,NA,A,01,0,1,2,0,0,0,0,0,0,-,-,34.155460357666016,-118.26872253417967,LOS ANGELES,GLENDALE,-118.26873016357422,34.155487060546875
92221311,2023,2023-10-27,9580,2023-10-15,1345,023142,NA,7,1,7,1942,0,3,5,NA,1,030,MULHOLLAND HWY,SR-1 N/B (PACIFIC COAST HWY.),7920,N,N,A,-,N,NA,NA,NA,NA,NA,NA,NA,NA,NA,N,2,0,1,1,A,-,08,22107,NA,N,H,I,A,A,B,-,A,D,0,NA,NA,Y,NA,Y,NA,C,02,1,0,0,0,0,0,0,0,1,-,-,34.05976104736328,-118.93446350097656,LOS ANGELES,LOS ANGELES,-118.93346405029295,34.06399917602539
9222132,2021,2021-03-22,1900,2021-02-09,1550,525042,1015,2,5,3,1995,0,0,0,NA,0,101T2,RT 1,MALIBU PIER,387,E,N,B,-,Y,LA,7,1,-,-,46.47,H,-,N,Y,3,0,1,2,A,-,03,22350,NA,N,C,C,A,A,H,-,A,A,0,NA,NA,Y,NA,Y,NA,C,02,0,1,0,0,0,0,0,0,1,-,-,NA,NA,LOS ANGELES,MALIBU,-118.67584228515624,34.0379638671875
92221325,2023,2023-10-27,9550,2023-10-17,2310,023004,NA,2,3,6,1949,0,1,1,NA,2,651,INTERSTATE 605 NORTHBOUND,INTERSTATE 105,300,S,N,A,-,Y,LA,NA,605,NA,R,7.588,H,NA,R,Y,4,0,2,2,A,-,01,23152,A,F,C,2,A,A,H,-,D,D,0,NA,NA,NA,NA,Y,Y,A,01,0,0,2,0,0,0,0,0,0,-,-,33.91307830810547,-118.10463714599608,LOS ANGELES,NORWALK,-118.10472869873048,33.913082122802734
92221341,2023,2024-03-25,9580,2023-10-18,2248,023101,NA,3,3,7,1942,0,1,2,NA,2,102,US-101 N/B (VENTURA FREEWAY),HASKELL AVE,591,E,N,A,-,Y,LA,NA,101,NA,NA,17.47,H,NA,R,N,4,0,1,2,A,-,06,21751,NA,M,B,C,A,A,H,-,C,D,0,NA,NA,NA,NA,Y,Y,-,99,0,0,1,0,0,0,0,0,0,-,-,34.164371490478516,-118.472900390625,LOS ANGELES,LOS ANGELES,-118.47293090820313,34.16434097290039
92221360,2023,2023-10-27,9580,2023-10-20,1815,022591,NA,5,2,7,1942,0,1,2,NA,2,104,US-101 S/B (VENTURA FREEWAY) TO WINNETKA AVE,WINNETKA AVE,20,W,N,A,-,Y,NA,NA,NA,NA,NA,NA,NA,NA,NA,N,4,0,1,2,A,-,03,22350,NA,M,C,C,A,A,H,-,B,A,0,NA,NA,NA,NA,Y,NA,-,99,0,0,1,0,0,0,0,0,0,-,-,34.17171859741211,-118.57119750976564,LOS ANGELES,LOS ANGELES,-118.57119750976564,34.17171859741211
92221376,2023,2023-10-27,9580,2023-10-21,1740,023272,NA,6,2,7,1942,0,1,2,NA,2,101,US-101 S/B (VENTURA FREEWAY),COLDWATER CANYON AVE,2112,N,N,A,-,Y,LA,NA,101,NA,NA,14.222,H,NA,L,N,4,0,1,3,A,-,08,22107,NA,M,B,C,A,A,H,-,A,D,0,NA,NA,NA,NA,Y,Y,-,99,0,0,1,0,0,0,0,0,0,-,-,34.156700134277344,-118.41967010498048,LOS ANGELES,LOS ANGELES,-118.41967010498048,34.15666580200195
92221416,2023,2023-10-27,9550,2023-04-02,1705,023004,NA,7,2,5,1919,0,1,3,NA,2,091,SR-91 WESTBOUND,STUDEBAKER RD,1056,E,N,A,-,Y,LA,NA,91,NA,R,17.36,H,NA,L,Y,3,0,3,5,A,-,01,23152,A,N,A,C,A,A,H,-,A,D,0,NA,NA,NA,NA,Y,Y,A,01,0,3,0,0,0,0,0,0,0,-,-,33.876529693603516,-118.09517669677734,LOS ANGELES,CERRITOS,-118.09517669677734,33.876461029052734
92221432,2023,2023-10-27,9575,2023-10-18,752,022526,NA,3,1,6,1912,0,1,1,NA,2,051,I-5 S/B (GOLDEN STATE FREEWAY),OLIVE AVENUE,234,S,N,A,-,Y,LA,NA,5,NA,NA,29.113,H,NA,L,Y,4,0,1,2,A,-,03,22350,NA,N,C,C,A,A,H,-,A,D,0,NA,NA,NA,NA,Y,NA,A,01,0,0,1,0,0,0,0,0,0,-,-,34.17832946777344,-118.3103485107422,LOS ANGELES,BURBANK,-118.31036376953124,34.17831802368164
9222144,2021,2021-03-22,1942,2021-03-03,1930,42011,0514,3,5,7,1942,0,0,0,E,0,5A15,W PACIFIC COAST HWY,N WILMINGTON BL,25,W,N,A,-,Y,LA,7,1,-,-,11.2,H,-,N,N,4,0,2,3,A,-,03,22350,NA,F,C,C,A,A,H,-,C,A,0,NA,NA,NA,NA,Y,NA,-,99,0,0,2,0,0,0,0,0,0,-,-,NA,NA,LOS ANGELES,LOS ANGELES,-118.27495574951172,33.79059982299805
92221522,2023,2023-10-27,9550,2023-10-18,700,018187,NA,3,1,9,1900,0,2,4,NA,1,013,NORWALK BL,WASHINGTON BL,0,NA,Y,B,-,N,NA,NA,NA,NA,NA,NA,NA,NA,NA,Y,4,0,1,2,A,-,09,21801,A,N,D,C,A,A,H,-,A,A,0,NA,NA,NA,NA,Y,NA,A,01,0,0,1,0,0,0,0,0,0,-,-,33.972591400146484,-118.07414245605467,LOS ANGELES,UNINCORPORATED,-118.07398986816406,33.97249984741211
92221524,2023,2023-10-27,9545,2023-10-22,1255,022679,NA,7,1,9,1900,0,1,3,NA,1,042,SR-138 W/B,89TH STREET EAST,259,E,N,A,-,Y,LA,NA,138,NA,NA,55.466,H,NA,L,Y,4,0,1,3,A,-,03,22350,NA,N,C,C,A,A,H,-,A,D,0,NA,NA,NA,NA,Y,NA,A,07,0,0,1,0,0,0,0,0,0,-,-,34.52117919921875,-117.97028350830078,LOS ANGELES,UNINCORPORATED,-117.97027587890624,34.52114486694336
92221576,2023,2023-10-27,9535,2023-10-17,1523,023022,NA,2,2,5,1969,0,1,1,NA,2,075,I-710 (LONG BEACH FREEWAY) S/B TO IMPERIAL HWY W/B,IMPERIAL HWY,190,E,N,A,-,Y,NA,NA,NA,NA,NA,NA,NA,NA,NA,N,3,0,1,2,A,-,21,22106,NA,N,G,B,E,A,H,-,A,D,0,Y,NA,NA,NA,Y,NA,A,01,0,1,0,0,1,0,0,0,0,-,-,33.93355178833008,-118.17987823486328,LOS ANGELES,SOUTH GATE,-118.17987823486328,33.93355178833008
92221614,2023,2023-10-27,9535,2023-08-13,2305,022343,NA,7,3,9,1900,0,3,5,NA,2,006,SR-60 (POMONA FREEWAY) W/B,SUNOL DR,10,W,N,A,-,Y,LA,NA,60,NA,R,2.759,H,NA,L,Y,4,0,1,2,A,-,08,22107,NA,N,B,C,A,A,H,-,C,D,0,NA,NA,NA,NA,Y,NA,A,01,0,0,1,0,0,0,0,0,0,-,-,34.03432846069336,-118.17877197265624,LOS ANGELES,UNINCORPORATED,-118.17876434326172,34.03431701660156
92221632,2023,2023-10-27,9550,2023-10-20,540,020014,NA,5,3,9,1900,0,1,1,NA,2,650,INTERSTATE 605 SB,SARAGOSA ST,535,N,N,A,-,Y,LA,NA,605,NA,R,12.527,H,NA,L,N,4,0,1,3,A,-,03,22350,NA,N,C,C,A,A,H,-,D,D,0,NA,NA,NA,NA,Y,NA,A,01,0,0,1,0,0,0,0,0,0,-,-,33.97999954223633,-118.07671356201172,LOS ANGELES,UNINCORPORATED,-118.07672119140624,33.98000717163086
92221647,2023,2023-10-27,9530,2023-10-11,620,022951,NA,3,1,5,1943,0,1,1,NA,2,210,I-105 W/B (GLENN ANDERSON FWY),HARRIS AVE.,400,W,N,A,-,Y,LA,NA,105,NA,R,12.485,H,NA,L,Y,2,0,1,3,A,-,07,21658,A,N,B,C,A,A,H,-,B,D,0,NA,NA,Y,NA,Y,NA,A,01,1,0,0,0,0,0,0,0,1,-,-,33.91875076293945,-118.19570922851564,LOS ANGELES,LYNWOOD,-118.19567108154295,33.91880798339844
92221670,2023,2023-10-27,9540,2023-09-29,1240,021118,NA,5,1,9,1900,0,3,5,NA,2,001,RIDGE ROUTE RD,CASTAIC RD,160,W,N,A,-,N,NA,NA,NA,NA,NA,NA,NA,NA,NA,N,4,0,1,2,A,-,08,22100,A,N,B,C,A,A,H,-,A,D,0,NA,NA,NA,NA,Y,NA,A,07,0,0,1,0,0,0,0,0,0,-,-,34.49016189575195,-118.61807250976564,LOS ANGELES,UNINCORPORATED,-118.61799621582033,34.49030303955078
92221673,2023,2024-02-13,9545,2023-10-12,1440,022496,NA,4,2,9,1900,0,3,5,NA,1,006,50TH ST W,AVENUE M,125,N,N,A,-,N,NA,NA,NA,NA,NA,NA,NA,NA,NA,N,4,0,1,2,A,-,03,22350,NA,M,C,C,A,A,H,-,A,D,0,NA,NA,NA,NA,Y,NA,A,01,0,0,1,0,0,0,0,0,0,-,-,34.646018981933594,-118.21836853027344,LOS ANGELES,UNINCORPORATED,-118.21842193603516,34.64595413208008
92221674,2023,2023-10-27,9550,2023-06-18,225,022909,NA,7,3,5,1919,0,1,3,NA,2,092,STATE ROUTE 91 WESTBOUND,BLOOMFIELD AVENUE,120,E,N,A,-,Y,LA,NA,91,NA,R,19.185,H,NA,L,Y,1,1,1,1,A,-,08,22107,NA,N,E,I,A,A,H,-,D,D,0,NA,NA,NA,NA,Y,NA,A,07,0,0,1,0,0,0,0,0,0,-,-,33.87554931640625,-118.06353759765624,LOS ANGELES,CERRITOS,-118.06365966796876,33.87535095214844
92221744,2023,2023-10-27,9575,2023-10-18,1500,022629,NA,3,2,7,1942,0,1,1,NA,2,053,I-5 N/B (GOLDEN STATE FREEWAY),SHELDON STREET,1584,S,N,A,-,Y,LA,NA,5,NA,NA,35.662,H,NA,R,N,4,0,1,2,A,-,03,22350,NA,N,C,C,A,A,H,-,A,D,0,NA,NA,NA,NA,Y,NA,A,08,0,0,1,0,0,0,0,0,0,-,-,34.23075866699219,-118.3983917236328,LOS ANGELES,LOS ANGELES,-118.39838409423828,34.23078155517578
9222176,2021,2021-03-18,1922,2021-01-22,2036,701,OTHER,5,5,6,1922,0,0,0,NA,0,001,PECK RD,RAMONA BL,0,NA,Y,A,-,N,NA,NA,NA,NA,NA,NA,NA,NA,NA,Y,4,0,1,2,A,-,03,22350,NA,N,C,C,A,A,H,-,C,A,0,NA,NA,NA,NA,Y,Y,D,22,0,0,1,0,0,0,0,0,0,-,-,34.07408142089844,-118.0229721069336,LOS ANGELES,EL MONTE,-118.02289581298828,34.07408905029297
92221779,2023,2023-10-27,9535,2023-10-17,1615,023022,NA,2,2,5,1969,0,1,1,NA,2,074,I-710 (LONG BEACH FREEWAY) N/B,LOS ANGELES RIVER,65,S,N,A,-,Y,LA,NA,710,NA,NA,17.318,H,NA,R,Y,3,0,3,3,A,-,03,22350,NA,N,C,C,A,A,H,-,A,D,0,NA,NA,NA,NA,Y,NA,A,01,0,2,1,0,0,0,0,0,0,-,-,33.93497085571289,-118.17617797851564,LOS ANGELES,SOUTH GATE,-118.17621612548828,33.93499755859375
92221782,2023,2023-10-27,9530,2023-10-22,930,022930,NA,7,1,9,1900,0,1,1,NA,2,120,I-110 S/B (HARBOR FREEWAY),SEPULVEDA BLVD.,1600,N,N,A,-,Y,LA,NA,110,NA,NA,5.781,H,NA,L,N,3,0,1,1,A,-,03,22350,NA,N,E,I,A,A,H,-,A,D,0,NA,NA,Y,NA,Y,NA,C,02,0,1,0,0,0,0,0,0,1,-,-,33.81380081176758,-118.28742980957033,LOS ANGELES,UNINCORPORATED,-118.28742218017578,33.81380081176758
92221795,2023,2023-10-27,9575,2023-10-18,753,022526,NA,3,1,6,1912,0,1,1,NA,2,051,I-5 S/B (GOLDEN STATE FREEWAY),OLIVE AVENUE,224,N,N,A,-,Y,LA,NA,5,NA,NA,29.212,H,NA,L,N,4,0,1,4,A,-,03,22350,NA,M,C,C,A,A,H,-,A,D,0,NA,NA,NA,NA,Y,NA,-,99,0,0,1,0,0,0,0,0,0,-,-,34.17919158935547,-118.31175231933594,LOS ANGELES,BURBANK,-118.3117446899414,34.179195404052734
92221820,2023,2023-10-27,9530,2023-10-16,1710,023313,NA,1,2,9,1900,0,3,5,NA,2,001,CROCKETT BLVD. (7200 BLOCK),FLORENCE AVE.,5,S,N,A,-,N,NA,NA,NA,NA,NA,NA,NA,NA,NA,N,4,0,1,2,A,-,09,21804,A,N,H,G,A,A,H,-,A,D,0,NA,Y,NA,NA,Y,NA,L,04,0,0,1,0,0,0,1,0,0,-,-,33.9746208190918,-118.2368621826172,LOS ANGELES,UNINCORPORATED,-118.23684692382813,33.97470474243164
92221821,2023,2023-10-27,9565,2023-10-17,1655,022576,NA,2,2,7,1942,0,1,1,NA,2,083,I-10 E/B,MANNING AVE,500,W,N,A,-,Y,LA,NA,10,NA,R,6.987,H,NA,R,N,4,0,2,3,A,-,03,22350,NA,N,C,C,A,A,H,-,A,D,0,NA,NA,NA,NA,Y,NA,A,07,0,0,2,0,0,0,0,0,0,-,-,34.029991149902344,-118.40725708007813,LOS ANGELES,LOS ANGELES,-118.40726470947266,34.02992630004883
92221839,2023,2023-10-27,9530,2023-10-10,855,023418,NA,2,1,9,1900,0,1,1,NA,2,120,I-110 N/B (HARBOR FREEWAY),SEPULVEDA BLVD.,1056,S,N,A,-,Y,LA,NA,110,NA,NA,5.061,H,NA,R,Y,4,0,1,4,A,-,03,22350,NA,N,C,C,A,A,H,-,A,D,0,NA,NA,NA,NA,Y,NA,A,01,0,0,1,0,0,0,0,0,0,-,-,33.80337142944336,-118.2888412475586,LOS ANGELES,UNINCORPORATED,-118.28878021240234,33.80336380004883
9222184,2021,2021-03-18,1969,2021-02-19,1825,10220,PATRO,5,5,5,1969,0,0,0,NA,0,005,PARAMOUNT BL,WILSON AV,0,NA,Y,A,-,N,NA,NA,NA,NA,NA,NA,NA,NA,NA,NA,4,0,1,3,A,-,03,22350,NA,F,C,C,A,A,H,-,C,D,0,NA,NA,NA,NA,Y,NA,A,01,0,0,1,0,0,0,0,0,0,-,-,33.916011810302734,-118.15795135498048,LOS ANGELES,SOUTH GATE,-118.157958984375,33.91604232788086
92221840,2023,2023-10-27,9565,2023-10-17,1645,021171,NA,2,2,7,1942,0,1,1,NA,2,062,I-405 N/B (PHILIP ORTIZ MEMORIAL FREEWAY),NATIONAL BOULEVARD,200,S,N,A,-,Y,LA,NA,405,NA,NA,29.049,H,NA,R,N,4,0,1,3,A,-,03,22350,NA,N,C,C,A,A,H,-,A,D,0,NA,NA,NA,NA,Y,NA,D,22,0,0,1,0,0,0,0,0,0,-,-,34.02537155151367,-118.42880249023438,LOS ANGELES,LOS ANGELES,-118.4287567138672,34.025390625
92221847,2023,2023-10-27,9530,2023-10-19,1515,017860,NA,4,2,7,1941,0,1,1,NA,2,420,I-405 S/B TO I-710 N/B,SANTA FE AVE.,325,N,N,A,-,Y,LA,NA,405,NA,NA,8.15,H,NA,L,Y,3,0,1,2,A,-,07,21658,A,N,B,C,A,A,H,-,A,D,0,NA,NA,Y,NA,Y,NA,C,02,0,1,0,0,0,0,0,0,1,-,-,33.825069427490234,-118.21688842773438,LOS ANGELES,LONG BEACH,-118.21690368652344,33.82517623901367
92221854,2023,2023-10-27,9530,2023-10-18,1542,017755,NA,3,2,5,1977,0,1,1,NA,2,410,I-405 S/B (SAN DIEGO FREEWAY),MAIN ST.,965,S,N,A,-,Y,LA,NA,405,NA,NA,12.39,H,NA,L,N,4,0,1,2,A,-,03,22350,NA,N,C,C,A,A,H,-,A,D,0,NA,NA,NA,NA,Y,NA,A,07,0,0,1,0,0,0,0,0,0,-,-,33.851051330566406,-118.27747344970705,LOS ANGELES,CARSON,-118.27745819091795,33.8510627746582
92221860,2023,2023-10-27,9530,2023-10-18,725,023399,NA,3,1,5,1943,0,1,1,NA,2,210,I-105 E/B (GLENN ANDERSON FWY),MONA BLVD.,500,E,N,A,-,Y,LA,NA,105,NA,R,10.41,H,NA,R,N,4,0,1,2,A,-,03,22350,NA,N,C,C,A,A,H,-,A,D,0,NA,NA,NA,NA,Y,NA,A,08,0,0,1,0,0,0,0,0,0,-,-,33.928680419921875,-118.2284698486328,LOS ANGELES,LYNWOOD,-118.2284698486328,33.92868423461914
92221863,2023,2023-10-27,9535,2023-10-17,1841,023462,NA,2,2,5,1959,0,1,1,NA,2,400,I-10 E/B (SAN BERNARDINO FREEWAY),SAN GABRIEL BLVD,500,W,N,A,-,Y,LA,NA,10,NA,NA,25.724,H,NA,R,N,4,0,1,2,A,-,04,21703,NA,N,C,C,A,A,H,-,B,D,0,NA,NA,NA,NA,Y,NA,A,01,0,0,1,0,0,0,0,0,0,-,-,34.071800231933594,-118.09278106689452,LOS ANGELES,ROSEMEAD,-118.09278106689452,34.07182312011719
92221867,2023,2023-10-27,9530,2023-10-18,1942,017755,NA,3,2,5,1977,0,1,1,NA,2,410,I-405 S/B (SAN DIEGO FREEWAY),MAIN ST.,88,N,N,A,-,Y,LA,NA,405,NA,NA,12.62,H,NA,L,N,2,0,1,2,A,-,07,21658,A,N,C,C,A,A,H,-,C,D,0,NA,NA,Y,NA,Y,NA,A,01,1,0,0,0,0,0,0,0,1,-,-,33.85314178466797,-118.28057861328124,LOS ANGELES,CARSON,-118.28050994873048,33.85319137573242
9222188,2021,2021-03-18,1969,2021-02-14,1838,10220,PATRO,7,5,5,1969,0,0,0,NA,0,004,TWEEDY BL,BRYSON AV,0,NA,Y,A,-,N,NA,NA,NA,NA,NA,NA,NA,NA,NA,NA,2,0,1,2,A,-,10,21950,A,F,G,B,B,A,H,-,C,C,0,Y,NA,NA,NA,Y,NA,A,07,1,0,0,0,1,0,0,0,0,-,-,33.942848205566406,-118.19351959228516,LOS ANGELES,SOUTH GATE,-118.19351959228516,33.94287872314453
92221883,2023,2023-10-27,9530,2023-10-18,950,021123,NA,3,1,9,1900,0,1,1,NA,2,400,I-405 S/B,NORMANDIE AVE.,1100,S,N,A,-,Y,LA,NA,405,NA,NA,13.632,H,NA,L,Y,3,0,1,2,A,-,07,21658,A,N,B,C,A,A,H,-,A,D,0,NA,NA,NA,NA,Y,NA,A,07,0,1,0,0,0,0,0,0,0,-,-,33.85979080200195,-118.29544067382813,LOS ANGELES,UNINCORPORATED,-118.29544067382813,33.8597297668457
92221906,2023,2023-10-27,9565,2023-10-17,1639,022692,NA,2,2,5,1928,0,1,1,NA,2,012,I-105 E/B (CENTURY FWY.),YUKON AVE.,985,W,N,A,-,Y,LA,NA,105,NA,R,4.037,H,NA,R,N,4,0,1,3,A,-,03,22350,NA,N,C,C,A,A,H,-,A,D,0,NA,NA,NA,NA,Y,NA,A,01,0,0,1,0,0,0,0,0,0,-,-,33.92601013183594,-118.33831787109376,LOS ANGELES,HAWTHORNE,-118.3383560180664,33.925968170166016
92221922,2023,2023-10-27,9590,2023-10-17,140,023052,NA,2,3,7,1942,0,1,1,NA,2,010,SR-110 N/B (ASP),COLLEGE ST,400,S,N,A,-,Y,LA,NA,110,NA,NA,24.079,H,NA,R,N,3,0,1,1,A,-,08,22107,NA,N,F,A,A,A,H,-,C,D,0,NA,NA,Y,NA,Y,NA,C,02,0,1,0,0,0,0,0,0,1,-,-,34.06517028808594,-118.24359893798828,LOS ANGELES,LOS ANGELES,-118.24359893798828,34.065162658691406
92221947,2023,2023-10-27,9590,2023-03-26,114,021673,NA,7,3,7,1942,0,1,2,NA,2,042,UNITED STATES 101 N/B (SANTA ANA FREEWAY) FROM WHI,WHITTIER BOULEVARD,5,N,N,A,-,Y,LA,NA,5,NA,NA,17.098,H,NA,R,N,1,1,0,1,A,-,08,22107,NA,N,E,8,A,A,H,-,C,A,0,NA,NA,NA,NA,Y,NA,A,01,0,0,0,0,0,0,0,0,0,-,-,34.0364990234375,-118.22028350830078,LOS ANGELES,LOS ANGELES,-118.21996307373048,34.036460876464844