CASE_ID,ACCIDENT_YEAR,PROC_DATE,JURIS,COLLISION_DATE,COLLISION_TIME,OFFICER_ID,REPORTING_DISTRICT,DAY_OF_WEEK,CHP_SHIFT,POPULATION,CNTY_CITY_LOC,SPECIAL_COND,BEAT_TYPE,CHP_BEAT_TYPE,CITY_DIVISION_LAPD,CHP_BEAT_CLASS,BEAT_NUMBER,PRIMARY_RD,SECONDARY_RD,DISTANCE,DIRECTION,INTERSECTION,WEATHER_1,WEATHER_2,STATE_HWY_IND,CALTRANS_COUNTY,CALTRANS_DISTRICT,STATE_ROUTE,ROUTE_SUFFIX,POSTMILE_PREFIX,POSTMILE,LOCATION_TYPE,RAMP_INTERSECTION,SIDE_OF_HWY,TOW_AWAY,COLLISION_SEVERITY,NUMBER_KILLED,NUMBER_INJURED,PARTY_COUNT,PRIMARY_COLL_FACTOR,PCF_CODE_OF_VIOL,PCF_VIOL_CATEGORY,PCF_VIOLATION,PCF_VIOL_SUBSECTION,HIT_AND_RUN,TYPE_OF_COLLISION,MVIW,PED_ACTION,ROAD_SURFACE,ROAD_COND_1,ROAD_COND_2,LIGHTING,CONTROL_DEVICE,CHP_ROAD_TYPE,PEDESTRIAN_ACCIDENT,BICYCLE_ACCIDENT,MOTORCYCLE_ACCIDENT,TRUCK_ACCIDENT,NOT_PRIVATE_PROPERTY,ALCOHOL_INVOLVED,STWD_VEHTYPE_AT_FAULT,CHP_VEHTYPE_AT_FAULT,COUNT_SEVERE_INJ,COUNT_VISIBLE_INJ,COUNT_COMPLAINT_PAIN,COUNT_PED_KILLED,COUNT_PED_INJURED,COUNT_BICYCLIST_KILLED,COUNT_BICYCLIST_INJURED,COUNT_MC_KILLED,COUNT_MC_INJURED,PRIMARY_RAMP,SECONDARY_RAMP,LATITUDE,LONGITUDE,COUNTY,CITY,POINT_X,POINT_Y
92223389,2023,2023-10-31,9550,2023-10-20,1654,022809,NA,5,2,9,1900,0,2,4,NA,1,022,IMPERIAL HWY W/B,LEFFINGWELL RD,95,E,N,A,-,N,NA,NA,NA,NA,NA,NA,NA,NA,NA,Y,4,0,2,3,A,-,08,22107,NA,N,B,C,A,A,H,-,A,D,0,NA,NA,NA,NA,Y,NA,A,01,0,0,2,0,0,0,0,0,0,-,-,33.91706848144531,-118.04966735839844,LOS ANGELES,UNINCORPORATED,-118.0498275756836,33.91703796386719
92223390,2023,2023-10-31,9545,2023-10-24,1720,022558,NA,2,2,9,1900,0,3,5,NA,2,002,30TH ST  W,AVENUE M,935,S,N,A,-,N,NA,NA,NA,NA,NA,NA,NA,NA,NA,N,4,0,1,2,A,-,03,22350,NA,N,C,C,A,A,H,-,A,D,0,NA,NA,NA,NA,Y,NA,A,01,0,0,1,0,0,0,0,0,0,-,-,34.64305877685547,-118.18309783935548,LOS ANGELES,UNINCORPORATED,-118.18310546875,34.64312744140625
9222341,2021,2021-02-25,1972,2021-02-10,2015,22097,NA,3,5,6,1972,0,0,0,NA,0,NA,CERISE AV,226TH ST,0,NA,Y,A,-,N,NA,NA,NA,NA,NA,NA,NA,NA,NA,N,4,0,1,2,A,-,10,21950,A,N,G,B,B,A,H,-,D,A,0,Y,NA,NA,NA,Y,NA,A,NA,0,0,1,0,1,0,0,0,0,-,-,NA,NA,LOS ANGELES,TORRANCE,-118.33317565917967,33.821044921875
92223420,2023,2023-10-31,9545,2023-10-19,754,020140,NA,4,1,9,1900,0,3,5,NA,2,001,AVENUE A,SIERRA HWY,0,NA,Y,A,-,N,NA,NA,NA,NA,NA,NA,NA,NA,NA,Y,4,0,3,2,A,-,09,21802,A,N,D,C,A,A,H,-,A,A,0,NA,NA,NA,NA,Y,NA,A,01,0,0,3,0,0,0,0,0,0,-,-,34.8206787109375,-118.15611267089844,LOS ANGELES,UNINCORPORATED,-118.15608215332033,34.820674896240234
92223425,2023,2023-10-31,9545,2023-10-26,1735,022558,NA,4,2,9,1900,0,3,5,NA,2,002,SIERRA HWY,PEARBLOSSOM HWY,3685,N,N,A,-,N,NA,NA,NA,NA,NA,NA,NA,NA,NA,Y,4,0,1,1,A,-,01,23152,A,N,E,8,A,A,H,-,A,D,0,NA,NA,NA,NA,Y,Y,A,07,0,0,1,0,0,0,0,0,0,-,-,34.53160095214844,-118.10093688964844,LOS ANGELES,UNINCORPORATED,-118.1008758544922,34.53160095214844
92223430,2023,2023-10-31,9550,2023-10-22,1600,022639,NA,7,2,5,1919,0,1,3,NA,2,092,SR-91 EASTBOUND,COYOTE CREEK,500,W,N,A,-,Y,LA,NA,91,NA,R,20.703,H,NA,R,Y,2,0,1,3,A,-,08,22107,NA,N,C,C,A,A,H,-,A,D,0,NA,NA,Y,NA,Y,NA,D,22,1,0,0,0,0,0,0,0,1,-,-,33.86214828491211,-118.0425262451172,LOS ANGELES,CERRITOS,-118.0425033569336,33.8621940612793
92223443,2023,2023-10-31,9535,2023-09-20,150,023375,NA,3,3,4,1907,0,1,1,NA,2,072,I-710 NB (LONG BEACH FREEWAY),CLARA STREET,503,S,N,A,-,Y,LA,NA,710,NA,NA,19.291,H,NA,R,Y,4,0,1,1,A,-,01,23152,A,N,E,I,A,A,H,-,C,D,0,NA,NA,NA,NA,Y,Y,A,01,0,0,1,0,0,0,0,0,0,-,-,33.96207046508789,-118.16983032226564,LOS ANGELES,BELL,-118.16973114013672,33.962059020996094
92223459,2023,2023-10-31,9535,2023-10-04,1400,023354,NA,3,2,5,1948,0,1,3,NA,2,621,SR-60 W/B (POMONA FREEWAY),GREENWOOD AVE,28,W,N,A,-,Y,LA,NA,60,NA,R,6.85,H,NA,L,Y,4,0,2,4,A,-,03,22350,NA,N,C,C,A,A,H,-,A,D,0,NA,NA,NA,NA,Y,NA,D,22,0,0,2,0,0,0,0,0,0,-,-,34.03409957885742,-118.10874176025392,LOS ANGELES,MONTEREY PARK,-118.10875701904295,34.034156799316406
92223461,2023,2023-10-31,9545,2023-10-22,1330,022644,NA,7,1,9,1900,0,3,5,NA,2,003,ANGELES FOREST HWY,MILE MARKER 15.74,300,N,N,A,-,N,NA,NA,NA,NA,NA,NA,NA,NA,NA,Y,4,0,1,1,A,-,03,22350,NA,M,F,I,A,A,H,-,A,D,0,NA,NA,Y,NA,Y,NA,C,02,0,0,1,0,0,0,0,0,1,-,-,34.336849212646484,-118.10885620117188,LOS ANGELES,UNINCORPORATED,-118.26043701171876,34.03441619873047
92223470,2023,2023-10-31,9550,2023-10-21,1835,022924,NA,6,2,9,1900,0,2,4,NA,1,022,TELEGRAPH ROAD WESTBOUND,MILLS AVENUE,300,W,N,A,-,N,NA,NA,NA,NA,NA,NA,NA,NA,NA,N,4,0,1,2,A,-,07,21658,A,N,B,C,A,A,H,-,C,D,0,NA,NA,NA,NA,Y,NA,A,01,0,0,1,0,0,0,0,0,0,-,-,33.93711853027344,-118.04184722900392,LOS ANGELES,UNINCORPORATED,-118.04238891601564,33.937435150146484
92223484,2023,2023-10-31,9590,2023-10-07,801,023259,NA,6,1,7,1942,0,1,1,NA,2,082,I-5 N/B (GOLDEN STATE FREEWAY),MISSION ROAD,50,N,N,A,-,Y,LA,NA,5,NA,NA,18.816,H,NA,R,N,4,0,1,4,A,-,03,22350,NA,N,B,C,A,A,H,-,A,D,0,NA,NA,NA,NA,Y,NA,A,01,0,0,1,0,0,0,0,0,0,-,-,34.0605583190918,-118.2148895263672,LOS ANGELES,LOS ANGELES,-118.21498107910156,34.06053924560547
92223486,2023,2023-10-31,9565,2023-10-18,645,014952,NA,3,1,6,1933,0,1,1,NA,2,060,I-405 N/B FROM CENTURY BL.,CENTURY BL.,50,S,N,B,-,Y,LA,NA,405,NA,NA,22.207,H,NA,R,Y,3,0,1,2,A,-,08,22107,NA,N,B,C,A,A,H,-,A,D,0,NA,NA,Y,NA,Y,NA,A,01,0,1,0,0,0,0,0,0,1,-,-,33.94504165649414,-118.36795806884766,LOS ANGELES,INGLEWOOD,-118.3682098388672,33.94504165649414
9222349,2021,2021-03-05,1976,2021-02-11,2348,532,NA,4,5,5,1976,0,0,0,NA,0,002,WHITTIER BL,PENN ST,267,W,N,A,-,Y,LA,7,72,-,-,4.91,H,-,N,Y,4,0,1,1,A,-,08,22107,NA,N,E,I,A,A,H,-,D,D,0,NA,NA,NA,NA,Y,NA,A,01,0,0,1,0,0,0,0,0,0,-,-,NA,NA,LOS ANGELES,WHITTIER,-118.0473861694336,33.97627258300781
92223501,2023,2023-10-31,9535,2023-10-10,1705,023354,NA,2,2,9,1900,0,2,4,NA,2,022,OLYMPIC BLVD,HENDRICKS AVE,286,W,N,A,-,N,NA,NA,NA,NA,NA,NA,NA,NA,NA,N,3,0,1,2,A,-,17,21235,G,N,D,B,F,A,H,-,A,D,0,Y,NA,NA,NA,Y,NA,M,94,0,1,0,0,1,0,0,0,0,-,-,34.01329040527344,-118.14205932617188,LOS ANGELES,UNINCORPORATED,-118.14199066162108,34.013160705566406
92223510,2023,2023-10-31,9535,2023-10-03,820,023371,NA,2,1,5,1915,0,1,1,NA,2,075,I-710 S/B (LONG BEACH FREEWAY),IMPERIAL HWY,554,N,N,A,-,Y,LA,NA,710,NA,NA,17.098,H,NA,L,Y,4,0,1,3,A,-,03,22350,NA,N,C,C,A,A,H,-,A,D,0,NA,NA,NA,NA,Y,NA,A,01,0,0,1,0,0,0,0,0,0,-,-,33.932498931884766,-118.17848205566406,LOS ANGELES,COMPTON,-118.178466796875,33.9324951171875
92223527,2023,2023-10-31,9530,2023-10-18,750,021123,NA,3,1,7,1942,0,1,1,NA,2,400,INTERSTATE 405 NORTHBOUND,VERMONT AVENUE,50,N,N,A,-,Y,LA,NA,405,NA,NA,13.366,H,NA,R,N,3,0,1,2,A,-,08,22107,NA,N,F,A,A,A,H,-,A,D,0,NA,NA,Y,NA,Y,NA,C,02,0,1,0,0,0,0,0,0,1,-,-,33.859580993652344,-118.29084014892578,LOS ANGELES,LOS ANGELES,-118.29083251953124,33.85960006713867
9222355,2021,2021-03-08,1942,2021-01-16,1200,41876,256,6,5,7,1942,0,0,0,NA,0,2A92,UNION AV,WILSHIRE BL,0,NA,Y,A,-,N,NA,NA,NA,NA,NA,NA,NA,NA,NA,N,3,0,1,2,A,-,10,21950,A,N,G,B,B,A,H,-,A,A,0,Y,NA,NA,NA,Y,NA,A,01,0,1,0,0,1,0,0,0,0,-,-,NA,NA,LOS ANGELES,LOS ANGELES,-118.27017974853516,34.05537796020508
92223559,2023,2023-10-31,9550,2023-10-09,805,022037,NA,1,1,6,1920,0,1,1,NA,2,651,I-605 S/B,FLORENCE AVE,1426,S,N,A,-,Y,NA,NA,NA,NA,NA,NA,NA,NA,NA,Y,3,0,1,2,A,-,03,22350,NA,N,C,C,A,A,H,-,A,D,0,NA,NA,NA,NA,Y,NA,A,08,0,1,0,0,0,0,0,0,0,-,-,NA,NA,LOS ANGELES,DOWNEY,-118.1003189086914,33.93434524536133
9222359,2021,2021-03-08,1942,2021-01-21,1215,37505,212,4,5,7,1942,0,0,0,NA,0,2A1,N VERMONT AV,OAKWOOD AV,116,S,N,A,-,N,NA,NA,NA,NA,NA,NA,NA,NA,NA,N,4,0,1,2,A,-,04,21703,NA,N,C,D,A,A,H,-,A,D,0,NA,NA,NA,NA,Y,NA,J,41,0,0,1,0,0,0,0,0,0,-,-,NA,NA,LOS ANGELES,LOS ANGELES,-118.2917022705078,34.077430725097656
92223593,2023,2023-10-31,9580,2023-10-27,1030,020396,NA,5,1,7,1942,0,1,3,NA,2,116,SR-118 E/B (RONALD REAGAN FWY.),WOODLEY AVE,439,W,N,A,-,Y,LA,NA,118,NA,R,8.944,H,NA,R,N,4,0,1,2,A,-,07,21658,A,F,B,C,A,A,H,-,A,D,0,NA,NA,NA,NA,Y,NA,-,99,0,0,1,0,0,0,0,0,0,-,-,34.26871871948242,-118.4860382080078,LOS ANGELES,LOS ANGELES,-118.4861068725586,34.2686653137207
92223594,2023,2023-10-31,9580,2023-10-27,850,022799,NA,5,1,7,1942,0,1,3,NA,2,170,SR-170 N/B (HOLLYWOOD FWY.),MAGNOLIA BLVD,1056,S,N,A,-,Y,LA,NA,170,NA,R,14.78,H,NA,R,N,4,0,1,2,A,-,07,21658,A,N,B,C,A,A,H,-,A,D,0,NA,NA,NA,NA,Y,NA,A,07,0,0,1,0,0,0,0,0,0,-,-,34.15679168701172,-118.37905120849608,LOS ANGELES,LOS ANGELES,-118.37899780273438,34.15680694580078
92223595,2023,2023-10-31,9580,2023-10-26,1530,022746,NA,4,2,7,1942,0,1,2,NA,2,102,US-101 N/B (VENTURA FREEWAY),BALBOA BLVD.,1056,S,N,A,-,Y,LA,NA,101,NA,NA,18.976,H,NA,R,Y,4,0,1,2,A,-,03,22350,NA,N,C,C,A,A,H,-,A,D,0,NA,NA,NA,NA,Y,NA,D,22,0,0,1,0,0,0,0,0,0,-,-,34.16849136352539,-118.49749755859376,LOS ANGELES,LOS ANGELES,-118.49754333496094,34.1684455871582
92223598,2023,2023-10-31,9580,2023-10-24,550,021015,NA,2,3,7,1942,0,1,2,NA,2,100,US-101 N/B (HOLLYWOOD FREEWAY),MOORPARK ST,425,S,N,A,-,Y,LA,NA,101,NA,NA,11.359,H,NA,R,Y,3,0,3,4,A,-,03,22350,NA,N,C,C,A,A,H,-,C,D,0,NA,NA,NA,NA,Y,NA,A,01,0,1,2,0,0,0,0,0,0,-,-,34.1492805480957,-118.37325286865234,LOS ANGELES,LOS ANGELES,-118.3732452392578,34.14928436279297
92223600,2023,2023-10-31,9580,2023-10-25,1545,022746,NA,3,2,7,1942,0,1,2,NA,2,103,US-101 S/B (VENTURA FREEWAY),HAYVENHURST AVE,528,S,N,A,-,Y,LA,NA,101,NA,NA,18.562,H,NA,L,Y,4,0,1,1,A,-,08,22107,NA,N,F,J,A,A,H,-,A,D,0,NA,NA,NA,NA,Y,NA,D,22,0,0,1,0,0,0,0,0,0,-,-,34.16518020629883,-118.49143981933594,LOS ANGELES,LOS ANGELES,-118.49144744873048,34.165157318115234
92223602,2023,2023-10-31,9580,2023-10-24,345,022753,NA,2,3,7,1942,0,1,2,NA,2,100,US-101 N/B (VENTURA FREEWAY),TUJUNGA AVE,1580,N,N,A,-,Y,LA,NA,101,NA,NA,12.168,H,NA,R,Y,3,0,4,3,A,-,03,22350,NA,N,E,I,A,A,H,-,C,D,0,NA,NA,NA,NA,Y,NA,D,22,0,1,3,0,0,0,0,0,0,-,-,34.15449142456055,-118.38436126708984,LOS ANGELES,LOS ANGELES,-118.38436126708984,34.154571533203125
92223608,2023,2023-10-31,9580,2023-10-24,1900,022746,NA,2,2,7,1942,0,1,2,NA,2,102,US-101 N/B (VENTURA FREEWAY),VAN NUYS BLVD,1056,N,N,A,-,Y,LA,NA,101,NA,NA,16.236,H,NA,R,N,4,0,1,2,A,-,03,22350,NA,N,C,C,A,A,H,-,D,D,0,NA,NA,NA,NA,Y,NA,A,01,0,0,1,0,0,0,0,0,0,-,-,34.157928466796875,-118.45400238037108,LOS ANGELES,LOS ANGELES,-118.45401000976564,34.157859802246094
92223610,2023,2023-10-31,9550,2023-10-23,1430,022924,NA,1,2,3,1964,0,2,S,NA,2,901,TELEGRAPH ROAD EASTBOUND,CARMENITA ROAD,100,W,N,A,-,N,NA,NA,NA,NA,NA,NA,NA,NA,NA,N,4,0,1,2,A,-,03,22350,NA,F,C,C,A,A,H,-,A,A,0,NA,NA,NA,NA,Y,NA,D,22,0,0,1,0,0,0,0,0,0,-,-,33.94049835205078,-118.04689025878906,LOS ANGELES,SANTA FE SPRINGS,-118.04683685302734,33.94061279296875
92223614,2023,2023-10-31,9550,2023-10-21,1605,022924,NA,6,2,9,1900,0,2,4,NA,1,022,TELEGRAPH ROAD WESTBOUND,VICTORIA AVENUE,50,E,N,A,-,N,NA,NA,NA,NA,NA,NA,NA,NA,NA,N,4,0,1,2,A,-,21,22106,NA,N,C,C,A,A,H,-,A,A,0,NA,NA,NA,NA,Y,NA,A,01,0,0,1,0,0,0,0,0,0,-,-,33.932918548583984,-118.03571319580078,LOS ANGELES,UNINCORPORATED,-118.0359115600586,33.932861328125
92223616,2023,2023-10-31,9590,2023-10-18,1650,023269,NA,3,2,7,1942,0,1,1,NA,2,051,I-110 S/B (HAF) FROM 8TH STREET,8TH ST,60,S,N,A,-,Y,NA,NA,NA,NA,NA,NA,NA,NA,NA,N,4,0,1,2,D,-,00,NA,NA,N,C,C,A,A,H,-,A,D,0,NA,NA,NA,NA,Y,NA,-,-,0,0,1,0,0,0,0,0,0,-,-,34.04933166503906,-118.26519012451172,LOS ANGELES,LOS ANGELES,-118.26519012451172,34.04933166503906
92223621,2023,2023-10-31,9590,2023-10-18,1835,023394,NA,3,2,7,1942,0,1,1,NA,2,062,I-10 EB (SANTA MONICA FREEWAY),WALL ST,130,W,N,A,-,Y,LA,NA,10,NA,NA,15.829,H,NA,R,N,3,0,1,2,A,-,07,21658,A,N,B,C,A,A,H,-,D,D,0,NA,NA,Y,NA,Y,NA,C,02,0,1,0,0,0,0,0,0,1,-,-,34.030879974365234,-118.25929260253906,LOS ANGELES,LOS ANGELES,-118.25927734375,34.03089904785156
9222363,2021,2021-03-08,1942,2021-01-18,2230,39062,237,1,5,7,1942,0,0,0,NA,0,2A69,W 3RD ST,S BEAUDRY AV,100,E,N,A,-,N,NA,NA,NA,NA,NA,NA,NA,NA,NA,N,4,0,1,2,A,-,07,21658,A,F,B,C,A,A,H,-,C,A,0,NA,NA,NA,NA,Y,NA,-,99,0,0,1,0,0,0,0,0,0,-,-,NA,NA,LOS ANGELES,LOS ANGELES,-118.25640106201172,34.05638122558594
9222367,2021,2021-03-08,1942,2021-01-15,1545,34426,1313,5,5,7,1942,0,0,0,M,0,13A13,S SAN PEDRO ST,E 16TH ST,0,NA,Y,A,-,N,NA,NA,NA,NA,NA,NA,NA,NA,NA,N,4,0,1,2,A,-,08,22107,NA,N,A,G,A,A,H,-,A,A,0,NA,Y,NA,NA,Y,NA,A,01,0,0,1,0,0,0,1,0,0,-,-,NA,NA,LOS ANGELES,LOS ANGELES,-118.25595092773438,34.02987289428711
9222369,2021,2021-03-05,1975,2021-02-08,1857,469,NA,1,5,6,1975,0,0,0,NA,0,001,VINCENT AV,RT 10,119,N,N,A,-,Y,LA,7,10,-,-,35.49,R,4,E,N,4,0,1,3,A,-,03,22350,NA,N,C,C,A,A,H,-,C,-,0,NA,NA,NA,NA,Y,NA,A,07,0,0,1,0,0,0,0,0,0,-,EO,34.071388244628906,-117.92678833007813,LOS ANGELES,WEST COVINA,-117.92517852783205,34.072200775146484
9222377,2021,2021-02-25,1972,2021-02-06,1353,15555,NA,6,5,6,1972,0,0,0,NA,0,NA,HAWTHORN BL,SPENCER ST,150,N,N,A,-,N,NA,NA,NA,NA,NA,NA,NA,NA,NA,Y,4,0,1,2,A,-,03,22350,NA,N,C,C,A,A,H,-,A,A,0,NA,NA,NA,NA,Y,NA,A,NA,0,0,1,0,0,0,0,0,0,-,-,NA,NA,LOS ANGELES,TORRANCE,-118.35365295410156,33.84540557861328
9222379,2021,2021-03-12,1938,2021-01-20,0910,1083,AREA1,3,5,4,1938,0,0,0,NA,0,001,FOOTHILL BL,BIXBY DR,0,NA,Y,A,-,Y,LA,7,66,-,-,0.93,I,5,E,Y,2,0,2,2,A,-,09,21802,A,N,A,C,A,A,H,-,A,A,0,NA,NA,NA,NA,Y,NA,A,01,1,0,1,0,0,0,0,0,0,-,-,34.11669921875,-117.77411651611328,LOS ANGELES,LA VERNE,-117.77476501464844,34.116485595703125
9222385,2021,2021-03-05,1900,2021-02-05,1815,525042,1012,5,5,3,1995,0,0,0,NA,0,101T2,RT 1,WESTWARD BEACH RD,0,NA,Y,A,-,Y,LA,7,1,-,-,54.911,I,5,N,Y,2,0,3,2,A,-,09,21802,A,N,D,C,A,A,H,-,C,A,0,NA,NA,NA,NA,Y,NA,A,01,1,0,2,0,0,0,0,0,0,-,-,34.01713943481445,-118.81672668457033,LOS ANGELES,MALIBU,-118.81632232666016,34.017433166503906
92223884,2023,2023-10-31,9580,2023-10-28,59,022753,NA,6,3,7,1942,0,1,2,NA,2,102,US-101 N/B TO I-405 S/B (SAN DIEGO FREEWAY),HASKELL AVE,1790,S,N,A,-,Y,LA,NA,405,NA,NA,39.576,H,NA,L,Y,4,0,1,1,A,-,08,22107,NA,N,E,I,A,A,H,-,C,D,0,NA,NA,NA,NA,Y,NA,A,01,0,0,1,0,0,0,0,0,0,-,-,34.16215896606445,-118.46990966796876,LOS ANGELES,LOS ANGELES,-118.46965026855467,34.16216278076172
92223886,2023,2023-10-31,9580,2023-10-24,1430,021291,NA,2,2,7,1942,0,1,1,NA,2,404,I-405 N/B (SAN DIEGO FWY),VICTORY BLVD,1584,S,N,A,-,Y,LA,NA,405,NA,NA,41.017,H,NA,R,N,3,0,1,3,A,-,03,22350,NA,N,C,C,A,A,H,-,A,D,0,NA,NA,NA,NA,Y,NA,A,07,0,1,0,0,0,0,0,0,0,-,-,34.18191909790039,-118.47158813476564,LOS ANGELES,LOS ANGELES,-118.47153472900392,34.181949615478516
9222389,2021,2021-03-10,1900,2021-02-07,2020,525042,1017,7,5,3,1995,0,0,0,NA,0,101T2,RT 1,BIG ROCK RD,3696,W,N,A,-,Y,LA,7,1,-,-,43.19,H,-,S,Y,3,0,1,3,A,-,01,23152,A,N,B,E,E,A,H,-,C,D,0,Y,NA,NA,NA,Y,Y,A,01,0,1,0,0,1,0,0,0,0,-,-,NA,NA,LOS ANGELES,MALIBU,-118.62001800537108,34.03783416748047
92223891,2023,2023-10-31,9525,2023-10-21,1315,022194,NA,6,1,9,1900,0,3,5,NA,2,003,AMAR RD.,VANDERWELL AVE.,0,NA,Y,A,-,N,NA,NA,NA,NA,NA,NA,NA,NA,NA,N,3,0,3,3,A,-,09,21801,A,N,D,C,A,A,H,-,A,D,0,NA,NA,NA,NA,Y,NA,A,01,0,1,2,0,0,0,0,0,0,-,-,34.03554153442383,-117.92443084716795,LOS ANGELES,UNINCORPORATED,-117.92444610595705,34.035587310791016
92223895,2023,2023-10-31,9550,2023-10-23,1420,022639,NA,1,2,5,1908,0,1,3,NA,2,091,SR 91 WESTBOUND,LAKEWOOD BOULEVARD,1000,E,N,A,-,Y,LA,NA,91,NA,R,15.099,H,NA,L,N,3,0,1,2,A,-,08,22107,NA,N,B,C,A,A,H,-,A,D,0,NA,NA,NA,Y,Y,NA,-,-,0,1,0,0,0,0,0,0,0,-,-,33.87725830078125,-118.13426208496094,LOS ANGELES,BELLFLOWER,-118.13426208496094,33.877254486083984
92223912,2023,2023-10-31,9530,2023-09-25,1940,022687,NA,1,2,5,1943,0,1,1,NA,2,210,I-105 E/B FROM LONG BEACH BLVD N/B,LONG BEACH BLVD.,282,E,N,A,-,Y,NA,NA,NA,NA,NA,NA,NA,NA,NA,N,4,0,1,2,A,-,00,21960,A,F,G,B,E,A,H,-,E,D,0,Y,NA,NA,NA,Y,NA,N,60,0,0,1,0,1,0,0,0,0,-,-,33.923500061035156,-118.20870971679688,LOS ANGELES,LYNWOOD,-118.20870971679688,33.923500061035156
92223913,2023,2023-10-31,9540,2023-10-23,830,018037,NA,1,1,9,1900,0,1,3,NA,1,143,SR-14 S/B (ANTELOPE VALLEY FREEWAY),SIERRA HIGHWAY U/C,290,S,N,B,-,Y,LA,NA,14,NA,R,25.093,H,NA,L,Y,4,0,1,3,A,-,03,22350,NA,N,C,C,A,A,H,-,A,D,0,NA,NA,NA,NA,Y,NA,A,07,0,0,1,0,0,0,0,0,0,-,-,34.338008880615234,-118.50758361816406,LOS ANGELES,UNINCORPORATED,-118.5075454711914,34.3380012512207
92223915,2023,2023-10-31,9565,2023-10-19,1445,021706,NA,4,2,7,1942,0,1,1,NA,2,083,I-10 E/B (SANTA MONICA FREEWAY),CATTARAGUS AVE,420,E,N,A,-,Y,LA,NA,10,NA,R,8.405,H,NA,R,N,3,0,1,2,A,-,08,22107,NA,N,B,C,A,A,H,-,A,D,0,NA,NA,Y,NA,Y,NA,A,07,0,1,0,0,0,0,0,0,1,-,-,34.03453063964844,-118.38443756103516,LOS ANGELES,LOS ANGELES,-118.38446807861328,34.03456115722656
92223928,2023,2023-10-31,9590,2023-10-29,300,023084,NA,7,3,7,1942,0,1,2,NA,2,073,US-101 S/B (HOLLYWOOD FREEWAY),ARGYLE AVENUE,300,N,N,A,-,Y,LA,NA,101,NA,NA,7.122,H,NA,L,N,4,0,1,3,A,-,01,23153,A,N,C,C,A,A,H,-,C,D,0,NA,NA,NA,NA,Y,Y,A,01,0,0,1,0,0,0,0,0,0,-,-,34.10504150390625,-118.3261489868164,LOS ANGELES,LOS ANGELES,-118.3261260986328,34.105072021484375
92223934,2023,2023-10-31,9545,2023-10-20,2225,023340,NA,5,3,9,1900,0,3,5,NA,1,006,AVENUE M 8,20TH ST  W,826,W,N,A,-,N,NA,NA,NA,NA,NA,NA,NA,NA,NA,N,3,0,1,1,A,-,01,23152,A,N,E,I,A,A,G,-,D,D,0,NA,NA,NA,NA,Y,Y,A,01,0,1,0,0,0,0,0,0,0,-,-,34.63859176635742,-118.16822052001952,LOS ANGELES,UNINCORPORATED,-118.16813659667967,34.638492584228516
9222395,2021,2021-03-10,1942,2021-01-12,0805,35936,515,2,5,7,1942,0,0,0,NA,0,5A15,W PACIFIC COAST HWY,ISLAND AV,85,E,N,A,-,Y,LA,7,1,-,-,10.72,H,-,S,N,2,0,1,2,A,-,09,21804,A,N,H,G,A,A,H,-,A,D,0,NA,Y,NA,NA,Y,NA,L,04,1,0,0,0,0,0,1,0,0,-,-,NA,NA,LOS ANGELES,LOS ANGELES,-118.26658630371094,33.790931701660156
92223963,2023,2023-10-31,9530,2023-10-19,810,018745,NA,4,1,9,1900,0,3,5,NA,2,006,VERMONT AVE.,DEL AMO BLVD.,0,NA,Y,B,-,N,NA,NA,NA,NA,NA,NA,NA,NA,NA,N,4,0,1,2,A,-,09,21801,A,N,D,C,A,A,H,-,A,A,0,NA,NA,NA,NA,Y,NA,A,01,0,0,1,0,0,0,0,0,0,-,-,33.84632110595703,-118.29036712646484,LOS ANGELES,UNINCORPORATED,-118.29039001464844,33.84624481201172
92223965,2023,2023-10-31,9530,2023-10-19,1820,023313,NA,4,2,9,1900,0,3,5,NA,2,002,SAN PEDRO ST.,135TH ST.,0,NA,Y,A,-,N,NA,NA,NA,NA,NA,NA,NA,NA,NA,Y,3,0,2,3,A,-,09,21801,A,N,A,C,A,A,H,-,B,A,0,NA,NA,NA,NA,Y,NA,A,01,0,1,1,0,0,0,0,0,0,-,-,33.90919876098633,-118.26973724365234,LOS ANGELES,UNINCORPORATED,-118.26966857910156,33.909156799316406
92223966,2023,2023-10-31,9565,2023-10-19,320,022423,NA,4,3,7,1942,0,1,1,NA,2,062,I-405 S/B,EXPOSITION BLVD,200,N,N,B,-,Y,LA,NA,405,NA,NA,29.828,H,NA,L,Y,4,0,1,1,A,-,01,23152,A,N,E,I,A,A,H,-,D,D,0,NA,NA,NA,NA,Y,Y,A,01,0,0,1,0,0,0,0,0,0,-,-,34.034088134765625,-118.43726348876952,LOS ANGELES,LOS ANGELES,-118.43716430664064,34.034149169921875