CASE_ID,ACCIDENT_YEAR,PROC_DATE,JURIS,COLLISION_DATE,COLLISION_TIME,OFFICER_ID,REPORTING_DISTRICT,DAY_OF_WEEK,CHP_SHIFT,POPULATION,CNTY_CITY_LOC,SPECIAL_COND,BEAT_TYPE,CHP_BEAT_TYPE,CITY_DIVISION_LAPD,CHP_BEAT_CLASS,BEAT_NUMBER,PRIMARY_RD,SECONDARY_RD,DISTANCE,DIRECTION,INTERSECTION,WEATHER_1,WEATHER_2,STATE_HWY_IND,CALTRANS_COUNTY,CALTRANS_DISTRICT,STATE_ROUTE,ROUTE_SUFFIX,POSTMILE_PREFIX,POSTMILE,LOCATION_TYPE,RAMP_INTERSECTION,SIDE_OF_HWY,TOW_AWAY,COLLISION_SEVERITY,NUMBER_KILLED,NUMBER_INJURED,PARTY_COUNT,PRIMARY_COLL_FACTOR,PCF_CODE_OF_VIOL,PCF_VIOL_CATEGORY,PCF_VIOLATION,PCF_VIOL_SUBSECTION,HIT_AND_RUN,TYPE_OF_COLLISION,MVIW,PED_ACTION,ROAD_SURFACE,ROAD_COND_1,ROAD_COND_2,LIGHTING,CONTROL_DEVICE,CHP_ROAD_TYPE,PEDESTRIAN_ACCIDENT,BICYCLE_ACCIDENT,MOTORCYCLE_ACCIDENT,TRUCK_ACCIDENT,NOT_PRIVATE_PROPERTY,ALCOHOL_INVOLVED,STWD_VEHTYPE_AT_FAULT,CHP_VEHTYPE_AT_FAULT,COUNT_SEVERE_INJ,COUNT_VISIBLE_INJ,COUNT_COMPLAINT_PAIN,COUNT_PED_KILLED,COUNT_PED_INJURED,COUNT_BICYCLIST_KILLED,COUNT_BICYCLIST_INJURED,COUNT_MC_KILLED,COUNT_MC_INJURED,PRIMARY_RAMP,SECONDARY_RAMP,LATITUDE,LONGITUDE,COUNTY,CITY,POINT_X,POINT_Y
9222868,2021,2021-03-17,1942,2021-01-13,0905,30452,2183,3,5,7,1942,0,0,0,NA,0,21A73,MARGARITA DR,CASS AV,30,W,N,A,-,N,NA,NA,NA,NA,NA,NA,NA,NA,NA,N,3,0,1,2,A,-,09,21800,B,F,H,G,A,A,H,-,A,D,0,NA,Y,NA,NA,Y,NA,L,04,0,1,0,0,0,0,1,0,0,-,-,NA,NA,LOS ANGELES,LOS ANGELES,-118.62144470214844,34.15100860595703
92228684,2023,2023-11-06,9545,2023-10-28,1424,023153,NA,6,2,9,1900,0,1,3,NA,1,042,SR-138,121ST STREET EAST,0,NA,Y,A,-,Y,LA,NA,138,NA,NA,59.172,H,NA,R,Y,4,0,6,3,A,-,09,21800,A,N,D,2,A,A,H,-,A,A,0,NA,NA,NA,NA,Y,NA,A,07,0,0,6,0,0,0,0,0,0,-,-,34.50648880004883,-117.91407775878906,LOS ANGELES,UNINCORPORATED,-117.91407775878906,34.506431579589844
92228688,2023,2023-11-06,9545,2023-10-31,735,020244,NA,2,1,9,1900,0,3,5,NA,2,003,ANGELES FOREST HWY,UPPER BIG TUJUNGA CANYON RD,3696,S,N,A,-,N,NA,NA,NA,NA,NA,NA,NA,NA,NA,Y,3,0,1,1,A,-,08,22107,NA,N,F,A,A,A,H,-,A,D,0,NA,NA,NA,NA,Y,NA,D,22,0,1,0,0,0,0,0,0,0,-,-,34.322540283203125,-118.12805938720705,LOS ANGELES,UNINCORPORATED,-118.12791442871094,34.32271194458008
9222869,2021,2021-03-17,1942,2021-01-27,1615,38326,1008,3,5,7,1942,0,0,0,J,0,10A39,VANOWEN ST,VALJEAN AV,300,W,N,A,-,N,NA,NA,NA,NA,NA,NA,NA,NA,NA,N,4,0,1,2,A,-,05,21650,NA,F,B,C,A,A,H,-,A,A,0,NA,NA,NA,NA,Y,NA,A,01,0,0,1,0,0,0,0,0,0,-,-,NA,NA,LOS ANGELES,LOS ANGELES,-118.4868621826172,34.19390869140625
92228693,2023,2023-11-06,9530,2023-10-25,920,020938,NA,3,1,9,1900,0,3,5,NA,2,002,EL SEGUNDO BLVD (300 BLOCK),SAN PEDRO ST,150,E,N,A,-,N,NA,NA,NA,NA,NA,NA,NA,NA,NA,N,3,0,1,2,A,-,03,22350,NA,N,C,C,A,A,H,-,A,D,0,NA,NA,Y,NA,Y,NA,C,02,0,1,0,0,0,0,0,0,1,-,-,33.9163703918457,-118.2685775756836,LOS ANGELES,UNINCORPORATED,-118.26912689208984,33.916419982910156
92228695,2023,2023-11-06,9545,2023-10-26,1510,022496,NA,4,2,9,1900,0,3,5,NA,2,002,AVENUE S,5TH STREET EAST,20,W,N,A,-,N,NA,NA,NA,NA,NA,NA,NA,NA,NA,N,4,0,1,2,A,-,03,22350,NA,M,C,C,A,A,H,-,A,D,0,NA,NA,NA,NA,Y,NA,A,07,0,0,1,0,0,0,0,0,0,-,-,34.55799102783203,-118.12071228027344,LOS ANGELES,UNINCORPORATED,-118.12047576904295,34.55799102783203
92228696,2023,2023-11-06,9525,2023-11-01,838,022605,NA,3,1,6,1955,0,1,3,NA,2,615,SR-60 W/B (POMONA FWY),GAREY AVE.,3168,E,N,A,-,Y,LA,NA,60,NA,R,29.991,H,NA,L,N,3,0,1,1,C,-,18,NA,NA,N,E,J,A,A,H,-,A,D,0,NA,NA,NA,NA,Y,NA,-,-,0,1,0,0,0,0,0,0,0,-,-,34.024871826171875,-117.73758697509766,LOS ANGELES,POMONA,-117.7375946044922,34.02492141723633
9222870,2021,2021-03-23,1942,2021-01-18,1820,42887,1633,1,5,7,1942,0,0,0,P,0,16X24,FOOTHILL BL,GLADSTONE AV,0,NA,Y,A,-,N,NA,NA,NA,NA,NA,NA,NA,NA,NA,N,3,0,1,2,A,-,10,21954,B,F,G,B,D,A,H,-,C,D,0,Y,NA,NA,NA,Y,NA,-,99,0,1,0,0,1,0,0,0,0,-,-,NA,NA,LOS ANGELES,LOS ANGELES,-118.38796997070313,34.273189544677734
9222871,2021,2021-03-17,1942,2021-01-22,0900,40165,0909,5,5,7,1942,0,0,0,I,0,9A5,HAZELTINE AV,VALERIO ST,195,N,N,A,-,N,NA,NA,NA,NA,NA,NA,NA,NA,NA,N,3,0,1,2,A,-,03,22350,NA,F,G,B,E,A,H,-,A,A,0,Y,NA,NA,NA,Y,NA,-,99,0,1,0,0,1,0,0,0,0,-,-,NA,NA,LOS ANGELES,LOS ANGELES,-118.4399871826172,34.20535659790039
9222872,2021,2021-03-17,1942,2021-01-26,1920,42251,1788,2,5,7,1942,0,0,0,Q,0,17A95,PARTHENIA ST,ENCINO AV,35,W,N,B,-,N,NA,NA,NA,NA,NA,NA,NA,NA,NA,Y,3,0,1,2,A,-,00,21659,NA,F,A,C,A,A,H,-,C,A,0,NA,NA,NA,NA,Y,NA,A,01,0,1,0,0,0,0,0,0,0,-,-,NA,NA,LOS ANGELES,LOS ANGELES,-118.51585388183594,34.22861099243164
9222873,2021,2021-03-17,1942,2021-01-16,1950,41370,1924,6,5,7,1942,0,0,0,NA,0,19X8,HUBBARD ST,SAN FERNANDO RD,116,W,N,A,-,N,NA,NA,NA,NA,NA,NA,NA,NA,NA,Y,2,0,4,2,A,-,05,21651,B,N,A,C,A,A,H,-,C,D,0,NA,NA,NA,NA,Y,NA,A,01,4,0,0,0,0,0,0,0,0,-,-,NA,NA,LOS ANGELES,LOS ANGELES,-118.44973754882813,34.29017639160156
92228739,2023,2023-11-14,9590,2023-10-10,808,023252,NA,2,1,7,1942,0,1,2,NA,2,072,US-101 (HOLLYWOOD FREEWAY) FROM HOLLYWOOD BLOULEVA,HOLLYWOOD BOULEVARD,5,N,N,A,-,Y,LA,NA,101,NA,NA,6.524,H,NA,R,N,4,0,1,2,A,-,07,21658,A,N,B,C,A,A,H,-,A,A,0,NA,NA,NA,NA,Y,NA,-,-,0,0,1,0,0,0,0,0,0,-,-,34.10186004638672,-118.31629180908205,LOS ANGELES,LOS ANGELES,-118.31654357910156,34.10174560546875
9222874,2021,2021-03-17,1942,2021-01-14,1420,38827,1752,4,5,7,1942,0,0,0,Q,0,17X47,DE SOTO AV,VINTAGE ST,250,N,N,A,-,N,NA,NA,NA,NA,NA,NA,NA,NA,NA,N,4,0,1,2,D,-,00,NA,NA,N,D,B,D,A,H,-,A,D,0,Y,NA,NA,NA,Y,NA,-,-,0,0,1,0,1,0,0,0,0,-,-,NA,NA,LOS ANGELES,LOS ANGELES,-118.58856964111328,34.252506256103516
9222875,2021,2021-03-19,1942,2021-01-15,2040,43386,2177,5,5,7,1942,0,0,0,NA,0,21A97,CANOGA AV,VENTURA BL,689,N,N,A,-,N,NA,NA,NA,NA,NA,NA,NA,NA,NA,N,4,0,1,2,A,-,04,21703,NA,F,C,C,A,A,H,-,C,A,0,NA,NA,NA,NA,Y,NA,-,99,0,0,1,0,0,0,0,0,0,-,-,NA,NA,LOS ANGELES,LOS ANGELES,-118.59745025634766,34.16975021362305
9222876,2021,2021-03-17,1942,2021-01-26,0800,36733,1936,2,5,7,1942,0,0,0,NA,0,19A43,LAUREL CANYON BL,SAN FERNANDO MISSION BL,100,S,N,A,-,N,NA,NA,NA,NA,NA,NA,NA,NA,NA,N,4,0,1,2,A,-,03,22350,NA,F,C,C,A,A,H,-,A,D,0,NA,NA,NA,NA,Y,NA,-,99,0,0,1,0,0,0,0,0,0,-,-,NA,NA,LOS ANGELES,LOS ANGELES,-118.45183563232422,34.2773323059082
92228761,2023,2023-11-06,9525,2023-11-02,1850,023085,NA,4,2,9,1900,0,3,5,NA,2,003,VALINDA AVE,AMAR ROAD,130,N,N,A,-,N,NA,NA,NA,NA,NA,NA,NA,NA,NA,N,4,0,1,2,A,-,03,22350,NA,N,C,C,A,A,H,-,C,A,0,NA,NA,NA,NA,Y,NA,A,01,0,0,1,0,0,0,0,0,0,-,-,34.03609085083008,-117.92636871337892,LOS ANGELES,UNINCORPORATED,-117.92630767822266,34.03605651855469
9222877,2021,2021-03-17,1942,2021-01-06,1840,39271,1757,3,5,7,1942,0,0,0,Q,0,17X66W,HAYVENHURST AV,LASSEN ST,0,NA,Y,A,-,N,NA,NA,NA,NA,NA,NA,NA,NA,NA,Y,4,0,1,2,A,-,12,21453,A,F,B,C,A,A,H,-,C,A,0,NA,NA,NA,NA,Y,NA,-,99,0,0,1,0,0,0,0,0,0,-,-,NA,NA,LOS ANGELES,LOS ANGELES,-118.49365234375,34.25020980834961
92228777,2023,2023-11-06,9590,2023-10-20,1117,021848,NA,5,1,7,1942,0,1,1,NA,2,085,I-5 S/B (GOLDEN STATE FREEWAY),LOS FELIZ BOULEVARD,1500,S,N,A,-,Y,LA,NA,5,NA,NA,24.578,H,NA,L,N,4,0,1,2,A,-,03,22350,NA,N,C,C,A,A,H,-,A,D,0,NA,NA,NA,NA,Y,NA,A,01,0,0,1,0,0,0,0,0,0,-,-,34.12390899658203,-118.2726593017578,LOS ANGELES,LOS ANGELES,-118.27267456054688,34.123905181884766
92228779,2023,2023-11-06,9575,2023-10-25,1500,023031,NA,3,2,9,1900,0,2,4,NA,2,330,MT. WILSON RED BOX RD.,ANGELES CREST HIGHWAY,12570,S,N,A,-,Y,NA,NA,NA,NA,NA,NA,NA,NA,NA,N,4,0,1,1,A,-,03,22350,NA,N,F,A,A,A,B,-,A,D,0,NA,NA,Y,NA,Y,NA,C,02,0,0,1,0,0,0,0,0,1,-,-,34.23419952392578,-118.07549285888672,LOS ANGELES,UNINCORPORATED,-118.09247589111328,34.239158630371094
9222878,2021,2021-03-17,1942,2021-01-24,0600,40165,0929,7,5,7,1942,0,0,0,I,0,9A37,WOODMAN AV,VICTORY BL,300,N,N,A,-,N,NA,NA,NA,NA,NA,NA,NA,NA,NA,Y,4,0,1,2,A,-,09,21804,A,F,D,C,A,A,H,-,B,D,0,NA,NA,NA,NA,Y,NA,-,99,0,0,1,0,0,0,0,0,0,-,-,NA,NA,LOS ANGELES,LOS ANGELES,-118.43125915527344,34.187503814697266
92228788,2023,2023-11-06,9530,2023-10-25,620,018745,NA,3,1,5,1977,0,1,1,NA,2,410,I-405 N/B (SAN DIEGO FREEWAY),MAIN ST.,1056,S,N,B,-,Y,LA,NA,405,NA,NA,12.388,H,NA,R,Y,4,0,1,2,A,-,07,21658,A,N,C,C,A,B,H,-,C,D,0,NA,NA,Y,NA,Y,NA,A,01,0,0,1,0,0,0,0,0,1,-,-,33.85118103027344,-118.2773666381836,LOS ANGELES,CARSON,-118.27732849121094,33.85122299194336
9222879,2021,2021-03-17,1942,2021-01-09,0500,36209,1653,6,5,7,1942,0,0,0,P,0,16A23,OSBORNE ST,TELFAIR AV,1200,E,N,A,-,N,NA,NA,NA,NA,NA,NA,NA,NA,NA,N,4,0,2,2,A,-,03,22350,NA,N,B,C,A,A,H,-,C,D,0,NA,NA,NA,NA,Y,NA,A,07,0,0,2,0,0,0,0,0,0,-,-,NA,NA,LOS ANGELES,LOS ANGELES,-118.41001129150392,34.25381088256836
9222880,2021,2021-03-23,1942,2021-01-11,1840,42735,1651,1,5,7,1942,0,0,0,P,0,16EL3,LAUREL CANYON BL,OSBORNE ST,200,S,N,A,-,N,NA,NA,NA,NA,NA,NA,NA,NA,NA,N,4,0,3,2,D,-,00,NA,NA,N,D,C,A,A,H,-,C,D,0,NA,NA,NA,NA,Y,NA,-,-,0,0,3,0,0,0,0,0,0,-,-,NA,NA,LOS ANGELES,LOS ANGELES,-118.41910552978516,34.24646759033203
92228806,2023,2023-11-06,9525,2023-11-03,2010,022627,NA,5,2,4,1913,0,1,1,NA,2,110,I-10 E/B (SAN BERNARDINO FWY),INDIAN HILL BLVD,1584,W,N,A,-,Y,LA,NA,10,NA,NA,47.388,H,NA,R,Y,4,0,4,3,A,-,03,22350,NA,M,C,C,A,A,H,-,D,D,0,NA,NA,NA,NA,Y,NA,-,99,0,0,4,0,0,0,0,0,0,-,-,34.081478118896484,-117.72550201416016,LOS ANGELES,CLAREMONT,-117.72550201416016,34.08156204223633
92228807,2023,2023-11-06,9540,2023-11-01,735,018037,NA,3,1,9,1900,0,1,3,NA,1,143,SR-14 S/B (ANTELOPE VALLEY FREEWAY),SIERRA HIGHWAY U/C,2112,N,N,A,-,Y,LA,NA,14,NA,R,25.557,H,NA,L,N,4,0,1,4,A,-,03,22350,NA,M,C,C,A,A,H,-,B,D,0,NA,NA,NA,NA,Y,NA,-,99,0,0,1,0,0,0,0,0,0,-,-,34.34452819824219,-118.5048828125,LOS ANGELES,UNINCORPORATED,-118.50481414794922,34.344512939453125
92228832,2023,2023-11-06,9535,2023-10-24,2150,022808,NA,2,2,4,1937,0,2,S,NA,2,901,VALLEY BLVD.,LA SEDA RD,0,NA,Y,A,-,N,NA,NA,NA,NA,NA,NA,NA,NA,NA,Y,4,0,1,1,A,-,08,22107,NA,N,A,I,A,A,H,-,C,A,0,NA,NA,NA,NA,Y,NA,A,01,0,0,1,0,0,0,0,0,0,-,-,34.00490188598633,-117.89842987060548,LOS ANGELES,LA PUENTE,-117.89836120605467,34.00467300415039
92228847,2023,2023-11-06,9525,2023-11-04,1246,020341,NA,6,1,6,1975,0,1,1,NA,2,103,I-10 W/B (SAN BERNARDINO FWY),WEST COVINA PARKWAY,845,E,N,A,-,Y,LA,NA,10,NA,NA,34.666,H,NA,L,N,3,0,3,2,A,-,03,22350,NA,N,C,C,A,A,H,-,A,D,0,NA,NA,NA,NA,Y,NA,A,01,0,1,2,0,0,0,0,0,0,-,-,34.07252883911133,-117.93958282470705,LOS ANGELES,WEST COVINA,-117.93958282470705,34.072540283203125
92228852,2023,2023-11-06,9535,2023-10-25,1200,020348,NA,3,1,5,1901,0,1,1,NA,2,420,I-10 EB (SAN BERNARDINO FREEWAY(),ATLANTIC BLVD,150,W,N,B,-,Y,LA,NA,10,NA,NA,24.091,H,NA,R,N,4,0,1,2,A,-,03,22350,NA,N,C,D,A,A,H,-,A,D,0,NA,NA,NA,NA,Y,NA,I,12,0,0,1,0,0,0,0,0,0,-,-,34.07133102416992,-118.12122344970705,LOS ANGELES,ALHAMBRA,-118.12122344970705,34.071475982666016
92228863,2023,2023-11-06,9545,2023-10-31,430,019414,NA,2,3,9,1900,0,2,4,NA,1,026,SPUNKY CANYON RD,BOUQUET CANYON RD,8448,W,N,A,-,N,NA,NA,NA,NA,NA,NA,NA,NA,NA,Y,3,0,1,1,A,-,03,22350,NA,N,E,I,A,A,H,-,D,A,0,NA,NA,NA,NA,Y,NA,D,22,0,1,0,0,0,0,0,0,0,-,-,34.59278869628906,-118.38314056396484,LOS ANGELES,UNINCORPORATED,-118.38299560546876,34.59291458129883
92228864,2023,2023-11-06,9590,2023-11-01,745,016230,NA,3,1,7,1942,0,1,1,NA,2,065,I-5 SB GSF TO I-10 WB SMF,LOS ANGELES RIVER,232,W,N,A,-,Y,LA,NA,10,NA,NA,17.873,H,NA,L,N,4,0,1,2,A,-,03,22350,NA,N,C,C,A,A,H,-,A,D,0,NA,NA,NA,NA,Y,NA,A,01,0,0,1,0,0,0,0,0,0,-,-,34.02920150756836,-118.22715759277344,LOS ANGELES,LOS ANGELES,-118.22714996337892,34.02916717529297
92228914,2023,2023-11-06,9590,2023-11-02,2120,022741,NA,4,2,7,1942,0,1,2,NA,2,071,US-101 S/B (HOLLYWOOD FREEWAY),GLENDALE BOULEVARD,350,S,N,A,-,Y,LA,NA,101,NA,NA,2.431,H,NA,L,N,4,0,1,2,A,-,03,22350,NA,N,C,C,A,A,H,-,D,D,0,NA,NA,NA,NA,Y,NA,A,01,0,0,1,0,0,0,0,0,0,-,-,34.069190979003906,-118.26004028320313,LOS ANGELES,LOS ANGELES,-118.2600326538086,34.0692024230957
92228929,2023,2023-11-06,9525,2023-11-04,1840,023176,NA,6,2,6,1975,0,1,1,NA,2,103,I-10 W/B (SAN BERNARDINO FWY),CAMERON AVE,739,W,N,A,-,Y,LA,NA,10,NA,NA,34.136,H,NA,L,N,4,0,2,2,A,-,03,22350,NA,N,C,C,A,A,H,-,C,D,0,NA,NA,NA,NA,Y,NA,-,-,0,0,2,0,0,0,0,0,0,-,-,34.07176971435547,-117.94869232177734,LOS ANGELES,WEST COVINA,-117.94867706298828,34.07167053222656
92228943,2023,2023-11-06,9525,2023-11-04,1850,022183,NA,6,2,4,1960,0,1,3,NA,2,571,SR 57 SB (ORANGE FWY),CIENEGA AVE,120,S,N,A,-,Y,LA,NA,57,NA,R,10.508,H,NA,L,Y,4,0,1,1,A,-,08,22107,NA,N,E,I,A,A,H,-,C,D,0,NA,NA,NA,NA,Y,NA,A,01,0,0,1,0,0,0,0,0,0,-,-,34.1026611328125,-117.81979370117188,LOS ANGELES,SAN DIMAS,-117.81993103027344,34.102630615234375
92228950,2023,2023-11-06,9530,2023-10-29,1626,023235,NA,7,2,7,1942,0,1,1,NA,2,120,INTERSTATE 110 NORTHBOUND,HARRY BRIDGES BOULEVARD,500,S,N,A,-,Y,LA,NA,110,NA,NA,1.875,H,NA,R,Y,3,0,1,2,A,-,03,22350,NA,N,C,C,A,A,H,-,A,D,0,NA,NA,Y,NA,Y,NA,C,02,0,1,0,0,0,0,0,0,1,-,-,33.760738372802734,-118.28746795654295,LOS ANGELES,LOS ANGELES,-118.28748321533205,33.7607536315918
92228951,2023,2023-11-06,9535,2023-10-25,355,023333,NA,3,3,5,1948,0,1,1,NA,2,070,I-710 N/B TO I-10 E/B,I-10 E/B (SAN BERNARDINO FWY),140,S,N,A,-,Y,NA,NA,NA,NA,NA,NA,NA,NA,NA,N,4,0,1,1,C,-,18,NA,NA,N,E,I,A,A,H,-,C,D,0,NA,NA,NA,NA,Y,NA,-,-,0,0,1,0,0,0,0,0,0,-,-,34.0606803894043,-118.16464233398438,LOS ANGELES,MONTEREY PARK,-118.16464233398438,34.0606803894043
92228956,2023,2023-11-06,9525,2023-11-04,1550,022627,NA,6,2,5,1990,0,1,3,NA,2,601,SR-60 W/B (POMONA FWY),GRAND AVE,100,W,N,A,-,Y,LA,NA,60,NA,R,24.428,H,NA,L,N,4,0,3,3,A,-,03,22350,NA,M,C,C,A,A,H,-,A,D,0,NA,NA,NA,NA,Y,NA,D,22,0,0,3,0,0,0,0,0,0,-,-,34.010101318359375,-117.8237533569336,LOS ANGELES,DIAMOND BAR,-117.82366943359376,34.010040283203125
92228974,2023,2023-11-06,9590,2023-11-01,1210,015575,NA,3,1,7,1942,0,1,1,NA,2,010,SR-110 N/B (ASP) TO I-5 N/B (GSF),DUVALL STREET,1690,S,N,A,-,Y,NA,NA,NA,NA,NA,NA,NA,NA,NA,Y,4,0,1,2,A,-,03,22350,NA,N,C,C,A,A,H,-,A,D,0,NA,NA,NA,NA,Y,NA,A,01,0,0,1,0,0,0,0,0,0,-,-,34.08195877075195,-118.22815704345705,LOS ANGELES,LOS ANGELES,NA,NA
92228975,2023,2023-11-06,9525,2023-11-05,1537,022627,NA,7,2,5,1990,0,1,3,NA,2,603,SR-60 W/B (POMONA FWY),GOLDEN SPRINGS DR,1584,E,N,A,-,Y,LA,NA,60,NA,R,26.925,H,NA,L,Y,4,0,1,1,A,-,08,22107,NA,N,E,I,A,A,H,-,A,D,0,NA,NA,NA,NA,Y,NA,A,01,0,0,1,0,0,0,0,0,0,-,-,34.02632141113281,-117.78962707519533,LOS ANGELES,DIAMOND BAR,-117.78966522216795,34.0262451171875
92228978,2023,2023-11-06,9530,2023-10-21,1935,023237,NA,6,2,7,1942,0,1,1,NA,2,110,I-110 S/B (HARBOR FREEWAY),REDONDO BEACH BLVD.,1056,N,N,A,-,Y,LA,NA,110,NA,NA,11.304,H,NA,L,Y,3,0,1,2,A,-,01,23152,A,N,F,C,A,A,A,-,A,D,0,NA,NA,NA,NA,Y,Y,A,07,0,1,0,0,0,0,0,0,0,-,-,33.89345932006836,-118.28588104248048,LOS ANGELES,LOS ANGELES,-118.28582000732422,33.893463134765625
92228999,2023,2023-11-06,9535,2023-10-25,825,023297,NA,3,1,5,1952,0,1,1,NA,2,074,I-710 N/B (LONG BEACH FWY),ROSECRANS AVE,500,S,N,A,-,Y,LA,NA,710,NA,NA,14.891,H,NA,R,Y,4,0,1,2,A,-,07,21658,A,N,B,C,A,A,H,-,A,D,0,NA,NA,NA,Y,Y,NA,G,25,0,0,1,0,0,0,0,0,0,-,-,33.9025993347168,-118.18585205078124,LOS ANGELES,PARAMOUNT,-118.18588256835938,33.902610778808594
92229002,2023,2023-11-06,9530,2023-08-14,45,021842,NA,1,3,5,1977,0,1,3,NA,2,310,STATE ROUTE 91 WESTBOUND (ARTESIA FREEWAY),AVALON BOULEVARD,376,E,N,A,-,Y,LA,NA,91,NA,R,7.528,H,NA,L,N,1,1,0,2,A,-,11,21954,A,F,G,B,E,A,H,-,D,D,0,Y,NA,NA,NA,Y,NA,N,60,0,0,0,1,0,0,0,0,0,-,-,33.87351989746094,-118.26441192626952,LOS ANGELES,CARSON,-118.26441192626952,33.873531341552734
92229034,2023,2023-11-06,9590,2023-10-30,2117,022750,NA,1,2,7,1942,0,1,1,NA,2,084,I-5 N/B (GOLDEN STATE FREEWAY) FROM LOZ FELIZ BOUL,LOS FELIZ BOULEVARD,400,N,N,A,-,Y,LA,NA,5,NA,NA,24.435,H,NA,R,N,4,0,2,2,A,-,03,22350,NA,N,C,C,A,A,H,-,C,D,0,NA,NA,NA,NA,Y,NA,A,01,0,0,2,0,0,0,0,0,0,-,-,34.12199020385742,-118.2715301513672,LOS ANGELES,LOS ANGELES,-118.2717514038086,34.12192916870117
92229039,2023,2023-11-06,9535,2023-10-25,900,023297,NA,3,1,5,1943,0,1,1,NA,2,075,I-710 S/B (LONG BEACH FWY) TO I-105 W/B (CENTURY F,MARTIN LUTHER KING JR BLVD,700,S,N,B,-,Y,NA,NA,NA,NA,NA,NA,NA,NA,NA,Y,4,0,1,2,A,-,03,22350,NA,N,C,C,A,A,H,-,A,D,0,NA,NA,NA,NA,Y,NA,A,01,0,0,1,0,0,0,0,0,0,-,-,33.917091369628906,-118.18007659912108,LOS ANGELES,LYNWOOD,-118.18007659912108,33.917091369628906
92229042,2023,2023-11-06,9590,2023-09-18,2310,023083,NA,1,3,7,1942,0,1,1,NA,2,051,I-110 S/B (HARBOR FREEWAY) FROM MLK JR BLVD,MARTIN LUTHER KING JR BOULEVARD,55,S,N,A,-,Y,NA,NA,NA,NA,NA,NA,NA,NA,NA,N,4,0,1,2,A,-,07,21658,A,N,B,2,A,A,H,-,C,D,0,NA,NA,NA,NA,Y,NA,A,01,0,0,1,0,0,0,0,0,0,-,-,34.010379791259766,-118.28160095214844,LOS ANGELES,LOS ANGELES,-118.28160095214844,34.010379791259766
92229061,2023,2023-11-06,9590,2023-09-22,1350,018538,NA,5,1,7,1942,0,1,1,NA,2,500,I-110 N/B (HARBOR FWY.),41ST PLACE,100,N,N,B,-,Y,LA,NA,110,NA,NA,19.342,H,NA,R,Y,3,0,1,2,A,-,03,22350,NA,N,C,C,A,A,H,-,A,D,0,NA,NA,Y,NA,Y,NA,C,02,0,1,0,0,0,0,0,0,1,-,-,34.008689880371094,-118.2809829711914,LOS ANGELES,LOS ANGELES,-118.28095245361328,34.008689880371094
92229115,2023,2023-11-06,9540,2023-10-22,1450,021845,NA,7,2,7,1942,0,1,1,NA,1,503,I-5 S/B,BALBOA BLVD,1584,N,N,B,-,Y,LA,NA,5,NA,R,44.753,H,NA,L,N,3,0,1,3,A,-,07,21658,A,M,F,C,A,A,H,-,A,A,0,NA,NA,Y,NA,Y,Y,-,99,0,1,0,0,0,0,0,0,1,-,-,34.32345962524414,-118.50077056884766,LOS ANGELES,LOS ANGELES,-118.50079345703124,34.323429107666016
92229129,2023,2023-11-06,9540,2023-10-25,853,019772,NA,3,1,7,1942,0,1,1,NA,1,503,I-5 S/B,I-210 W/B,1056,S,N,B,-,Y,LA,NA,5,NA,R,43.649,H,NA,L,Y,4,0,2,2,A,-,03,22350,NA,N,C,C,A,A,H,-,A,D,0,NA,NA,NA,NA,Y,NA,A,08,0,0,2,0,0,0,0,0,0,-,-,34.31227111816406,-118.48780822753906,LOS ANGELES,LOS ANGELES,-118.48776245117188,34.312294006347656
92229156,2023,2023-11-06,9530,2023-09-28,1710,023090,NA,4,2,9,1900,0,1,1,NA,2,120,I-110 S/B (HARBOR FREEWAY),TORRANCE BLVD.,200,N,N,A,-,Y,LA,NA,110,NA,NA,7.763,H,NA,L,N,4,0,1,2,A,-,03,22350,NA,N,C,C,A,A,H,-,A,D,0,NA,NA,NA,NA,Y,NA,A,07,0,0,1,0,0,0,0,0,0,-,-,33.842350006103516,-118.28621673583984,LOS ANGELES,UNINCORPORATED,-118.28616333007813,33.84233856201172
92229181,2023,2023-11-06,9590,2023-11-02,918,021823,NA,4,1,7,1942,0,1,1,NA,2,053,I-110 S/B (HARBOR FREEWAY),JAMES M WOOD BLVD,100,S,N,A,-,Y,LA,NA,110,NA,NA,22.249,H,NA,L,Y,4,0,1,2,A,-,03,22350,NA,N,C,C,A,A,H,-,A,D,0,NA,NA,NA,NA,Y,NA,A,07,0,0,1,0,0,0,0,0,0,-,-,34.04764938354492,-118.2670669555664,LOS ANGELES,LOS ANGELES,-118.26712799072266,34.04771423339844
92229186,2023,2023-11-06,9535,2023-10-25,726,023450,NA,3,1,5,1947,0,1,3,NA,2,600,SR-60 E/B (POMONA FWY.),MARKLAND DR.,300,W,N,B,-,Y,LA,NA,60,NA,R,6.247,H,NA,R,Y,4,0,1,2,A,-,07,21658,A,N,B,C,A,B,H,-,A,D,0,NA,NA,NA,NA,Y,NA,A,01,0,0,1,0,0,0,0,0,0,-,-,34.03321075439453,-118.11917114257813,LOS ANGELES,MONTEBELLO,-118.11917114257813,34.03316879272461