CASE_ID,ACCIDENT_YEAR,PROC_DATE,JURIS,COLLISION_DATE,COLLISION_TIME,OFFICER_ID,REPORTING_DISTRICT,DAY_OF_WEEK,CHP_SHIFT,POPULATION,CNTY_CITY_LOC,SPECIAL_COND,BEAT_TYPE,CHP_BEAT_TYPE,CITY_DIVISION_LAPD,CHP_BEAT_CLASS,BEAT_NUMBER,PRIMARY_RD,SECONDARY_RD,DISTANCE,DIRECTION,INTERSECTION,WEATHER_1,WEATHER_2,STATE_HWY_IND,CALTRANS_COUNTY,CALTRANS_DISTRICT,STATE_ROUTE,ROUTE_SUFFIX,POSTMILE_PREFIX,POSTMILE,LOCATION_TYPE,RAMP_INTERSECTION,SIDE_OF_HWY,TOW_AWAY,COLLISION_SEVERITY,NUMBER_KILLED,NUMBER_INJURED,PARTY_COUNT,PRIMARY_COLL_FACTOR,PCF_CODE_OF_VIOL,PCF_VIOL_CATEGORY,PCF_VIOLATION,PCF_VIOL_SUBSECTION,HIT_AND_RUN,TYPE_OF_COLLISION,MVIW,PED_ACTION,ROAD_SURFACE,ROAD_COND_1,ROAD_COND_2,LIGHTING,CONTROL_DEVICE,CHP_ROAD_TYPE,PEDESTRIAN_ACCIDENT,BICYCLE_ACCIDENT,MOTORCYCLE_ACCIDENT,TRUCK_ACCIDENT,NOT_PRIVATE_PROPERTY,ALCOHOL_INVOLVED,STWD_VEHTYPE_AT_FAULT,CHP_VEHTYPE_AT_FAULT,COUNT_SEVERE_INJ,COUNT_VISIBLE_INJ,COUNT_COMPLAINT_PAIN,COUNT_PED_KILLED,COUNT_PED_INJURED,COUNT_BICYCLIST_KILLED,COUNT_BICYCLIST_INJURED,COUNT_MC_KILLED,COUNT_MC_INJURED,PRIMARY_RAMP,SECONDARY_RAMP,LATITUDE,LONGITUDE,COUNTY,CITY,POINT_X,POINT_Y
92229940,2023,2023-11-07,9545,2023-11-06,1355,022679,NA,1,1,9,1900,0,3,5,NA,2,004,170TH STREET EAST,AVENUE M,908,S,N,A,-,N,NA,NA,NA,NA,NA,NA,NA,NA,NA,Y,3,0,2,3,A,-,09,21801,A,M,A,C,A,A,H,-,A,D,0,NA,NA,NA,NA,Y,NA,-,99,0,1,1,0,0,0,0,0,0,-,-,34.64324188232422,-117.82726287841795,LOS ANGELES,UNINCORPORATED,-117.82727813720705,34.64324188232422
92229949,2023,2023-11-07,9575,2023-10-26,2035,021925,NA,4,2,6,1953,0,1,1,NA,2,064,I-210 E/B (FOOTHILL FREEWAY),KINNELOA AVENUE,185,E,N,A,-,Y,LA,NA,210,NA,R,29.068,H,NA,R,Y,4,0,1,2,A,-,03,22350,NA,N,C,C,A,A,H,-,C,D,0,NA,NA,NA,Y,Y,NA,A,07,0,0,1,0,0,0,0,0,0,-,-,34.14828872680664,-118.0862274169922,LOS ANGELES,PASADENA,-118.0862045288086,34.14833450317383
92229950,2023,2023-11-07,9565,2023-10-29,2020,023150,NA,7,2,5,1965,0,1,1,NA,2,081,I-10 W/B,CENTINELA AVE,245,E,N,A,-,Y,LA,NA,10,NA,R,4.376,H,NA,L,Y,3,0,1,3,A,-,08,22107,NA,N,B,C,A,A,H,-,C,D,0,NA,NA,NA,NA,Y,NA,A,07,0,1,0,0,0,0,0,0,0,-,-,34.027809143066406,-118.45172119140624,LOS ANGELES,SANTA MONICA,-118.45172119140624,34.02780532836914
92229960,2023,2023-11-07,9550,2023-06-19,1135,021656,NA,1,1,5,1919,0,1,1,NA,2,652,INTERSTATE 605 NORTHBOUND,SOUTH STREET,1065.5,N,N,B,-,Y,LA,NA,605,NA,R,3.939,H,NA,R,Y,1,1,0,2,A,-,08,22107,NA,N,B,2,A,A,H,-,A,D,0,NA,NA,NA,NA,Y,NA,A,07,0,0,0,0,0,0,0,0,0,-,-,33.86109924316406,-118.09677124023438,LOS ANGELES,CERRITOS,-118.09679412841795,33.8610954284668
92229972,2023,2023-11-07,9550,2023-10-26,1200,015449,NA,4,1,6,1920,0,1,1,NA,2,500,I-5 S/B (SANTA ANA FREEWAY),LAKEWOOD BLVD.,900,S,N,A,-,Y,LA,NA,5,NA,NA,8.123,H,NA,L,N,4,0,1,2,A,-,04,21703,NA,N,C,C,A,A,H,-,A,D,0,NA,NA,NA,NA,Y,NA,D,22,0,0,1,0,0,0,0,0,0,-,-,33.95602035522461,-118.10942840576172,LOS ANGELES,DOWNEY,-118.109375,33.95606994628906
92229977,2023,2023-11-07,9575,2023-11-02,2335,023413,NA,4,3,9,1900,0,3,5,NA,2,003,KAGEL CANYON RD,SHAFER PL,130,S,N,A,-,N,NA,NA,NA,NA,NA,NA,NA,NA,NA,Y,3,0,2,1,A,-,01,23152,A,N,E,I,A,A,H,-,C,D,0,NA,NA,NA,NA,Y,Y,A,01,0,2,0,0,0,0,0,0,0,-,-,34.293128967285156,-118.37787628173828,LOS ANGELES,UNINCORPORATED,-118.37775421142578,34.29281234741211
92230032,2023,2023-11-07,9540,2023-11-02,2115,021078,NA,4,2,6,1985,0,1,1,NA,2,506,I-5  N/B (GOLDEN STATE FWY.),BISCAILUZ DR.,900,S,N,A,-,Y,LA,NA,5,NA,R,55.9,H,NA,R,Y,4,0,1,2,A,-,03,22350,NA,N,C,C,A,A,D,-,D,D,0,NA,NA,NA,NA,Y,NA,A,01,0,0,1,0,0,0,0,0,0,-,-,34.4476318359375,-118.61155700683594,LOS ANGELES,SANTA CLARITA,-118.61160278320313,34.447608947753906
92230033,2023,2023-11-07,9525,2023-11-02,1537,023414,NA,4,2,6,1955,0,1,3,NA,2,601,SR-60 E/B (POMONA FWY),RESERVOIR ST.,100,E,N,A,-,Y,LA,NA,60,NA,R,30.346,H,NA,R,N,4,0,3,4,A,-,03,22350,NA,N,C,C,A,A,H,-,A,D,0,NA,NA,NA,NA,Y,NA,A,07,0,0,3,0,0,0,0,0,0,-,-,34.025001525878906,-117.73140716552734,LOS ANGELES,POMONA,-117.73140716552734,34.02491760253906
92230077,2023,2023-11-07,9530,2023-10-30,600,020938,NA,1,1,5,1915,0,1,3,NA,2,310,SR-91 W/B (ARTESIA FREEWAY),WILMINGTON AVE,150,E,N,A,-,Y,LA,NA,91,NA,R,9.286,H,NA,L,N,4,0,1,2,A,-,03,22350,NA,N,C,C,A,A,H,-,C,D,0,NA,NA,NA,NA,Y,NA,A,07,0,0,1,0,0,0,0,0,0,-,-,33.8738899230957,-118.2339096069336,LOS ANGELES,COMPTON,-118.2339096069336,33.87387466430664
92230108,2023,2023-11-07,9565,2023-10-29,305,021951,NA,7,3,7,1942,0,1,1,NA,2,064,I-405 N/B (SAN DIEGO FWY),GETTY CENTER DRIVE,256,N,N,A,-,Y,LA,NA,405,NA,NA,34.271,H,NA,R,Y,4,0,1,1,A,-,01,23152,A,N,E,I,A,A,H,-,C,D,0,NA,NA,NA,NA,Y,Y,A,07,0,0,1,0,0,0,0,0,0,-,-,34.089378356933594,-118.47544097900392,LOS ANGELES,LOS ANGELES,-118.47531127929688,34.089393615722656
92230131,2023,2023-11-07,9540,2023-11-03,820,018037,NA,5,1,9,1900,0,1,3,NA,1,142,SR-14 N/B (ANTELOPE VALLEY FREEWAY),SIERRA HIGHWAY U/C,1056,N,N,A,-,Y,LA,NA,14,NA,R,25.391,H,NA,R,Y,3,0,1,2,A,-,07,21658,A,N,B,C,A,A,H,-,A,D,0,NA,NA,Y,NA,Y,NA,A,01,0,1,0,0,0,0,0,0,1,-,-,34.34225082397461,-118.5056381225586,LOS ANGELES,UNINCORPORATED,-118.50552368164064,34.34221649169922
92230180,2023,2023-11-07,9530,2023-10-28,602,023048,NA,6,1,7,1942,0,1,1,NA,2,110,I-110 S/B (HARBOR FREEWAY),GAFFEY ST,400,N,N,A,-,Y,LA,NA,110,NA,R,0.87,H,NA,L,N,4,0,1,1,A,-,03,22350,NA,N,E,I,A,A,H,-,B,D,0,NA,NA,NA,NA,Y,NA,A,01,0,0,1,0,0,0,0,0,0,-,-,33.74797058105469,-118.29107666015624,LOS ANGELES,LOS ANGELES,-118.29112243652344,33.747982025146484
92230186,2023,2023-11-07,9550,2023-08-31,1710,023053,NA,4,2,9,1900,0,2,4,NA,1,021,PAINTER AVENUE,MULBERRY DRIVE,130,S,N,A,-,N,NA,NA,NA,NA,NA,NA,NA,NA,NA,N,4,0,1,3,A,-,09,21804,A,F,D,C,A,A,H,-,A,D,0,NA,NA,NA,NA,Y,NA,A,07,0,0,1,0,0,0,0,0,0,-,-,33.952980041503906,-118.0431671142578,LOS ANGELES,UNINCORPORATED,-118.0430908203125,33.953125
92230197,2023,2023-11-07,9530,2023-10-28,2125,022674,NA,6,2,7,1941,0,1,1,NA,2,430,I-405 S/B (SAN DIEGO FREEWAY),ATHERTON STREET,900,S,N,A,-,Y,LA,NA,405,NA,NA,0.113,H,NA,L,Y,4,0,1,3,A,-,03,22350,NA,N,C,C,A,A,H,-,C,D,0,NA,NA,NA,NA,Y,NA,A,01,0,0,1,0,0,0,0,0,0,-,-,33.78691101074219,-118.0946807861328,LOS ANGELES,LONG BEACH,-118.09467315673828,33.78691482543945
92230208,2023,2023-11-07,9590,2023-10-29,1435,022741,NA,7,2,7,1942,0,1,2,NA,2,072,US-101 N/B (HOLLYWOOD FREEWAY),FOUNTAIN AVENUE,75,N,N,A,-,Y,LA,NA,101,NA,NA,5.957,H,NA,R,N,3,0,2,2,A,-,03,22350,NA,N,C,C,A,A,H,-,A,D,0,NA,NA,NA,NA,Y,NA,A,01,0,1,1,0,0,0,0,0,0,-,-,34.09503173828125,-118.3110809326172,LOS ANGELES,LOS ANGELES,-118.31110382080078,34.095008850097656
92230221,2023,2023-11-07,9565,2023-10-30,1727,021889,NA,1,2,9,1900,0,1,1,NA,2,060,I-405 N/B,IMPERIAL HWY,500,N,N,A,-,Y,LA,NA,405,NA,R,21.437,H,NA,R,Y,3,0,1,3,A,-,08,22107,NA,N,C,C,A,A,H,-,B,D,0,NA,NA,NA,NA,Y,NA,A,01,0,1,0,0,0,0,0,0,0,-,-,33.933860778808594,-118.3681182861328,LOS ANGELES,UNINCORPORATED,-118.3682861328125,33.933860778808594
92230224,2023,2023-11-07,9535,2023-10-25,611,021684,NA,3,1,5,1948,0,1,1,NA,2,070,I-710,RAMONA BLVD,2693,S,N,B,-,Y,LA,NA,710,NA,NA,26.069,H,NA,R,N,4,0,1,2,A,-,03,22350,NA,N,C,C,A,A,H,-,C,D,0,NA,NA,NA,NA,Y,NA,D,22,0,0,1,0,0,0,0,0,0,-,-,34.0553092956543,-118.16423034667967,LOS ANGELES,MONTEREY PARK,-118.16422271728516,34.05531311035156
92230243,2023,2023-11-07,9530,2023-10-27,1437,022995,NA,5,2,9,1900,0,1,1,NA,2,120,I-110 S/B (HARBOR FREEWAY),223RD ST.,700,N,N,A,-,Y,LA,NA,110,NA,NA,6.787,H,NA,L,Y,4,0,2,2,A,-,03,22350,NA,N,C,C,A,A,H,-,A,D,0,NA,NA,NA,NA,Y,NA,A,07,0,0,2,0,0,0,0,0,0,-,-,33.82828903198242,-118.28752136230467,LOS ANGELES,UNINCORPORATED,-118.28749847412108,33.82828903198242
92230246,2023,2023-11-07,9575,2023-10-26,1040,021410,NA,4,1,7,1942,0,1,3,NA,2,043,SR-134 E/B (VENTURA FREEWAY),RIVERSIDE DR.,1165,W,N,A,-,Y,LA,NA,134,NA,NA,4.586,H,NA,R,N,4,0,1,5,A,-,03,22350,NA,M,C,C,A,A,H,-,A,D,0,NA,NA,NA,NA,Y,NA,A,01,0,0,1,0,0,0,0,0,0,-,-,34.15576934814453,-118.29781341552734,LOS ANGELES,LOS ANGELES,-118.29782104492188,34.15572738647461
92230249,2023,2023-11-07,9590,2023-10-26,1058,021848,NA,4,1,7,1942,0,1,1,NA,2,082,I5 N/B (GOLDEN STATE FREEWAY),RIVERSIDE DR,2000,S,N,A,-,Y,LA,NA,5,NA,NA,21.527,H,NA,R,N,3,0,4,3,A,-,03,22350,NA,N,C,C,A,A,H,-,A,D,0,NA,NA,NA,NA,Y,NA,A,01,0,1,3,0,0,0,0,0,0,-,-,34.090789794921875,-118.23921966552734,LOS ANGELES,LOS ANGELES,-118.23915100097656,34.09083557128906
92230253,2023,2023-11-07,9530,2023-10-28,1244,023048,NA,6,1,9,1900,0,1,1,NA,2,120,I-110 N/B (HARBOR FREEWAY),SEPULVEDA BLVD.,400,N,N,A,-,Y,LA,NA,110,NA,NA,5.516,H,NA,R,Y,4,0,1,3,A,-,03,22350,NA,N,C,C,A,A,H,-,A,D,0,NA,NA,NA,NA,Y,NA,A,01,0,0,1,0,0,0,0,0,0,-,-,33.809818267822266,-118.28742980957033,LOS ANGELES,UNINCORPORATED,-118.287353515625,33.809810638427734
92230264,2023,2024-02-14,9590,2023-10-26,807,021346,NA,4,1,7,1942,0,1,3,NA,2,031,SR-60 W/B (POMONA FREEWAY),EUCLID AVENUE,200,E,N,B,-,Y,LA,NA,60,NA,R,0.999,H,NA,L,N,4,0,1,2,A,-,03,22350,NA,F,C,C,A,A,H,-,A,D,0,NA,NA,NA,NA,Y,NA,-,99,0,0,1,0,0,0,0,0,0,-,-,34.0284309387207,-118.20828247070313,LOS ANGELES,LOS ANGELES,-118.20828247070313,34.028438568115234
92230300,2023,2023-11-07,9550,2023-10-28,1125,022037,NA,6,1,9,1900,0,3,5,NA,2,002,COLIMA ROAD,TERRYKNOLL DRIVE,50,N,N,A,-,N,NA,NA,NA,NA,NA,NA,NA,NA,NA,Y,4,0,1,4,A,-,08,22107,NA,N,B,C,A,A,H,-,A,D,0,NA,NA,NA,NA,Y,NA,A,01,0,0,1,0,0,0,0,0,0,-,-,33.93632888793945,-118.01595306396484,LOS ANGELES,UNINCORPORATED,-118.01597595214844,33.936336517333984
92230313,2023,2023-11-07,9540,2023-10-28,45,023400,NA,6,3,9,1900,0,1,1,NA,1,503,I-5 SOUTHBOUND,CALGROVE BLVD,5000,S,N,A,-,Y,LA,NA,5,NA,R,48.102,H,NA,L,Y,4,0,1,2,A,-,03,22350,NA,N,C,C,A,A,H,-,D,D,0,NA,NA,NA,NA,Y,NA,D,22,0,0,1,0,0,0,0,0,0,-,-,34.3515510559082,-118.54589080810548,LOS ANGELES,UNINCORPORATED,-118.54592895507813,34.35149002075195
92230316,2023,2023-11-07,9525,2023-10-26,1210,018997,NA,4,1,6,1955,0,1,3,NA,2,072,SR-71 N/B (CHINO VALLEY FWY),VALLEY BLVD,1600,N,N,A,-,Y,LA,NA,71,NA,R,1.192,H,NA,R,N,4,0,1,2,A,-,03,22350,NA,N,C,C,A,A,H,-,A,D,0,NA,NA,NA,NA,Y,NA,A,01,0,0,1,0,0,0,0,0,0,-,-,34.063720703125,-117.79396057128906,LOS ANGELES,POMONA,-117.79405212402344,34.063541412353516
92230321,2023,2023-11-07,9550,2023-10-28,2220,023164,NA,6,3,9,1900,0,2,4,NA,1,021,IMPERIAL HIGHWAY,CARMENITA ROAD,170,E,N,A,-,N,NA,NA,NA,NA,NA,NA,NA,NA,NA,Y,3,0,1,2,A,-,03,22350,NA,N,C,C,A,A,H,-,C,D,0,NA,NA,NA,NA,Y,NA,A,01,0,1,0,0,0,0,0,0,0,-,-,33.91695022583008,-118.0460205078125,LOS ANGELES,UNINCORPORATED,-118.04624938964844,33.91695022583008
92230347,2023,2023-11-07,9530,2023-10-25,2049,023457,NA,3,2,9,1900,0,3,5,NA,2,001,E 88TH PL 1200 BLOCK,HOOPER AVE.,395,E,N,A,-,N,NA,NA,NA,NA,NA,NA,NA,NA,NA,N,3,0,1,2,A,-,03,22350,NA,F,C,C,A,A,H,-,C,D,0,NA,NA,NA,NA,Y,NA,A,07,0,1,0,0,0,0,0,0,0,-,-,33.95650863647461,-118.25267791748048,LOS ANGELES,UNINCORPORATED,-118.25273895263672,33.956504821777344
92230357,2023,2023-11-07,9545,2023-10-28,1625,022644,NA,6,2,9,1900,0,3,5,NA,2,003,ANGELES FOREST HWY,MONTE CRISTO CAMPGROUND,1890,N,N,A,-,N,NA,NA,NA,NA,NA,NA,NA,NA,NA,Y,3,0,2,1,A,-,03,22350,NA,N,F,A,A,A,H,-,A,D,0,NA,NA,NA,NA,Y,NA,A,01,0,2,0,0,0,0,0,0,0,-,-,34.348121643066406,-118.110107421875,LOS ANGELES,UNINCORPORATED,-118.11785888671876,34.32960891723633
92230361,2023,2023-11-07,9550,2023-10-30,700,018408,NA,1,1,9,1900,0,3,5,NA,2,004,AZUSA AVE. S/B,SR-60,700,S,N,A,-,N,NA,NA,NA,NA,NA,NA,NA,NA,NA,N,3,0,1,2,A,-,03,22350,NA,N,C,C,A,A,H,-,A,A,0,NA,NA,NA,NA,Y,NA,A,01,0,1,0,0,0,0,0,0,0,-,-,33.99497985839844,-117.9315185546875,LOS ANGELES,UNINCORPORATED,-117.93138885498048,33.99546813964844
92230374,2023,2023-11-07,9525,2023-10-30,750,019146,NA,1,1,5,1990,0,1,3,NA,2,572,SR-57 N/B (ORANGE FWY),PROSPECTORS ROAD,500,S,N,A,-,Y,LA,NA,60,NA,R,25.254,H,NA,R,Y,2,0,1,1,A,-,08,22107,NA,N,F,A,A,A,H,-,A,D,0,NA,NA,Y,NA,Y,NA,C,02,1,0,0,0,0,0,0,0,1,-,-,34.019500732421875,-117.81494140625,LOS ANGELES,DIAMOND BAR,-117.81517791748048,34.01962661743164
92230380,2023,2023-11-07,9590,2023-11-06,1910,022741,NA,1,2,7,1942,0,1,2,NA,2,073,US-101 S/B (HOLLYWOOD FREEWAY),MULHOLLAND DRIVE,300,S,N,A,-,Y,LA,NA,101,NA,NA,8.687,H,NA,L,Y,4,0,1,2,A,-,07,21658,A,M,B,C,A,A,H,-,D,D,0,NA,NA,NA,NA,Y,NA,-,99,0,0,1,0,0,0,0,0,0,-,-,34.12260818481445,-118.34129333496094,LOS ANGELES,LOS ANGELES,-118.3412628173828,34.12263107299805
92230382,2023,2023-11-07,9580,2023-11-06,100,022753,NA,1,3,7,1942,0,1,3,NA,2,115,SR-118 W/B TRANS TO I-405 S/B,CHATSWORTH ST,151,N,N,A,-,Y,LA,NA,405,NA,NA,46.786,H,NA,L,Y,4,0,1,2,A,-,08,22107,NA,N,B,C,A,A,H,-,C,D,0,NA,NA,NA,NA,Y,NA,A,07,0,0,1,0,0,0,0,0,0,-,-,34.2651481628418,-118.47255706787108,LOS ANGELES,LOS ANGELES,-118.47229766845705,34.2651481628418
92230383,2023,2023-11-07,9580,2023-11-04,1520,022966,NA,6,2,7,1942,0,1,2,NA,2,107,US-101 S/B (VENTURA FREEWAY),VALLEY CIRCLE BOULEVARD,1560,N,N,A,-,Y,LA,NA,101,NA,NA,27.651,H,NA,L,N,4,0,2,4,A,-,03,22350,NA,N,C,C,A,A,H,-,A,D,0,NA,NA,NA,NA,Y,NA,D,22,0,0,2,0,0,0,0,0,0,-,-,34.15760040283203,-118.6422882080078,LOS ANGELES,LOS ANGELES,-118.64224243164064,34.157527923583984
92230393,2023,2023-11-07,9575,2023-10-26,1000,023072,NA,4,1,7,1942,0,1,1,NA,2,053,I-5 S/B (GOLDEN STATE FREEWAY),TERRA BELLA STREET,1088,S,N,A,-,Y,LA,NA,5,NA,NA,37.76,H,NA,L,Y,4,0,4,3,A,-,03,22350,NA,N,C,C,A,A,A,-,A,D,0,NA,NA,NA,NA,Y,NA,A,01,0,0,4,0,0,0,0,0,0,-,-,34.24824905395508,-118.42652130126952,LOS ANGELES,LOS ANGELES,-118.42639923095705,34.24834060668945
92230396,2023,2023-11-07,9590,2023-10-31,1505,021757,NA,2,2,7,1942,0,1,1,NA,2,050,I-110 N/B (HARBOR FREEWAY),47TH ST,260,N,N,A,-,Y,LA,NA,110,NA,NA,18.886,H,NA,R,N,4,0,1,1,A,-,08,22107,NA,N,E,I,A,A,H,-,A,D,0,NA,NA,NA,NA,Y,NA,A,01,0,0,1,0,0,0,0,0,0,-,-,34.0019416809082,-118.28086090087892,LOS ANGELES,LOS ANGELES,-118.28099822998048,34.00193405151367
92230400,2023,2023-11-07,9550,2023-10-30,735,018408,NA,1,1,1,1932,0,1,3,NA,2,601,SR-60 E/B,AZUSA AVE.,975,W,N,A,-,Y,LA,NA,60,NA,NA,17.776,H,NA,R,N,3,0,1,4,A,-,03,22350,NA,N,C,C,A,A,H,-,A,D,0,NA,NA,NA,NA,Y,NA,A,01,0,1,0,0,0,0,0,0,0,-,-,33.9976692199707,-117.93446350097656,LOS ANGELES,INDUSTRY,-117.93447875976564,33.99761962890625
92230406,2023,2023-11-07,9590,2023-11-02,1810,022741,NA,4,2,7,1942,0,1,1,NA,2,053,I-110 S/B (HARBOR FREEWAY),PICO BOULEVARD,325,S,N,A,-,Y,NA,NA,NA,NA,NA,NA,NA,NA,NA,N,3,0,1,2,A,-,07,21658,A,F,C,C,A,A,H,-,D,D,0,NA,NA,NA,NA,Y,NA,A,01,0,1,0,0,0,0,0,0,0,-,-,34.04214859008789,-118.27377319335938,LOS ANGELES,LOS ANGELES,-118.27336883544922,34.0419921875
92230408,2023,2023-11-07,9525,2023-11-03,1920,021542,NA,5,2,9,1900,0,3,5,NA,2,003,INDIAN SUMMER AVENUE,FAIRGROVE AVENUE,0,NA,Y,A,-,N,NA,NA,NA,NA,NA,NA,NA,NA,NA,N,4,0,1,2,A,-,12,22450,A,N,D,C,A,A,H,-,C,A,0,NA,NA,NA,NA,Y,NA,A,01,0,0,1,0,0,0,0,0,0,-,-,34.040931701660156,-117.93096160888672,LOS ANGELES,UNINCORPORATED,-117.93097686767578,34.040916442871094
92230424,2023,2023-12-11,9580,2023-10-31,420,023181,NA,2,3,7,1942,0,1,2,NA,2,101,US-101 S/B (VENTURA FREEWAY),COLDWATER CANYON AVE,1056,S,N,A,-,Y,LA,NA,101,NA,NA,13.683,H,NA,L,Y,2,0,4,2,A,-,03,22350,NA,N,C,C,A,A,H,-,B,D,0,NA,NA,NA,NA,Y,NA,A,01,1,0,3,0,0,0,0,0,0,-,-,34.15666961669922,-118.41030883789064,LOS ANGELES,LOS ANGELES,-118.41030883789064,34.15662384033203
92230428,2023,2023-11-07,9580,2023-10-31,1830,022746,NA,2,2,7,1942,0,1,2,NA,2,103,US-101 S/B (VENTURA FREEWAY),BALBOA BLVD,1056,S,N,A,-,Y,LA,NA,101,NA,NA,18.965,H,NA,L,Y,3,0,3,2,A,-,03,22350,NA,N,C,C,A,A,H,-,A,D,0,NA,NA,NA,NA,Y,NA,A,01,0,1,2,0,0,0,0,0,0,-,-,34.16815185546875,-118.49732208251952,LOS ANGELES,LOS ANGELES,-118.49737548828124,34.1680908203125
92230457,2023,2023-11-07,9590,2023-10-27,1758,022417,NA,5,2,7,1942,0,1,3,NA,2,095,SR-2 E/B (GLENDALE FREEWAY),YORK BLVD,600,W,N,A,-,Y,LA,NA,2,NA,R,17.61,H,NA,L,N,4,0,1,2,A,-,03,22350,NA,N,C,C,A,A,H,-,C,D,0,NA,NA,NA,NA,Y,NA,A,01,0,0,1,0,0,0,0,0,0,-,-,34.12957000732422,-118.22905731201172,LOS ANGELES,LOS ANGELES,-118.22901916503906,34.129573822021484
92230462,2023,2023-11-07,9580,2023-10-31,1345,022746,NA,2,1,7,1942,0,1,2,NA,2,102,US-101 N/B (VENTURA FREEWAY),SEPULVEDA BLVD,1584,S,N,A,-,Y,LA,NA,101,NA,NA,16.614,H,NA,R,Y,4,0,1,2,A,-,03,22350,NA,N,C,C,A,A,H,-,A,D,0,NA,NA,NA,NA,Y,NA,A,01,0,0,1,0,0,0,0,0,0,-,-,34.15943908691406,-118.4603271484375,LOS ANGELES,LOS ANGELES,-118.46034240722656,34.15938949584961
92230483,2023,2023-11-07,9550,2023-10-30,1200,018408,NA,1,1,9,1900,0,3,5,NA,2,004,LUJON ST.,HACIENDA BLVD.,0,NA,Y,A,-,N,NA,NA,NA,NA,NA,NA,NA,NA,NA,N,4,0,1,2,A,-,03,22350,NA,N,C,C,A,A,H,-,A,A,0,NA,NA,NA,NA,Y,NA,A,07,0,0,1,0,0,0,0,0,0,-,-,34.00128173828125,-117.96629333496094,LOS ANGELES,UNINCORPORATED,-117.96640014648438,34.00127029418945
92230496,2023,2023-11-07,9590,2023-10-26,740,023394,NA,4,1,7,1942,0,1,2,NA,2,073,US-101 SOUTHBOUND (HOLLYWOOD FREEWAY),LANKERSHIM BLVD,1000,S,N,A,-,Y,LA,NA,101,NA,NA,10.166,H,NA,L,N,3,0,1,2,A,-,07,21658,A,N,B,C,A,A,H,-,A,D,0,NA,NA,Y,NA,Y,NA,A,01,0,1,0,0,0,0,0,0,1,-,-,34.13597106933594,-118.36051177978516,LOS ANGELES,LOS ANGELES,-118.36056518554688,34.13591766357422
92230501,2023,2024-02-05,9550,2023-10-21,1535,022909,NA,6,2,5,1969,0,1,1,NA,2,151,I-105 E/B,MERKEL AVE,150,E,N,A,-,Y,LA,NA,105,NA,R,14.979,H,NA,R,N,4,0,1,2,A,-,03,22350,NA,N,C,C,A,A,H,-,A,D,0,NA,NA,Y,NA,Y,NA,C,02,0,0,1,0,0,0,0,0,1,-,-,33.912330627441406,-118.15431213378906,LOS ANGELES,SOUTH GATE,-118.15430450439452,33.91230773925781
92230502,2023,2023-11-07,9535,2023-10-23,1850,023022,NA,1,2,9,1900,0,1,1,NA,2,420,I-10 (SAN BERNARDINO FREEWAY) E/B,INDIANA ST,528,E,N,A,-,Y,LA,NA,10,NA,NA,19.839,H,NA,R,N,4,0,1,2,A,-,08,22107,NA,F,B,C,A,A,H,-,D,D,0,NA,NA,NA,NA,Y,NA,-,99,0,0,1,0,0,0,0,0,0,-,-,34.055301666259766,-118.1897430419922,LOS ANGELES,UNINCORPORATED,-118.1897430419922,34.05523681640625
92230508,2023,2023-11-07,9535,2023-10-19,330,023333,NA,4,3,9,1900,0,1,3,NA,2,621,SR-60 W/B (POMONA FREEWAY),ROSEMEAD BLVD,60,W,N,A,-,Y,LA,NA,60,NA,NA,9.484,H,NA,L,Y,4,0,1,2,A,-,01,23152,A,N,C,C,A,A,H,-,C,D,0,NA,NA,NA,NA,Y,Y,A,01,0,0,1,0,0,0,0,0,0,-,-,34.0413703918457,-118.06468200683594,LOS ANGELES,UNINCORPORATED,-118.06468200683594,34.0413932800293
92230530,2023,2023-11-07,9590,2023-11-05,1230,021762,NA,7,1,7,1942,0,1,2,NA,2,070,US-101 N/B (HOLLYWOOD FREEWAY),ROSEMONT AVE,450,N,N,A,-,Y,LA,NA,101,NA,NA,3.1,H,NA,R,N,4,0,2,2,A,-,03,22350,NA,N,C,C,A,A,H,-,A,D,0,NA,NA,NA,NA,Y,NA,A,01,0,0,2,0,0,0,0,0,0,-,-,34.0736198425293,-118.27047729492188,LOS ANGELES,LOS ANGELES,-118.27047729492188,34.07362747192383
92230531,2023,2023-11-07,9575,2023-10-27,2252,023205,NA,5,3,7,1942,0,1,1,NA,2,052,I-5 N/B (GOLDEN STATE FREEWAY),ROSCOE BOULEVARD,300,N,N,A,-,Y,LA,NA,5,NA,NA,33.347,H,NA,R,Y,3,0,1,3,A,-,03,22350,NA,N,B,C,A,A,H,-,A,D,0,NA,NA,NA,Y,Y,Y,A,08,0,1,0,0,0,0,0,0,0,-,-,34.22182846069336,-118.3608169555664,LOS ANGELES,LOS ANGELES,-118.36083221435548,34.221771240234375