CASE_ID,ACCIDENT_YEAR,PROC_DATE,JURIS,COLLISION_DATE,COLLISION_TIME,OFFICER_ID,REPORTING_DISTRICT,DAY_OF_WEEK,CHP_SHIFT,POPULATION,CNTY_CITY_LOC,SPECIAL_COND,BEAT_TYPE,CHP_BEAT_TYPE,CITY_DIVISION_LAPD,CHP_BEAT_CLASS,BEAT_NUMBER,PRIMARY_RD,SECONDARY_RD,DISTANCE,DIRECTION,INTERSECTION,WEATHER_1,WEATHER_2,STATE_HWY_IND,CALTRANS_COUNTY,CALTRANS_DISTRICT,STATE_ROUTE,ROUTE_SUFFIX,POSTMILE_PREFIX,POSTMILE,LOCATION_TYPE,RAMP_INTERSECTION,SIDE_OF_HWY,TOW_AWAY,COLLISION_SEVERITY,NUMBER_KILLED,NUMBER_INJURED,PARTY_COUNT,PRIMARY_COLL_FACTOR,PCF_CODE_OF_VIOL,PCF_VIOL_CATEGORY,PCF_VIOLATION,PCF_VIOL_SUBSECTION,HIT_AND_RUN,TYPE_OF_COLLISION,MVIW,PED_ACTION,ROAD_SURFACE,ROAD_COND_1,ROAD_COND_2,LIGHTING,CONTROL_DEVICE,CHP_ROAD_TYPE,PEDESTRIAN_ACCIDENT,BICYCLE_ACCIDENT,MOTORCYCLE_ACCIDENT,TRUCK_ACCIDENT,NOT_PRIVATE_PROPERTY,ALCOHOL_INVOLVED,STWD_VEHTYPE_AT_FAULT,CHP_VEHTYPE_AT_FAULT,COUNT_SEVERE_INJ,COUNT_VISIBLE_INJ,COUNT_COMPLAINT_PAIN,COUNT_PED_KILLED,COUNT_PED_INJURED,COUNT_BICYCLIST_KILLED,COUNT_BICYCLIST_INJURED,COUNT_MC_KILLED,COUNT_MC_INJURED,PRIMARY_RAMP,SECONDARY_RAMP,LATITUDE,LONGITUDE,COUNTY,CITY,POINT_X,POINT_Y
92230551,2023,2023-11-08,9525,2023-10-29,230,023144,NA,7,3,6,1975,0,1,1,NA,2,104,I-10 E/B (SAN BERNARDINO FWY),VINCENT AVE.,2112,W,N,A,-,Y,LA,NA,10,NA,NA,34.556,H,NA,R,Y,3,0,1,4,A,-,03,22350,NA,N,C,C,A,A,H,-,C,D,0,NA,NA,NA,NA,Y,NA,A,07,0,1,0,0,0,0,0,0,0,-,-,34.072181701660156,-117.9413604736328,LOS ANGELES,WEST COVINA,-117.94136810302734,34.07225036621094
92230553,2023,2023-11-08,9525,2023-11-06,315,021986,NA,1,3,5,1990,0,1,3,NA,2,571,SR-57 S/B (ORANGE FREEWAY),SUNSET CROSSING,1250,S,N,A,-,Y,LA,NA,57,NA,R,4.744,H,NA,L,Y,3,0,1,1,A,-,08,22107,NA,N,E,8,A,A,H,-,D,D,0,NA,NA,NA,NA,Y,NA,A,01,0,1,0,0,0,0,0,0,0,-,-,34.025489807128906,-117.81244659423828,LOS ANGELES,DIAMOND BAR,-117.8125457763672,34.02550506591797
92230557,2023,2023-12-28,9525,2023-11-04,1951,022183,NA,6,2,9,1900,0,1,1,NA,2,106,I-10 EB (SAN BERNARDINO FWY),VIA VERDE,2640,W,N,A,-,Y,LA,NA,10,NA,NA,40.005,H,NA,R,N,3,0,2,3,A,-,03,22350,NA,N,C,C,A,A,H,-,C,D,0,NA,NA,NA,NA,Y,NA,A,01,0,1,1,0,0,0,0,0,0,-,-,34.068180084228516,-117.84757232666016,LOS ANGELES,UNINCORPORATED,-117.84757232666016,34.06817626953125
92230561,2023,2023-11-08,9590,2023-10-29,2056,022136,NA,7,2,7,1942,0,1,1,NA,2,051,I-110 S/B (HARBOR FREEWAY),GAGE AVE.,1300,N,N,A,-,Y,LA,NA,110,NA,NA,17.777,H,NA,L,N,3,0,1,2,A,-,03,22350,NA,N,C,C,A,A,H,-,C,D,0,NA,NA,NA,NA,Y,NA,A,01,0,1,0,0,0,0,0,0,0,-,-,33.986061096191406,-118.28070831298828,LOS ANGELES,LOS ANGELES,-118.28062438964844,33.986061096191406
92230573,2023,2023-11-08,9590,2023-10-16,1740,022136,NA,1,2,7,1942,0,1,1,NA,2,053,I-110 S/B (HARBOR FREEWAY),W. 28TH ST.,15,S,N,A,-,Y,LA,NA,110,NA,NA,20.573,H,NA,L,N,3,0,1,4,A,-,07,21658,A,N,B,C,A,A,H,-,A,D,0,NA,NA,Y,NA,Y,NA,A,01,0,1,0,0,0,0,0,0,1,-,-,34.0257682800293,-118.2755889892578,LOS ANGELES,LOS ANGELES,-118.27559661865234,34.02577209472656
92230774,2023,2023-11-08,9530,2023-10-26,1600,023188,NA,4,2,9,1900,1,3,5,NA,2,001,SLAUSON AVE. (BLOCK #5800),MAIN ST.,0,NA,Y,A,-,N,NA,NA,NA,NA,NA,NA,NA,NA,NA,N,3,0,1,2,A,-,03,22350,NA,N,G,G,A,A,H,-,A,A,0,NA,Y,NA,NA,Y,NA,L,04,0,1,0,0,0,0,1,0,0,-,-,33.98910903930664,-118.27410888671876,LOS ANGELES,UNINCORPORATED,-118.27394104003906,33.98921203613281
92230781,2023,2023-11-08,9530,2023-10-30,1915,022687,NA,1,2,9,1900,0,3,5,NA,2,001,MAIE AVE.,FIRESTONE BLVD.,10,S,N,A,-,N,NA,NA,NA,NA,NA,NA,NA,NA,NA,N,4,0,1,2,A,-,21,22106,NA,N,H,G,A,A,H,-,C,A,0,NA,Y,NA,NA,Y,NA,A,01,0,0,1,0,0,0,1,0,0,-,-,33.960018157958984,-118.2441635131836,LOS ANGELES,UNINCORPORATED,-118.24443817138672,33.96015167236328
92230782,2023,2023-11-08,9530,2023-10-30,1510,017860,NA,1,2,7,1941,0,1,1,NA,2,420,I-405 N/B (SAN DIEGO FREEWAY),WALNUT AVE.,209,S,N,A,-,Y,LA,NA,405,NA,NA,5.092,H,NA,R,N,3,0,1,3,A,-,03,22350,NA,F,C,C,A,A,H,-,A,D,0,NA,NA,NA,NA,Y,NA,D,22,0,1,0,0,0,0,0,0,0,-,-,33.81447982788086,-118.1711883544922,LOS ANGELES,LONG BEACH,-118.17119598388672,33.814388275146484
92230784,2023,2023-11-08,9580,2023-11-03,20,022561,NA,5,3,7,1942,0,1,2,NA,2,103,US-101 S/B (VENTURA FREEWAY) FROM BALBOA,BALBOA BLVD,155,S,N,A,-,Y,NA,NA,NA,NA,NA,NA,NA,NA,NA,N,3,0,2,2,A,-,03,22350,NA,F,C,C,A,A,H,-,D,D,0,NA,NA,NA,NA,Y,NA,-,99,0,2,0,0,0,0,0,0,0,-,-,34.16971969604492,-118.50055694580078,LOS ANGELES,LOS ANGELES,-118.50055694580078,34.16971969604492
92230789,2023,2023-11-08,9530,2023-10-30,1525,023030,NA,1,2,5,1977,0,1,1,NA,2,410,I-405 S/B (SAN DIEGO FREEWAY),CARSON ST.,615,S,N,A,-,Y,LA,NA,405,NA,NA,10.427,H,NA,L,N,3,0,1,2,A,-,07,21658,A,N,C,C,A,A,H,-,A,D,0,NA,NA,Y,NA,Y,NA,C,02,0,1,0,0,0,0,0,0,1,-,-,33.830299377441406,-118.25431060791016,LOS ANGELES,CARSON,-118.25453948974608,33.830142974853516
92230794,2023,2023-11-08,9590,2023-10-13,613,021346,NA,5,1,7,1942,0,1,1,NA,2,085,I-5 S/B (GOLDEN STATE FREEWAY),SUNNYNOOK PEDESTRIAN BRIDGE,450,N,N,A,-,Y,LA,NA,5,NA,NA,24.047,H,NA,L,Y,4,0,1,3,A,-,03,22350,NA,F,C,C,A,A,H,-,C,D,0,NA,NA,NA,NA,Y,NA,-,99,0,0,1,0,0,0,0,0,0,-,-,34.116668701171875,-118.26924896240234,LOS ANGELES,LOS ANGELES,-118.26927185058594,34.116661071777344
92230795,2023,2023-11-08,9590,2023-10-11,820,021346,NA,3,1,7,1942,0,1,1,NA,2,021,I-10 W/B (SAN BERNARDINO FREEWAY),EVERGREEN AVENUE PEDESTRIAN BRIDGE,150,W,N,A,-,Y,LA,NA,10,NA,NA,19.501,H,NA,L,Y,3,0,1,3,A,-,07,21658,A,F,C,C,A,A,H,-,A,D,0,NA,NA,NA,NA,Y,NA,-,99,0,1,0,0,0,0,0,0,0,-,-,34.055660247802734,-118.19544219970705,LOS ANGELES,LOS ANGELES,-118.19544219970705,34.05563735961914
92230797,2023,2023-12-20,9545,2023-08-19,2315,022678,NA,6,3,9,1900,0,3,5,NA,2,003,SR-14 NORTHBOUND TO SIERRA HIGHWAY,SIERRA HWY,0,NA,Y,B,-,Y,NA,NA,NA,NA,NA,NA,NA,NA,NA,Y,1,1,1,2,A,-,09,21801,A,N,D,2,A,A,H,-,D,A,0,NA,NA,NA,NA,Y,Y,A,01,1,0,0,0,0,0,0,0,0,-,-,34.488258361816406,-118.13664245605467,LOS ANGELES,UNINCORPORATED,-118.13967895507813,34.487548828125
92230801,2023,2023-11-08,9530,2023-10-29,1442,022995,NA,7,2,7,1941,0,1,1,NA,2,420,I-405 N/B (SAN DIEGO FREEWAY),TEMPLE AVE.,100,N,N,A,-,Y,LA,NA,405,NA,NA,4.35,H,NA,R,N,4,0,1,2,A,-,03,22350,NA,N,C,C,A,A,H,-,A,D,0,NA,NA,Y,NA,Y,NA,C,02,0,0,1,0,0,0,0,0,1,-,-,33.81039810180664,-118.15933990478516,LOS ANGELES,LONG BEACH,-118.1593017578125,33.810447692871094
92230815,2023,2023-11-08,9590,2023-09-28,626,021346,NA,4,1,7,1942,0,1,1,NA,2,052,I-110 N/B (HARBOR FREEWAY),WILSHIRE BOULEVARD,20,N,N,B,-,Y,LA,NA,110,NA,NA,22.687,H,NA,R,N,4,0,2,3,A,-,03,22350,NA,N,C,C,A,A,H,-,A,D,0,NA,NA,NA,NA,Y,NA,A,01,0,0,2,0,0,0,0,0,0,-,-,34.051368713378906,-118.26078033447266,LOS ANGELES,LOS ANGELES,-118.26077270507813,34.05136489868164
92230834,2023,2023-11-08,9550,2023-10-27,730,022982,NA,5,1,9,1900,0,1,3,NA,2,090,SR-91 E/B,DOWNEY AVE.,400,W,N,B,-,Y,LA,NA,91,NA,R,14.029,H,NA,R,Y,4,0,1,6,A,-,03,22350,NA,N,C,C,A,A,H,-,A,D,0,NA,NA,NA,NA,Y,NA,A,01,0,0,1,0,0,0,0,0,0,-,-,33.87702178955078,-118.15283966064452,LOS ANGELES,UNINCORPORATED,-118.15283966064452,33.876953125
92230845,2023,2023-11-08,9525,2023-11-05,1815,023176,NA,7,2,5,1906,0,1,1,NA,2,103,I-10 W/B (SAN BERNARDINO FWY),PUENTE AVE,500,E,N,A,-,Y,LA,NA,10,NA,NA,33.483,H,NA,L,N,4,0,3,2,A,-,03,22350,NA,N,C,C,A,A,H,-,C,D,0,NA,NA,NA,NA,Y,NA,A,01,0,0,3,0,0,0,0,0,0,-,-,34.07061004638672,-117.95992279052734,LOS ANGELES,BALDWIN PARK,-117.95989990234376,34.07049560546875
92230859,2023,2023-11-08,9545,2023-10-27,2025,022910,NA,5,2,9,1900,0,3,5,NA,2,003,PEARBLOSSOM HIGHWAY,SIERRA HIGHWAY,0,NA,Y,A,-,N,NA,NA,NA,NA,NA,NA,NA,NA,NA,Y,4,0,7,2,A,-,01,23153,A,N,D,C,A,A,H,-,C,A,0,NA,NA,NA,NA,Y,Y,D,22,0,0,7,0,0,0,0,0,0,-,-,34.52201843261719,-118.09752655029295,LOS ANGELES,UNINCORPORATED,-118.09746551513672,34.522003173828125
92230912,2023,2023-11-08,9530,2023-10-29,810,022951,NA,7,1,7,1941,0,1,1,NA,2,072,I-710 S/B (LONG BEACH FREEWAY),PACIFIC COAST HWY.,350,S,N,A,-,Y,LA,NA,710,NA,NA,6.812,H,NA,L,Y,4,0,1,1,A,-,08,22107,NA,N,E,9,A,A,H,-,A,D,0,NA,NA,NA,NA,Y,NA,A,01,0,0,1,0,0,0,0,0,0,-,-,33.78889083862305,-118.2080078125,LOS ANGELES,LONG BEACH,-118.20791625976564,33.78889465332031
92230916,2023,2023-11-16,9580,2023-10-29,2000,023142,NA,7,2,9,1900,0,2,4,NA,1,131,SCHUEREN RD.,TABARD RD.,150,N,N,A,-,N,NA,NA,NA,NA,NA,NA,NA,NA,NA,Y,3,0,2,2,A,-,03,22350,NA,N,E,I,A,A,H,-,D,D,0,NA,NA,NA,NA,Y,NA,-,-,0,2,0,0,0,0,0,0,0,-,-,34.07854080200195,-118.6428680419922,LOS ANGELES,UNINCORPORATED,-118.64290618896484,34.07845687866211
92230937,2023,2023-11-08,9540,2023-11-07,900,021131,NA,2,1,3,1961,0,1,1,NA,1,501,I-5 (GOLDEN STATE FREEWAY) S/B,I-405 N/B,10,S,N,A,-,Y,LA,NA,5,NA,NA,41.575,H,NA,L,Y,4,0,2,2,A,-,03,22350,NA,N,C,C,A,A,H,-,A,D,0,NA,NA,NA,NA,Y,NA,A,01,0,0,2,0,0,0,0,0,0,-,-,34.29106903076172,-118.46761322021484,LOS ANGELES,SAN FERNANDO,-118.4676513671875,34.291038513183594
92230942,2023,2023-11-08,9530,2023-10-28,1535,023030,NA,6,2,7,1942,0,1,1,NA,2,400,I-405 S/B (SAN DIEGO FREEWAY),VERMONT AVE.,1320,N,N,A,-,Y,LA,NA,405,NA,NA,13.614,H,NA,L,N,3,0,1,2,A,-,03,22350,NA,N,C,C,A,A,H,-,A,D,0,NA,NA,Y,NA,Y,NA,C,02,0,1,0,0,0,0,0,0,1,-,-,33.859710693359375,-118.29512786865234,LOS ANGELES,LOS ANGELES,-118.29512786865234,33.8597297668457
9223095,2021,2021-03-01,1976,2021-02-02,1439,548,NA,2,5,5,1976,0,0,0,NA,0,001,PIONEER BL,BEVERLY BL,0,NA,Y,A,-,N,NA,NA,NA,NA,NA,NA,NA,NA,NA,Y,4,0,1,2,A,-,12,21453,A,N,D,C,A,A,H,-,A,A,0,NA,NA,NA,NA,Y,NA,-,NA,0,0,1,0,0,0,0,0,0,-,-,NA,NA,LOS ANGELES,WHITTIER,-118.06288146972656,34.00373840332031
92230970,2023,2023-11-08,9530,2023-10-28,1405,023237,NA,6,2,7,1942,0,1,1,NA,2,200,I-105 E/B (GLENN ANDERSON FWY),HOOVER ST.,200,E,N,A,-,Y,LA,NA,105,NA,R,7.069,H,NA,R,Y,4,0,3,2,A,-,07,21658,A,N,B,C,A,A,H,-,A,D,0,NA,NA,NA,NA,Y,NA,A,01,0,0,3,0,0,0,0,0,0,-,-,33.92845153808594,-118.28623199462892,LOS ANGELES,LOS ANGELES,-118.28623199462892,33.92853927612305
92230971,2023,2023-11-08,9525,2023-11-06,1650,022194,NA,1,2,6,1955,0,1,3,NA,2,071,SR-71 S/B (CHINO VALLEY FWY),MISSION BLVD.,300,N,N,A,-,Y,LA,NA,71,NA,NA,1.343,H,NA,L,N,4,0,2,3,A,-,03,22350,NA,N,C,C,A,A,H,-,C,D,0,NA,NA,NA,NA,Y,NA,A,01,0,0,2,0,0,0,0,0,0,-,-,34.05672073364258,-117.7844467163086,LOS ANGELES,POMONA,-117.78437042236328,34.05677032470703
92230981,2023,2023-11-08,9575,2023-10-28,945,023016,NA,6,1,9,1900,0,3,5,NA,2,002,ALTADENA DR.,NEW YORK DR.,0,NA,Y,A,-,N,NA,NA,NA,NA,NA,NA,NA,NA,NA,N,4,0,2,2,A,-,09,21800,D,N,D,C,A,A,H,-,A,B,0,NA,NA,NA,NA,Y,NA,A,01,0,0,2,0,0,0,0,0,0,-,-,34.17462921142578,-118.09831237792967,LOS ANGELES,UNINCORPORATED,-118.09818267822266,34.174583435058594
9223099,2021,2021-03-01,1976,2021-02-03,1742,548,NA,3,5,5,1976,0,0,0,NA,0,002,PAINTER AV,OLIVE DR,40,N,N,A,-,N,NA,NA,NA,NA,NA,NA,NA,NA,NA,Y,4,0,3,3,A,-,03,22350,NA,N,C,C,A,A,H,-,C,A,0,NA,NA,NA,NA,Y,NA,-,NA,0,0,3,0,0,0,0,0,0,-,-,NA,NA,LOS ANGELES,WHITTIER,-118.03266143798828,33.980350494384766
92230991,2023,2023-11-08,9550,2023-09-12,835,020531,NA,2,1,6,1920,0,1,1,NA,2,500,INTERSTATE 5 NORTHBOUND,LAKEWOOD BOULEVARD,500,S,N,A,-,Y,LA,NA,5,NA,NA,8.044,H,NA,R,N,3,0,1,1,A,-,03,22350,NA,N,F,A,A,A,H,-,A,D,0,NA,NA,Y,NA,Y,NA,C,02,0,1,0,0,0,0,0,0,1,-,-,33.95542907714844,-118.1082763671875,LOS ANGELES,DOWNEY,-118.10826873779295,33.9554443359375
92231013,2023,2023-11-08,9565,2023-10-28,2133,023014,NA,6,2,7,1942,0,1,1,NA,2,082,I-10,NATIONAL BLVD,300,W,N,A,-,Y,LA,NA,10,NA,R,6.214,H,NA,R,Y,4,0,1,2,A,-,07,21658,A,N,B,C,A,A,H,-,D,D,0,NA,NA,NA,NA,Y,NA,A,07,0,0,1,0,0,0,0,0,0,-,-,34.0318603515625,-118.42047119140624,LOS ANGELES,LOS ANGELES,-118.42047119140624,34.03165817260742
92231021,2023,2023-11-08,9525,2023-11-06,1905,021542,NA,1,2,5,1990,0,1,3,NA,2,602,SR-60 E/B (POMONA FWY),BREA CANYON ROAD,150,E,N,A,-,Y,LA,NA,60,NA,R,23.065,H,NA,R,N,4,0,1,2,A,-,03,22350,NA,N,C,C,A,A,H,-,C,D,0,NA,NA,NA,NA,Y,NA,A,07,0,0,1,0,0,0,0,0,0,-,-,34.00083923339844,-117.84340667724608,LOS ANGELES,DIAMOND BAR,-117.84340667724608,34.00082778930664
92231027,2023,2023-11-08,9565,2023-10-29,1615,023177,NA,7,2,9,1900,0,2,4,NA,2,042,LENNOX BLVD.,GREVILLEA AVE,0,NA,Y,A,-,N,NA,NA,NA,NA,NA,NA,NA,NA,NA,N,4,0,1,2,D,-,00,NA,NA,N,D,C,A,A,H,-,C,A,0,NA,NA,NA,NA,Y,NA,-,-,0,0,1,0,0,0,0,0,0,-,-,33.938148498535156,-118.35488128662108,LOS ANGELES,UNINCORPORATED,-118.3548583984375,33.93818283081055
92231031,2023,2023-11-08,9565,2023-10-28,2005,023279,NA,6,2,9,1900,0,1,1,NA,2,012,I-105 WB,NORMANDIE AVE.,800,E,N,A,-,Y,LA,NA,105,NA,R,6.326,H,NA,L,Y,4,0,1,4,A,-,03,22350,NA,N,C,C,A,A,H,-,D,D,0,NA,NA,NA,NA,Y,NA,A,01,0,0,1,0,0,0,0,0,0,-,-,33.92792892456055,-118.29910278320313,LOS ANGELES,UNINCORPORATED,-118.29910278320313,33.927947998046875
92231045,2023,2023-11-08,9535,2023-10-27,750,021657,NA,5,1,5,1969,0,1,1,NA,2,074,I-710 N/B (LONG BEACH FREEWAY),FILESTONE BLVD,800,S,N,A,-,Y,LA,NA,710,NA,NA,18.099,H,NA,R,Y,4,0,2,2,A,-,04,21703,NA,N,C,C,A,A,H,-,A,D,0,NA,NA,NA,NA,Y,NA,A,07,0,0,2,0,0,0,0,0,0,-,-,33.944820404052734,-118.17073059082033,LOS ANGELES,SOUTH GATE,-118.1706771850586,33.9448127746582
92231056,2023,2023-11-08,9525,2023-10-31,1800,019491,NA,2,2,9,1900,0,2,4,NA,2,022,HOLLENBECK AVENUE,CYPRESS STREET,0,NA,Y,A,-,N,NA,NA,NA,NA,NA,NA,NA,NA,NA,Y,2,0,2,2,A,-,09,21801,A,N,D,C,A,A,H,-,B,A,0,NA,NA,NA,NA,Y,NA,A,01,1,0,1,0,0,0,0,0,0,-,-,34.09577178955078,-117.89898681640624,LOS ANGELES,UNINCORPORATED,-117.89897918701172,34.09575271606445
92231057,2023,2023-11-08,9580,2023-10-31,1925,022746,NA,2,2,7,1942,0,1,2,NA,2,103,US-101 S/B (VENTURA FREEWAY),VAN NUYS BLVD,2112,N,N,A,-,Y,LA,NA,101,NA,NA,16.276,H,NA,L,Y,4,0,3,3,A,-,03,22350,NA,N,C,C,A,A,H,-,A,D,0,NA,NA,NA,NA,Y,NA,A,01,0,0,3,0,0,0,0,0,0,-,-,34.15776824951172,-118.45468139648438,LOS ANGELES,LOS ANGELES,-118.45468902587892,34.15771484375
92231072,2023,2023-11-08,9535,2023-10-27,2010,023247,NA,5,2,5,1906,0,1,1,NA,2,400,I-10 E/B (SAN BERNARDINO FREEWAY),I-605 S/B (SAN GABRIEL RIVER FREEWAY),1000,W,N,A,-,Y,LA,NA,10,NA,NA,30.864,H,NA,R,N,4,0,1,2,A,-,03,22350,NA,N,C,C,A,A,A,H,D,D,0,NA,NA,NA,NA,Y,NA,A,07,0,0,1,0,0,0,0,0,0,-,-,34.06428909301758,-118.00520324707033,LOS ANGELES,BALDWIN PARK,-118.00520324707033,34.06431198120117
92231097,2023,2023-11-08,9530,2023-10-16,825,021089,NA,1,1,9,1900,0,3,5,NA,2,001,SLAUSON AVE.  (1100 BLOCK),HOOPER AVE.,50,E,N,A,-,N,NA,NA,NA,NA,NA,NA,NA,NA,NA,N,3,0,1,2,A,-,09,21801,A,N,D,C,A,A,H,-,A,D,0,NA,NA,NA,NA,Y,NA,A,08,0,1,0,0,0,0,0,0,0,-,-,33.989280700683594,-118.25566864013672,LOS ANGELES,UNINCORPORATED,-118.251953125,33.98931884765625
92231107,2023,2023-11-08,9530,2023-10-25,810,020080,NA,3,1,7,1941,0,1,3,NA,2,320,SR-91 E/B (ARTESIA FREEWAY),ATLANTIC AVE,950,W,N,A,-,Y,LA,NA,91,NA,R,11.923,H,NA,R,Y,4,0,1,2,A,-,03,22350,NA,N,C,C,A,A,H,-,A,D,0,NA,NA,NA,NA,Y,NA,A,07,0,0,1,0,0,0,0,0,0,-,-,33.87664031982422,-118.18927001953124,LOS ANGELES,LONG BEACH,-118.18927001953124,33.87662887573242
92231116,2023,2023-11-08,9535,2023-10-27,1938,023244,NA,5,2,9,1900,0,1,3,NA,2,621,SR-60 W/B (POMONA FREEWAY),MARKLAND AVE,250,E,N,A,-,Y,LA,NA,60,NA,R,6.553,H,NA,L,Y,4,0,1,2,A,-,08,22107,NA,M,B,C,A,A,H,-,C,D,0,NA,NA,NA,NA,Y,NA,-,99,0,0,1,0,0,0,0,0,0,-,-,34.03337860107422,-118.11382293701172,LOS ANGELES,UNINCORPORATED,-118.11382293701172,34.03340530395508
92231122,2023,2023-11-08,9540,2023-11-05,1127,021118,NA,7,1,9,1900,0,1,1,NA,2,509,I-5 S/B,PARKER RD,2640,S,N,A,-,Y,LA,NA,5,NA,R,58.422,H,NA,L,Y,3,0,1,1,A,-,08,22107,NA,N,E,8,A,A,H,-,A,D,0,NA,NA,NA,NA,Y,NA,A,01,0,1,0,0,0,0,0,0,0,-,-,34.482059478759766,-118.61477661132813,LOS ANGELES,UNINCORPORATED,-118.61485290527344,34.48204803466797
92231140,2023,2023-11-08,9535,2023-10-27,1820,023247,NA,5,2,5,1906,0,1,1,NA,2,400,I-10 E/B (SAN BERNARDINO FREEWAY),I-605 S/B (SAN GABRIEL RIVER FREEWAY),600,W,N,A,-,Y,LA,NA,10,NA,NA,31.02,H,NA,R,N,4,0,1,2,A,-,03,22350,NA,N,C,C,A,A,A,-,D,D,0,NA,NA,NA,NA,Y,NA,A,07,0,0,1,0,0,0,0,0,0,-,-,34.06462860107422,-118.00243377685548,LOS ANGELES,BALDWIN PARK,-118.00244140625,34.064693450927734
92231164,2023,2023-11-08,9565,2023-06-25,1145,022902,NA,7,1,7,1942,0,1,1,NA,2,061,I-405 N/B (SAN DIEGO FREEWAY),HOWARD HUGHES PARKWAY ON-RAMP,200,S,N,A,-,Y,LA,NA,405,NA,NA,24.718,H,NA,R,N,2,0,1,5,A,-,08,22107,NA,N,F,A,A,A,H,-,A,D,0,NA,NA,Y,NA,Y,NA,C,02,1,0,0,0,0,0,0,0,1,-,-,33.975379943847656,-118.38449096679688,LOS ANGELES,LOS ANGELES,-118.38446044921876,33.97542190551758
92231179,2023,2023-11-08,9565,2023-07-02,1955,023173,NA,7,2,9,1900,0,2,4,NA,2,022,NORMANDIE AVE,112TH ST,0,NA,Y,B,-,N,NA,NA,NA,NA,NA,NA,NA,NA,NA,Y,4,0,3,3,A,-,01,23152,A,F,D,C,A,A,H,-,B,A,0,NA,NA,NA,NA,Y,Y,D,22,0,0,3,0,0,0,0,0,0,-,-,33.932838439941406,-118.3002471923828,LOS ANGELES,UNINCORPORATED,-118.30030822753906,33.93280029296875
92231189,2023,2023-11-08,9565,2023-09-11,1720,023150,NA,1,2,9,1900,0,3,5,NA,2,002,VAN NESS AVE,104TH ST,0,NA,Y,B,-,N,NA,NA,NA,NA,NA,NA,NA,NA,NA,N,4,0,1,2,D,-,00,NA,NA,N,D,G,A,A,H,-,A,A,0,NA,Y,NA,NA,Y,NA,-,-,0,0,1,0,0,0,1,0,0,-,-,33.94181823730469,-118.31768798828124,LOS ANGELES,UNINCORPORATED,-118.31776428222656,33.94182586669922
92231230,2023,2023-11-08,9540,2023-10-31,2010,022533,NA,2,2,7,1942,0,1,1,NA,2,504,I-5 NORTHBOUND TRUCK LANES,SR-14,4858,S,N,A,-,Y,LA,NA,5,NA,R,44.714,H,NA,R,N,4,0,2,2,A,-,03,22350,NA,F,C,C,A,A,H,-,A,D,0,NA,NA,NA,NA,Y,NA,-,99,0,0,2,0,0,0,0,0,0,-,-,34.3236083984375,-118.50006866455078,LOS ANGELES,LOS ANGELES,-118.50022888183594,34.323421478271484
92231233,2023,2023-11-08,9540,2023-10-31,2149,022740,NA,2,2,7,1942,0,1,1,NA,2,500,I-5 N/B,CA-118,800,N,N,A,-,Y,LA,NA,5,NA,NA,39.556,H,NA,R,Y,4,0,1,2,A,-,07,21658,A,N,B,2,A,A,H,-,C,D,0,NA,NA,NA,NA,Y,NA,A,01,0,0,1,0,0,0,0,0,0,-,-,34.268829345703125,-118.44561767578124,LOS ANGELES,LOS ANGELES,-118.44559478759766,34.26885223388672
92231250,2023,2023-11-08,9565,2023-08-26,1919,023238,NA,6,2,7,1942,0,1,1,NA,2,082,INTERSTATE 10 E/B (SANTA MONICA FWY),INTERSTATE 405 (SAN DIEGO FWY),1600,W,N,A,-,Y,LA,NA,10,NA,R,4.954,H,NA,R,Y,4,0,3,5,A,-,03,22350,NA,N,C,C,A,A,H,-,A,D,0,NA,NA,NA,NA,Y,NA,A,01,0,0,3,0,0,0,0,0,0,-,-,34.02989959716797,-118.4421615600586,LOS ANGELES,LOS ANGELES,-118.4421615600586,34.02991485595703
92231275,2023,2025-01-14,9530,2023-10-18,1838,023090,NA,3,2,9,1900,0,3,5,NA,2,006,CARSON ST. (700 BLOCK),I-110 S/B (HARBOR FREEWAY),290,W,N,A,-,N,NA,NA,NA,NA,NA,NA,NA,NA,NA,N,2,0,1,2,A,-,07,21658,A,N,B,C,A,A,H,-,C,D,0,NA,NA,Y,NA,Y,NA,D,22,1,0,0,0,0,0,0,0,1,-,-,33.83169174194336,-118.28868103027344,LOS ANGELES,UNINCORPORATED,-118.2876205444336,33.83158874511719
92231276,2023,2023-11-08,9565,2023-09-25,810,022775,NA,1,1,9,1900,0,3,5,NA,2,002,IMPERIAL HWY,BUDLONG AVE,0,NA,Y,A,-,N,NA,NA,NA,NA,NA,NA,NA,NA,NA,Y,3,0,3,3,A,-,08,22107,NA,N,D,C,A,A,H,-,A,D,0,NA,NA,NA,NA,Y,NA,A,01,0,3,0,0,0,0,0,0,0,-,-,33.93104934692383,-118.29547119140624,LOS ANGELES,UNINCORPORATED,-118.29589080810548,33.93098068237305