CASE_ID,ACCIDENT_YEAR,PROC_DATE,JURIS,COLLISION_DATE,COLLISION_TIME,OFFICER_ID,REPORTING_DISTRICT,DAY_OF_WEEK,CHP_SHIFT,POPULATION,CNTY_CITY_LOC,SPECIAL_COND,BEAT_TYPE,CHP_BEAT_TYPE,CITY_DIVISION_LAPD,CHP_BEAT_CLASS,BEAT_NUMBER,PRIMARY_RD,SECONDARY_RD,DISTANCE,DIRECTION,INTERSECTION,WEATHER_1,WEATHER_2,STATE_HWY_IND,CALTRANS_COUNTY,CALTRANS_DISTRICT,STATE_ROUTE,ROUTE_SUFFIX,POSTMILE_PREFIX,POSTMILE,LOCATION_TYPE,RAMP_INTERSECTION,SIDE_OF_HWY,TOW_AWAY,COLLISION_SEVERITY,NUMBER_KILLED,NUMBER_INJURED,PARTY_COUNT,PRIMARY_COLL_FACTOR,PCF_CODE_OF_VIOL,PCF_VIOL_CATEGORY,PCF_VIOLATION,PCF_VIOL_SUBSECTION,HIT_AND_RUN,TYPE_OF_COLLISION,MVIW,PED_ACTION,ROAD_SURFACE,ROAD_COND_1,ROAD_COND_2,LIGHTING,CONTROL_DEVICE,CHP_ROAD_TYPE,PEDESTRIAN_ACCIDENT,BICYCLE_ACCIDENT,MOTORCYCLE_ACCIDENT,TRUCK_ACCIDENT,NOT_PRIVATE_PROPERTY,ALCOHOL_INVOLVED,STWD_VEHTYPE_AT_FAULT,CHP_VEHTYPE_AT_FAULT,COUNT_SEVERE_INJ,COUNT_VISIBLE_INJ,COUNT_COMPLAINT_PAIN,COUNT_PED_KILLED,COUNT_PED_INJURED,COUNT_BICYCLIST_KILLED,COUNT_BICYCLIST_INJURED,COUNT_MC_KILLED,COUNT_MC_INJURED,PRIMARY_RAMP,SECONDARY_RAMP,LATITUDE,LONGITUDE,COUNTY,CITY,POINT_X,POINT_Y
92235975,2023,2023-11-14,9590,2023-10-04,730,018345,NA,3,1,7,1942,0,1,1,NA,2,061,I-10 WESTBOUND (SANTA MONICA FREEWAY),WESTERN AVE.,390,E,N,A,-,Y,LA,NA,10,NA,R,12.902,H,NA,L,N,4,0,1,2,A,-,03,22350,NA,N,C,C,A,A,H,-,A,D,0,NA,NA,NA,NA,Y,NA,D,22,0,0,1,0,0,0,0,0,0,-,-,34.037288665771484,-118.30757904052734,LOS ANGELES,LOS ANGELES,-118.30757904052734,34.03725051879883
92236007,2023,2023-11-14,9550,2023-11-07,950,018187,NA,2,1,9,1900,0,2,4,NA,1,012,SLAUSON AVE (WESTBOUND),NORWALK BL,185,E,N,A,-,N,NA,NA,NA,NA,NA,NA,NA,NA,NA,Y,4,0,2,2,A,-,09,21804,A,N,D,C,A,A,H,-,A,D,0,NA,NA,NA,NA,Y,NA,A,01,0,0,2,0,0,0,0,0,0,-,-,33.96479034423828,-118.06990051269533,LOS ANGELES,UNINCORPORATED,-118.06999206542967,33.964778900146484
92236013,2023,2023-11-14,9590,2023-11-02,1731,017878,NA,4,2,7,1942,0,1,1,NA,2,083,I-5 S/B (GSF),NORTH BROADWAY,140,N,N,A,-,Y,LA,NA,5,NA,NA,19.763,H,NA,L,N,3,0,2,2,A,-,03,22350,NA,N,C,C,A,A,H,-,A,D,0,NA,NA,NA,NA,Y,NA,A,01,0,2,0,0,0,0,0,0,0,-,-,34.073509216308594,-118.21949768066406,LOS ANGELES,LOS ANGELES,-118.21947479248048,34.07351303100586
92236024,2023,2023-11-14,9535,2023-11-02,1050,023333,NA,4,1,5,1959,0,1,1,NA,2,401,I-10 W/B (SAN BERNARDINO FREEWAY),ROSEMEAD BLVD,960,E,N,A,-,Y,LA,NA,10,NA,NA,27.052,H,NA,L,Y,3,0,1,2,A,-,03,22350,NA,N,C,C,A,A,H,-,A,D,0,NA,NA,NA,NA,Y,NA,A,01,0,1,0,0,0,0,0,0,0,-,-,34.072418212890625,-118.06965637207033,LOS ANGELES,ROSEMEAD,-118.06966400146484,34.07243728637695
92236027,2023,2023-11-14,9575,2023-11-10,715,023016,NA,5,1,9,1900,0,2,4,NA,2,320,ANGELES FOREST HIGHWAY,BIG TUJUNGA CANYON RD,3696,S,N,A,-,N,NA,NA,NA,NA,NA,NA,NA,NA,NA,Y,4,0,1,1,A,-,03,22350,NA,N,E,I,A,A,G,-,A,D,0,NA,NA,NA,NA,Y,NA,A,01,0,0,1,0,0,0,0,0,0,-,-,34.29172134399414,-118.16957092285156,LOS ANGELES,UNINCORPORATED,-118.16989135742188,34.29252243041992
92236044,2023,2023-11-14,9590,2023-11-02,2035,021912,NA,4,2,7,1942,0,1,1,NA,2,061,I-10 W/B (SANTA MONICA FREEWAY),ARLINGTON AVENUE,1100,E,N,A,-,Y,LA,NA,10,NA,R,12.542,H,NA,L,N,4,0,1,2,A,-,03,22350,NA,N,C,C,A,A,H,-,C,D,0,NA,NA,NA,NA,Y,NA,A,01,0,0,1,0,0,0,0,0,0,-,-,34.03718185424805,-118.31385040283205,LOS ANGELES,LOS ANGELES,-118.31385040283205,34.03717803955078
92236053,2023,2023-11-14,9590,2023-11-02,1845,021912,NA,4,2,7,1942,0,1,1,NA,2,061,I-10 W/B (SANTA MONICA FREEWAY),CRENSHAW BOULEVARD,950,W,N,A,-,Y,LA,NA,10,NA,R,11.199,H,NA,L,N,4,0,1,2,A,-,03,22350,NA,N,C,C,A,A,H,-,C,D,0,NA,NA,NA,NA,Y,NA,A,01,0,0,1,0,0,0,0,0,0,-,-,34.03504943847656,-118.33708190917967,LOS ANGELES,LOS ANGELES,-118.33707427978516,34.03499984741211
92236054,2023,2023-11-14,9575,2023-11-10,1742,021538,NA,5,2,6,1925,0,1,1,NA,2,050,I-5 S/B (GOLDEN STATE FREEWAY),SONORA AVE.,520,S,N,A,-,Y,LA,NA,5,NA,NA,27.441,H,NA,L,N,4,0,2,2,A,-,03,22350,NA,N,C,C,A,A,H,-,C,D,0,NA,NA,NA,NA,Y,NA,A,01,0,0,2,0,0,0,0,0,0,-,-,34.15980911254883,-118.29263305664064,LOS ANGELES,GLENDALE,-118.29255676269533,34.15983963012695
92236082,2023,2023-11-14,9575,2023-11-10,1845,022876,NA,5,2,7,1942,0,1,1,NA,2,061,I-210 E/B (FOOTHILL FREEWAY),WHEATLAND AVENUE,3221,W,N,A,-,Y,LA,NA,210,NA,R,8.838,H,NA,R,N,4,0,2,2,A,-,03,22350,NA,N,C,C,A,A,H,-,D,D,0,NA,NA,NA,NA,Y,NA,A,01,0,0,2,0,0,0,0,0,0,-,-,34.27336883544922,-118.36348724365234,LOS ANGELES,LOS ANGELES,-118.36349487304688,34.27334976196289
92236089,2023,2023-11-14,9590,2023-11-02,2120,021912,NA,4,2,7,1942,0,1,1,NA,2,061,I-10 W/B (SANTA MONICA FREEWAY),LA BREA AVENUE,300,W,N,A,-,Y,LA,NA,10,NA,R,10.383,H,NA,L,N,4,0,1,3,A,-,03,22350,NA,N,C,C,A,A,H,-,C,D,0,NA,NA,NA,NA,Y,NA,A,01,0,0,1,0,0,0,0,0,0,-,-,34.03438949584961,-118.35124206542967,LOS ANGELES,LOS ANGELES,-118.35123443603516,34.034332275390625
92236093,2023,2023-11-14,9535,2023-10-02,829,023436,NA,1,1,9,1900,0,3,5,NA,2,002,DOWNEY RD (600 BLOCK),6TH ST.,569,N,N,A,-,N,NA,NA,NA,NA,NA,NA,NA,NA,NA,Y,3,0,1,2,A,-,09,21804,A,N,D,C,A,A,H,-,A,D,0,NA,NA,NA,NA,Y,NA,A,07,0,1,0,0,0,0,0,0,0,-,-,34.02988815307617,-118.18020629882813,LOS ANGELES,UNINCORPORATED,-118.1801300048828,34.02986145019531
92236105,2023,2023-11-14,9535,2023-09-30,1833,023462,NA,6,2,6,1922,0,1,1,NA,2,401,I-10 W/B (SAN BERNARDINO FREEWAY),ROSEMEAD BLVD,2640,E,N,B,-,Y,LA,NA,10,NA,NA,27.362,H,NA,L,Y,4,0,1,2,A,-,04,21703,NA,N,C,C,A,A,H,-,B,D,0,NA,NA,NA,NA,Y,NA,D,22,0,0,1,0,0,0,0,0,0,-,-,34.072479248046875,-118.06424713134766,LOS ANGELES,EL MONTE,-118.06424713134766,34.072509765625
92236118,2023,2023-11-14,9550,2023-11-07,940,022037,NA,2,1,9,1900,0,3,5,NA,2,005,PATHFINDER ROAD,NOGALES STREET,275,W,N,A,-,N,NA,NA,NA,NA,NA,NA,NA,NA,NA,Y,3,0,1,2,A,-,07,21658,A,N,B,C,A,A,H,-,A,D,0,NA,NA,NA,NA,Y,NA,A,07,0,1,0,0,0,0,0,0,0,-,-,33.9753303527832,-117.88851928710938,LOS ANGELES,UNINCORPORATED,-117.88838958740234,33.975364685058594
92236131,2023,2023-11-14,9550,2023-11-07,1915,022587,NA,2,2,6,1920,0,1,1,NA,2,150,I-105 E/B,BELLFLOWER BLVD,1584,W,N,A,-,Y,LA,NA,105,NA,R,16.162,H,NA,R,N,4,0,1,3,A,-,03,22350,NA,N,C,C,A,A,H,-,D,D,0,NA,NA,NA,NA,Y,NA,D,22,0,0,1,0,0,0,0,0,0,-,-,33.91291046142578,-118.13368225097656,LOS ANGELES,DOWNEY,-118.13368225097656,33.9129638671875
92236140,2023,2023-11-14,9525,2023-11-10,1755,023176,NA,5,2,5,1906,0,1,1,NA,2,104,I-10 E/B (SAN BERNARDINO FWY),FRANCISQUITO AVE,207,W,N,A,-,Y,LA,NA,10,NA,NA,32.618,H,NA,R,Y,4,0,3,2,A,-,07,21658,A,N,B,C,A,A,H,-,C,D,0,NA,NA,NA,NA,Y,NA,A,01,0,0,3,0,0,0,0,0,0,-,-,34.06830978393555,-117.97489166259766,LOS ANGELES,BALDWIN PARK,-117.9748992919922,34.068359375
92236158,2023,2023-11-15,9535,2023-10-16,1626,023420,NA,1,2,9,1900,0,1,1,NA,2,071,I-710 S/B (LONG BEACH FREEWAY),3RD ST,50,N,N,A,-,Y,LA,NA,710,NA,NA,24.482,H,NA,L,Y,4,0,3,3,A,-,03,22350,NA,N,C,2,A,A,H,-,A,D,0,NA,NA,NA,NA,Y,NA,D,22,0,0,3,0,0,0,0,0,0,-,-,34.033538818359375,-118.17015838623048,LOS ANGELES,UNINCORPORATED,-118.1701202392578,34.03353500366211
92236167,2023,2023-11-15,9535,2023-10-04,1150,023436,NA,3,1,9,1900,0,3,5,NA,2,001,1ST STREET,EASTERN AVE.,0,NA,Y,A,-,N,NA,NA,NA,NA,NA,NA,NA,NA,NA,Y,4,0,1,2,A,-,12,21453,A,N,D,C,A,A,H,-,A,A,0,NA,NA,NA,NA,Y,NA,A,07,0,0,1,0,0,0,0,0,0,-,-,34.036991119384766,-118.17368316650392,LOS ANGELES,UNINCORPORATED,-118.173583984375,34.036956787109375
92236171,2023,2023-11-15,9535,2023-10-20,1842,023443,NA,5,2,5,1948,0,1,1,NA,2,421,I-10 W/B (SAN BERNARDINO FREEWAY) TO I-710 (LONG B,I-710 N/B (LONG BEACH FREEWAY),198,E,N,A,-,Y,LA,NA,10,NA,NA,21.653,H,NA,L,Y,3,0,1,2,A,-,03,22350,NA,N,C,C,A,A,C,-,D,D,0,NA,NA,NA,NA,Y,NA,A,01,0,1,0,0,0,0,0,0,0,-,-,34.063541412353516,-118.16145324707033,LOS ANGELES,MONTEREY PARK,-118.16133880615234,34.06340789794922
9223647,2021,2021-03-23,1924,2021-01-08,1743,80454,44,5,5,5,1924,0,0,0,NA,0,8T4,ARTESIA BL,NORMANDIE AV,971,E,N,A,-,N,NA,NA,NA,NA,NA,NA,NA,NA,NA,Y,4,0,1,4,C,-,18,NA,NA,N,C,C,A,A,H,-,C,A,0,NA,NA,NA,NA,Y,Y,-,-,0,0,1,0,0,0,0,0,0,-,-,33.872840881347656,-118.29894256591795,LOS ANGELES,GARDENA,-118.29576110839844,33.872764587402344
9223648,2021,2021-03-23,1924,2021-01-15,1532,80454,44,5,5,5,1924,0,0,0,NA,0,8T4,WESTERN AV,ARTESIA BL,57,N,N,A,-,N,NA,NA,NA,NA,NA,NA,NA,NA,NA,N,4,0,1,2,A,-,08,22107,NA,N,B,C,A,A,H,-,A,A,0,NA,NA,NA,NA,Y,NA,A,01,0,0,1,0,0,0,0,0,0,-,-,33.87294006347656,-118.3090362548828,LOS ANGELES,GARDENA,-118.30915069580078,33.87296676635742
9223649,2021,2021-03-23,1924,2021-01-10,1840,80464,06,7,5,5,1924,0,0,0,NA,0,8B6,NORMANDIE AV,168TH ST,0,NA,Y,A,-,N,NA,NA,NA,NA,NA,NA,NA,NA,NA,Y,4,0,2,2,A,-,08,22107,NA,N,D,C,A,A,H,-,C,D,0,NA,NA,NA,NA,Y,NA,A,07,0,0,2,0,0,0,0,0,0,-,-,33.87886047363281,-118.29981231689452,LOS ANGELES,GARDENA,-118.29988098144533,33.87887954711914
9223650,2021,2021-03-23,1924,2021-01-12,2111,80405,10,2,5,5,1924,0,0,0,NA,0,002,BUDLONG AV,135TH ST,0,NA,Y,A,-,N,NA,NA,NA,NA,NA,NA,NA,NA,NA,Y,4,0,1,2,A,-,01,23152,A,M,D,C,A,A,H,-,C,D,0,NA,NA,NA,NA,Y,Y,A,07,0,0,1,0,0,0,0,0,0,-,-,33.90916061401367,-118.29638671875,LOS ANGELES,GARDENA,-118.29641723632813,33.909156799316406
9223651,2021,2021-03-23,1900,2021-01-27,1615,546256,0532,3,5,5,1959,0,0,0,NA,0,53T1/P,GARVEY AV,JACKSON AV,360,E,N,A,-,N,NA,NA,NA,NA,NA,NA,NA,NA,NA,Y,3,0,1,2,A,-,07,21658,A,N,B,C,A,A,H,-,A,A,0,NA,NA,NA,NA,Y,NA,A,07,0,1,0,0,0,0,0,0,0,-,-,34.06256866455078,-118.10250854492188,LOS ANGELES,ROSEMEAD,-118.10254669189452,34.062618255615234
92236513,2023,2023-11-15,9530,2023-11-03,1430,022995,NA,5,2,7,1941,0,1,1,NA,2,430,I-405 S/B (SAN DIEGO FREEWAY),BELLFLOWER BLVD.,3600,N,N,A,-,Y,LA,NA,405,NA,NA,2.969,H,NA,L,N,3,0,1,1,A,-,08,22107,NA,N,F,A,A,A,H,-,A,D,0,NA,NA,Y,NA,Y,NA,C,02,0,1,0,0,0,0,0,0,1,-,-,33.80308151245117,-118.1373291015625,LOS ANGELES,LONG BEACH,-118.1373291015625,33.80308532714844
9223652,2021,2021-03-23,1900,2021-01-27,1330,623003,0532,3,5,5,1959,0,0,0,NA,0,53H/D,PINE ST,NEWMARK AV,43,N,N,A,-,N,NA,NA,NA,NA,NA,NA,NA,NA,NA,Y,4,0,2,2,A,-,01,23152,F,N,A,C,A,A,H,-,A,D,0,NA,NA,NA,NA,Y,NA,A,01,0,0,2,0,0,0,0,0,0,-,-,34.05598831176758,-118.09211730957033,LOS ANGELES,ROSEMEAD,-118.09220123291016,34.05989074707031
92236521,2023,2023-11-15,9580,2023-11-03,2330,023440,NA,5,3,7,1942,0,1,3,NA,2,171,SR-170 S/B (HOLLYWOOD FWY.) TO ROSCOE BOULEVARD,ROSCOE BLVD,350,N,N,A,-,Y,NA,NA,NA,NA,NA,NA,NA,NA,NA,N,3,0,1,2,A,-,08,22107,NA,M,B,C,A,A,H,-,C,D,0,NA,NA,NA,NA,Y,Y,-,99,0,1,0,0,0,0,0,0,0,-,-,34.2227897644043,-118.41159057617188,LOS ANGELES,LOS ANGELES,-118.41159057617188,34.2227897644043
92236525,2023,2023-11-15,9525,2023-11-11,1430,022959,NA,6,2,9,1900,0,3,5,NA,2,002,IRWINDALE AVE [4200 BLOCK],SAN BERNARDINO RD [15900 BLOCK],0,NA,Y,A,-,N,NA,NA,NA,NA,NA,NA,NA,NA,NA,N,4,0,1,2,A,-,12,21453,A,M,D,C,A,A,H,-,A,A,0,NA,NA,NA,NA,Y,Y,A,01,0,0,1,0,0,0,0,0,0,-,-,34.08977127075195,-117.93421173095705,LOS ANGELES,UNINCORPORATED,NA,NA
9223653,2021,2021-03-23,1900,2021-01-27,1226,623201,0531,3,5,5,1959,0,0,0,NA,0,55T2/D,VALLEY BL,LOMA AV,698,W,N,A,-,N,NA,NA,NA,NA,NA,NA,NA,NA,NA,Y,3,0,1,2,A,-,21,22106,NA,N,D,C,A,A,H,-,A,D,0,NA,NA,NA,NA,Y,NA,A,01,0,1,0,0,0,0,0,0,0,-,-,34.08106994628906,-118.06636810302734,LOS ANGELES,ROSEMEAD,-118.07112884521484,34.080894470214844
92236545,2023,2023-11-15,9530,2023-11-03,1740,021709,NA,5,2,5,1977,0,1,1,NA,2,410,I-405 S/B (SAN DIEGO FREEWAY),MAIN STRET,1000,S,N,A,-,Y,LA,NA,405,NA,NA,11.819,H,NA,L,Y,4,0,1,2,A,-,03,22350,NA,N,C,C,A,A,H,-,A,D,0,NA,NA,NA,NA,Y,NA,D,22,0,0,1,0,0,0,0,0,0,-,-,33.845611572265625,-118.2700424194336,LOS ANGELES,CARSON,-118.26996612548828,33.845664978027344
92236559,2023,2023-11-15,9530,2023-11-03,1830,023030,NA,5,2,7,1942,0,1,1,NA,2,200,I-105 E/B (GLENN ANDERSON FWY),CENTRAL AVE.,2535,W,N,A,-,Y,LA,NA,105,NA,R,8.428,H,NA,R,N,4,0,1,2,A,-,03,22350,NA,N,C,C,A,A,H,-,A,D,0,NA,NA,NA,NA,Y,NA,A,07,0,0,1,0,0,0,0,0,0,-,-,33.92723083496094,-118.26277923583984,LOS ANGELES,LOS ANGELES,-118.26277923583984,33.92730712890625
92236568,2023,2023-11-15,9530,2023-11-02,1045,023382,NA,4,1,9,1900,0,3,5,NA,2,002,EL SEGUNDO BLVD,MONA BLVD,0,NA,Y,A,-,N,NA,NA,NA,NA,NA,NA,NA,NA,NA,N,4,0,1,2,A,-,12,21453,A,F,D,G,A,A,H,-,A,A,0,NA,Y,NA,NA,Y,NA,-,99,0,0,1,0,0,0,1,0,0,-,-,33.91604995727539,-118.2269287109375,LOS ANGELES,UNINCORPORATED,-118.22698974609376,33.916194915771484
92236587,2023,2023-11-15,9565,2023-11-13,2220,022987,NA,1,3,9,1900,0,3,5,NA,2,003,48TH STREET,ANGELES VISTA BOULEVARD,35,E,N,A,-,N,NA,NA,NA,NA,NA,NA,NA,NA,NA,N,4,0,1,2,A,-,01,23152,A,N,C,C,A,A,H,-,C,A,0,NA,NA,NA,NA,Y,Y,A,07,0,0,1,0,0,0,0,0,0,-,-,34.00004959106445,-118.33425903320313,LOS ANGELES,UNINCORPORATED,-118.33436584472656,34.0000114440918
92236611,2023,2023-11-15,9540,2023-10-31,1437,021845,NA,2,2,9,1900,0,2,4,NA,2,012,PICO CANYON RD,CONSTITUTION AVE,0,NA,Y,A,-,N,NA,NA,NA,NA,NA,NA,NA,NA,NA,Y,4,0,2,2,A,-,09,21801,A,N,A,C,A,A,H,-,A,A,0,NA,NA,NA,NA,Y,NA,A,08,0,0,2,0,0,0,0,0,0,-,-,34.38193893432617,-118.57554626464844,LOS ANGELES,UNINCORPORATED,-118.57550048828124,34.38179016113281
92236649,2023,2023-11-15,9550,2023-11-07,155,023099,NA,2,3,9,1900,0,1,1,NA,2,652,I-605 NB,DEL AMO BOULEVARD,478,S,N,A,-,Y,LA,NA,605,NA,R,2.636,H,NA,R,Y,4,0,1,1,A,-,08,22107,NA,N,E,I,A,A,H,-,D,D,0,NA,NA,NA,NA,Y,NA,A,07,0,0,1,0,0,0,0,0,0,-,-,33.8430290222168,-118.09040069580078,LOS ANGELES,UNINCORPORATED,-118.0905532836914,33.84296798706055
92236656,2023,2023-11-15,9575,2023-11-05,10,023229,NA,7,3,7,1942,0,1,1,NA,2,052,I-5 N/B (GOLDEN STATE FREEWAY) TO TUXFORD ST.,TUXFORD ST.,739,N,N,A,-,Y,NA,NA,NA,NA,NA,NA,NA,NA,NA,Y,4,0,3,2,A,-,03,22350,NA,M,C,2,A,A,H,-,D,D,0,NA,NA,NA,NA,Y,NA,-,99,0,0,3,0,0,0,0,0,0,-,-,34.227169036865234,-118.3843231201172,LOS ANGELES,LOS ANGELES,-118.3843231201172,34.227169036865234
92236664,2023,2023-11-15,9525,2023-11-11,2250,021967,NA,6,3,9,1900,0,3,5,NA,2,002,SAN BERNARDINO RD.,IRWINDALE AVE,0,NA,Y,A,-,N,NA,NA,NA,NA,NA,NA,NA,NA,NA,Y,2,0,3,2,A,-,01,23152,A,N,B,C,A,A,H,-,C,A,0,NA,NA,NA,NA,Y,Y,A,01,1,0,2,0,0,0,0,0,0,-,-,34.08980941772461,-117.93424224853516,LOS ANGELES,UNINCORPORATED,-117.93423461914064,34.089778900146484
92236706,2023,2023-11-15,9530,2023-11-06,1745,022406,NA,1,2,7,1941,0,1,1,NA,2,072,I-710 N/B (LONG BEACH FREEWAY),WARDLOW RD.,85,S,N,A,-,Y,LA,NA,710,NA,NA,9.042,H,NA,R,N,4,0,2,3,A,-,03,22350,NA,N,C,C,A,A,H,-,B,D,0,NA,NA,NA,NA,Y,NA,A,01,0,0,2,0,0,0,0,0,0,-,-,33.82107925415039,-118.20680236816406,LOS ANGELES,LONG BEACH,-118.20687866210938,33.82107925415039
92236713,2023,2023-11-15,9530,2023-11-06,1548,020956,NA,1,2,6,1972,0,1,1,NA,2,400,I-405 S/B (SAN DIEGO FREEWAY),WESTERN AVE.,1056,S,N,A,-,Y,LA,NA,405,NA,NA,14.214,H,NA,L,N,4,0,1,2,A,-,03,22350,NA,N,C,C,A,A,H,-,A,D,0,NA,NA,NA,NA,Y,NA,A,01,0,0,1,0,0,0,0,0,0,-,-,33.8597412109375,-118.3056411743164,LOS ANGELES,TORRANCE,-118.3056411743164,33.859718322753906
92236751,2023,2023-11-15,9530,2023-11-06,1507,021709,NA,1,2,5,1915,0,1,3,NA,2,310,SR-91 W/B TO I-710 S/B,I-710 S/B (LONG BEACH FREEWAY),85,W,N,A,-,Y,NA,NA,NA,NA,NA,NA,NA,NA,NA,Y,4,0,1,1,A,-,08,22107,NA,N,E,I,A,A,H,-,A,D,0,NA,NA,NA,NA,Y,NA,A,01,0,0,1,0,0,0,0,0,0,-,-,33.87628173828125,-118.19345092773438,LOS ANGELES,COMPTON,-118.19300079345705,33.875633239746094
92236812,2023,2023-11-15,9525,2023-11-12,810,022927,NA,7,1,9,1900,0,1,3,NA,1,024,SR-39 (SAN GABRIEL CANYON RD.),MILE POST MARKER 19.23,1056,N,N,A,-,N,NA,NA,NA,NA,NA,NA,NA,NA,NA,Y,3,0,1,1,A,-,03,22350,NA,N,E,8,A,A,H,-,A,D,0,NA,NA,NA,NA,Y,NA,A,01,0,1,0,0,0,0,0,0,0,-,-,34.1784782409668,-117.88233947753906,LOS ANGELES,UNINCORPORATED,-117.88215637207033,34.178470611572266
92236866,2023,2023-11-15,9545,2023-11-06,755,023340,NA,1,1,9,1900,0,3,5,NA,2,003,SIERRA HWY,SR-14 S/B TO SIERRA HWY,0,NA,Y,A,-,N,NA,NA,NA,NA,NA,NA,NA,NA,NA,Y,3,0,3,3,A,-,09,21801,A,N,D,C,A,A,H,-,A,A,0,NA,NA,NA,NA,Y,NA,A,01,0,1,2,0,0,0,0,0,0,-,-,34.51131057739258,-118.10961151123048,LOS ANGELES,UNINCORPORATED,-118.12741088867188,34.64015579223633
92236870,2023,2023-11-15,9545,2023-11-10,1505,022679,NA,5,2,9,1900,0,1,3,NA,1,042,SR-138,SR-18,0,NA,Y,A,-,Y,LA,NA,138,NA,NA,69.417,H,NA,R,Y,4,0,1,4,A,-,09,21801,A,N,D,C,A,A,H,-,A,D,0,NA,NA,NA,NA,Y,NA,E,22,0,0,1,0,0,0,0,0,0,-,-,34.49824905395508,-117.73869323730467,LOS ANGELES,UNINCORPORATED,-117.73867797851564,34.49827194213867
92236876,2023,2023-11-15,9540,2023-11-06,625,021395,NA,1,1,7,1942,0,1,1,NA,2,210,I-210 W/B TO HUBBARD STREET,HUBBARD STREET,40,E,N,A,-,Y,NA,NA,NA,NA,NA,NA,NA,NA,NA,N,4,0,1,2,A,-,03,22350,NA,N,C,C,A,A,H,-,A,A,0,NA,NA,NA,NA,Y,NA,A,07,0,0,1,0,0,0,0,0,0,-,-,34.30841827392578,-118.42886352539064,LOS ANGELES,LOS ANGELES,-118.42886352539064,34.30841827392578
92236881,2023,2023-11-15,9540,2023-11-06,2040,021078,NA,1,2,9,1900,0,2,4,NA,2,010,THE OLD ROAD,PICO CANYON RD.,0,NA,Y,A,-,N,NA,NA,NA,NA,NA,NA,NA,NA,NA,Y,3,0,3,2,D,-,00,NA,NA,N,D,C,A,A,H,-,C,A,0,NA,NA,NA,NA,Y,NA,-,-,0,1,2,0,0,0,0,0,0,-,-,34.3809814453125,-118.5708465576172,LOS ANGELES,UNINCORPORATED,-118.57086944580078,34.38106918334961
92236886,2023,2023-11-15,9540,2023-11-08,2135,022492,NA,3,2,9,1900,0,1,3,NA,2,147,SR-14 S/B,AUGA DULCE CANYON RD,6864,S,N,A,-,Y,LA,NA,14,NA,NA,38.419,H,NA,L,Y,4,0,1,3,A,-,03,22350,NA,N,C,C,A,A,D,-,D,D,0,NA,NA,NA,NA,Y,NA,A,01,0,0,1,0,0,0,0,0,0,-,-,34.456241607666016,-118.34970855712892,LOS ANGELES,UNINCORPORATED,-118.34976196289064,34.45626449584961
92236901,2023,2023-11-15,9540,2023-11-12,1541,019232,NA,7,2,6,1985,0,1,3,NA,1,144,SR-14 N/B TO NEWHALL AVE W/B,NEWHALL AVE,10,N,N,A,-,Y,NA,NA,NA,NA,NA,NA,NA,NA,NA,Y,4,0,1,1,A,-,03,22350,NA,N,F,A,A,A,H,-,A,D,0,NA,NA,NA,Y,Y,NA,G,25,0,0,1,0,0,0,0,0,0,-,-,34.36492919921875,-118.50212860107422,LOS ANGELES,SANTA CLARITA,-118.50212860107422,34.36492919921875
92236910,2023,2023-11-15,9540,2023-11-09,1747,019232,NA,4,2,9,1900,0,1,3,NA,2,147,SR-14 S/B,ESCONDIDO CYN RD,5280,S,N,A,-,Y,LA,NA,14,NA,NA,42.511,H,NA,L,Y,4,0,1,4,A,-,08,22107,NA,N,E,8,A,A,H,-,D,D,0,NA,NA,NA,NA,Y,NA,A,01,0,0,1,0,0,0,0,0,0,-,-,34.482200622558594,-118.28868865966795,LOS ANGELES,UNINCORPORATED,-118.28865051269533,34.4821662902832
92236950,2023,2023-11-15,9530,2023-11-04,1135,023418,NA,6,1,7,1941,0,1,1,NA,2,071,I-710 S/B (LONG BEACH FREEWAY),I-405 N/B (SAN DIEGO FREEWAY),200,N,N,A,-,Y,LA,NA,710,NA,NA,9.444,H,NA,L,N,4,0,1,2,A,-,07,21658,A,N,B,C,A,A,H,-,A,D,0,NA,NA,NA,NA,Y,NA,A,07,0,0,1,0,0,0,0,0,0,-,-,33.826961517333984,-118.20768737792967,LOS ANGELES,LONG BEACH,-118.20773315429688,33.82695007324219
92236985,2023,2023-11-15,9530,2023-11-05,2325,023399,NA,7,3,7,1941,0,1,1,NA,2,072,I-710 N/B (LONG BEACH FREEWAY),WILLOW ST.,2112,N,N,A,-,Y,LA,NA,710,NA,NA,8.379,H,NA,R,N,4,0,1,2,A,-,03,22350,NA,F,C,C,A,A,A,-,D,D,0,NA,NA,NA,NA,Y,NA,-,99,0,0,1,0,0,0,0,0,0,-,-,33.81148910522461,-118.20680236816406,LOS ANGELES,LONG BEACH,-118.20688629150392,33.81148910522461