CASE_ID,ACCIDENT_YEAR,PROC_DATE,JURIS,COLLISION_DATE,COLLISION_TIME,OFFICER_ID,REPORTING_DISTRICT,DAY_OF_WEEK,CHP_SHIFT,POPULATION,CNTY_CITY_LOC,SPECIAL_COND,BEAT_TYPE,CHP_BEAT_TYPE,CITY_DIVISION_LAPD,CHP_BEAT_CLASS,BEAT_NUMBER,PRIMARY_RD,SECONDARY_RD,DISTANCE,DIRECTION,INTERSECTION,WEATHER_1,WEATHER_2,STATE_HWY_IND,CALTRANS_COUNTY,CALTRANS_DISTRICT,STATE_ROUTE,ROUTE_SUFFIX,POSTMILE_PREFIX,POSTMILE,LOCATION_TYPE,RAMP_INTERSECTION,SIDE_OF_HWY,TOW_AWAY,COLLISION_SEVERITY,NUMBER_KILLED,NUMBER_INJURED,PARTY_COUNT,PRIMARY_COLL_FACTOR,PCF_CODE_OF_VIOL,PCF_VIOL_CATEGORY,PCF_VIOLATION,PCF_VIOL_SUBSECTION,HIT_AND_RUN,TYPE_OF_COLLISION,MVIW,PED_ACTION,ROAD_SURFACE,ROAD_COND_1,ROAD_COND_2,LIGHTING,CONTROL_DEVICE,CHP_ROAD_TYPE,PEDESTRIAN_ACCIDENT,BICYCLE_ACCIDENT,MOTORCYCLE_ACCIDENT,TRUCK_ACCIDENT,NOT_PRIVATE_PROPERTY,ALCOHOL_INVOLVED,STWD_VEHTYPE_AT_FAULT,CHP_VEHTYPE_AT_FAULT,COUNT_SEVERE_INJ,COUNT_VISIBLE_INJ,COUNT_COMPLAINT_PAIN,COUNT_PED_KILLED,COUNT_PED_INJURED,COUNT_BICYCLIST_KILLED,COUNT_BICYCLIST_INJURED,COUNT_MC_KILLED,COUNT_MC_INJURED,PRIMARY_RAMP,SECONDARY_RAMP,LATITUDE,LONGITUDE,COUNTY,CITY,POINT_X,POINT_Y
92243558,2023,2023-11-23,9580,2023-11-17,2350,019876,NA,5,3,9,1900,0,2,4,NA,1,127,MALIBU CANYON RD,PIUMA RD,1584,S,N,B,C,N,NA,NA,NA,NA,NA,NA,NA,NA,NA,Y,2,0,5,2,A,-,03,22350,NA,N,A,C,A,B,H,-,D,D,0,NA,NA,NA,NA,Y,NA,D,22,1,4,0,0,0,0,0,0,0,-,-,34.07801055908203,-118.7022705078125,LOS ANGELES,UNINCORPORATED,-118.70229339599608,34.078182220458984
92243559,2023,2023-11-23,9580,2023-11-15,1255,022572,NA,3,1,7,1942,1,1,1,NA,2,407,I-405 S/B (SAN DIEGO FWY),LASSEN ST,186,S,N,C,-,Y,LA,NA,405,NA,NA,45.718,H,NA,L,Y,4,0,1,1,A,-,03,22350,NA,N,E,I,A,B,H,-,A,D,0,NA,NA,NA,NA,Y,NA,H,14,0,0,1,0,0,0,0,0,0,-,-,34.249568939208984,-118.47232818603516,LOS ANGELES,LOS ANGELES,-118.4724349975586,34.249568939208984
92243560,2023,2023-11-23,9580,2023-11-07,940,019952,NA,2,1,7,1942,0,1,2,NA,2,101,US-101 S/B (VENTURA FREEWAY),COLDWATER CANYON AVENUE,1320,N,N,B,-,Y,LA,NA,101,NA,NA,14.146,H,NA,L,N,4,0,1,2,A,-,03,22350,NA,M,C,C,A,A,H,-,A,D,0,NA,NA,NA,NA,Y,NA,-,99,0,0,1,0,0,0,0,0,0,-,-,34.156681060791016,-118.41835784912108,LOS ANGELES,LOS ANGELES,-118.41835784912108,34.15665817260742
92243584,2023,2023-11-23,9540,2023-11-19,2030,022047,NA,7,2,9,1900,0,1,1,NA,1,503,I-5 S/B,SAN FERNANDO RD,3168,N,N,A,-,Y,LA,NA,5,NA,R,45.533,H,NA,L,Y,4,0,1,2,A,-,03,22350,NA,M,C,2,A,A,H,-,D,D,0,NA,NA,NA,NA,Y,NA,-,99,0,0,1,0,0,0,0,0,0,-,-,34.33306121826172,-118.50791931152344,LOS ANGELES,UNINCORPORATED,-118.50787353515624,34.33308029174805
92243585,2023,2023-11-23,9540,2023-11-22,2023,015576,NA,3,2,9,1900,0,1,1,NA,2,512,I-5 N/B,SMOKEY BEAR RD,6864,S,N,A,-,Y,LA,NA,5,NA,R,76.497,H,NA,R,Y,4,0,1,2,A,-,03,22350,NA,N,C,C,A,A,H,-,D,A,0,NA,NA,NA,NA,Y,NA,A,01,0,0,1,0,0,0,0,0,0,-,-,34.688140869140625,-118.78653717041016,LOS ANGELES,UNINCORPORATED,-118.7864990234375,34.68816375732422
92243841,2023,2024-02-21,9580,2023-11-13,2040,023097,NA,1,2,7,1942,0,1,1,NA,2,405,I-405 S/B (SAN DIEGO FWY),VALLEY VISTA BLVD,53,N,N,A,-,Y,LA,NA,405,NA,NA,38.951,H,NA,L,Y,4,0,1,1,C,-,18,NA,NA,N,E,J,A,A,H,-,C,D,0,NA,NA,Y,NA,Y,NA,-,-,0,0,1,0,0,0,0,0,1,-,-,34.153289794921875,-118.46826934814452,LOS ANGELES,LOS ANGELES,-118.46813201904295,34.15327072143555
92243858,2023,2023-11-24,9540,2023-11-07,1540,020918,NA,2,2,6,1985,0,1,1,NA,2,506,I-5 NORTHBOUND (N/B) (GOLDEN STATE FWY.),LYONS AVE.,2000,S,N,A,-,Y,LA,NA,5,NA,R,49.932,H,NA,R,Y,4,0,1,3,A,-,07,21658,A,M,C,2,A,A,H,-,A,D,0,NA,NA,NA,NA,Y,NA,A,01,0,0,1,0,0,0,0,0,0,-,-,34.37371063232422,-118.5620574951172,LOS ANGELES,SANTA CLARITA,-118.56214141845705,34.37367248535156
92243899,2023,2023-11-24,9535,2023-10-03,1520,022842,NA,2,2,6,1922,0,1,1,NA,2,400,I-10 E/B (SAN BERNARDINO FREEWAY),I-605 (SAN GABRIEL RIVER FREEWAY),490,W,N,A,-,Y,LA,NA,10,NA,NA,31.048,H,NA,R,Y,3,0,1,2,A,-,08,22107,NA,F,B,C,A,A,H,-,A,D,0,NA,NA,Y,NA,Y,NA,-,99,0,1,0,0,0,0,0,0,1,-,-,34.06480026245117,-118.00196838378906,LOS ANGELES,EL MONTE,-118.00196075439452,34.064762115478516
92243927,2023,2024-01-03,9525,2023-11-21,540,016450,NA,2,3,9,1900,0,3,5,NA,2,004,WORKMAN MILL RD,S. 3RD AVE,78,N,N,A,-,N,NA,NA,NA,NA,NA,NA,NA,NA,NA,N,2,0,1,2,A,-,10,21950,A,N,G,B,C,A,H,-,C,D,0,Y,NA,NA,NA,Y,NA,A,01,1,0,0,0,1,0,0,0,0,-,-,34.043800354003906,-117.99054718017578,LOS ANGELES,UNINCORPORATED,-117.99086761474608,34.0434684753418
92243943,2023,2023-11-27,9540,2023-11-14,30,022774,NA,2,3,9,1900,0,2,4,NA,2,061,THE OLD ROAD,SEDONA WAY,0,NA,Y,A,-,N,NA,NA,NA,NA,NA,NA,NA,NA,NA,Y,3,0,1,1,A,-,01,23152,A,N,E,I,A,A,H,-,C,A,0,NA,NA,NA,NA,Y,Y,A,01,0,1,0,0,0,0,0,0,0,-,-,34.45787048339844,-118.6169204711914,LOS ANGELES,UNINCORPORATED,-118.61727142333984,34.4576530456543
92243951,2023,2023-11-27,9540,2023-10-30,1640,021464,NA,1,2,9,1900,0,2,4,NA,1,104,SAN FRANCISQUITO CANYON RD,DRY GULCH,5280,N,N,A,-,N,NA,NA,NA,NA,NA,NA,NA,NA,NA,Y,3,0,1,1,A,-,08,22107,NA,N,E,I,A,A,H,-,A,D,0,NA,NA,NA,NA,Y,NA,A,07,0,1,0,0,0,0,0,0,0,-,-,34.56523132324219,-118.4794464111328,LOS ANGELES,UNINCORPORATED,-118.49656677246094,34.55674743652344
92243953,2023,2023-11-27,9540,2023-11-15,1245,023422,NA,3,1,7,1942,0,1,3,NA,1,143,SR-14 S/B TRANS TO I-5 S/B TRANS,SAN FERNANDO RD,2500,N,N,C,-,Y,NA,NA,NA,NA,NA,NA,NA,NA,NA,Y,4,0,4,2,A,-,03,22350,NA,N,B,C,A,B,H,-,A,D,0,NA,NA,NA,NA,Y,NA,A,07,0,0,4,0,0,0,0,0,0,-,-,34.330631256103516,-118.50697326660156,LOS ANGELES,LOS ANGELES,-118.49994659423828,34.37129211425781
92244181,2023,2023-11-27,9575,2023-10-22,259,023205,NA,7,3,6,1912,0,1,1,NA,2,051,I-5 N/B (GOLDEN STATE FREEWAY),BURBANK BOULEVARD,1700,N,N,A,-,Y,LA,NA,5,NA,NA,30.135,H,NA,R,Y,2,0,3,2,A,-,07,21658,A,F,C,C,A,A,H,-,C,D,0,NA,NA,NA,NA,Y,NA,A,01,1,2,0,0,0,0,0,0,0,-,-,34.18851089477539,-118.32279205322266,LOS ANGELES,BURBANK,-118.32288360595705,34.18842697143555
92244183,2023,2023-11-27,9575,2023-10-17,830,023413,NA,2,1,3,1963,0,2,4,NA,2,082,SAN GABRIEL BOULEVARD (1200 BLOCK),HUNTINGTON DRIVE,15,S,N,A,-,N,NA,NA,NA,NA,NA,NA,NA,NA,NA,N,4,0,1,2,A,-,21,22106,NA,N,G,B,B,A,H,-,A,A,0,Y,NA,NA,NA,Y,NA,A,07,0,0,1,0,1,0,0,0,0,-,-,34.126731872558594,-118.09089660644533,LOS ANGELES,SAN MARINO,-118.09099578857422,34.12678909301758
92244186,2023,2023-11-27,9575,2023-11-15,630,022085,NA,3,1,7,1942,0,1,3,NA,2,041,SR-134 E/B (VENTURA FREEWAY),FIGUEROA ST.,6019,W,N,B,-,Y,LA,NA,134,NA,R,10.193,H,NA,R,Y,4,0,2,2,A,-,03,22350,NA,N,C,C,A,A,H,-,A,D,0,NA,NA,NA,NA,Y,NA,A,07,0,0,2,0,0,0,0,0,0,-,-,34.145851135253906,-118.20546722412108,LOS ANGELES,LOS ANGELES,-118.20545959472656,34.14583206176758
92244190,2023,2023-11-27,9575,2023-11-15,915,021795,NA,3,1,6,1953,0,1,1,NA,2,064,I-210 W/B (FOOTHILL FREEWAY),LOS ROBLES AVE.,270,W,N,B,-,Y,LA,NA,210,NA,R,25.747,H,NA,L,N,4,0,2,2,A,-,07,21658,A,N,B,2,A,A,H,-,A,D,0,NA,NA,NA,Y,Y,NA,F,26,0,0,2,0,0,0,0,0,0,-,-,34.1521110534668,-118.14250946044922,LOS ANGELES,PASADENA,-118.14250946044922,34.15201187133789
92244191,2023,2023-11-27,9540,2023-11-16,210,023400,NA,4,3,7,1942,0,1,1,NA,2,500,I-5 N/B,ROXFORD ST,1540,S,N,C,-,Y,LA,NA,5,NA,NA,42.36,H,NA,R,Y,4,0,1,1,A,-,08,22107,NA,N,E,I,A,B,H,-,C,D,0,NA,NA,NA,NA,Y,NA,A,01,0,0,1,0,0,0,0,0,0,-,-,34.299991607666016,-118.47641754150392,LOS ANGELES,LOS ANGELES,-118.4763641357422,34.300025939941406
92244197,2023,2023-11-27,9540,2023-11-16,1940,021374,NA,4,2,6,1985,0,1,3,NA,1,145,SR-14 S/B (GOLDEN STATE FREEWAY),GOLDEN VALLEY RD,2640,N,N,A,-,Y,LA,NA,14,NA,R,30.21,H,NA,L,Y,2,0,2,2,A,-,03,22350,NA,N,C,C,A,A,H,-,C,D,0,NA,NA,NA,NA,Y,NA,A,07,1,1,0,0,0,0,0,0,0,-,-,34.39685821533203,-118.46501922607422,LOS ANGELES,SANTA CLARITA,-118.46500396728516,34.3968391418457
92244202,2023,2023-11-27,9540,2023-11-18,2225,023145,NA,6,3,9,1900,0,1,1,NA,2,511,I-5 S/B (GOLDEN STATE FREEWAY),TEMPLIN HIGHWAY,16368,N,N,B,-,Y,LA,NA,5,NA,R,69.491,H,NA,L,Y,4,0,1,2,A,-,08,22107,NA,N,B,2,A,A,H,-,C,D,0,NA,NA,NA,NA,Y,NA,A,01,0,0,1,0,0,0,0,0,0,-,-,34.6113395690918,-118.71267700195313,LOS ANGELES,UNINCORPORATED,-118.7126922607422,34.6113395690918
92244209,2023,2023-11-27,9575,2023-11-17,910,022526,NA,5,1,6,1953,0,1,3,NA,2,040,SR-134 E/B (VENTURA FREEWAY),ORANGE GROVE BOULEVARD,432,W,N,A,-,Y,LA,NA,134,NA,R,12.872,H,NA,R,N,4,0,1,2,A,-,07,21658,A,N,B,C,A,A,H,-,A,D,0,NA,NA,NA,NA,Y,NA,A,01,0,0,1,0,0,0,0,0,0,-,-,34.14628982543945,-118.16259002685548,LOS ANGELES,PASADENA,-118.16258239746094,34.14626693725586
92244237,2023,2023-11-27,9575,2023-11-15,2120,022502,NA,3,2,6,1953,0,1,1,NA,2,065,I-210 W/B FROM N/B SANTA ANITA AVENUE,SANTA ANITA AVENUE,250,E,N,C,-,Y,LA,NA,210,NA,R,31.957,H,NA,L,Y,3,0,1,2,A,-,03,22350,NA,N,E,I,A,B,H,-,C,D,0,NA,NA,NA,Y,Y,NA,D,22,0,1,0,0,0,0,0,0,0,-,-,34.14780044555664,-118.03061676025392,LOS ANGELES,PASADENA,-118.03070068359376,34.14764404296875
92244240,2023,2023-11-27,9525,2023-11-12,835,023049,NA,7,1,9,1900,0,2,4,NA,2,045,VALLEY BLVD.,COLLWOOD AVE.,0,NA,Y,A,-,N,NA,NA,NA,NA,NA,NA,NA,NA,NA,N,2,0,1,2,A,-,09,21804,A,N,D,G,A,A,H,-,A,D,0,NA,Y,NA,NA,Y,NA,L,04,1,0,0,0,0,0,1,0,0,-,-,34.04901123046875,-117.99578857421876,LOS ANGELES,UNINCORPORATED,-117.99576568603516,34.0490608215332
92244243,2023,2023-11-27,9525,2023-11-15,1300,018992,NA,3,1,3,1921,0,2,4,NA,2,022,I-210 W/B (FOOTHILL FWY),BUENA VISTA,2500,E,N,B,C,Y,LA,NA,210,NA,R,35.726,H,NA,L,Y,4,0,1,2,A,-,03,22350,NA,N,C,C,A,B,H,-,A,D,0,NA,NA,NA,NA,Y,NA,A,01,0,0,1,0,0,0,0,0,0,-,-,34.135650634765625,-117.96932983398438,LOS ANGELES,DUARTE,-117.96932983398438,34.13562774658203
92244251,2023,2023-11-27,9525,2023-11-16,2255,022772,NA,4,3,6,1975,0,1,1,NA,2,105,I-10 W/B (SAN BERNARDINO FWY),CITRUS ST.,850,W,N,A,-,Y,LA,NA,10,NA,NA,37.245,H,NA,L,Y,4,0,1,1,A,-,08,22107,NA,N,E,8,A,A,H,-,C,D,0,NA,NA,NA,NA,Y,NA,A,08,0,0,1,0,0,0,0,0,0,-,-,34.072288513183594,-117.8945770263672,LOS ANGELES,WEST COVINA,-117.89458465576172,34.072120666503906
92244252,2023,2023-11-27,9525,2023-11-17,916,022689,NA,5,1,4,1913,0,1,1,NA,2,210,SR-210 E/B (FOOTHILL FWY),TOWNE AVE,350,E,N,A,-,Y,LA,NA,210,NA,R,49.61,H,NA,R,N,2,0,1,2,A,-,11,21954,A,N,G,B,E,A,H,-,A,D,0,Y,NA,NA,NA,Y,NA,N,60,1,0,0,0,1,0,0,0,0,-,-,34.12017822265625,-117.73513793945313,LOS ANGELES,CLAREMONT,-117.73513793945313,34.12027359008789
92244254,2023,2023-11-27,9525,2023-11-17,1650,023085,NA,5,2,5,1926,0,1,1,NA,2,205,I-210 W/B (FOOTHILL FWY),GRAND AVE,2850,E,N,A,-,Y,LA,NA,210,NA,R,42.172,H,NA,L,Y,3,0,1,1,A,-,03,22350,NA,N,F,A,A,A,H,-,A,D,0,NA,NA,Y,NA,Y,NA,C,02,0,1,0,0,0,0,0,0,1,-,-,34.11779022216797,-117.86363220214844,LOS ANGELES,GLENDORA,-117.86365509033205,34.11774826049805
92244256,2023,2023-11-27,9525,2023-11-17,1835,022627,NA,5,2,4,1960,0,1,3,NA,2,572,SR-57 N/B (ORANGE FWY),ARROW HIGHWAY,1320,N,N,B,-,Y,LA,NA,57,NA,R,11.059,H,NA,R,N,4,0,1,2,A,-,03,22350,NA,N,C,C,A,A,H,-,D,D,0,NA,NA,NA,NA,Y,NA,A,01,0,0,1,0,0,0,0,0,0,-,-,34.11003112792969,-117.82308959960938,LOS ANGELES,SAN DIMAS,-117.82318115234376,34.1099967956543
92244270,2023,2023-11-27,9525,2023-10-26,1445,023414,NA,4,2,4,1905,0,1,1,NA,2,203,I-210 W/B (FOOTHILL FWY),VERNON AVE,1531,E,N,A,-,Y,LA,NA,210,NA,R,39.247,H,NA,L,Y,4,0,2,2,A,-,07,21658,A,F,B,C,A,A,H,-,A,D,0,NA,NA,NA,NA,Y,NA,A,01,0,0,2,0,0,0,0,0,0,-,-,34.123130798339844,-117.91265106201172,LOS ANGELES,AZUSA,-117.91268157958984,34.12310791015625
92244271,2023,2023-11-27,9525,2023-11-12,1049,023416,NA,7,1,9,1900,0,1,3,NA,1,024,SR-39 SAN GABRIEL MOUNTAIN ROAD,CRYSTAL LAKE ROAD,19166,S,N,A,-,Y,LA,NA,39,NA,NA,34.585,H,NA,R,Y,2,0,1,1,A,-,03,22350,NA,N,F,0,A,A,H,-,A,D,0,NA,NA,Y,NA,Y,NA,C,02,1,0,0,0,0,0,0,0,1,-,-,34.29948043823242,-117.83574676513672,LOS ANGELES,UNINCORPORATED,-117.83570098876952,34.29954147338867
92244274,2023,2023-11-27,9525,2023-11-16,1715,019707,NA,4,2,6,1955,0,1,1,NA,2,110,I-10 E/B (SAN BERNARDINO FWY),TOWNE AVE,500,E,N,A,-,Y,LA,NA,10,NA,NA,46.596,H,NA,R,Y,4,0,3,3,A,-,03,22350,NA,N,C,C,A,A,H,-,B,D,0,NA,NA,NA,NA,Y,NA,A,01,0,0,3,0,0,0,0,0,0,-,-,34.079200744628906,-117.7387466430664,LOS ANGELES,POMONA,-117.73880767822266,34.07929992675781
92244277,2023,2023-11-27,9525,2023-11-17,1445,022959,NA,5,2,9,1900,0,3,5,NA,2,005,MT. BALDY RD,MILE MARKER 2.73,1000,N,N,A,-,N,NA,NA,NA,NA,NA,NA,NA,NA,NA,Y,3,0,1,1,A,-,03,22350,NA,N,F,A,A,A,H,-,A,D,0,NA,NA,Y,NA,Y,NA,C,02,0,1,0,0,0,0,0,0,1,-,-,34.20650863647461,-117.6759033203125,LOS ANGELES,UNINCORPORATED,NA,NA
92244282,2023,2023-11-27,9525,2023-11-18,2040,022627,NA,6,2,9,1900,0,3,5,NA,2,003,GALLEANO ST,BALHAM AVE,0,NA,Y,B,-,N,NA,NA,NA,NA,NA,NA,NA,NA,NA,Y,3,0,1,2,A,-,09,21800,A,N,D,C,A,A,H,-,C,D,0,NA,NA,NA,NA,Y,NA,A,01,0,1,0,0,0,0,0,0,0,-,-,34.01015090942383,-117.89334106445313,LOS ANGELES,UNINCORPORATED,-117.8933563232422,34.010128021240234
92244283,2023,2023-12-06,9525,2023-11-20,1345,020042,NA,1,1,6,1955,0,1,3,NA,2,606,SR-60 E/B (POMONA FWY),RESERVOIR ST,528,W,N,A,-,Y,LA,NA,60,NA,R,30.304,H,NA,R,N,4,0,1,3,A,-,03,22350,NA,M,C,C,A,A,H,-,A,D,0,NA,NA,NA,NA,Y,NA,A,01,0,0,1,0,0,0,0,0,0,-,-,34.02492141723633,-117.73213958740234,LOS ANGELES,POMONA,-117.73213958740234,34.02488327026367
92244285,2023,2023-11-27,9525,2023-11-20,1454,023283,NA,1,2,9,1900,0,2,4,NA,2,023,CYPRESS STREET,LARK ELLEN AVENUE,0,NA,Y,A,-,N,NA,NA,NA,NA,NA,NA,NA,NA,NA,Y,4,0,1,2,A,-,12,21453,A,N,D,2,A,A,H,-,A,A,0,NA,NA,NA,NA,Y,NA,A,01,0,0,1,0,0,0,0,0,0,-,-,34.09587860107422,-117.91657257080078,LOS ANGELES,UNINCORPORATED,-117.91661071777344,34.09584426879883
92244287,2023,2023-11-27,9525,2023-11-20,1755,022183,NA,1,2,9,1900,0,1,1,NA,2,108,I-10 EB (SAN BERNARDINO FWY),KELLOGG DR,3168,W,N,A,-,Y,LA,NA,10,NA,NA,41.551,H,NA,R,N,3,0,1,2,A,-,03,22350,NA,N,C,C,A,A,H,-,C,D,0,NA,NA,NA,NA,Y,NA,A,01,0,1,0,0,0,0,0,0,0,-,-,34.063499450683594,-117.82183837890624,LOS ANGELES,UNINCORPORATED,-117.8218231201172,34.06367874145508
92244299,2023,2023-11-27,9525,2023-11-21,1655,022627,NA,2,2,1,1934,0,1,1,NA,2,203,I-210 W/B (FOOTHILL FWY),VERNON AVE,80,W,N,A,-,Y,LA,NA,210,NA,R,38.932,H,NA,L,N,4,0,2,2,A,-,03,22350,NA,F,C,C,A,A,H,-,D,D,0,NA,NA,NA,NA,Y,NA,A,07,0,0,2,0,0,0,0,0,0,-,-,34.126651763916016,-117.91632080078124,LOS ANGELES,IRWINDALE,-117.91632080078124,34.12664794921875
92244304,2023,2023-11-27,9525,2023-11-22,1620,020034,NA,3,2,9,1900,0,2,4,NA,2,032,VALLEY BLVD,FAURE AVE,250,E,N,A,-,N,NA,NA,NA,NA,NA,NA,NA,NA,NA,N,4,0,1,3,A,-,07,21658,A,F,B,C,A,A,H,-,B,D,0,NA,NA,NA,NA,Y,NA,A,01,0,0,1,0,0,0,0,0,0,-,-,34.03055953979492,-117.82859802246094,LOS ANGELES,UNINCORPORATED,-117.82865142822266,34.03056716918945
92244509,2023,2023-11-27,9575,2023-11-16,1845,023029,NA,4,2,9,1900,0,2,4,NA,2,026,NEW YORK DRIVE,PEPPER DRIVE,0,NA,Y,A,-,N,NA,NA,NA,NA,NA,NA,NA,NA,NA,N,2,0,1,2,A,-,10,21950,A,N,G,B,B,A,H,-,C,A,0,Y,NA,NA,NA,Y,NA,A,01,1,0,0,0,1,0,0,0,0,-,-,34.175071716308594,-118.10643768310548,LOS ANGELES,UNINCORPORATED,-118.1068115234375,34.175106048583984
92244512,2023,2023-11-27,9575,2023-11-10,2211,023205,NA,5,3,7,1942,0,1,1,NA,2,052,I-5 S/B (GOLDEN STATE FREEWAY),ROSCOE BOULEVARD,50,S,N,A,-,Y,LA,NA,5,NA,NA,33.249,H,NA,L,Y,3,0,1,2,A,-,07,21658,A,F,E,I,A,A,H,-,C,D,0,NA,NA,NA,NA,Y,NA,-,99,0,1,0,0,0,0,0,0,0,-,-,34.22132110595703,-118.35923004150392,LOS ANGELES,LOS ANGELES,-118.35927581787108,34.221221923828125
92244514,2023,2023-11-27,9575,2023-11-10,1812,021879,NA,5,2,7,1942,0,1,1,NA,2,053,I-5 S/B (GOLDEN STATE FREEWAY),BRANFORD ST.,1800,S,N,A,-,Y,LA,NA,5,NA,NA,36.534,H,NA,L,Y,4,0,1,3,A,-,01,23152,A,N,B,2,A,A,H,-,C,D,0,NA,NA,NA,NA,Y,Y,A,01,0,0,1,0,0,0,0,0,0,-,-,34.234928131103516,-118.41221618652344,LOS ANGELES,LOS ANGELES,-118.41220092773438,34.234947204589844
9224452,2021,2021-03-23,1942,2021-01-06,1245,44440,1548,3,5,7,1942,0,0,0,O,0,15A68,MAGNOLIA BL,SATSUMA AV,0,NA,Y,A,-,N,NA,NA,NA,NA,NA,NA,NA,NA,NA,N,4,0,1,2,-,-,-,NA,NA,N,D,C,A,A,H,-,A,D,0,NA,NA,NA,NA,Y,NA,A,01,0,0,1,0,0,0,0,0,0,-,-,34.164920806884766,-118.3675537109375,LOS ANGELES,LOS ANGELES,-118.36756896972656,34.16490173339844
92244554,2023,2023-11-27,9545,2023-11-14,1835,022558,NA,2,2,9,1900,0,3,5,NA,2,003,SIERRA HWY,ANGELES FOREST HWY,0,NA,Y,A,-,N,NA,NA,NA,NA,NA,NA,NA,NA,NA,Y,4,0,2,2,A,-,09,21802,A,N,D,C,A,A,H,-,C,A,0,NA,NA,NA,NA,Y,NA,A,07,0,0,2,0,0,0,0,0,0,-,-,34.509281158447266,-118.11115264892578,LOS ANGELES,UNINCORPORATED,-118.1111297607422,34.50920486450195
92244555,2023,2023-11-27,9575,2023-11-11,1725,023029,NA,6,2,6,1953,0,1,1,NA,2,064,I-210 W/B (FOOTHILL FREEWAY),ALLEN AVENUE,94,W,N,A,-,Y,LA,NA,210,NA,R,27.393,H,NA,L,N,4,0,1,2,A,-,03,22350,NA,N,C,C,A,A,H,-,C,D,0,NA,NA,NA,NA,Y,NA,A,01,0,0,1,0,0,0,0,0,0,-,-,34.152549743652344,-118.11377716064452,LOS ANGELES,PASADENA,-118.11377716064452,34.15258026123047
92244558,2023,2023-11-27,9545,2023-11-20,800,016124,NA,1,1,9,1900,0,3,5,NA,2,004,AVENUE I,90TH ST EAST,0,NA,Y,A,-,N,NA,NA,NA,NA,NA,NA,NA,NA,NA,Y,4,0,2,2,A,-,12,22450,A,M,D,C,A,A,H,-,A,A,0,NA,NA,NA,NA,Y,NA,A,01,0,0,2,0,0,0,0,0,0,-,-,34.704978942871094,-117.96971893310548,LOS ANGELES,UNINCORPORATED,-117.9697494506836,34.704925537109375
92244571,2023,2023-11-27,9545,2023-11-16,1710,022221,NA,4,2,9,1900,0,3,5,NA,2,004,AVENUE I,110TH ST  E,0,NA,Y,A,-,N,NA,NA,NA,NA,NA,NA,NA,NA,NA,N,4,0,1,2,A,-,03,22350,NA,F,C,A,A,A,H,-,D,D,0,NA,NA,NA,NA,Y,NA,-,-,0,0,1,0,0,0,0,0,0,-,-,34.70476150512695,-117.93418121337892,LOS ANGELES,UNINCORPORATED,-117.93418121337892,34.70474624633789
92244578,2023,2023-11-27,9545,2023-11-17,915,020140,NA,5,1,6,1950,0,1,3,NA,2,021,SR-14 S/B TO PALMDALE BLVD W/B,PALMDALE BLVD,10,N,N,A,-,Y,NA,NA,NA,NA,NA,NA,NA,NA,NA,N,4,0,1,2,A,-,03,22350,NA,N,C,C,A,A,H,-,A,D,0,NA,NA,NA,NA,Y,NA,A,01,0,0,1,0,0,0,0,0,0,-,-,34.58232116699219,-118.13556671142578,LOS ANGELES,PALMDALE,-118.13556671142578,34.58232116699219
92244618,2023,2023-11-27,9565,2023-11-15,1354,021889,NA,3,1,9,1900,0,1,1,NA,2,060,I-405 S/B,120TH ST,100,N,N,C,-,Y,LA,NA,405,NA,R,20.765,H,NA,L,N,4,0,1,2,A,-,03,22350,NA,N,C,C,A,B,H,-,A,D,0,NA,NA,NA,NA,Y,NA,A,07,0,0,1,0,0,0,0,0,0,-,-,33.92409896850586,-118.36872100830078,LOS ANGELES,UNINCORPORATED,-118.36869049072266,33.92409896850586
92244620,2023,2023-11-27,9565,2023-11-15,1455,023150,NA,3,2,9,1900,0,3,5,NA,2,002,EL SEGUNDO BLVD.,WESTERN AVE.,80,E,N,C,-,N,NA,NA,NA,NA,NA,NA,NA,NA,NA,N,4,0,1,2,A,-,03,22350,NA,F,C,C,A,B,H,-,A,A,0,NA,NA,NA,NA,Y,NA,-,99,0,0,1,0,0,0,0,0,0,-,-,33.91653823852539,-118.30870056152344,LOS ANGELES,UNINCORPORATED,-118.3088150024414,33.91645050048828
92244627,2023,2023-11-27,9565,2023-11-15,1500,022923,NA,3,2,9,1900,0,2,4,NA,2,031,LA CIENEGA BOULEVARD SOUTHBOUND TO SLAUSON AVENUE,SLAUSON AVENUE,60,N,N,A,-,N,NA,NA,NA,NA,NA,NA,NA,NA,NA,N,4,0,1,2,A,-,03,22350,NA,N,C,C,A,B,H,-,C,D,0,NA,NA,NA,NA,Y,NA,A,07,0,0,1,0,0,0,0,0,0,-,-,33.98807144165039,-118.37059783935548,LOS ANGELES,UNINCORPORATED,-118.37100982666016,33.988033294677734