CASE_ID,ACCIDENT_YEAR,PROC_DATE,JURIS,COLLISION_DATE,COLLISION_TIME,OFFICER_ID,REPORTING_DISTRICT,DAY_OF_WEEK,CHP_SHIFT,POPULATION,CNTY_CITY_LOC,SPECIAL_COND,BEAT_TYPE,CHP_BEAT_TYPE,CITY_DIVISION_LAPD,CHP_BEAT_CLASS,BEAT_NUMBER,PRIMARY_RD,SECONDARY_RD,DISTANCE,DIRECTION,INTERSECTION,WEATHER_1,WEATHER_2,STATE_HWY_IND,CALTRANS_COUNTY,CALTRANS_DISTRICT,STATE_ROUTE,ROUTE_SUFFIX,POSTMILE_PREFIX,POSTMILE,LOCATION_TYPE,RAMP_INTERSECTION,SIDE_OF_HWY,TOW_AWAY,COLLISION_SEVERITY,NUMBER_KILLED,NUMBER_INJURED,PARTY_COUNT,PRIMARY_COLL_FACTOR,PCF_CODE_OF_VIOL,PCF_VIOL_CATEGORY,PCF_VIOLATION,PCF_VIOL_SUBSECTION,HIT_AND_RUN,TYPE_OF_COLLISION,MVIW,PED_ACTION,ROAD_SURFACE,ROAD_COND_1,ROAD_COND_2,LIGHTING,CONTROL_DEVICE,CHP_ROAD_TYPE,PEDESTRIAN_ACCIDENT,BICYCLE_ACCIDENT,MOTORCYCLE_ACCIDENT,TRUCK_ACCIDENT,NOT_PRIVATE_PROPERTY,ALCOHOL_INVOLVED,STWD_VEHTYPE_AT_FAULT,CHP_VEHTYPE_AT_FAULT,COUNT_SEVERE_INJ,COUNT_VISIBLE_INJ,COUNT_COMPLAINT_PAIN,COUNT_PED_KILLED,COUNT_PED_INJURED,COUNT_BICYCLIST_KILLED,COUNT_BICYCLIST_INJURED,COUNT_MC_KILLED,COUNT_MC_INJURED,PRIMARY_RAMP,SECONDARY_RAMP,LATITUDE,LONGITUDE,COUNTY,CITY,POINT_X,POINT_Y
92248927,2023,2023-11-30,9530,2023-11-14,1830,023457,NA,2,2,9,1900,0,3,5,NA,2,001,61ST STREET (1300 BLOCK),HOOPER AVENUE,165,E,N,A,-,N,NA,NA,NA,NA,NA,NA,NA,NA,NA,N,3,0,1,2,A,-,21,22106,NA,N,D,C,A,A,H,-,C,D,0,NA,NA,NA,NA,Y,NA,A,01,0,1,0,0,0,0,0,0,0,-,-,33.98434066772461,-118.25145721435548,LOS ANGELES,UNINCORPORATED,-118.25157928466795,33.98432159423828
92248933,2023,2023-11-30,9525,2023-11-28,1040,022770,NA,2,1,4,1905,0,1,1,NA,2,203,I-210 W/B (FOOTHILL FWY),AZUSA AVE,290,W,N,A,-,Y,LA,NA,210,NA,R,39.535,H,NA,L,Y,4,0,2,2,A,-,03,22350,NA,N,C,C,A,A,H,-,A,D,0,NA,NA,NA,NA,Y,NA,D,22,0,0,2,0,0,0,0,0,0,-,-,34.120811462402344,-117.90872955322266,LOS ANGELES,AZUSA,-117.90872192382813,34.120826721191406
92248940,2023,2023-11-30,9525,2023-11-27,720,014593,NA,1,1,5,1990,0,1,3,NA,2,601,SR-60 W/B (POMONA FWY),GRAND AVE,1056,W,N,A,-,Y,LA,NA,60,NA,R,24.251,H,NA,L,N,4,0,1,3,A,-,03,22350,NA,N,C,C,A,A,H,-,A,D,0,NA,NA,NA,NA,Y,NA,A,01,0,0,1,0,0,0,0,0,0,-,-,34.00817108154297,-117.82575988769533,LOS ANGELES,DIAMOND BAR,-117.8257064819336,34.00813293457031
92248963,2023,2023-11-30,9580,2023-11-29,1240,018185,NA,3,1,7,1942,0,1,2,NA,2,104,US-101 N/B (VENTURA FREEWAY),SR-27 N/B (TOPANGA CYN. BLVD.),1267,S,N,B,-,Y,LA,NA,101,NA,NA,25.099,H,NA,R,Y,4,0,1,3,A,-,07,21658,A,N,C,2,A,A,H,-,A,D,0,NA,NA,NA,NA,Y,NA,A,01,0,0,1,0,0,0,0,0,0,-,-,34.170249938964844,-118.60154724121094,LOS ANGELES,LOS ANGELES,-118.6015625,34.17018508911133
92248977,2023,2023-11-30,9565,2023-11-28,2308,022097,NA,2,3,7,1942,0,1,1,NA,2,060,I-405 S/B TO LA CIENEGA BLVD OFF-RAMP,IMPERIAL HIGHWAY,200,S,N,A,-,Y,NA,NA,NA,NA,NA,NA,NA,NA,NA,Y,3,0,3,1,A,-,01,23152,A,N,E,I,A,A,H,-,C,D,0,NA,NA,NA,NA,Y,Y,A,07,0,3,0,0,0,0,0,0,0,-,-,33.929168701171875,-118.36943817138672,LOS ANGELES,LOS ANGELES,-118.36943817138672,33.929168701171875
92249011,2023,2023-11-30,9530,2023-11-14,2015,022687,NA,2,2,9,1900,0,3,5,NA,2,002,AVALON BLVD.,124TH ST.,0,NA,Y,A,-,N,NA,NA,NA,NA,NA,NA,NA,NA,NA,Y,4,0,3,4,A,-,09,21802,A,F,D,C,A,A,H,-,C,D,0,NA,NA,NA,NA,Y,NA,A,01,0,0,3,0,0,0,0,0,0,-,-,33.92008972167969,-118.26528930664064,LOS ANGELES,UNINCORPORATED,-118.26522827148438,33.920082092285156
92249046,2023,2023-11-30,9525,2023-11-27,1120,015445,NA,1,1,9,1900,0,1,1,NA,2,106,I-10 W/B (SAN BERNARDINO FWY),HOLT AVE.,4000,E,N,A,-,Y,LA,NA,10,NA,NA,39.723,H,NA,R,N,4,0,1,2,A,-,07,21658,A,N,B,C,A,A,H,-,A,D,0,NA,NA,NA,Y,Y,NA,G,25,0,0,1,0,0,0,0,0,0,-,-,34.06822967529297,-117.85250091552734,LOS ANGELES,UNINCORPORATED,-117.85250091552734,34.068328857421875
9224908,2021,2021-03-11,1942,2021-01-30,1555,40275,0218,6,5,7,1942,0,0,0,B,0,2A39,ECHO PARK AV,LAGUNA AV,150,S,N,A,-,N,NA,NA,NA,NA,NA,NA,NA,NA,NA,N,4,0,1,2,A,-,07,21658,A,N,B,C,A,A,H,-,A,D,0,NA,NA,NA,NA,Y,NA,-,-,0,0,1,0,0,0,0,0,0,-,-,NA,NA,LOS ANGELES,LOS ANGELES,-118.2597885131836,34.07231140136719
92249099,2023,2023-11-30,9575,2023-11-22,325,022477,NA,3,3,9,1900,0,2,4,NA,2,028,MARIPOSA STREET,MARENGO AVENUE,0,NA,Y,A,-,N,NA,NA,NA,NA,NA,NA,NA,NA,NA,N,4,0,1,2,A,-,09,21802,A,N,D,C,A,A,H,-,C,D,0,NA,NA,NA,NA,Y,NA,A,07,0,0,1,0,0,0,0,0,0,-,-,34.19110107421875,-118.14202880859376,LOS ANGELES,UNINCORPORATED,-118.14193725585938,34.19114303588867
92249147,2023,2023-11-30,9525,2023-11-28,1137,022770,NA,2,1,4,1905,0,1,1,NA,2,203,I-210 W/B (FOOTHILL FWY),CITRUS AVENUE,1056,W,N,B,C,Y,LA,NA,210,NA,R,40.383,H,NA,L,N,4,0,1,2,A,-,03,22350,NA,N,C,C,A,A,H,-,A,D,0,NA,NA,NA,Y,Y,NA,G,25,0,0,1,0,0,0,0,0,0,-,-,34.1208381652832,-117.89402770996094,LOS ANGELES,AZUSA,-117.8940200805664,34.12103271484375
9224916,2021,2021-03-08,1942,2021-01-11,2120,38265,0205,1,5,7,1942,0,0,0,B,0,2A5,BELLEVUE AV,N CORONADO ST,21,W,N,A,-,N,NA,NA,NA,NA,NA,NA,NA,NA,NA,N,3,0,1,2,A,-,11,21954,A,N,G,B,D,A,H,-,C,D,0,Y,NA,NA,NA,Y,NA,N,60,0,1,0,0,1,0,0,0,0,-,-,NA,NA,LOS ANGELES,LOS ANGELES,-118.2717742919922,34.075096130371094
92249168,2023,2023-11-30,9565,2023-11-22,1226,022715,NA,3,1,7,1942,0,1,1,NA,2,061,I-405 NORTHBOUND,LA CIENEGA BOULEVARD,50,N,N,A,-,Y,LA,NA,405,NA,NA,23.746,H,NA,R,N,4,0,1,2,A,-,07,21658,A,N,B,C,A,A,H,-,A,D,0,NA,NA,NA,NA,Y,NA,A,01,0,0,1,0,0,0,0,0,0,-,-,33.967220306396484,-118.37095642089844,LOS ANGELES,LOS ANGELES,-118.37100982666016,33.967201232910156
9224920,2021,2021-03-08,1942,2021-01-04,1510,44164,1343,1,5,7,1942,0,0,0,M,0,13A85,MCKINLEY AV,MARTIN LUTHER KING JR,0,NA,Y,A,-,N,NA,NA,NA,NA,NA,NA,NA,NA,NA,Y,3,0,2,3,A,-,12,21453,A,F,D,C,A,A,H,-,A,A,0,NA,NA,NA,NA,Y,NA,A,01,0,1,1,0,0,0,0,0,0,-,-,NA,NA,LOS ANGELES,LOS ANGELES,-118.26084136962892,34.010982513427734
92249221,2023,2023-11-30,9575,2023-10-27,1135,020251,NA,5,1,7,1942,0,1,1,NA,2,050,I-5 N/B (GOLDEN STATE FREEWAY),ZOO DR.,750,S,N,A,-,Y,LA,NA,5,NA,NA,26.305,H,NA,R,Y,4,0,2,3,A,-,03,22350,NA,N,C,2,A,A,H,-,A,D,0,NA,NA,NA,NA,Y,NA,A,01,0,0,2,0,0,0,0,0,0,-,-,34.148380279541016,-118.27944183349608,LOS ANGELES,LOS ANGELES,-118.27940368652344,34.14838790893555
92249236,2023,2023-11-30,9580,2023-11-29,1044,018583,NA,3,1,7,1942,0,1,2,NA,2,103,US-101 S/B (VENTURA FREEWAY),HASKELL AVE,1584,N,N,A,-,Y,LA,NA,101,NA,NA,17.898,H,NA,L,N,4,0,2,3,A,-,03,22350,A,N,B,C,A,A,H,-,A,D,0,NA,NA,NA,NA,Y,NA,D,22,0,0,2,0,0,0,0,0,0,-,-,34.165199279785156,-118.4799575805664,LOS ANGELES,LOS ANGELES,-118.4799575805664,34.16523742675781
9224928,2021,2021-03-08,1942,2021-01-18,1610,39733,1365,1,5,7,1942,0,0,0,M,0,13X28,COMPTON AV,50TH ST,30,S,N,A,-,N,NA,NA,NA,NA,NA,NA,NA,NA,NA,N,4,0,1,2,A,-,09,21801,A,N,D,C,A,A,H,-,A,D,0,NA,NA,NA,NA,Y,NA,A,08,0,0,1,0,0,0,0,0,0,-,-,NA,NA,LOS ANGELES,LOS ANGELES,-118.2477798461914,33.9974479675293
92249285,2023,2023-11-30,9535,2023-11-18,1750,023070,NA,6,2,5,1948,0,1,3,NA,2,600,STATE ROUTE 60 E/B (POMONA FREEWAY),ATLANTIC BLVD,400,E,N,B,-,Y,LA,NA,60,NA,R,4.537,H,NA,R,Y,4,0,2,4,A,-,03,22350,NA,N,C,C,A,A,H,-,C,D,0,NA,NA,NA,NA,Y,NA,A,01,0,0,2,0,0,0,0,0,0,-,-,34.034568786621094,-118.14881134033205,LOS ANGELES,MONTEREY PARK,-118.14885711669922,34.034507751464844
9224929,2021,2021-04-05,1900,2021-01-19,1720,600059,1430,2,5,4,1937,0,0,0,NA,0,141T5,ORANGE AV,NELSON AV,0,NA,Y,B,-,N,NA,NA,NA,NA,NA,NA,NA,NA,NA,Y,3,0,2,2,A,-,09,21800,A,N,D,C,A,A,H,-,C,A,0,NA,NA,NA,Y,Y,NA,A,01,0,1,1,0,0,0,0,0,0,-,-,34.04048156738281,-117.97679901123048,LOS ANGELES,LA PUENTE,-117.97681427001952,34.04041290283203
92249296,2023,2023-11-30,9540,2023-11-22,930,023525,NA,3,1,7,1942,0,1,1,NA,1,405,I-405 SB (SAN DIEGO FREEWAY),SAN FERNANDO MISSION BLVD,315,N,N,A,-,Y,LA,NA,405,NA,NA,47.317,H,NA,L,Y,4,0,1,2,A,-,03,22350,NA,N,C,C,A,A,H,-,A,D,0,NA,NA,NA,NA,Y,NA,D,22,0,0,1,0,0,0,0,0,0,-,-,34.27278137207031,-118.47206878662108,LOS ANGELES,LOS ANGELES,-118.47201538085938,34.272769927978516
92249323,2023,2023-11-30,9550,2023-11-21,1145,023289,NA,2,1,5,1908,0,1,3,NA,2,091,SR-91 WESTBOUND,CLARK AVENUE,750,E,N,A,-,Y,LA,NA,91,NA,R,15.246,H,NA,L,Y,4,0,1,3,A,-,07,21658,A,M,B,C,A,A,H,-,A,D,0,NA,NA,NA,Y,Y,NA,A,01,0,0,1,0,0,0,0,0,0,-,-,33.87665939331055,-118.1318130493164,LOS ANGELES,BELLFLOWER,-118.13179779052734,33.876678466796875
92249339,2023,2023-11-30,9530,2023-11-22,1502,017755,NA,3,2,5,1977,0,1,1,NA,2,410,I-405 S/B (SAN DIEGO FREEWAY),DEL AMO BLVD.,458,N,N,A,-,Y,LA,NA,405,NA,NA,11.997,H,NA,L,N,4,0,1,2,A,-,03,22350,NA,N,C,C,A,A,H,-,A,D,0,NA,NA,NA,NA,Y,NA,A,07,0,0,1,0,0,0,0,0,0,-,-,33.84737014770508,-118.27227020263672,LOS ANGELES,CARSON,-118.27220916748048,33.84742736816406
92249344,2023,2023-11-30,9565,2023-11-14,800,017060,NA,2,1,9,1900,0,1,1,NA,2,060,I-405 SOUTHBOUND (SAN DIEGO FREEWAY),EL SEGUNDO BLVD.,300,N,N,A,-,Y,LA,NA,405,NA,NA,20.641,H,NA,L,N,4,0,1,3,A,-,03,22350,NA,N,C,C,A,A,H,-,A,D,0,NA,NA,NA,NA,Y,NA,A,01,0,0,1,0,0,0,0,0,0,-,-,33.92232894897461,-118.36907196044922,LOS ANGELES,UNINCORPORATED,-118.36901092529295,33.92232131958008
92249350,2023,2023-11-30,9535,2023-11-18,1730,021772,NA,6,2,3,1914,0,1,1,NA,2,501,I-5 S/B (SANTA ANA FREEWAY),SLAUSON AVE,528,N,N,B,-,Y,LA,NA,5,NA,NA,9.88,H,NA,L,N,4,0,1,2,A,-,07,21658,A,M,B,J,A,A,H,-,C,A,0,NA,NA,Y,NA,Y,NA,A,01,0,0,1,0,0,0,0,0,1,-,-,33.97650909423828,-118.12621307373048,LOS ANGELES,COMMERCE,-118.12600708007813,33.97661590576172
9224937,2021,2021-03-09,1900,2021-01-30,1800,654100,2836,6,5,5,1915,0,0,0,NA,0,283T1,WILMINGTON AV,CALDWELL ST,800,S,N,A,-,N,NA,NA,NA,NA,NA,NA,NA,NA,NA,N,4,0,9,2,A,-,09,21801,A,N,-,C,A,A,H,-,C,-,0,NA,NA,NA,NA,Y,NA,D,22,0,0,9,0,0,0,0,0,0,-,-,33.88172149658203,-118.23658752441406,LOS ANGELES,COMPTON,-118.23662567138672,33.88174057006836
92249374,2023,2023-11-30,9535,2023-10-21,2120,023443,NA,6,2,6,1975,0,1,S,NA,2,904,INTERSTATE 10 EASTBOUND (SAN BERNARDINO FREEWAY),PUENTE AVENUE,1573,E,N,A,-,Y,LA,NA,10,NA,NA,33.657,H,NA,R,Y,3,0,1,3,A,-,03,22350,NA,M,C,C,A,A,H,-,D,D,0,NA,NA,NA,NA,Y,NA,A,01,0,1,0,0,0,0,0,0,0,-,-,34.07061004638672,-117.95703887939452,LOS ANGELES,WEST COVINA,-117.95703887939452,34.07060241699219
92249404,2023,2023-11-30,9565,2023-11-19,1629,022923,NA,7,2,7,1942,0,1,1,NA,2,062,I-405 SOUTHBOUND,NATIONAL BOULEVARD,530,N,N,A,-,Y,LA,NA,405,NA,NA,29.31,H,NA,L,Y,4,0,2,3,A,-,01,23153,F,F,B,C,A,A,H,-,B,D,0,NA,NA,NA,NA,Y,NA,A,07,0,0,2,0,0,0,0,0,0,-,-,34.02854919433594,-118.43147277832033,LOS ANGELES,LOS ANGELES,-118.4315185546875,34.02852249145508
9224944,2021,2021-03-08,1942,2021-01-29,0840,34458,1317,5,5,7,1942,0,0,0,M,0,13A9,E 20TH ST,S ALAMEDA ST,0,NA,Y,C,-,N,NA,NA,NA,NA,NA,NA,NA,NA,NA,Y,4,0,1,2,A,-,09,21802,A,F,D,C,A,B,H,-,A,A,0,NA,NA,NA,NA,Y,NA,-,99,0,0,1,0,0,0,0,0,0,-,-,NA,NA,LOS ANGELES,LOS ANGELES,-118.23966217041016,34.018028259277344
92249460,2023,2023-11-30,9550,2023-08-22,2059,022058,NA,2,2,9,1900,0,2,4,NA,1,023,MULBERRY DRIVE,MILLS AVENUE,65,W,N,A,-,N,NA,NA,NA,NA,NA,NA,NA,NA,NA,Y,3,0,4,4,A,-,08,22107,NA,N,C,C,A,A,H,-,C,A,0,NA,NA,NA,NA,Y,NA,D,22,0,1,3,0,0,0,0,0,0,-,-,33.94308090209961,-118.02800750732422,LOS ANGELES,UNINCORPORATED,-118.0277862548828,33.9429931640625
9224953,2021,2021-04-05,1900,2021-01-14,0740,646215,2834,4,5,5,1915,0,0,0,NA,0,282T1,CENTRAL AV,GREENLEAF BL,750,S,N,A,-,N,NA,NA,NA,NA,NA,NA,NA,NA,NA,Y,2,0,1,2,A,-,12,21453,A,N,D,C,A,A,H,-,B,A,0,NA,NA,NA,Y,Y,NA,D,22,1,0,0,0,0,0,0,0,0,-,-,33.87828826904297,-118.24862670898438,LOS ANGELES,COMPTON,-118.24868011474608,33.87830352783203
92249572,2023,2023-11-30,9590,2023-11-19,335,023083,NA,7,3,3,1961,0,1,S,NA,2,904,SR-118 E/B (RONALD REGAN FREEWAY),FOOTHILL BLVD,595,W,N,A,-,Y,LA,NA,118,NA,R,13.821,H,NA,R,N,4,0,1,1,A,-,08,22107,NA,N,E,8,A,A,H,-,C,D,0,NA,NA,NA,NA,Y,Y,A,01,0,0,1,0,0,0,0,0,0,-,-,34.28622817993164,-118.4104232788086,LOS ANGELES,SAN FERNANDO,-118.41038513183594,34.28617858886719
92249591,2023,2023-11-30,9575,2023-11-22,1718,021925,NA,3,2,5,1902,0,1,1,NA,2,065,I-210 E/B (FOOTHILL FREEWAY),BALDWIN AVENUE,2111,E,N,A,-,Y,LA,NA,210,NA,R,31.22,H,NA,R,N,4,0,2,2,A,-,01,23152,A,M,C,C,A,A,H,-,C,D,0,NA,NA,NA,NA,Y,Y,D,22,0,0,2,0,0,0,0,0,0,-,-,34.14870834350586,-118.04315948486328,LOS ANGELES,ARCADIA,-118.04315948486328,34.148712158203125
92249594,2023,2023-11-30,9550,2023-05-26,2252,022597,NA,5,3,9,1900,0,1,1,NA,2,650,INTERSTATE-605 NORTHBOUND,SLAUSON AVE,100,S,N,A,-,Y,LA,NA,605,NA,R,11.532,H,NA,R,Y,4,0,4,4,A,-,08,22107,NA,F,C,C,A,A,H,-,D,D,0,NA,NA,NA,Y,Y,NA,A,01,0,0,4,0,0,0,0,0,0,-,-,33.966861724853516,-118.08350372314452,LOS ANGELES,UNINCORPORATED,-118.08340454101564,33.96683120727539
92249623,2023,2023-11-30,9530,2023-11-29,1520,023562,NA,3,2,9,1900,0,3,5,NA,2,006,VERMONT AVE (22000 BLOCK),220TH ST,8,S,N,A,-,N,NA,NA,NA,NA,NA,NA,NA,NA,NA,N,2,0,1,2,A,-,01,23152,A,N,G,B,B,A,H,-,A,A,0,Y,NA,NA,NA,Y,Y,D,22,1,0,0,0,1,0,0,0,0,-,-,33.82809066772461,-118.29051208496094,LOS ANGELES,UNINCORPORATED,-118.29033660888672,33.82805633544922
9224963,2021,2021-03-19,1910,2021-01-29,1128,03410,NA,5,5,4,1910,0,0,0,NA,0,007,OLYMPIC BL,BEVERWIL DR,47,W,N,C,-,N,NA,NA,NA,NA,NA,NA,NA,NA,NA,Y,4,0,1,2,A,-,03,22350,NA,N,C,C,A,B,H,-,A,D,0,NA,NA,NA,NA,Y,NA,I,11,0,0,1,0,0,0,0,0,0,-,-,NA,NA,LOS ANGELES,BEVERLY HILLS,-118.39925384521484,34.0596809387207
92249639,2023,2023-11-30,9535,2023-11-18,1240,022719,NA,6,1,3,1914,0,1,1,NA,2,500,I-5 N/B (SANTA ANA FREEWAY),WASHINGTON BLVD.,360,S,N,A,-,Y,LA,NA,5,NA,NA,11.494,H,NA,R,Y,4,0,1,2,A,-,03,22350,NA,N,C,C,A,A,H,-,A,D,0,NA,NA,NA,NA,Y,NA,A,01,0,0,1,0,0,0,0,0,0,-,-,33.99436950683594,-118.14402770996094,LOS ANGELES,COMMERCE,-118.1439971923828,33.99439239501953
92249649,2023,2023-11-30,9550,2023-11-16,1815,022498,NA,4,2,3,1964,0,1,1,NA,2,500,I-5 NORTHBOUND TO FLORENCE AVE.,FLORENCE AVE.,500,S,N,A,-,Y,NA,NA,NA,NA,NA,NA,NA,NA,NA,Y,4,0,2,3,A,-,03,22350,NA,N,C,C,A,A,H,-,C,A,0,NA,NA,NA,NA,Y,NA,A,07,0,0,2,0,0,0,0,0,0,-,-,33.9339485168457,-118.09117126464844,LOS ANGELES,SANTA FE SPRINGS,-118.09117126464844,33.9339485168457
92249652,2023,2024-04-01,9575,2023-11-25,1518,023029,NA,6,2,9,1900,0,1,1,NA,2,065,I-210 E/B (FOOTHILL FREEWAY),ROSEMEAD BOULEVARD,688,E,N,A,-,Y,LA,NA,210,NA,R,29.629,H,NA,R,Y,4,0,1,3,A,-,03,22350,NA,M,C,C,A,A,H,-,D,D,0,NA,NA,NA,NA,Y,NA,A,01,0,0,1,0,0,0,0,0,0,-,-,34.148521423339844,-118.07102966308594,LOS ANGELES,UNINCORPORATED,-118.07102966308594,34.14847946166992
92249656,2023,2023-11-30,9535,2023-11-18,2235,023443,NA,6,3,9,1900,0,2,4,NA,2,025,ATLANTIC BLVD.,VERONA ST,0,NA,Y,B,-,N,NA,NA,NA,NA,NA,NA,NA,NA,NA,N,3,0,1,2,A,-,11,21950,B,F,G,B,B,B,H,-,C,A,0,Y,NA,NA,NA,Y,NA,N,60,0,1,0,0,1,0,0,0,0,-,-,34.018341064453125,-118.15802001953124,LOS ANGELES,UNINCORPORATED,-118.15795135498048,34.01823425292969
92249659,2023,2023-11-30,9535,2023-10-11,610,023297,NA,3,1,9,1900,0,1,1,NA,2,070,I-710 N/B (LONG BEACH FWY),FLORAL DR,300,N,N,A,-,Y,LA,NA,710,NA,NA,25.559,H,NA,R,N,3,0,1,2,A,-,07,21658,A,N,B,C,A,A,H,-,A,D,0,NA,NA,Y,NA,Y,NA,D,22,0,1,0,0,0,0,0,0,1,-,-,34.04887008666992,-118.16661834716795,LOS ANGELES,UNINCORPORATED,-118.16664886474608,34.048885345458984
9224969,2021,2021-04-05,1942,2021-01-05,1015,37540,0233,2,5,7,1942,0,0,0,B,0,2A17,BEVERLY BL,N RAMPART BL,0,NA,Y,A,-,N,NA,NA,NA,NA,NA,NA,NA,NA,NA,Y,3,0,5,3,A,-,12,21453,A,N,D,C,A,A,H,-,A,A,0,NA,NA,NA,NA,Y,NA,A,07,0,1,4,0,0,0,0,0,0,-,-,NA,NA,LOS ANGELES,LOS ANGELES,-118.2768325805664,34.06949234008789
92249716,2023,2023-12-01,9540,2023-11-29,650,021118,NA,3,1,7,1942,0,1,1,NA,1,503,I-5 S/B,BALBOA BLVD,885,S,N,B,-,Y,LA,NA,5,NA,R,44.254,H,NA,L,Y,4,0,1,2,A,-,08,22107,NA,N,C,E,A,A,H,-,A,D,0,NA,NA,NA,NA,Y,NA,D,22,0,0,1,0,0,0,0,0,0,-,-,34.319278717041016,-118.4938735961914,LOS ANGELES,LOS ANGELES,-118.49380493164064,34.31934356689453
92249722,2023,2023-12-01,9545,2023-11-24,1320,022949,NA,5,1,6,1992,0,1,3,NA,2,011,SR-14 N/B,AVENUE H,50,N,N,A,-,Y,LA,NA,14,NA,R,70.01,H,NA,R,Y,4,0,2,3,A,-,03,22350,NA,N,C,C,A,A,D,E,A,D,0,NA,NA,NA,Y,Y,NA,G,25,0,0,2,0,0,0,0,0,0,-,-,34.71900177001953,-118.16999053955078,LOS ANGELES,LANCASTER,-118.16999816894533,34.71900177001953
9224973,2021,2021-04-05,1942,2021-01-05,0940,34458,0237,2,5,7,1942,0,0,0,B,0,2A39,LUCAS AV,W 3RD ST,100,N,N,A,-,N,NA,NA,NA,NA,NA,NA,NA,NA,NA,Y,3,0,1,3,A,-,03,22350,NA,N,C,E,A,A,H,-,A,D,0,NA,NA,NA,Y,Y,NA,A,01,0,1,0,0,0,0,0,0,0,-,-,NA,NA,LOS ANGELES,LOS ANGELES,-118.261474609375,34.05854415893555
92249759,2023,2023-12-01,9580,2023-11-21,955,019952,NA,2,1,7,1942,0,1,2,NA,2,105,US-101 S/B (VENTURA FREEWAY),BURBANK BLVD,75,N,N,A,-,Y,LA,NA,101,NA,NA,21.057,H,NA,L,N,3,0,1,3,A,-,03,22350,NA,N,C,C,A,A,H,-,A,D,0,NA,NA,NA,NA,Y,NA,A,01,0,1,0,0,0,0,0,0,0,-,-,34.172119140625,-118.53280639648438,LOS ANGELES,LOS ANGELES,-118.53277587890624,34.17216873168945
92249764,2023,2023-12-01,9525,2023-11-30,1809,020216,NA,4,2,9,1900,0,3,5,NA,2,001,FAIRGREEN AVE. (2400 BLOCK),JEFFRIES AVE.,400,N,N,B,-,N,NA,NA,NA,NA,NA,NA,NA,NA,NA,Y,3,0,1,2,A,-,21,22106,NA,N,C,E,A,A,H,-,C,D,0,NA,NA,NA,NA,Y,NA,A,07,0,1,0,0,0,0,0,0,0,-,-,34.12007141113281,-118.00788879394533,LOS ANGELES,UNINCORPORATED,-118.00791168212892,34.11998748779297
92249766,2023,2023-12-01,9540,2023-11-21,808,018208,NA,2,1,3,1961,0,1,1,NA,1,502,I-5 N/B (GOLDEN STATE FREEWAY),BALBOA BLVD,1584,N,N,A,-,Y,LA,NA,5,NA,R,44.73,H,NA,R,Y,3,0,1,4,A,-,03,22350,NA,N,C,C,A,A,H,-,A,D,0,NA,NA,NA,NA,Y,NA,A,01,0,1,0,0,0,0,0,0,0,-,-,34.32352066040039,-118.50048828125,LOS ANGELES,SAN FERNANDO,-118.50045776367188,34.32355499267578
92249769,2023,2023-12-01,9525,2023-11-29,1700,020216,NA,3,2,1,1934,0,1,1,NA,2,203,I-210 W/B (FOOTHILL FWY),VERNON AVE.,528,W,N,B,-,Y,LA,NA,210,NA,R,38.837,H,NA,L,Y,4,0,1,2,A,-,07,21658,A,N,B,C,A,A,H,-,A,D,0,NA,NA,NA,NA,Y,NA,A,07,0,0,1,0,0,0,0,0,0,-,-,34.127540588378906,-117.91758728027344,LOS ANGELES,IRWINDALE,-117.91759490966795,34.12752914428711
9224977,2021,2021-03-08,1942,2021-01-08,1935,44198,0257,5,5,7,1942,0,0,0,B,0,2A47,6TH ST,VALENCIA ST,0,NA,Y,A,-,N,NA,NA,NA,NA,NA,NA,NA,NA,NA,N,4,0,1,3,A,-,12,21453,A,N,B,B,F,A,H,-,C,A,0,Y,NA,NA,NA,Y,NA,I,20,0,0,1,0,0,0,0,0,0,-,-,NA,NA,LOS ANGELES,LOS ANGELES,-118.26731872558594,34.056251525878906
92249770,2023,2023-12-01,9535,2023-11-21,28,023443,NA,2,3,6,1922,0,1,1,NA,2,401,I-10 W/B (SAN BERNARDINO FREEWAY),VALLEY BLVD,1622,W,N,A,-,Y,LA,NA,10,NA,NA,29.226,H,NA,L,Y,2,0,1,1,A,-,01,23152,A,M,E,I,A,A,H,-,D,D,0,NA,NA,NA,NA,Y,Y,A,01,1,0,0,0,0,0,0,0,0,-,-,34.06795883178711,-118.0327606201172,LOS ANGELES,EL MONTE,-118.0327606201172,34.06804275512695
92249781,2023,2023-12-01,9525,2023-11-18,1225,023416,NA,6,1,6,1975,0,3,5,NA,2,003,LA PUENTE ROAD,COTTONWOOD CIRCLE,50,W,N,A,-,N,NA,NA,NA,NA,NA,NA,NA,NA,NA,N,4,0,1,4,A,-,03,22350,NA,N,C,2,A,A,H,-,A,D,0,NA,NA,NA,NA,Y,NA,A,07,0,0,1,0,0,0,0,0,0,-,-,34.010501861572266,-117.8828582763672,LOS ANGELES,WEST COVINA,-117.8828582763672,34.010562896728516