CASE_ID,ACCIDENT_YEAR,PROC_DATE,JURIS,COLLISION_DATE,COLLISION_TIME,OFFICER_ID,REPORTING_DISTRICT,DAY_OF_WEEK,CHP_SHIFT,POPULATION,CNTY_CITY_LOC,SPECIAL_COND,BEAT_TYPE,CHP_BEAT_TYPE,CITY_DIVISION_LAPD,CHP_BEAT_CLASS,BEAT_NUMBER,PRIMARY_RD,SECONDARY_RD,DISTANCE,DIRECTION,INTERSECTION,WEATHER_1,WEATHER_2,STATE_HWY_IND,CALTRANS_COUNTY,CALTRANS_DISTRICT,STATE_ROUTE,ROUTE_SUFFIX,POSTMILE_PREFIX,POSTMILE,LOCATION_TYPE,RAMP_INTERSECTION,SIDE_OF_HWY,TOW_AWAY,COLLISION_SEVERITY,NUMBER_KILLED,NUMBER_INJURED,PARTY_COUNT,PRIMARY_COLL_FACTOR,PCF_CODE_OF_VIOL,PCF_VIOL_CATEGORY,PCF_VIOLATION,PCF_VIOL_SUBSECTION,HIT_AND_RUN,TYPE_OF_COLLISION,MVIW,PED_ACTION,ROAD_SURFACE,ROAD_COND_1,ROAD_COND_2,LIGHTING,CONTROL_DEVICE,CHP_ROAD_TYPE,PEDESTRIAN_ACCIDENT,BICYCLE_ACCIDENT,MOTORCYCLE_ACCIDENT,TRUCK_ACCIDENT,NOT_PRIVATE_PROPERTY,ALCOHOL_INVOLVED,STWD_VEHTYPE_AT_FAULT,CHP_VEHTYPE_AT_FAULT,COUNT_SEVERE_INJ,COUNT_VISIBLE_INJ,COUNT_COMPLAINT_PAIN,COUNT_PED_KILLED,COUNT_PED_INJURED,COUNT_BICYCLIST_KILLED,COUNT_BICYCLIST_INJURED,COUNT_MC_KILLED,COUNT_MC_INJURED,PRIMARY_RAMP,SECONDARY_RAMP,LATITUDE,LONGITUDE,COUNTY,CITY,POINT_X,POINT_Y
92252398,2023,2023-12-04,9580,2023-11-30,1905,021236,NA,4,2,9,1900,0,1,3,NA,1,270,SR-27 N/B (TOPANGA CYN. BLVD.),SR-1 N/B (PACIFIC COAST HWY.),7920,N,N,A,-,N,NA,NA,NA,NA,NA,NA,NA,NA,NA,Y,4,0,1,1,A,-,08,22107,NA,N,E,I,A,A,H,-,D,D,0,NA,NA,Y,NA,Y,NA,C,02,0,0,1,0,0,0,0,0,1,-,-,34.050540924072266,-118.58099365234376,LOS ANGELES,UNINCORPORATED,-118.58095550537108,34.050594329833984
92252414,2023,2023-12-05,9580,2023-12-01,1258,022572,NA,5,1,7,1942,0,1,1,NA,2,404,I-405 N/B (SAN DIEGO FWY),BURBANK BLVD,40,S,N,A,-,Y,LA,NA,405,NA,NA,40.264,H,NA,R,N,4,0,1,1,A,-,08,22107,NA,N,E,I,A,A,H,-,A,D,0,NA,NA,NA,NA,Y,NA,A,01,0,0,1,0,0,0,0,0,0,-,-,34.17182922363281,-118.4674072265625,LOS ANGELES,LOS ANGELES,-118.46754455566406,34.17182922363281
92252415,2023,2023-12-05,9565,2023-11-22,1605,023173,NA,3,2,9,1900,0,2,4,NA,2,022,NORMANDIE AVENUE,97TH STREET,0,NA,Y,A,-,N,NA,NA,NA,NA,NA,NA,NA,NA,NA,N,2,0,1,2,A,-,09,21802,A,N,D,C,A,A,H,-,A,A,0,NA,NA,Y,NA,Y,NA,C,02,1,0,0,0,0,0,0,0,1,-,-,33.94778060913086,-118.30023193359376,LOS ANGELES,UNINCORPORATED,-118.30027770996094,33.94773864746094
92252427,2023,2023-12-05,9535,2023-11-18,550,022842,NA,6,3,5,1952,0,1,1,NA,2,074,I-710 N/B (LONG BEACH FREEWAY),COMPTON BOULEVARD,244,N,N,B,-,Y,LA,NA,710,NA,NA,14.499,H,NA,R,N,2,0,1,2,A,-,08,22107,NA,F,G,B,E,A,H,-,D,D,0,Y,NA,NA,NA,Y,NA,-,99,1,0,0,0,1,0,0,0,0,-,-,33.89699935913086,-118.18720245361328,LOS ANGELES,PARAMOUNT,-118.18732452392578,33.89701461791992
92252429,2023,2023-12-05,9535,2023-11-17,645,023448,NA,5,1,9,1900,0,1,1,NA,2,071,I-710 S/B (LONG BEACH FREEWAY),HUMPHREYS AVE,675,S,N,A,-,Y,LA,NA,710,NA,NA,24.095,H,NA,L,Y,4,0,1,2,A,-,03,22350,NA,N,C,C,A,A,H,-,A,D,0,NA,NA,NA,NA,Y,NA,D,22,0,0,1,0,0,0,0,0,0,-,-,34.0283203125,-118.1723403930664,LOS ANGELES,UNINCORPORATED,-118.17228698730467,34.0283088684082
92252430,2023,2023-12-05,9535,2023-11-18,1207,023448,NA,6,1,9,1900,0,1,1,NA,2,071,I-710 S/B FROM EASTERN AVE,NORTH EDGE OF OLYMPIC BLVD,11,S,N,A,-,Y,LA,NA,710,NA,NA,23.453,H,NA,L,N,4,0,1,2,A,-,03,22350,NA,N,C,C,A,A,H,-,A,A,0,NA,NA,NA,NA,Y,NA,A,08,0,0,1,0,0,0,0,0,0,-,-,34.01898956298828,-118.17368316650392,LOS ANGELES,UNINCORPORATED,-118.1735382080078,34.01898956298828
92252433,2023,2023-12-05,9565,2023-12-03,655,023564,NA,7,1,5,1928,0,1,1,NA,2,010,I-105 EASTBOUND,HAWTHORNE BOULEVARD,350,W,N,A,-,Y,LA,NA,105,NA,R,2.967,H,NA,R,Y,4,0,1,2,A,-,01,23152,A,N,B,2,A,A,H,-,A,D,0,NA,NA,NA,NA,Y,Y,A,01,0,0,1,0,0,0,0,0,0,-,-,33.93341827392578,-118.35407257080078,LOS ANGELES,HAWTHORNE,-118.35407257080078,33.933467864990234
92252435,2023,2023-12-05,9565,2023-11-22,2201,023014,NA,3,3,9,1900,0,2,4,NA,1,032,SLAUSON AVENUE,ANGELES VISTA BOULEVARD,150,W,N,C,-,N,NA,NA,NA,NA,NA,NA,NA,NA,NA,N,2,0,1,2,A,-,11,21954,A,N,G,B,D,B,H,-,C,D,0,Y,NA,NA,NA,Y,NA,N,60,1,0,0,0,1,0,0,0,0,-,-,33.98897171020508,-118.35299682617188,LOS ANGELES,UNINCORPORATED,-118.3522720336914,33.9888801574707
92252438,2023,2023-12-05,9565,2023-11-14,1733,021889,NA,2,2,9,1900,0,1,1,NA,2,060,I-405 S/B,120TH ST,500,N,N,A,-,Y,LA,NA,405,NA,R,20.994,H,NA,L,N,4,0,1,2,A,-,03,22350,NA,N,C,C,A,A,H,-,C,D,0,NA,NA,NA,NA,Y,NA,D,22,0,0,1,0,0,0,0,0,0,-,-,33.92741012573242,-118.3685302734375,LOS ANGELES,UNINCORPORATED,-118.36856079101564,33.92741012573242
9225246,2021,2021-03-05,1941,2021-01-28,0928,7580,NA,4,5,7,1941,0,0,0,NA,0,NA,EAGLE ST,PINE AV,0,NA,Y,A,-,N,NA,NA,NA,NA,NA,NA,NA,NA,NA,Y,4,0,2,2,A,-,12,22450,A,N,D,C,A,A,H,-,A,A,0,NA,NA,NA,NA,Y,NA,A,NA,0,0,2,0,0,0,0,0,0,-,-,NA,NA,LOS ANGELES,LONG BEACH,-118.1925811767578,33.79985046386719
9225247,2021,2021-03-05,1941,2021-01-28,2232,11134,NA,4,5,7,1941,0,0,0,NA,0,NA,LAKEWOOD BL,CONANT ST,340,N,N,C,-,N,NA,NA,NA,NA,NA,NA,NA,NA,NA,Y,2,0,1,1,D,-,00,NA,NA,N,A,I,A,B,G,-,C,D,0,NA,NA,NA,NA,Y,NA,-,-,1,0,0,0,0,0,0,0,0,-,-,NA,NA,LOS ANGELES,LONG BEACH,-118.14266967773438,33.826011657714844
9225248,2021,2021-03-05,1941,2021-01-28,1414,5615,NA,4,5,7,1941,0,0,0,NA,0,NA,CHERRY AV,60TH ST,124,S,N,B,-,N,NA,NA,NA,NA,NA,NA,NA,NA,NA,Y,2,0,1,6,A,-,07,21658,A,N,C,C,A,A,H,-,A,D,0,NA,NA,NA,NA,Y,NA,D,NA,1,0,0,0,0,0,0,0,0,-,-,NA,NA,LOS ANGELES,LONG BEACH,-118.16858673095705,33.863868713378906
9225249,2021,2021-03-05,1941,2021-01-28,0912,5661,NA,4,5,7,1941,0,0,0,NA,0,NA,ANAHEIM,REDONDO,0,NA,Y,A,-,N,NA,NA,NA,NA,NA,NA,NA,NA,NA,N,4,0,1,2,A,-,09,21801,A,N,D,C,A,A,H,-,A,A,0,NA,NA,NA,NA,Y,NA,A,NA,0,0,1,0,0,0,0,0,0,-,-,NA,NA,LOS ANGELES,LONG BEACH,-118.15242004394533,33.782596588134766
9225250,2021,2021-03-05,1941,2021-01-26,1444,11349,NA,2,5,7,1941,0,0,0,NA,0,NA,BELLFLOWER BL,SPRING ST,0,NA,Y,A,-,N,NA,NA,NA,NA,NA,NA,NA,NA,NA,Y,4,0,3,2,A,-,12,21453,A,N,D,C,A,A,H,-,A,A,0,NA,NA,NA,NA,Y,NA,A,NA,0,0,3,0,0,0,0,0,0,-,-,NA,NA,LOS ANGELES,LONG BEACH,-118.12532806396484,33.81047058105469
9225251,2021,2021-03-05,1941,2021-01-26,1336,11347,NA,2,5,7,1941,0,0,0,NA,0,NA,PALO VERDE AV,SPRING ST,0,NA,Y,A,-,N,NA,NA,NA,NA,NA,NA,NA,NA,NA,Y,3,0,3,5,A,-,12,21453,A,N,D,B,F,A,H,-,A,A,0,Y,NA,NA,NA,Y,NA,A,NA,0,2,1,0,1,0,0,0,0,-,-,NA,NA,LOS ANGELES,LONG BEACH,-118.1078872680664,33.81041717529297
9225252,2021,2021-03-05,1941,2021-01-24,2328,11515,NA,7,5,7,1941,0,0,0,NA,0,NA,ATLANTIC AV,31ST ST,0,NA,Y,A,-,N,NA,NA,NA,NA,NA,NA,NA,NA,NA,N,3,0,1,2,A,-,09,21804,A,N,C,C,A,B,H,-,C,A,0,NA,NA,NA,NA,Y,NA,A,NA,0,1,0,0,0,0,0,0,0,-,-,NA,NA,LOS ANGELES,LONG BEACH,-118.18502807617188,33.8134765625
9225253,2021,2021-03-08,1941,2021-01-12,1719,10009,NA,2,5,7,1941,0,0,0,NA,0,NA,CHERRY AV,CHERRY AV 5580,0,W,-,A,-,N,NA,NA,NA,NA,NA,NA,NA,NA,NA,Y,4,0,1,1,D,-,00,NA,NA,N,A,I,A,A,H,-,A,D,0,NA,NA,NA,NA,Y,NA,-,-,0,0,1,0,0,0,0,0,0,-,-,NA,NA,LOS ANGELES,LONG BEACH,-118.16854858398438,33.857177734375
9225254,2021,2021-03-05,1942,2021-01-28,1610,40690,1269,4,5,7,1942,0,0,0,L,0,12A69,E 83RD ST,S CENTRAL AV,0,NA,Y,B,-,N,NA,NA,NA,NA,NA,NA,NA,NA,NA,Y,4,0,2,5,A,-,01,23152,A,N,C,C,A,A,H,-,A,A,0,NA,NA,NA,NA,Y,Y,A,01,0,0,2,0,0,0,0,0,0,-,-,NA,NA,LOS ANGELES,LOS ANGELES,-118.25643157958984,33.963802337646484
9225255,2021,2021-03-05,1942,2021-01-09,2220,39360,1844,6,5,7,1942,0,0,0,R,0,18A63,AVALON BL,E IMPERIAL HWY,174,N,N,A,-,N,NA,NA,NA,NA,NA,NA,NA,NA,NA,Y,2,0,2,2,A,-,03,22350,NA,N,D,C,A,A,H,-,C,A,0,NA,NA,NA,NA,Y,NA,A,01,1,0,1,0,0,0,0,0,0,-,-,NA,NA,LOS ANGELES,LOS ANGELES,-118.26519012451172,33.9315185546875
9225256,2021,2021-03-05,1942,2021-01-10,1630,42982,1824,7,5,7,1942,0,0,0,R,0,12X18,104TH ST,CLOVIS,0,NA,Y,A,-,N,NA,NA,NA,NA,NA,NA,NA,NA,NA,N,2,0,1,2,A,-,12,22450,NA,F,D,C,A,A,H,-,A,A,0,NA,NA,NA,NA,Y,NA,-,99,1,0,0,0,0,0,0,0,0,-,-,NA,NA,LOS ANGELES,LOS ANGELES,-118.25657653808594,33.941871643066406
9225257,2021,2021-03-05,1942,2021-01-20,1200,38326,1654,3,5,7,1942,0,0,0,P,0,16A23,GLENOAKS BL,OSBORNE PL,100,S,N,A,-,N,NA,NA,NA,NA,NA,NA,NA,NA,NA,N,4,0,1,2,A,-,21,22106,NA,N,C,C,A,A,H,-,A,D,0,NA,NA,NA,NA,Y,NA,A,01,0,0,1,0,0,0,0,0,0,-,-,NA,NA,LOS ANGELES,LOS ANGELES,-118.39874267578124,34.26161193847656
9225258,2021,2021-03-05,1941,2021-01-30,1533,10909,NA,6,5,7,1941,0,0,0,NA,0,NA,PACIFIC COAST HWY,LEWIS AV,0,NA,Y,A,-,N,NA,NA,NA,NA,NA,NA,NA,NA,NA,Y,2,0,2,2,A,-,07,21658,NA,F,B,C,A,A,H,-,A,-,0,NA,NA,NA,NA,Y,NA,A,NA,1,0,1,0,0,0,0,0,0,-,-,NA,NA,LOS ANGELES,LONG BEACH,-118.17958831787108,33.789859771728516
9225259,2021,2021-03-05,1941,2021-01-27,1905,5615,NA,3,5,7,1941,0,0,0,NA,0,NA,7TH ST,CHESTNUT AV,150,W,N,B,-,N,NA,NA,NA,NA,NA,NA,NA,NA,NA,N,4,0,1,2,A,-,10,21952,NA,F,G,B,E,A,H,-,C,D,0,Y,NA,NA,NA,Y,NA,A,NA,0,0,1,0,1,0,0,0,0,-,-,NA,NA,LOS ANGELES,LONG BEACH,-118.19685363769533,33.775352478027344
92252685,2023,2023-12-05,9530,2023-11-23,10,021582,NA,4,3,7,1941,0,1,1,NA,2,071,I-710 N/B (LONG BEACH FREEWAY),LONG BEACH BLVD.,528,N,N,A,-,Y,LA,NA,710,NA,NA,12.203,H,NA,R,Y,3,0,1,2,D,-,00,NA,NA,N,C,C,A,A,H,-,D,D,0,NA,NA,NA,Y,Y,NA,-,-,0,1,0,0,0,0,0,0,0,-,-,33.86492919921875,-118.1977081298828,LOS ANGELES,LONG BEACH,-118.19771575927734,33.864933013916016
9225269,2021,2021-03-05,1942,2021-01-30,0225,44365,0985,6,5,7,1942,0,0,0,I,0,9A89W3,GREENLEAF ST,BEVERLY GLEN BL,0,NA,N,A,-,N,NA,NA,NA,NA,NA,NA,NA,NA,NA,N,4,0,1,2,A,-,11,21954,A,N,G,B,D,A,H,-,C,D,0,Y,NA,NA,NA,Y,NA,N,60,0,0,1,0,1,0,0,0,0,-,-,NA,NA,LOS ANGELES,LOS ANGELES,-118.44654846191406,34.14772033691406
92252694,2023,2023-12-05,9530,2023-11-23,1150,022696,NA,4,1,7,1942,0,1,1,NA,2,400,I-405 S/B (SAN DIEGO FREEWAY),WESTERN AVE.,400,S,N,A,-,Y,LA,NA,405,NA,NA,14.343,H,NA,L,Y,3,0,1,1,A,-,08,22107,NA,N,A,I,A,A,H,-,A,D,0,NA,NA,NA,NA,Y,NA,A,01,0,1,0,0,0,0,0,0,0,-,-,33.859619140625,-118.30789947509766,LOS ANGELES,LOS ANGELES,-118.30789947509766,33.859718322753906
9225270,2021,2021-03-05,1942,2021-01-30,1255,38947,1583,6,5,7,1942,0,0,0,O,0,15A85,VALLEYHEART DR,LAUREL CANYON BL,14,E,N,A,-,N,NA,NA,NA,NA,NA,NA,NA,NA,NA,Y,4,0,3,2,A,-,05,21650,NA,N,E,I,A,A,H,-,A,D,0,NA,NA,NA,NA,Y,NA,A,01,0,0,3,0,0,0,0,0,0,-,-,NA,NA,LOS ANGELES,LOS ANGELES,-118.39627075195313,34.14638137817383
9225271,2021,2021-03-05,1942,2021-01-27,2355,39410,1689,3,5,7,1942,0,0,0,P,0,16A81,SUNLAND BL,SAN FERNANDO RD,0,NA,Y,A,-,N,NA,NA,NA,NA,NA,NA,NA,NA,NA,Y,4,0,2,2,A,-,12,21453,A,N,D,C,A,A,H,-,C,A,0,NA,NA,NA,NA,Y,NA,A,01,0,0,2,0,0,0,0,0,0,-,-,NA,NA,LOS ANGELES,LOS ANGELES,-118.36898803710938,34.21910858154297
92252715,2023,2023-12-05,9530,2023-12-01,1830,022999,NA,5,2,9,1900,0,3,5,NA,2,001,FLORENCE AVE.,SANTA FE AVE.,0,NA,Y,A,-,N,NA,NA,NA,NA,NA,NA,NA,NA,NA,N,3,0,2,3,A,-,01,23152,A,F,D,C,A,A,H,-,C,A,0,NA,NA,NA,NA,Y,Y,D,22,0,1,1,0,0,0,0,0,0,-,-,33.97475814819336,-118.23030853271484,LOS ANGELES,UNINCORPORATED,-118.23029327392578,33.9747314453125
9225272,2021,2021-03-05,1942,2021-01-26,1450,38947,0981,2,5,7,1942,0,0,0,I,0,9A89,N SEPULVEDA BL,SUTTON ST,197,S,N,A,-,N,NA,NA,NA,NA,NA,NA,NA,NA,NA,N,2,0,1,2,A,-,11,21950,B,N,G,B,D,A,H,-,A,D,0,Y,NA,NA,NA,Y,NA,N,60,1,0,0,0,1,0,0,0,0,-,-,NA,NA,LOS ANGELES,LOS ANGELES,-118.46762084960938,34.149452209472656
9225273,2021,2021-03-05,1942,2021-01-22,2320,44365,0914,5,5,7,1942,0,0,0,I,0,9A23W3,SHERMAN WY,SEPULVEDA BL,200,E,N,A,-,N,NA,NA,NA,NA,NA,NA,NA,NA,NA,Y,4,0,1,4,A,-,03,22350,NA,N,B,C,A,A,H,-,C,D,0,NA,NA,NA,NA,Y,NA,A,01,0,0,1,0,0,0,0,0,0,-,-,NA,NA,LOS ANGELES,LOS ANGELES,-118.46553802490234,34.20111846923828
92252732,2023,2023-12-20,9550,2023-08-04,1800,023212,NA,5,2,9,1900,0,2,4,NA,1,052,COLIMA RD,BATSON AVE,206,W,N,A,-,N,NA,NA,NA,NA,NA,NA,NA,NA,NA,N,2,0,1,2,A,-,03,22350,NA,F,H,G,A,A,H,-,A,D,0,NA,Y,NA,NA,Y,NA,-,99,1,0,0,0,0,0,1,0,0,-,-,33.988460540771484,-117.90460205078124,LOS ANGELES,UNINCORPORATED,-117.90459442138672,33.98829650878906
92252736,2023,2023-12-05,9550,2023-11-23,2300,022268,NA,4,3,9,1900,0,3,5,NA,2,005,GALE AVENUE,ACCESS ROAD,0,NA,Y,A,-,N,NA,NA,NA,NA,NA,NA,NA,NA,NA,Y,4,0,1,2,D,-,00,NA,NA,N,D,C,A,A,H,-,C,A,0,NA,NA,NA,NA,Y,NA,-,-,0,0,1,0,0,0,0,0,0,-,-,33.995399475097656,-117.89095306396484,LOS ANGELES,UNINCORPORATED,NA,NA
9225274,2021,2021-03-05,1942,2021-01-20,1645,44196,1028,3,5,7,1942,0,0,0,J,0,10X8,BALBOA BL,HAYNES ST,0,NA,Y,A,-,N,NA,NA,NA,NA,NA,NA,NA,NA,NA,Y,4,0,2,2,A,-,09,21801,A,N,D,C,A,A,H,-,B,D,0,NA,NA,NA,NA,Y,NA,A,01,0,0,2,0,0,0,0,0,0,-,-,NA,NA,LOS ANGELES,LOS ANGELES,-118.50110626220705,34.189308166503906
92252743,2023,2023-12-05,9540,2023-12-03,1820,021190,NA,7,2,9,1900,0,2,4,NA,2,012,PICO CANYON ROAD,MARIOTT WAY,25,E,N,A,-,N,NA,NA,NA,NA,NA,NA,NA,NA,NA,N,4,0,1,2,A,-,03,22350,NA,N,C,C,A,A,H,-,C,A,0,NA,NA,NA,NA,Y,NA,D,22,0,0,1,0,0,0,0,0,0,-,-,34.38010025024414,-118.56861114501952,LOS ANGELES,UNINCORPORATED,-118.56874847412108,34.38013458251953
9225275,2021,2021-03-12,1942,2021-01-19,1900,42481,NA,2,5,7,1942,0,0,0,NA,0,10EL2,HASKELL AV,RT 405,0,NA,Y,A,-,Y,LA,7,405,-,-,41.481,R,4,S,N,4,0,1,2,A,-,09,21801,A,N,B,C,A,A,H,-,C,A,0,NA,NA,Y,NA,Y,NA,A,08,0,0,1,0,0,0,0,0,1,-,SO,NA,NA,LOS ANGELES,LOS ANGELES,-118.47432708740234,34.18817138671875
92252767,2023,2023-12-05,9580,2023-11-27,1101,018431,NA,1,1,7,1942,0,1,3,NA,2,118,SR-118 E/B (RONALD REAGAN FWY),ROCKY PEAK RD.,1000,E,N,A,-,Y,LA,NA,118,NA,R,0,H,NA,R,N,4,0,1,2,A,-,03,22350,NA,N,B,C,A,A,H,-,A,D,0,NA,NA,NA,NA,Y,NA,A,01,0,0,1,0,0,0,0,0,0,-,-,34.2696418762207,-118.63345336914064,LOS ANGELES,LOS ANGELES,-118.63339233398438,34.269588470458984
9225279,2021,2021-03-05,1942,2021-01-29,1840,41729,1245,5,5,7,1942,0,0,0,L,0,12A45,S NORMANDIE AV,W 65TH PL,0,NA,Y,A,-,N,NA,NA,NA,NA,NA,NA,NA,NA,NA,N,4,0,3,2,A,-,04,21703,NA,F,C,C,A,A,H,-,A,D,0,NA,NA,NA,NA,Y,NA,-,99,0,0,3,0,0,0,0,0,0,-,-,NA,NA,LOS ANGELES,LOS ANGELES,-118.30027770996094,33.97982406616211
92252792,2023,2023-12-05,9550,2023-11-25,1840,022909,NA,6,2,5,1952,0,1,1,NA,2,151,I-105 E/B,MERKEL AVE,50,W,N,A,-,Y,LA,NA,105,NA,R,14.925,H,NA,R,N,4,0,1,2,A,-,03,22350,NA,N,C,C,A,A,H,-,C,D,0,NA,NA,NA,NA,Y,NA,A,01,0,0,1,0,0,0,0,0,0,-,-,33.91212844848633,-118.15524291992188,LOS ANGELES,PARAMOUNT,-118.1552505493164,33.91221618652344
92252797,2023,2023-12-05,9580,2023-11-30,1853,022632,NA,4,2,7,1942,0,1,3,NA,2,171,SR-170 S/B (HOLLYWOOD FWY.) TO LAUREL CANYON BLVD,LAUREL CANYON BLVD,15,W,N,A,-,Y,NA,NA,NA,NA,NA,NA,NA,NA,NA,N,4,0,2,2,A,-,03,22350,NA,N,C,C,A,A,H,-,A,D,0,NA,NA,NA,NA,Y,NA,D,22,0,0,2,0,0,0,0,0,0,-,-,34.180870056152344,-118.39674377441406,LOS ANGELES,LOS ANGELES,-118.39674377441406,34.180870056152344
9225280,2021,2021-03-10,1942,2021-01-17,1145,42979,258,7,5,7,1942,0,0,0,NA,0,3A62,79TH ST,MAIN ST,0,NA,Y,A,-,N,NA,NA,NA,NA,NA,NA,NA,NA,NA,N,4,0,1,2,A,-,12,22450,A,F,B,C,A,A,-,-,A,A,0,NA,NA,NA,NA,Y,NA,-,99,0,0,1,0,0,0,0,0,0,-,-,NA,NA,LOS ANGELES,LOS ANGELES,-118.27391052246094,33.967891693115234
92252803,2023,2023-12-05,9580,2023-12-02,425,022753,NA,6,3,7,1942,0,1,1,NA,2,404,I-405 N/B (SAN DIEGO FWY) TRANSITION TO E/B US-101,SEPULVEDA BLVD,157,W,N,A,-,Y,LA,NA,101,NA,NA,16.987,H,NA,L,Y,4,0,1,2,A,-,08,22107,NA,N,C,C,A,A,H,-,C,D,0,NA,NA,NA,NA,Y,NA,A,01,0,0,1,0,0,0,0,0,0,-,-,34.159149169921875,-118.46682739257813,LOS ANGELES,LOS ANGELES,-118.46682739257813,34.1593132019043
92252805,2023,2023-12-05,9575,2023-11-25,439,023410,NA,6,3,6,1953,0,1,1,NA,2,065,I-210 W/B (FOOTHILL FREEWAY),SIERRA MADRE VILLA AVENUE,1237,E,N,A,-,Y,LA,NA,210,NA,L,29.554,H,NA,L,Y,3,0,2,2,A,-,03,22350,NA,F,C,C,A,A,H,-,C,D,0,NA,NA,NA,NA,Y,NA,A,01,0,1,1,0,0,0,0,0,0,-,-,34.14802169799805,-118.07781219482422,LOS ANGELES,PASADENA,-118.07781219482422,34.148048400878906
92252806,2023,2023-12-05,9575,2023-11-27,1840,021932,NA,1,2,6,1953,0,1,1,NA,2,064,I-210 E/B (FOOTHILL FREEWAY),ALLEN AVENUE,1800,E,N,A,-,Y,LA,NA,210,NA,R,27.78,H,NA,R,N,4,0,4,2,A,-,03,22350,NA,N,C,C,A,A,H,-,C,D,0,NA,NA,NA,NA,Y,NA,A,01,0,0,4,0,0,0,0,0,0,-,-,34.152278900146484,-118.10704803466795,LOS ANGELES,PASADENA,-118.10704803466795,34.1523551940918
92252812,2023,2023-12-05,9580,2023-12-02,1905,022746,NA,6,2,7,1942,0,1,3,NA,2,116,SR-118 E/B (RONALD REAGAN FWY.) TO I-405 S/B (SAN,SEPULVEDA BLVD,2112,W,N,A,-,Y,NA,NA,NA,NA,NA,NA,NA,NA,NA,Y,4,0,2,4,A,-,08,22107,NA,N,B,C,A,A,H,-,D,D,0,NA,NA,NA,NA,Y,NA,A,07,0,0,2,0,0,0,0,0,0,-,-,34.26189041137695,-118.47268676757813,LOS ANGELES,LOS ANGELES,-118.47349548339844,34.265899658203125
92252844,2023,2023-12-05,9575,2023-11-24,2230,023205,NA,5,3,7,1942,0,1,1,NA,2,050,I-5 S/B (GOLDEN STATE FREEWAY) TO SR-134 E/B (VENT,LOS ANGELES RIVER,1180,S,N,A,-,Y,LA,NA,5,NA,NA,26.893,H,NA,L,Y,3,0,1,2,A,-,07,21658,A,N,B,2,A,A,H,-,C,D,0,NA,NA,NA,Y,Y,NA,-,-,0,1,0,0,0,0,0,0,0,-,-,34.15351867675781,-118.28695678710938,LOS ANGELES,LOS ANGELES,-118.28684997558594,34.1536750793457
92252850,2023,2023-12-05,9530,2023-11-23,2255,022716,NA,4,3,9,1900,0,3,5,NA,2,001,HOOPER AVE (6500 BLOCK),65TH ST,7,S,N,A,-,N,NA,NA,NA,NA,NA,NA,NA,NA,NA,Y,4,0,1,2,A,-,01,23152,A,M,A,C,A,A,H,-,C,D,0,NA,NA,NA,NA,Y,Y,A,07,0,0,1,0,0,0,0,0,0,-,-,33.98075866699219,-118.25205230712892,LOS ANGELES,UNINCORPORATED,-118.25209045410156,33.98078155517578
92252868,2023,2023-12-05,9550,2023-11-26,122,023004,NA,7,3,6,1949,0,1,1,NA,2,500,I-5 SOUTHBOUND,NORWALK BLVD,100,N,N,A,-,Y,LA,NA,5,NA,NA,4.463,H,NA,L,N,2,0,2,2,A,-,03,22350,NA,N,C,C,A,A,H,-,D,D,0,NA,NA,NA,NA,Y,NA,A,07,1,0,1,0,0,0,0,0,0,-,-,33.91231918334961,-118.07421112060548,LOS ANGELES,NORWALK,-118.07411193847656,33.912445068359375
92252894,2023,2023-12-05,9535,2023-09-01,1945,023247,NA,5,2,5,1943,0,1,1,NA,2,105,I-105 W/B (CENTURY FREEWAY),I-710,300,W,N,B,-,Y,LA,NA,105,NA,R,12.894,H,NA,L,Y,3,0,1,3,A,-,08,22107,NA,N,B,C,A,A,A,-,D,D,0,NA,NA,Y,NA,Y,NA,C,02,0,1,0,0,0,0,0,0,1,-,-,33.91600036621094,-118.18904876708984,LOS ANGELES,LYNWOOD,-118.18901824951172,33.91606140136719
92252931,2023,2023-12-05,9575,2023-11-26,555,022085,NA,7,3,9,1900,0,2,4,NA,2,022,LINCOLN AVE.,ACACIA ST.,0,NA,Y,B,-,N,NA,NA,NA,NA,NA,NA,NA,NA,NA,Y,4,0,1,2,A,-,09,21801,A,N,D,C,A,A,H,-,B,A,0,NA,NA,Y,NA,Y,NA,A,01,0,0,1,0,0,0,0,0,1,-,-,34.18383026123047,-118.15965270996094,LOS ANGELES,UNINCORPORATED,-118.15969848632813,34.18381881713867
92252941,2023,2023-12-05,9530,2023-11-19,2145,022716,NA,7,2,9,1900,0,3,5,NA,2,001,FIRESTONE BLVD (1400 BLOCK),COMPTON AVE,72,W,N,A,-,N,NA,NA,NA,NA,NA,NA,NA,NA,NA,N,3,0,1,2,A,-,03,22350,NA,N,B,D,A,A,H,-,C,D,0,NA,NA,NA,NA,Y,NA,D,22,0,1,0,0,0,0,0,0,0,-,-,33.96015930175781,-118.24791717529295,LOS ANGELES,UNINCORPORATED,-118.2476806640625,33.96010208129883
92252943,2023,2023-12-05,9535,2023-11-23,1455,023333,NA,4,2,5,1959,0,1,3,NA,2,620,SR-60 E/B (POMONA FREEWAY),SAN GABRIEL BLVD,300,W,N,A,-,Y,LA,NA,60,NA,R,8.483,H,NA,R,Y,4,0,1,3,A,-,03,22350,NA,N,C,2,A,A,H,-,A,D,0,NA,NA,NA,NA,Y,NA,A,07,0,0,1,0,0,0,0,0,0,-,-,34.03881072998047,-118.08158111572266,LOS ANGELES,ROSEMEAD,-118.08168792724608,34.03901290893555