CASE_ID,ACCIDENT_YEAR,PROC_DATE,JURIS,COLLISION_DATE,COLLISION_TIME,OFFICER_ID,REPORTING_DISTRICT,DAY_OF_WEEK,CHP_SHIFT,POPULATION,CNTY_CITY_LOC,SPECIAL_COND,BEAT_TYPE,CHP_BEAT_TYPE,CITY_DIVISION_LAPD,CHP_BEAT_CLASS,BEAT_NUMBER,PRIMARY_RD,SECONDARY_RD,DISTANCE,DIRECTION,INTERSECTION,WEATHER_1,WEATHER_2,STATE_HWY_IND,CALTRANS_COUNTY,CALTRANS_DISTRICT,STATE_ROUTE,ROUTE_SUFFIX,POSTMILE_PREFIX,POSTMILE,LOCATION_TYPE,RAMP_INTERSECTION,SIDE_OF_HWY,TOW_AWAY,COLLISION_SEVERITY,NUMBER_KILLED,NUMBER_INJURED,PARTY_COUNT,PRIMARY_COLL_FACTOR,PCF_CODE_OF_VIOL,PCF_VIOL_CATEGORY,PCF_VIOLATION,PCF_VIOL_SUBSECTION,HIT_AND_RUN,TYPE_OF_COLLISION,MVIW,PED_ACTION,ROAD_SURFACE,ROAD_COND_1,ROAD_COND_2,LIGHTING,CONTROL_DEVICE,CHP_ROAD_TYPE,PEDESTRIAN_ACCIDENT,BICYCLE_ACCIDENT,MOTORCYCLE_ACCIDENT,TRUCK_ACCIDENT,NOT_PRIVATE_PROPERTY,ALCOHOL_INVOLVED,STWD_VEHTYPE_AT_FAULT,CHP_VEHTYPE_AT_FAULT,COUNT_SEVERE_INJ,COUNT_VISIBLE_INJ,COUNT_COMPLAINT_PAIN,COUNT_PED_KILLED,COUNT_PED_INJURED,COUNT_BICYCLIST_KILLED,COUNT_BICYCLIST_INJURED,COUNT_MC_KILLED,COUNT_MC_INJURED,PRIMARY_RAMP,SECONDARY_RAMP,LATITUDE,LONGITUDE,COUNTY,CITY,POINT_X,POINT_Y
9225961,2021,2021-03-22,1942,2021-02-15,1725,43270,1218,1,5,7,1942,0,0,0,L,0,12A15,S HOOVER ST,W 54TH ST,110,S,N,A,-,N,NA,NA,NA,NA,NA,NA,NA,NA,NA,Y,3,0,4,5,A,-,03,22350,NA,F,C,C,A,A,H,-,A,A,0,NA,NA,NA,NA,Y,NA,-,-,0,1,3,0,0,0,0,0,0,-,-,NA,NA,LOS ANGELES,LOS ANGELES,-118.28714752197266,33.99294662475586
92259619,2023,2023-12-12,9550,2023-11-30,2020,020974,NA,4,2,6,1920,0,1,1,NA,2,500,I-5 N/B,I-605,25,S,N,B,-,Y,LA,NA,5,NA,NA,6.828,H,NA,R,Y,4,0,2,2,A,-,08,22107,NA,N,B,C,A,A,H,-,C,D,0,NA,NA,NA,NA,Y,NA,-,-,0,0,2,0,0,0,0,0,0,-,-,33.9410400390625,-118.0964126586914,LOS ANGELES,DOWNEY,-118.096435546875,33.9410285949707
9225962,2021,2021-03-22,1942,2021-02-13,1930,41911,1208,6,5,7,1942,0,0,0,L,0,12A16,S FIGUEROA ST,W 49TH ST,35,S,N,A,G,N,NA,NA,NA,NA,NA,NA,NA,NA,NA,N,2,0,1,2,A,-,03,22350,NA,N,G,B,C,A,H,-,C,A,0,Y,NA,NA,NA,Y,NA,-,99,1,0,0,0,1,0,0,0,0,-,-,NA,NA,LOS ANGELES,LOS ANGELES,-118.28271484375,33.99818420410156
9225963,2021,2021-03-22,1942,2021-02-13,2150,44103,1251,6,5,7,1942,0,0,0,L,0,12X52,FLORENCE AV,CRENSHAW BL,0,NA,Y,G,-,N,NA,NA,NA,NA,NA,NA,NA,NA,NA,Y,4,0,1,2,A,-,03,22350,NA,F,C,C,A,A,H,-,C,A,0,NA,NA,NA,NA,Y,NA,-,99,0,0,1,0,0,0,0,0,0,-,-,NA,NA,LOS ANGELES,LOS ANGELES,-118.33088684082033,33.97454071044922
9225964,2021,2021-03-22,1942,2021-02-13,1450,42539,1211,6,5,7,1942,0,0,0,L,0,12A31,W 54TH ST,4TH AV,250,E,N,A,-,N,NA,NA,NA,NA,NA,NA,NA,NA,NA,Y,4,0,1,4,A,-,03,22350,NA,N,C,E,E,A,H,-,A,D,0,Y,NA,NA,NA,Y,NA,A,01,0,0,1,0,1,0,0,0,0,-,-,NA,NA,LOS ANGELES,LOS ANGELES,-118.32064056396484,33.993194580078125
9225965,2021,2021-03-22,1942,2021-02-12,2220,42069,1218,5,5,7,1942,0,0,0,L,0,12A15,S VERMONT AV,W 54TH ST,0,NA,Y,A,-,N,NA,NA,NA,NA,NA,NA,NA,NA,NA,Y,3,0,1,1,A,-,03,22350,NA,N,A,I,A,A,H,-,C,A,0,NA,NA,NA,NA,Y,NA,A,01,0,1,0,0,0,0,0,0,0,-,-,NA,NA,LOS ANGELES,LOS ANGELES,-118.29149627685548,33.99320602416992
9225966,2021,2021-03-22,1942,2021-02-12,2015,43791,1273,5,5,7,1942,0,0,0,L,0,25TL31,W 92ND ST,MANHATTAN PL,30,W,N,B,-,N,NA,NA,NA,NA,NA,NA,NA,NA,NA,Y,4,0,1,3,A,-,03,22350,NA,F,B,C,A,A,H,-,C,A,0,NA,NA,NA,NA,Y,NA,A,01,0,0,1,0,0,0,0,0,0,-,-,NA,NA,LOS ANGELES,LOS ANGELES,-118.31024932861328,33.952720642089844
92259665,2023,2023-12-12,9525,2023-12-08,1503,023176,NA,5,2,9,1900,0,3,5,NA,2,002,COVINA BLVD. (20200 BLOCK),DARFIELD AVE.,187,W,N,A,-,N,NA,NA,NA,NA,NA,NA,NA,NA,NA,N,4,0,1,2,A,-,09,21804,A,N,D,C,A,A,H,-,A,D,0,NA,NA,NA,NA,Y,NA,A,01,0,0,1,0,0,0,0,0,0,-,-,34.09947967529297,-117.85733795166016,LOS ANGELES,UNINCORPORATED,-117.8573760986328,34.099430084228516
9225967,2021,2021-03-22,1942,2021-02-10,1755,37724,1213,3,5,7,1942,0,0,0,L,0,12A3,S WESTERN AV,W 57TH ST,0,NA,Y,A,-,N,NA,NA,NA,NA,NA,NA,NA,NA,NA,N,4,0,1,2,A,-,07,21658,A,F,B,C,A,A,H,-,C,A,0,NA,NA,NA,NA,Y,NA,-,99,0,0,1,0,0,0,0,0,0,-,-,NA,NA,LOS ANGELES,LOS ANGELES,-118.30895233154295,33.990570068359375
92259677,2023,2023-12-12,9565,2023-11-30,1539,022576,NA,4,2,7,1942,0,1,1,NA,2,010,I-105 E/B,AVIATION BLVD,30,E,N,B,-,Y,LA,NA,105,NA,R,1.543,H,NA,R,Y,3,0,2,2,A,-,03,22350,NA,N,C,C,A,A,H,-,A,D,0,NA,NA,NA,NA,Y,NA,A,01,0,1,1,0,0,0,0,0,0,-,-,33.93035125732422,-118.3782196044922,LOS ANGELES,LOS ANGELES,-118.37818908691406,33.9304313659668
9225968,2021,2021-03-23,1942,2021-02-10,1600,38365,1208,3,5,7,1942,0,0,0,L,0,25MQ55,VERNON AV,FIGUEROA ST,35,W,N,A,-,N,NA,NA,NA,NA,NA,NA,NA,NA,NA,N,4,0,1,2,A,-,04,21703,NA,F,C,C,A,A,H,-,A,A,0,NA,NA,NA,NA,Y,NA,-,99,0,0,1,0,0,0,0,0,0,-,-,NA,NA,LOS ANGELES,LOS ANGELES,-118.28285217285156,34.00374984741211
9225969,2021,2021-03-22,1942,2021-02-07,2230,42005,1249,7,5,7,1942,0,0,0,L,0,12A69,S FIGUEROA ST,W 67TH ST,0,NA,Y,E,-,N,NA,NA,NA,NA,NA,NA,NA,NA,NA,Y,4,0,1,4,A,-,03,22350,NA,F,B,C,A,A,H,-,C,D,0,NA,NA,NA,NA,Y,NA,A,01,0,0,1,0,0,0,0,0,0,-,-,NA,NA,LOS ANGELES,LOS ANGELES,-118.28269958496094,33.97896957397461
92259695,2023,2023-12-12,9575,2023-12-01,1715,023413,NA,5,2,7,1942,0,1,1,NA,2,061,I-210 E/B (FOOTHILL FREEWAY),SUNLAND BLVD,4928,E,N,A,-,Y,LA,NA,210,NA,R,12.072,H,NA,R,N,3,0,3,3,A,-,07,21658,A,M,B,A,A,A,H,-,D,D,0,NA,NA,NA,NA,Y,NA,-,99,0,2,1,0,0,0,0,0,0,-,-,34.24795913696289,-118.3218994140625,LOS ANGELES,LOS ANGELES,-118.32195281982422,34.247947692871094
9225970,2021,2021-03-22,1942,2021-02-08,1750,44364,0663,1,5,7,1942,0,0,0,F,0,NA,WILLOUGHBY AV,N HIGHLAND AV,35,W,N,A,-,N,NA,NA,NA,NA,NA,NA,NA,NA,NA,N,4,0,1,2,A,-,06,21750,A,F,B,C,A,A,H,-,C,A,0,NA,NA,NA,NA,Y,NA,A,01,0,0,1,0,0,0,0,0,0,-,-,NA,NA,LOS ANGELES,LOS ANGELES,-118.33871459960938,34.08707809448242
92259704,2023,2023-12-12,9530,2023-11-28,1750,023585,NA,2,2,7,1942,0,1,1,NA,2,110,I-110 S/B (HARBOR FREEWAY),CENTURY BLVD.,1000,S,N,A,-,Y,LA,NA,110,NA,NA,14.887,H,NA,L,N,4,0,1,3,A,-,03,22350,NA,N,C,C,A,A,H,-,C,D,0,NA,NA,NA,NA,Y,NA,A,07,0,0,1,0,0,0,0,0,0,-,-,33.94424057006836,-118.27999877929688,LOS ANGELES,LOS ANGELES,-118.28004455566406,33.944244384765625
9225971,2021,2021-03-22,1942,2021-02-15,1020,43133,0375,1,5,7,1942,0,0,0,C,0,25T25,WESTERN AV,41ST ST,150,S,N,A,-,N,NA,NA,NA,NA,NA,NA,NA,NA,NA,N,4,0,1,2,A,-,03,22350,NA,F,G,B,E,A,H,-,A,D,0,Y,NA,NA,NA,Y,NA,-,99,0,0,1,0,1,0,0,0,0,-,-,NA,NA,LOS ANGELES,LOS ANGELES,-118.30892944335938,34.0095100402832
9225972,2021,2021-03-22,1942,2021-02-15,2200,42364,0319,1,5,7,1942,0,0,0,C,0,3A19,ADAMS,ST JAMES,0,NA,Y,A,-,N,NA,NA,NA,NA,NA,NA,NA,NA,NA,N,2,0,1,2,A,-,11,21954,A,N,G,B,D,A,H,-,C,A,0,Y,NA,NA,NA,Y,NA,N,60,1,0,0,0,1,0,0,0,0,-,-,NA,NA,LOS ANGELES,LOS ANGELES,-118.2805404663086,34.03017044067383
92259722,2023,2023-12-12,9590,2023-12-05,1748,021757,NA,2,2,7,1942,0,1,1,NA,2,065,I-10 W/B (SANTA MONICA FREEWAY),ALAMEDA ST,150,E,N,A,-,Y,LA,NA,10,NA,NA,17.158,H,NA,L,N,3,0,1,2,A,-,03,22350,NA,F,C,C,A,A,H,-,D,D,0,NA,NA,NA,NA,Y,NA,-,99,0,1,0,0,0,0,0,0,0,-,-,34.025020599365234,-118.23866271972656,LOS ANGELES,LOS ANGELES,-118.23866271972656,34.025020599365234
9225973,2021,2021-03-22,1942,2021-02-12,2250,43791,0301,5,5,7,1942,0,0,0,C,0,25TL30,WASHINGTON BL,FAIRFAX AV,0,NA,Y,B,-,N,NA,NA,NA,NA,NA,NA,NA,NA,NA,N,3,0,1,2,A,-,11,21950,B,N,G,B,B,A,H,-,C,A,0,Y,NA,NA,NA,Y,NA,N,60,0,1,0,0,1,0,0,0,0,-,-,NA,NA,LOS ANGELES,LOS ANGELES,-118.36993408203124,34.03437423706055
92259736,2023,2023-12-12,9580,2023-12-05,751,019952,NA,2,1,7,1942,0,1,2,NA,2,104,US-101 N/B (VENTURA FREEWAY) FROM BURBANK BLVD,SR-27 N/B (TOPANGA CYN. BLVD.),1320,N,N,A,-,Y,LA,NA,101,NA,NA,25.487,H,NA,R,N,3,0,1,2,A,-,03,22350,NA,N,C,C,A,A,H,-,A,D,0,NA,NA,NA,NA,Y,NA,A,01,0,1,0,0,0,0,0,0,0,-,-,34.1709098815918,-118.60832977294922,LOS ANGELES,LOS ANGELES,-118.60830688476564,34.170814514160156
9225974,2021,2021-03-22,1942,2021-02-11,1740,37679,0393,4,5,7,1942,0,0,0,C,0,3A73,CRENSHAW BL,W VERNON AV,30,S,N,A,-,N,NA,NA,NA,NA,NA,NA,NA,NA,NA,N,4,0,1,2,A,-,00,20015,A,F,C,C,A,A,H,-,A,D,0,NA,NA,NA,NA,Y,Y,-,-,0,0,1,0,0,0,0,0,0,-,-,NA,NA,LOS ANGELES,LOS ANGELES,-118.33084106445313,34.003578186035156
92259744,2023,2023-12-12,9525,2023-12-11,735,016677,NA,1,1,5,1990,0,1,3,NA,2,603,SR-60 WB (POMONA FREEWAY),GRAND AVE,2500,E,N,B,-,Y,LA,NA,60,NA,R,24.931,H,NA,L,N,4,0,1,2,A,-,03,22350,NA,N,C,C,A,A,H,-,A,D,0,NA,NA,NA,NA,Y,NA,A,01,0,0,1,0,0,0,0,0,0,-,-,34.01581954956055,-117.81829833984376,LOS ANGELES,DIAMOND BAR,-117.81834411621094,34.01584243774414
92259748,2023,2023-12-12,9575,2023-11-30,1110,022918,NA,4,1,6,1953,0,1,1,NA,2,064,I-210 W/B (FOOTHILL FREEWAY),ALLEN AVE.,118,W,N,A,-,Y,LA,NA,210,NA,R,27.392,H,NA,L,Y,4,0,1,2,A,-,03,22350,NA,N,C,C,A,A,H,-,A,D,0,NA,NA,NA,NA,Y,NA,A,01,0,0,1,0,0,0,0,0,0,-,-,34.152671813964844,-118.11380767822266,LOS ANGELES,PASADENA,-118.11380767822266,34.15258026123047
9225975,2021,2021-03-22,1942,2021-02-09,1600,38233,0333,2,5,7,1942,0,0,0,C,0,25MQ63,JEFFERSON BL,VIRGINIA RD,0,NA,Y,A,-,N,NA,NA,NA,NA,NA,NA,NA,NA,NA,Y,3,0,2,2,A,-,09,21801,A,N,D,C,A,A,H,-,A,A,0,NA,NA,NA,NA,Y,NA,A,01,0,1,1,0,0,0,0,0,0,-,-,NA,NA,LOS ANGELES,LOS ANGELES,-118.3394775390625,34.025569915771484
92259755,2023,2023-12-12,9530,2023-11-29,1315,016842,NA,3,1,7,1941,0,1,1,NA,2,420,I-405 N/B (SAN DIEGO FREEWAY),ORANGE AVE.,151,N,N,A,-,Y,LA,NA,405,NA,NA,5.424,H,NA,R,N,3,0,1,2,D,-,00,NA,NA,N,B,C,A,A,H,-,A,D,0,NA,NA,NA,Y,Y,NA,-,-,0,1,0,0,0,0,0,0,0,-,-,33.814449310302734,-118.17694854736328,LOS ANGELES,LONG BEACH,-118.17694854736328,33.81440734863281
9225976,2021,2021-03-22,1942,2021-02-15,2050,40440,1243,1,5,7,1942,0,0,0,L,0,12A45,S HARVARD BL,FLORENCE AV,0,NA,Y,A,-,N,NA,NA,NA,NA,NA,NA,NA,NA,NA,N,2,0,1,2,A,-,09,21802,A,F,H,G,A,A,H,-,C,A,0,NA,Y,NA,NA,Y,NA,L,04,1,0,0,0,0,0,1,0,0,-,-,NA,NA,LOS ANGELES,LOS ANGELES,-118.30680084228516,33.97456741333008
92259761,2023,2023-12-12,9565,2023-11-30,1815,021706,NA,4,2,7,1942,0,1,1,NA,2,062,I-405 N/B TO I-10,NATIONAL BLVD,100,S,N,A,-,Y,LA,NA,405,NA,NA,29.144,H,NA,R,N,4,0,1,2,A,-,03,22350,NA,N,C,C,A,A,H,-,C,D,0,NA,NA,NA,NA,Y,NA,A,01,0,0,1,0,0,0,0,0,0,-,-,34.02661895751953,-118.42954254150392,LOS ANGELES,LOS ANGELES,-118.42967224121094,34.026546478271484
9225977,2021,2021-03-22,1942,2021-02-14,1233,48656,0341,7,5,7,1942,0,0,0,C,0,3A63W2,OBAMA BL,LA CIENEGA BL,10,E,N,A,-,N,NA,NA,NA,NA,NA,NA,NA,NA,NA,N,3,0,1,2,A,-,05,21460,A,N,B,C,A,A,H,-,A,A,0,NA,NA,NA,NA,Y,NA,A,01,0,1,0,0,0,0,0,0,0,-,-,NA,NA,LOS ANGELES,LOS ANGELES,-118.37232971191406,34.02170181274414
9225978,2021,2021-03-22,1942,2021-02-12,2345,40458,0373,5,5,7,1942,0,0,0,C,0,03A,COLLISEUM ST,EDGEHILL DR,10,W,N,A,-,N,NA,NA,NA,NA,NA,NA,NA,NA,NA,Y,4,0,1,2,A,-,12,22450,A,F,D,C,A,A,H,-,C,A,0,NA,NA,NA,NA,Y,NA,-,99,0,0,1,0,0,0,0,0,0,-,-,NA,NA,LOS ANGELES,LOS ANGELES,-118.33101654052734,34.018218994140625
92259781,2023,2023-12-12,9530,2023-11-29,1830,023585,NA,3,2,6,1972,0,3,5,NA,2,002,AVALON BLVD (12800 BLOCK),EL SEGUNDO BLVD,10,S,N,A,-,N,NA,NA,NA,NA,NA,NA,NA,NA,NA,N,4,0,1,2,A,-,10,21950,A,M,G,B,B,A,H,-,C,A,0,Y,NA,NA,NA,Y,NA,-,99,0,0,1,0,1,0,0,0,0,-,-,33.9162712097168,-118.2651596069336,LOS ANGELES,TORRANCE,-118.26525115966795,33.9163932800293
9225979,2021,2021-03-22,1942,2021-02-07,2100,42968,1268,7,5,7,1942,0,0,0,L,0,12A93,S WESTERN AV,W 81ST ST,105,S,N,A,-,N,NA,NA,NA,NA,NA,NA,NA,NA,NA,Y,2,0,2,5,A,-,09,21801,A,N,A,C,A,A,H,-,C,D,0,NA,NA,NA,NA,Y,NA,A,01,1,0,1,0,0,0,0,0,0,-,-,NA,NA,LOS ANGELES,LOS ANGELES,-118.30901336669922,33.96518325805664
9225980,2021,2021-04-02,1942,2021-02-07,2230,41258,0395,7,5,7,1942,0,0,0,C,0,3A18W7,MARTIN LUTHER KING RD,WESTERN AV,20,E,N,E,-,N,NA,NA,NA,NA,NA,NA,NA,NA,NA,N,4,0,1,2,A,-,03,22350,NA,N,C,D,A,A,H,-,C,A,0,NA,NA,NA,NA,Y,NA,A,01,0,0,1,0,0,0,0,0,0,-,-,NA,NA,LOS ANGELES,LOS ANGELES,-118.3088607788086,34.01084899902344
92259809,2023,2023-12-12,9565,2023-11-30,1438,023518,NA,4,2,7,1942,0,1,1,NA,2,060,I-405 S/B (SAN DIEGO FWY),HILLCRES BLVD O/C,328,S,N,A,-,Y,LA,NA,405,NA,NA,22.943,H,NA,L,N,4,0,1,3,A,-,03,22350,NA,N,C,C,A,A,H,-,A,D,0,NA,NA,NA,NA,Y,NA,A,01,0,0,1,0,0,0,0,0,0,-,-,33.95560073852539,-118.36961364746094,LOS ANGELES,LOS ANGELES,-118.36951446533205,33.95560073852539
92259818,2023,2023-12-12,9530,2023-12-01,548,023048,NA,5,3,5,1977,0,1,3,NA,2,310,SR-91 W/B (ARTESIA FREEWAY),AVALON BLVD,800,W,N,A,-,Y,LA,NA,91,NA,R,7.303,H,NA,L,N,4,0,1,3,A,-,03,22350,NA,N,C,C,A,A,H,-,B,D,0,NA,NA,NA,NA,Y,NA,A,01,0,0,1,0,0,0,0,0,0,-,-,33.8730583190918,-118.2682876586914,LOS ANGELES,CARSON,-118.2682876586914,33.873046875
92259820,2023,2023-12-12,9580,2023-12-08,1805,020800,NA,5,2,7,1942,0,1,1,NA,2,404,I-405 N/B (SAN DIEGO FWY),BURBANK BOULEVARD,1500,S,N,A,-,Y,LA,NA,405,NA,NA,40.064,H,NA,R,Y,4,0,1,2,A,-,03,22350,NA,N,C,C,A,A,H,-,C,D,0,NA,NA,NA,NA,Y,NA,A,01,0,0,1,0,0,0,0,0,0,-,-,34.16897964477539,-118.46811676025392,LOS ANGELES,LOS ANGELES,-118.4680633544922,34.16896057128906
92259836,2023,2023-12-12,9540,2023-12-08,1825,022305,NA,5,2,9,1900,0,1,1,NA,1,503,I-5 SOUTHBOUND,SR-14,2052,N,N,A,-,Y,LA,NA,5,NA,R,46.062,H,NA,L,N,4,0,1,2,A,-,03,22350,NA,N,C,C,A,A,H,-,C,D,0,NA,NA,NA,NA,Y,NA,A,01,0,0,1,0,0,0,0,0,0,-,-,34.33790969848633,-118.51483917236328,LOS ANGELES,UNINCORPORATED,-118.5148468017578,34.337894439697266
92259846,2023,2023-12-12,9545,2023-12-08,440,021640,NA,5,3,9,1900,0,3,5,NA,2,004,MOUNT EMMA RD.,ANGELES FOREST HWY,7656,E,N,A,-,N,NA,NA,NA,NA,NA,NA,NA,NA,NA,N,3,0,1,1,A,-,08,22107,NA,N,E,A,A,A,H,-,D,D,0,NA,NA,NA,NA,Y,NA,A,01,0,1,0,0,0,0,0,0,0,-,-,34.46253967285156,-118.08583831787108,LOS ANGELES,UNINCORPORATED,-118.08632659912108,34.46123504638672
92259861,2023,2023-12-12,9530,2023-12-02,1940,022999,NA,6,2,9,1900,0,3,5,NA,2,002,EL SEGUNDO BLVD.,SAN PEDRO ST.,100,E,N,A,-,N,NA,NA,NA,NA,NA,NA,NA,NA,NA,Y,4,0,2,2,A,-,03,22350,NA,N,C,C,A,A,H,-,C,D,0,NA,NA,NA,NA,Y,NA,A,07,0,0,2,0,0,0,0,0,0,-,-,33.91645050048828,-118.26917266845705,LOS ANGELES,UNINCORPORATED,-118.26929473876952,33.916419982910156
92259878,2023,2023-12-12,9565,2023-11-13,1122,022763,NA,1,1,9,1900,0,3,5,NA,2,003,SPRINGPARK AVE,CENTINELA AVE,0,NA,Y,A,-,N,NA,NA,NA,NA,NA,NA,NA,NA,NA,N,4,0,1,2,A,-,09,21802,A,N,D,C,A,A,H,-,A,A,0,NA,NA,NA,NA,Y,NA,A,07,0,0,1,0,0,0,0,0,0,-,-,33.97745132446289,-118.37452697753906,LOS ANGELES,UNINCORPORATED,-118.3745574951172,33.977420806884766
92259942,2023,2023-12-12,9565,2023-11-30,2245,022642,NA,4,3,7,1942,0,1,1,NA,2,083,I-10 (SANTA MONICA FWY) E/B,LA CIENEGA BLVD.,2485,W,N,A,-,Y,LA,NA,10,NA,R,8.353,H,NA,R,Y,4,0,1,2,A,-,01,23152,A,N,B,C,A,A,H,-,C,D,0,NA,NA,NA,NA,Y,Y,A,07,0,0,1,0,0,0,0,0,0,-,-,34.0341796875,-118.38526153564452,LOS ANGELES,LOS ANGELES,-118.3852081298828,34.034122467041016
92259949,2023,2023-12-12,9575,2023-12-03,240,022469,NA,7,3,9,1900,0,1,3,NA,2,301,SR-2 (ANGELES CREST HIGHWAY),MPM 36.88,22,W,N,A,-,Y,LA,NA,2,NA,NA,36.881,H,NA,R,Y,4,0,1,1,A,-,08,22107,NA,N,E,8,A,A,H,-,D,D,0,NA,NA,NA,NA,Y,NA,A,01,0,0,1,0,0,0,0,0,0,-,-,34.26805877685547,-118.11831665039064,LOS ANGELES,UNINCORPORATED,-118.11826324462892,34.26802062988281
92259968,2023,2023-12-12,9550,2023-12-01,1730,022952,NA,5,2,1,1932,0,1,3,NA,2,601,SR-60 EASTBOUND,FULLERTON RD,800,W,N,A,-,Y,LA,NA,60,NA,NA,18.93,H,NA,R,N,4,0,1,2,A,-,03,22350,NA,N,C,C,A,A,H,-,D,D,0,NA,NA,NA,NA,Y,NA,A,07,0,0,1,0,0,0,0,0,0,-,-,33.99470138549805,-117.91471099853516,LOS ANGELES,INDUSTRY,-117.91470336914064,33.99473571777344
92259978,2023,2023-12-12,9550,2023-12-01,1810,022909,NA,5,2,5,1952,0,1,1,NA,2,151,I-105 W/B,DOWNEY AVENUE,350,E,N,A,-,Y,LA,NA,105,NA,R,15.162,H,NA,L,N,3,0,1,2,A,-,08,22107,NA,N,B,C,A,A,H,-,C,D,0,NA,NA,Y,NA,Y,NA,A,01,0,1,0,0,0,0,0,0,1,-,-,33.912841796875,-118.15115356445313,LOS ANGELES,PARAMOUNT,-118.15115356445313,33.91284942626953
92259979,2023,2023-12-12,9565,2023-09-22,1715,022923,NA,5,2,9,1900,0,3,5,NA,2,003,ALLEY WAY EAST OF OVERHILL DRIVE,OVERHILL DRIVE,150,E,N,A,-,N,NA,NA,NA,NA,NA,NA,NA,NA,NA,N,3,0,1,2,D,-,00,NA,NA,F,D,G,A,A,H,-,A,D,0,NA,Y,NA,NA,Y,NA,-,-,0,1,0,0,0,0,1,0,0,-,-,33.98624038696289,-118.3540267944336,LOS ANGELES,UNINCORPORATED,NA,NA
92259985,2023,2023-12-12,9550,2023-12-01,1829,022809,NA,5,2,9,1900,0,1,1,NA,2,650,I-605 S/B,BEVERLY BLVD,200,N,N,A,-,Y,LA,NA,605,NA,R,14.439,H,NA,L,N,4,0,1,2,A,-,03,22350,NA,N,C,C,A,A,H,-,B,D,0,NA,NA,NA,NA,Y,NA,A,07,0,0,1,0,0,0,0,0,0,-,-,34.00495910644531,-118.06339263916016,LOS ANGELES,UNINCORPORATED,-118.06333923339844,34.004913330078125
92259995,2023,2023-12-12,9575,2023-12-03,330,022469,NA,7,3,6,1953,0,1,1,NA,2,064,SR-134 W/B (VENTURA FREEWAY),MARENGO AVENUE,242,W,N,A,-,Y,LA,NA,210,NA,R,25.497,H,NA,L,Y,2,0,2,2,A,-,07,21658,A,N,C,C,A,A,H,-,C,D,0,NA,NA,NA,Y,Y,NA,D,22,1,0,1,0,0,0,0,0,0,-,-,34.151939392089844,-118.14687347412108,LOS ANGELES,PASADENA,-118.14687347412108,34.152008056640625
92260005,2023,2023-12-12,9565,2023-09-27,730,017060,NA,3,1,9,1900,0,3,5,NA,2,004,OCEANGATE AVE.,EL SEGUNDO BLVD.,100,S,N,A,-,N,NA,NA,NA,NA,NA,NA,NA,NA,NA,N,4,0,1,2,A,-,08,22107,NA,N,B,G,A,A,H,-,A,D,0,NA,Y,NA,NA,Y,NA,L,04,0,0,1,0,0,0,1,0,0,-,-,33.91592025756836,-118.36714935302734,LOS ANGELES,UNINCORPORATED,-118.36711120605467,33.9161262512207
92260019,2023,2023-12-12,9530,2023-12-02,1605,022999,NA,6,2,9,1900,0,3,5,NA,2,002,BROADWAY,EL SEGUNDO BOULEVARD,0,NA,Y,A,-,N,NA,NA,NA,NA,NA,NA,NA,NA,NA,Y,4,0,1,2,A,-,12,21453,A,N,D,D,A,A,H,-,B,A,0,NA,NA,NA,NA,Y,NA,D,22,0,0,1,0,0,0,0,0,0,-,-,33.91640853881836,-118.27832794189452,LOS ANGELES,UNINCORPORATED,-118.27835845947266,33.916419982910156
92260049,2023,2023-12-12,9530,2023-12-03,1048,023048,NA,7,1,9,1900,0,3,5,NA,2,006,SESAME ST (23300 BLOCK),CORIANDER DR,400,N,N,A,-,N,NA,NA,NA,NA,NA,NA,NA,NA,NA,N,4,0,1,2,A,-,03,22350,NA,N,D,E,A,A,H,-,A,D,0,NA,NA,NA,NA,Y,NA,A,01,0,0,1,0,0,0,0,0,0,-,-,33.81315994262695,-118.28874206542967,LOS ANGELES,UNINCORPORATED,-118.28874206542967,33.81364822387695
92260051,2023,2023-12-12,9530,2023-11-29,630,023580,NA,3,1,7,1941,0,1,1,NA,2,071,INTERSTATE 710 NORTHBOUND (LONG BEACH FREEWAY),DEL AMO BOULEVARD,866,N,N,B,-,Y,LA,NA,710,NA,NA,10.936,H,NA,R,Y,2,0,1,2,A,-,03,22350,NA,N,C,C,A,A,H,-,B,D,0,NA,NA,Y,NA,Y,NA,C,02,1,0,0,0,0,0,0,0,1,-,-,33.84812927246094,-118.20529174804688,LOS ANGELES,LONG BEACH,-118.20529174804688,33.84812927246094
92260054,2023,2023-12-12,9525,2023-10-08,940,022655,NA,7,1,6,1955,0,1,3,NA,2,071,SR-71 S/B (CHINO VALLEY FWY),RIDGEWAY STREET,556,S,N,A,-,Y,LA,NA,71,NA,R,1.073,H,NA,L,Y,1,1,2,1,A,-,08,22107,NA,N,E,8,A,A,H,-,A,D,0,NA,NA,NA,NA,Y,NA,A,01,0,2,0,0,0,0,0,0,0,-,-,34.06407928466797,-117.79583740234376,LOS ANGELES,POMONA,-117.79572296142578,34.0643310546875