CASE_ID,ACCIDENT_YEAR,PROC_DATE,JURIS,COLLISION_DATE,COLLISION_TIME,OFFICER_ID,REPORTING_DISTRICT,DAY_OF_WEEK,CHP_SHIFT,POPULATION,CNTY_CITY_LOC,SPECIAL_COND,BEAT_TYPE,CHP_BEAT_TYPE,CITY_DIVISION_LAPD,CHP_BEAT_CLASS,BEAT_NUMBER,PRIMARY_RD,SECONDARY_RD,DISTANCE,DIRECTION,INTERSECTION,WEATHER_1,WEATHER_2,STATE_HWY_IND,CALTRANS_COUNTY,CALTRANS_DISTRICT,STATE_ROUTE,ROUTE_SUFFIX,POSTMILE_PREFIX,POSTMILE,LOCATION_TYPE,RAMP_INTERSECTION,SIDE_OF_HWY,TOW_AWAY,COLLISION_SEVERITY,NUMBER_KILLED,NUMBER_INJURED,PARTY_COUNT,PRIMARY_COLL_FACTOR,PCF_CODE_OF_VIOL,PCF_VIOL_CATEGORY,PCF_VIOLATION,PCF_VIOL_SUBSECTION,HIT_AND_RUN,TYPE_OF_COLLISION,MVIW,PED_ACTION,ROAD_SURFACE,ROAD_COND_1,ROAD_COND_2,LIGHTING,CONTROL_DEVICE,CHP_ROAD_TYPE,PEDESTRIAN_ACCIDENT,BICYCLE_ACCIDENT,MOTORCYCLE_ACCIDENT,TRUCK_ACCIDENT,NOT_PRIVATE_PROPERTY,ALCOHOL_INVOLVED,STWD_VEHTYPE_AT_FAULT,CHP_VEHTYPE_AT_FAULT,COUNT_SEVERE_INJ,COUNT_VISIBLE_INJ,COUNT_COMPLAINT_PAIN,COUNT_PED_KILLED,COUNT_PED_INJURED,COUNT_BICYCLIST_KILLED,COUNT_BICYCLIST_INJURED,COUNT_MC_KILLED,COUNT_MC_INJURED,PRIMARY_RAMP,SECONDARY_RAMP,LATITUDE,LONGITUDE,COUNTY,CITY,POINT_X,POINT_Y
92260812,2023,2023-12-13,9530,2023-12-01,735,023143,NA,5,1,9,1900,0,3,5,NA,2,006,CARSON STREET (1000 BLOCK),VERMONT AVENUE,438,W,N,A,-,N,NA,NA,NA,NA,NA,NA,NA,NA,NA,N,4,0,1,2,A,-,10,21950,A,N,G,B,B,A,H,-,A,A,0,Y,NA,NA,NA,Y,NA,A,01,0,0,1,0,1,0,0,0,0,-,-,33.83156967163086,-118.2919464111328,LOS ANGELES,UNINCORPORATED,-118.29171752929688,33.83158874511719
92260824,2023,2023-12-13,9545,2023-12-12,1625,022679,NA,2,2,9,1900,0,2,4,NA,1,025,SAN FRANCISQUITO CANYON ROAD,ELIZABETH LAKE TOAD,2370,S,N,A,-,N,NA,NA,NA,NA,NA,NA,NA,NA,NA,Y,4,0,1,1,A,-,08,22107,NA,N,F,I,A,A,H,-,B,D,0,NA,NA,NA,NA,Y,NA,A,01,0,0,1,0,0,0,0,0,0,-,-,34.64265823364258,-118.3779067993164,LOS ANGELES,UNINCORPORATED,-118.37799072265624,34.64268112182617
92260843,2023,2023-12-13,9550,2023-12-12,2055,022600,NA,2,2,3,1964,0,1,1,NA,2,650,INTERSTATE 605 NORTHBOUND,TELEGRAPH ROAD,2640,N,N,A,-,Y,LA,NA,605,NA,R,10.848,H,NA,R,N,4,0,1,2,A,-,01,23152,A,F,B,C,A,A,H,-,D,D,0,NA,NA,NA,NA,Y,Y,D,22,0,0,1,0,0,0,0,0,0,-,-,33.957489013671875,-118.08741760253906,LOS ANGELES,SANTA FE SPRINGS,-118.08734893798828,33.95746612548828
92260855,2023,2023-12-13,9565,2023-12-01,850,022810,NA,5,1,9,1900,0,3,5,NA,2,002,IMPERIAL HWY,MARIPOSA AVE,150,E,N,A,-,N,NA,NA,NA,NA,NA,NA,NA,NA,NA,N,3,0,2,4,A,-,03,22350,NA,F,C,C,A,A,H,-,A,D,0,NA,NA,NA,NA,Y,NA,-,99,0,1,1,0,0,0,0,0,0,-,-,33.9310302734375,-118.29866027832033,LOS ANGELES,UNINCORPORATED,-118.29861450195313,33.9310188293457
92260889,2023,2023-12-13,9565,2023-12-01,830,022810,NA,5,1,9,1900,0,1,1,NA,2,012,I-105 W/B (CENTRUY FREEWAY),BUDLONG AVE,300,W,N,A,-,Y,LA,NA,105,NA,R,6.446,H,NA,L,N,3,0,1,2,A,-,08,22107,NA,F,E,A,A,A,H,-,A,D,0,NA,NA,Y,NA,Y,Y,-,99,0,1,0,0,0,0,0,0,1,-,-,33.92832946777344,-118.2970733642578,LOS ANGELES,UNINCORPORATED,-118.2970962524414,33.92840576171875
92260895,2023,2023-12-13,9530,2023-12-06,1810,017860,NA,3,2,7,1941,0,1,1,NA,2,430,I-405 N/B (SAN DIEGO FREEWAY),ATHERTON ST.,300,N,N,A,-,Y,LA,NA,405,NA,NA,0.348,H,NA,R,N,4,0,1,3,A,-,07,21658,A,F,B,C,A,A,H,-,D,D,0,NA,NA,NA,NA,Y,NA,-,99,0,0,1,0,0,0,0,0,0,-,-,33.789398193359375,-118.09764099121094,LOS ANGELES,LONG BEACH,-118.09764099121094,33.789398193359375
92260901,2023,2023-12-13,9530,2023-12-05,1842,022999,NA,2,2,9,1900,0,3,5,NA,2,001,COMPTON AVE.,59TH PL.,50,N,N,A,-,N,NA,NA,NA,NA,NA,NA,NA,NA,NA,N,3,0,1,2,A,-,09,21804,A,N,D,C,A,A,H,-,C,D,0,NA,NA,NA,NA,Y,NA,M,94,0,1,0,0,0,0,0,0,0,-,-,33.98630142211914,-118.24781036376952,LOS ANGELES,UNINCORPORATED,-118.24774169921876,33.98624801635742
92260904,2023,2023-12-13,9530,2023-12-05,1550,022079,NA,2,2,9,1900,0,3,5,NA,2,002,ROSECRANS AVE.,MAIN ST.,0,NA,Y,A,-,N,NA,NA,NA,NA,NA,NA,NA,NA,NA,N,3,0,1,2,A,-,12,21453,A,N,D,C,A,A,H,-,A,A,0,NA,NA,NA,NA,Y,NA,-,-,0,1,0,0,0,0,0,0,0,-,-,33.90201187133789,-118.2739715576172,LOS ANGELES,UNINCORPORATED,-118.27407836914064,33.901947021484375
92260905,2023,2023-12-13,9535,2023-11-25,115,022650,NA,6,3,5,1948,0,1,1,NA,2,070,I-710 N/B (LONG BEACH FREEWAY),FLORAL DR.,2800,N,N,A,-,Y,LA,NA,710,NA,NA,25.809,H,NA,R,Y,3,0,1,1,A,-,08,22107,NA,N,E,8,A,A,H,-,D,D,0,NA,NA,NA,NA,Y,NA,A,01,0,1,0,0,0,0,0,0,0,-,-,34.05173873901367,-118.16429901123048,LOS ANGELES,MONTEREY PARK,-118.1644287109375,34.05178451538086
92260921,2023,2023-12-13,9535,2023-11-25,110,023247,NA,6,3,5,1952,0,1,1,NA,2,105,I-105 W/B (CENTURY FREEWAY),I-710 N/B,540,E,N,A,-,Y,LA,NA,105,NA,R,13.523,H,NA,L,Y,4,0,1,1,A,-,01,23152,A,N,E,I,A,A,A,-,D,D,0,NA,NA,NA,NA,Y,Y,A,01,0,0,1,0,0,0,0,0,0,-,-,33.912811279296875,-118.17903137207033,LOS ANGELES,PARAMOUNT,-118.17906951904295,33.91272735595703
92260959,2023,2023-12-13,9530,2023-12-05,1128,023568,NA,2,1,7,1941,0,1,3,NA,2,320,SR-91 W/B (ARTESIA FREEWAY),I-710,1056,E,N,A,-,Y,LA,NA,91,NA,R,11.879,H,NA,L,Y,3,0,1,2,A,-,07,21658,A,N,B,C,A,A,H,-,A,D,0,NA,NA,Y,NA,Y,NA,C,02,0,1,0,0,0,0,0,0,1,-,-,33.876670837402344,-118.19003295898438,LOS ANGELES,LONG BEACH,-118.19002532958984,33.87664794921875
92260976,2023,2024-02-01,9535,2023-08-15,1740,023260,NA,2,2,9,1900,0,2,4,NA,2,024,WHITTIER BLVD (5600 BLOCK),BELDEN AVE,200,W,N,A,-,N,NA,NA,NA,NA,NA,NA,NA,NA,NA,N,4,0,1,2,A,-,06,21750,A,N,B,C,A,A,H,-,A,D,0,NA,NA,NA,NA,Y,NA,A,07,0,0,1,0,0,0,0,0,0,-,-,34.019439697265625,-118.15271759033205,LOS ANGELES,UNINCORPORATED,-118.15306854248048,34.01951599121094
92260997,2023,2023-12-13,9530,2023-12-06,1630,022708,NA,3,2,9,1900,0,3,5,NA,2,001,FILESTONE BLVD,ALAMEDA ST.,0,NA,Y,A,-,N,NA,NA,NA,NA,NA,NA,NA,NA,NA,N,4,0,1,2,A,-,09,21801,A,N,D,C,A,A,H,-,A,A,0,NA,NA,NA,NA,Y,NA,A,01,0,0,1,0,0,0,0,0,0,-,-,33.95774841308594,-118.23107147216795,LOS ANGELES,UNINCORPORATED,-118.2310791015625,33.95779037475586
92260999,2023,2023-12-13,9535,2023-09-14,1500,023354,NA,4,2,9,1900,0,1,1,NA,2,073,I-710 S/B (LONG BEACH FREEWAY),WASHINGTON BLVD,420,N,N,A,-,Y,LA,NA,710,NA,NA,22.547,H,NA,L,N,3,0,1,3,A,-,03,22350,NA,N,C,C,A,A,H,-,A,D,0,NA,NA,NA,Y,Y,NA,F,24,0,1,0,0,0,0,0,0,0,-,-,34.00605010986328,-118.17281341552734,LOS ANGELES,UNINCORPORATED,-118.1727294921875,34.006038665771484
92261035,2023,2023-12-13,9565,2023-12-02,1525,022902,NA,6,2,9,1900,0,1,1,NA,2,063,I-405 S/B (SAN DIEGO FREEWAY),WILSHIRE BLVD,180,S,N,A,-,Y,LA,NA,405,NA,NA,31.507,H,NA,L,N,4,0,1,2,A,-,03,22350,NA,N,C,C,A,A,H,-,A,D,0,NA,NA,NA,NA,Y,NA,A,07,0,0,1,0,0,0,0,0,0,-,-,34.055030822753906,-118.45191955566406,LOS ANGELES,UNINCORPORATED,-118.45175170898438,34.05513000488281
92261050,2023,2023-12-13,9565,2023-12-02,309,023227,NA,6,3,7,1942,0,2,S,NA,2,904,LA CIENEGA BLVD,STOCKER ST,270,S,N,A,-,N,NA,NA,NA,NA,NA,NA,NA,NA,NA,N,4,0,1,2,A,-,03,22350,NA,N,C,C,A,A,H,-,C,A,0,NA,NA,NA,NA,Y,NA,A,01,0,0,1,0,0,0,0,0,0,-,-,33.997318267822266,-118.36923217773438,LOS ANGELES,LOS ANGELES,-118.36934661865234,33.99734115600586
92261060,2023,2023-12-13,9545,2023-12-12,1110,018862,NA,2,1,9,1900,0,3,5,NA,1,006,40TH STREET WEST,AVENUE L8,0,NA,Y,A,-,N,NA,NA,NA,NA,NA,NA,NA,NA,NA,N,3,0,3,2,A,-,12,22450,A,N,D,C,A,A,H,-,A,A,0,NA,NA,NA,NA,Y,NA,A,01,0,1,2,0,0,0,0,0,0,-,-,34.65285110473633,-118.20140075683594,LOS ANGELES,UNINCORPORATED,-118.20136260986328,34.6528434753418
92261111,2023,2023-12-13,9565,2023-12-04,1530,021759,NA,1,2,7,1942,0,1,1,NA,2,062,I-405 N/B,PICO BOULEVARD,177,S,N,A,-,Y,LA,NA,405,NA,NA,29.886,H,NA,R,Y,4,0,1,2,C,-,18,NA,NA,N,B,2,A,A,H,-,A,D,0,NA,NA,NA,NA,Y,NA,-,-,0,0,1,0,0,0,0,0,0,-,-,34.035011291503906,-118.43766784667967,LOS ANGELES,LOS ANGELES,-118.43759155273438,34.0350456237793
92261115,2023,2023-12-13,9535,2023-09-14,1628,023354,NA,4,2,5,1969,0,1,1,NA,2,074,I-710 N/B TO IMPERIAL HWY,IMPERIAL HWY,1584,S,N,A,-,Y,LA,NA,710,NA,R,16.644,H,NA,R,N,3,0,1,3,A,-,03,22350,NA,N,C,C,A,A,H,-,A,D,0,NA,NA,NA,NA,Y,NA,A,07,0,1,0,0,0,0,0,0,0,-,-,33.92647933959961,-118.17778778076172,LOS ANGELES,SOUTH GATE,-118.17786407470705,33.92646408081055
9226113,2021,2021-03-06,1942,2021-01-06,2100,43425,2033,3,5,7,1942,0,0,0,NA,0,20A39,WESTERN AV,JAMES M WOOD BL,20,N,N,A,-,N,NA,NA,NA,NA,NA,NA,NA,NA,NA,N,4,0,2,2,A,-,03,22350,NA,N,C,C,A,A,H,-,C,D,0,NA,NA,NA,NA,Y,NA,A,01,0,0,2,0,0,0,0,0,0,-,-,NA,NA,LOS ANGELES,LOS ANGELES,-118.30908203125,34.055904388427734
92261147,2023,2023-12-13,9535,2023-12-01,1655,023349,NA,5,2,5,1901,0,1,1,NA,2,420,I-10 E/B (SAN BERNARDINO FREEWAY),MARGUERITA AVE.,0.15,W,N,A,-,Y,LA,NA,10,NA,NA,22.962,H,NA,R,N,4,0,1,2,A,-,03,22350,NA,N,C,C,A,A,H,-,C,D,0,NA,NA,NA,NA,Y,NA,A,01,0,0,1,0,0,0,0,0,0,-,-,34.0713005065918,-118.14087677001952,LOS ANGELES,ALHAMBRA,-118.14087677001952,34.071258544921875
92261165,2023,2023-12-13,9545,2023-12-09,514,019414,NA,6,3,9,1900,0,1,3,NA,2,031,SR-14 S/B,CROWN VALLEY RD,4752,S,N,B,-,Y,LA,NA,14,NA,R,49.552,H,NA,L,Y,3,0,1,1,A,-,08,22107,NA,N,F,A,A,A,H,-,D,D,0,NA,NA,NA,NA,Y,NA,A,01,0,1,0,0,0,0,0,0,0,-,-,34.492881774902344,-118.18215942382813,LOS ANGELES,UNINCORPORATED,-118.1821746826172,34.49282455444336
92261257,2023,2023-12-13,9535,2023-11-29,1625,022778,NA,3,2,9,1900,0,1,1,NA,2,651,INTERSTATE 605 SOUTHBOUND,STATE ROUTE 60 (POMONA FREEWAY),2640,N,N,A,-,Y,LA,NA,605,NA,R,17.903,H,NA,L,Y,4,0,1,2,A,-,03,22350,NA,N,C,C,A,A,H,-,A,D,0,NA,NA,Y,NA,Y,NA,C,02,0,0,1,0,0,0,0,0,1,-,-,34.03892135620117,-118.02052307128906,LOS ANGELES,UNINCORPORATED,-118.02049255371094,34.03887939453125
92261285,2023,2024-01-08,9535,2023-12-09,1822,023283,NA,6,2,5,1901,0,1,1,NA,2,111,I-10 W/B (SAN BERNARDINO FWY),ATLANTIC BOULEVARD,10,W,N,A,-,Y,LA,NA,10,NA,NA,23.323,H,NA,L,Y,4,0,2,4,D,-,00,NA,NA,F,C,2,A,A,H,-,C,D,0,NA,NA,NA,NA,Y,NA,-,-,0,0,2,0,0,0,0,0,0,-,-,34.07157897949219,-118.13462066650392,LOS ANGELES,ALHAMBRA,-118.13462066650392,34.07166290283203
92261296,2023,2023-12-13,9530,2023-12-08,1900,022493,NA,5,2,7,1941,0,1,1,NA,2,431,I-405 S/B (SAN DIEGO FREEWAY),WILLOW ST,100,S,N,A,-,Y,LA,NA,405,NA,NA,3.09,H,NA,L,Y,4,0,1,2,A,-,07,21658,A,N,B,D,A,A,H,-,C,D,0,NA,NA,NA,NA,Y,NA,A,01,0,0,1,0,0,0,0,0,0,-,-,33.804019927978516,-118.13909912109376,LOS ANGELES,LONG BEACH,-118.13916015625,33.803955078125
92261305,2023,2023-12-13,9535,2023-12-09,1615,023283,NA,6,2,5,1906,0,1,1,NA,2,651,I-605 S/B (SAN GABRIEL RIVER FWY),I-10 E/B (SAN BERNARDINO FWY),300,S,N,A,-,Y,LA,NA,605,NA,R,19.922,H,NA,L,N,4,0,1,3,A,-,03,22350,NA,F,C,C,A,A,H,-,A,D,0,NA,NA,NA,NA,Y,NA,-,99,0,0,1,0,0,0,0,0,0,-,-,34.061279296875,-118.00096893310548,LOS ANGELES,BALDWIN PARK,-118.00101470947266,34.0612907409668
92261321,2023,2023-12-13,9590,2023-11-29,327,021673,NA,3,3,7,1942,0,1,1,NA,2,010,SR-110 N/B ARROYO SECO PARKWAY (ASP),STADIUM WAY,20,N,N,A,-,Y,LA,NA,110,NA,NA,24.758,H,NA,R,Y,4,0,1,1,A,-,01,23152,A,N,E,8,A,A,H,-,C,D,0,NA,NA,NA,NA,Y,Y,A,01,0,0,1,0,0,0,0,0,0,-,-,34.07126998901367,-118.23499298095705,LOS ANGELES,LOS ANGELES,-118.23504638671876,34.07128143310547
92261326,2023,2023-12-13,9535,2023-12-09,1740,023283,NA,6,2,5,1959,0,1,1,NA,2,400,I-10 E/B (SAN BERNARDINO FWY),WALNUT GROVE AVENUE,1056,W,N,A,-,Y,LA,NA,10,NA,NA,26.063,H,NA,R,N,4,0,1,2,A,-,07,21658,A,F,B,C,A,A,H,-,C,D,0,NA,NA,NA,NA,Y,NA,-,99,0,0,1,0,0,0,0,0,0,-,-,34.07194900512695,-118.0868682861328,LOS ANGELES,ROSEMEAD,-118.0868682861328,34.0718879699707
92261334,2023,2023-12-13,9580,2023-12-04,2252,023395,NA,1,3,9,1900,0,2,4,NA,1,127,MALIBU CANYON RD,PIUMA RD,1584,N,N,A,-,N,NA,NA,NA,NA,NA,NA,NA,NA,NA,Y,3,0,1,1,A,-,01,23152,A,N,E,J,A,A,H,-,D,D,0,NA,NA,NA,NA,Y,Y,A,01,0,1,0,0,0,0,0,0,0,-,-,34.086570739746094,-118.70391845703124,LOS ANGELES,UNINCORPORATED,-118.70452880859376,34.082088470458984
92261340,2023,2023-12-13,9565,2023-10-23,415,022642,NA,1,3,5,1965,0,1,1,NA,2,081,I-10 W/B,4TH STREET,1055,W,N,A,-,Y,LA,NA,1,NA,R,34.681,H,NA,R,N,4,0,1,2,A,-,03,22350,NA,F,C,2,A,A,H,-,D,D,0,NA,NA,NA,NA,Y,NA,-,99,0,0,1,0,0,0,0,0,0,-,-,34.01396942138672,-118.48744201660156,LOS ANGELES,SANTA MONICA,-118.48743438720705,34.01396179199219
92261374,2023,2023-12-13,9580,2023-12-12,645,022663,NA,2,1,7,1942,0,1,1,NA,2,406,I-405 N/B (SAN DIEGO FWY),NORDHOFF ST,528,S,N,A,-,Y,LA,NA,405,NA,NA,44.644,H,NA,R,Y,4,0,1,1,A,-,08,22107,NA,N,E,I,A,A,H,-,A,D,0,NA,NA,NA,NA,Y,NA,A,07,0,0,1,0,0,0,0,0,0,-,-,34.234100341796875,-118.47293090820313,LOS ANGELES,LOS ANGELES,-118.47296142578124,34.234100341796875
92261378,2023,2023-12-13,9575,2023-12-01,1330,022876,NA,5,1,9,1900,0,2,4,NA,2,022,LINCOLN AVENUE,HARRIET STREET,0,NA,Y,A,-,N,NA,NA,NA,NA,NA,NA,NA,NA,NA,N,4,0,1,2,A,-,11,21954,A,N,G,B,D,A,H,-,A,D,0,Y,NA,NA,NA,Y,NA,N,60,0,0,1,0,1,0,0,0,0,-,-,34.19329071044922,-118.15878295898438,LOS ANGELES,UNINCORPORATED,-118.15876007080078,34.193321228027344
9226139,2021,2021-03-10,1900,2021-01-25,1630,625528,2637,1,5,6,1950,0,0,0,NA,0,263T1,10TH ST EAST,AV Q,746,N,N,A,-,N,NA,NA,NA,NA,NA,NA,NA,NA,NA,Y,3,0,1,1,A,-,08,22107,NA,N,E,I,A,A,H,-,A,D,0,NA,NA,NA,NA,Y,NA,A,01,0,1,0,0,0,0,0,0,0,-,-,34.58955001831055,-118.11193084716795,LOS ANGELES,PALMDALE,-118.11203002929688,34.58930587768555
92261393,2023,2023-12-13,9535,2023-12-04,1205,017943,NA,1,1,9,1900,0,1,3,NA,2,601,SR-60 W/B (POMONA FREEWAY),RIO HONDO RIVER,249,W,N,A,-,Y,LA,NA,60,NA,NA,8.842,H,NA,L,Y,4,0,2,2,A,-,08,22107,NA,N,E,8,A,A,H,-,A,D,0,NA,NA,NA,NA,Y,NA,A,01,0,0,2,0,0,0,0,0,0,-,-,34.04071044921875,-118.07584381103516,LOS ANGELES,UNINCORPORATED,-118.07585906982422,34.04078674316406
92261397,2023,2023-12-13,9530,2023-12-01,1920,022708,NA,5,2,9,1900,0,3,5,NA,2,003,E COMPTON BOULEVARD (4200 BLOCK),WHITE AVENUE,5,E,N,A,-,N,NA,NA,NA,NA,NA,NA,NA,NA,NA,Y,4,0,2,2,A,-,03,22350,NA,N,C,C,A,A,H,-,C,D,0,NA,NA,NA,NA,Y,NA,J,48,0,0,2,0,0,0,0,0,0,-,-,33.89617156982422,-118.1955337524414,LOS ANGELES,UNINCORPORATED,-118.1956024169922,33.896141052246094
92261401,2023,2023-12-13,9535,2023-12-02,1200,022025,NA,6,1,5,1901,0,1,1,NA,2,420,I-10 E/B (SBF) FROM GARFIELD AVE N/B,GARFIELD AVE,170,E,N,A,-,Y,LA,NA,10,NA,NA,24.029,H,NA,R,N,4,0,1,2,A,-,03,22350,NA,N,C,C,A,A,H,-,A,A,0,NA,NA,NA,NA,Y,NA,A,08,0,0,1,0,0,0,0,0,0,-,-,34.071319580078125,-118.1222915649414,LOS ANGELES,ALHAMBRA,-118.1222915649414,34.07146453857422
92261406,2023,2023-12-13,9530,2023-12-05,1845,022999,NA,2,2,9,1900,0,3,5,NA,2,001,FLORENCE AVE.,PACIFIC BLVD.,0,NA,Y,A,-,N,NA,NA,NA,NA,NA,NA,NA,NA,NA,N,4,0,1,2,A,-,09,21801,A,N,D,C,A,A,H,-,C,A,0,NA,NA,NA,NA,Y,NA,A,01,0,0,1,0,0,0,0,0,0,-,-,33.974178314208984,-118.22525024414064,LOS ANGELES,UNINCORPORATED,-118.22522735595705,33.97421646118164
92261416,2023,2023-12-13,9580,2023-12-08,850,022663,NA,5,1,7,1942,0,1,3,NA,2,170,SR-170 N/B (HOLLYWOOD FWY.),VICTORY BLVD,1584,S,N,A,-,Y,LA,NA,170,NA,R,16.86,H,NA,R,Y,4,0,1,1,C,-,18,NA,NA,N,E,8,A,A,H,-,A,D,0,NA,NA,NA,NA,Y,NA,-,-,0,0,1,0,0,0,0,0,0,-,-,34.18223190307617,-118.39723205566406,LOS ANGELES,LOS ANGELES,-118.39727783203124,34.182193756103516
92261418,2023,2023-12-13,9580,2023-12-04,730,022663,NA,1,1,7,1942,0,1,2,NA,2,102,US-101 N/B (VENTURA FREEWAY) FROM VAN NUYS BLVD,VAN NUYS BLVD,25,N,N,A,-,Y,NA,NA,NA,NA,NA,NA,NA,NA,NA,N,4,0,1,2,A,-,07,21658,A,N,B,C,A,A,H,-,A,D,0,NA,NA,NA,Y,Y,NA,-,-,0,0,1,0,0,0,0,0,0,-,-,34.15745162963867,-118.44892120361328,LOS ANGELES,LOS ANGELES,-118.44892120361328,34.15745162963867
92261429,2023,2023-12-13,9590,2023-12-08,2020,022520,NA,5,2,7,1942,0,1,1,NA,2,085,I-5 S/B (GOLDEN STATE FREEWAY),RIVERSIDE DRIVE,940,N,N,A,-,Y,LA,NA,5,NA,NA,21.974,H,NA,L,N,4,0,2,2,A,-,03,22350,NA,N,C,C,A,A,H,-,C,D,0,NA,NA,NA,NA,Y,NA,A,01,0,0,2,0,0,0,0,0,0,-,-,34.09571838378906,-118.2444305419922,LOS ANGELES,LOS ANGELES,-118.24430084228516,34.09580612182617
92261430,2023,2023-12-13,9530,2023-12-09,1820,022999,NA,6,2,9,1900,0,1,3,NA,2,310,SR-91 W/B (ARTESIA FREEWAY),AVALON BOULEVARD,2640,E,N,A,-,N,NA,NA,NA,NA,NA,NA,NA,NA,NA,N,4,0,1,2,A,-,03,22350,NA,N,C,C,A,A,H,-,D,D,0,NA,NA,NA,NA,Y,NA,A,08,0,0,1,0,0,0,0,0,0,-,-,33.87377166748047,-118.25688934326172,LOS ANGELES,UNINCORPORATED,-118.25735473632813,33.87372589111328
92261435,2023,2023-12-13,9535,2023-10-24,1450,023436,NA,2,2,6,1922,0,1,1,NA,2,400,I-10 E/B (SAN BERNARDINO FREEWAY),PECK ROAD,1056,W,N,A,-,Y,LA,NA,10,NA,NA,29.288,H,NA,R,N,2,0,1,3,A,-,07,21658,A,N,C,C,A,A,H,-,A,D,0,NA,NA,NA,NA,Y,NA,A,01,1,0,0,0,0,0,0,0,0,-,-,34.06787109375,-118.03166961669922,LOS ANGELES,EL MONTE,-118.03166961669922,34.06787109375
9226144,2021,2021-03-09,1900,2021-01-25,1240,514671,2611,1,5,6,1950,0,0,0,NA,0,261T1,PALMDALE BL,TRADE CENTER DR,0,NA,Y,G,-,N,NA,NA,NA,NA,NA,NA,NA,NA,NA,Y,4,0,1,2,D,-,00,NA,NA,N,D,C,A,A,H,-,A,B,0,NA,NA,NA,NA,Y,NA,-,-,0,0,1,0,0,0,0,0,0,-,-,34.58565902709961,-118.14337921142578,LOS ANGELES,PALMDALE,-118.14352416992188,34.5858039855957
92261442,2023,2023-12-13,9530,2023-12-12,1715,022999,NA,2,2,9,1900,0,1,1,NA,2,120,I-110 S/B (HARBOR FREEWAY),DEL AMO BLVD.,200,N,N,A,-,Y,LA,NA,110,NA,NA,8.084,H,NA,L,N,4,0,1,2,A,-,03,22350,NA,N,C,C,A,A,H,-,B,D,0,NA,NA,NA,NA,Y,NA,A,01,0,0,1,0,0,0,0,0,0,-,-,33.84690856933594,-118.2851104736328,LOS ANGELES,UNINCORPORATED,-118.28511810302734,33.8469123840332
92261462,2023,2023-12-14,9550,2023-12-04,28,023212,NA,1,3,5,1976,0,2,4,NA,1,012,SLAUSON AVE,PIONEER BLVD,60,W,N,A,-,N,NA,NA,NA,NA,NA,NA,NA,NA,NA,N,4,0,1,1,A,-,01,23152,A,N,E,8,A,A,H,-,C,A,0,NA,NA,NA,NA,Y,Y,A,07,0,0,1,0,0,0,0,0,0,-,-,33.96712112426758,-118.08260345458984,LOS ANGELES,WHITTIER,-118.08245086669922,33.96706008911133
92261464,2023,2023-12-13,9590,2023-12-08,1750,022520,NA,5,2,7,1942,0,1,1,NA,2,085,I-5 S/B (GOLDEN STATE FREEWAY),LOS FELIZ BLVD.,230,S,N,A,-,Y,LA,NA,5,NA,NA,24.275,H,NA,L,N,4,0,2,2,A,-,03,22350,NA,N,C,C,A,A,H,-,C,D,0,NA,NA,NA,NA,Y,NA,D,22,0,0,2,0,0,0,0,0,0,-,-,34.119651794433594,-118.27085876464844,LOS ANGELES,LOS ANGELES,-118.27085876464844,34.119651794433594
92261466,2023,2023-12-13,9590,2023-12-10,2354,022720,NA,7,3,7,1942,0,1,1,NA,2,040,I-5 N/B (SANTA ANA FREEWAY),GRANDE VISTA AVENUE,470,S,N,A,-,Y,LA,NA,5,NA,NA,15.758,H,NA,R,Y,4,0,1,1,A,-,08,22107,NA,N,E,I,A,B,H,-,C,D,0,NA,NA,NA,NA,Y,NA,A,01,0,0,1,0,0,0,0,0,0,-,-,34.02534103393555,-118.20478057861328,LOS ANGELES,LOS ANGELES,-118.20484161376952,34.02519989013672
92261471,2023,2023-12-13,9590,2023-12-05,1915,022750,NA,2,2,7,1942,0,1,1,NA,2,052,I-110 N/B (HARBOR FREEWAY),3RD STREET,300,N,N,A,-,Y,LA,NA,110,NA,NA,23.18,H,NA,R,N,4,0,1,2,A,-,07,21658,A,N,C,2,A,A,H,-,C,D,0,NA,NA,NA,NA,Y,NA,A,07,0,0,1,0,0,0,0,0,0,-,-,34.056739807128906,-118.2551727294922,LOS ANGELES,LOS ANGELES,-118.2552490234375,34.05679702758789
92261474,2023,2023-12-13,9530,2023-12-11,630,022702,NA,1,1,9,1900,0,3,5,NA,2,001,ALAMEDA STREET,95TH STREET,0,NA,Y,A,-,N,NA,NA,NA,NA,NA,NA,NA,NA,NA,N,3,0,1,2,A,-,09,21801,A,F,D,G,A,A,H,-,A,D,0,NA,Y,NA,NA,Y,NA,-,99,0,1,0,0,0,0,1,0,0,-,-,33.9505500793457,-118.22959899902344,LOS ANGELES,UNINCORPORATED,-118.2294921875,33.95052719116211