CASE_ID,ACCIDENT_YEAR,PROC_DATE,JURIS,COLLISION_DATE,COLLISION_TIME,OFFICER_ID,REPORTING_DISTRICT,DAY_OF_WEEK,CHP_SHIFT,POPULATION,CNTY_CITY_LOC,SPECIAL_COND,BEAT_TYPE,CHP_BEAT_TYPE,CITY_DIVISION_LAPD,CHP_BEAT_CLASS,BEAT_NUMBER,PRIMARY_RD,SECONDARY_RD,DISTANCE,DIRECTION,INTERSECTION,WEATHER_1,WEATHER_2,STATE_HWY_IND,CALTRANS_COUNTY,CALTRANS_DISTRICT,STATE_ROUTE,ROUTE_SUFFIX,POSTMILE_PREFIX,POSTMILE,LOCATION_TYPE,RAMP_INTERSECTION,SIDE_OF_HWY,TOW_AWAY,COLLISION_SEVERITY,NUMBER_KILLED,NUMBER_INJURED,PARTY_COUNT,PRIMARY_COLL_FACTOR,PCF_CODE_OF_VIOL,PCF_VIOL_CATEGORY,PCF_VIOLATION,PCF_VIOL_SUBSECTION,HIT_AND_RUN,TYPE_OF_COLLISION,MVIW,PED_ACTION,ROAD_SURFACE,ROAD_COND_1,ROAD_COND_2,LIGHTING,CONTROL_DEVICE,CHP_ROAD_TYPE,PEDESTRIAN_ACCIDENT,BICYCLE_ACCIDENT,MOTORCYCLE_ACCIDENT,TRUCK_ACCIDENT,NOT_PRIVATE_PROPERTY,ALCOHOL_INVOLVED,STWD_VEHTYPE_AT_FAULT,CHP_VEHTYPE_AT_FAULT,COUNT_SEVERE_INJ,COUNT_VISIBLE_INJ,COUNT_COMPLAINT_PAIN,COUNT_PED_KILLED,COUNT_PED_INJURED,COUNT_BICYCLIST_KILLED,COUNT_BICYCLIST_INJURED,COUNT_MC_KILLED,COUNT_MC_INJURED,PRIMARY_RAMP,SECONDARY_RAMP,LATITUDE,LONGITUDE,COUNTY,CITY,POINT_X,POINT_Y
92265084,2023,2023-12-18,9565,2023-12-08,1600,022057,NA,5,2,5,1965,0,1,3,NA,2,080,I-10 W/B (SANTA MONICA FREEWAY),11TH ST,600,E,N,A,-,Y,LA,NA,10,NA,R,2.42,H,NA,L,N,4,0,1,3,A,-,03,22350,NA,N,C,C,A,A,H,-,A,D,0,NA,NA,NA,NA,Y,NA,A,01,0,0,1,0,0,0,0,0,0,-,-,34.01728820800781,-118.48239135742188,LOS ANGELES,SANTA MONICA,-118.48234558105467,34.017250061035156
92265085,2023,2023-12-18,9530,2023-12-12,1639,022995,NA,2,2,9,1900,0,3,5,NA,2,004,SANTA FE AVE.,LAS HERMANAS ST.,0,NA,Y,A,-,N,NA,NA,NA,NA,NA,NA,NA,NA,NA,N,4,0,1,2,A,-,09,21802,A,N,D,C,A,A,H,-,A,D,0,NA,NA,NA,NA,Y,NA,A,01,0,0,1,0,0,0,0,0,0,-,-,33.86928939819336,-118.21317291259766,LOS ANGELES,UNINCORPORATED,-118.21320343017578,33.86932373046875
92265094,2023,2023-12-18,9530,2023-12-12,1418,023511,NA,2,2,9,1900,0,3,5,NA,2,001,SANTA FE AVE.,HOPE ST,0,NA,Y,A,-,N,NA,NA,NA,NA,NA,NA,NA,NA,NA,Y,4,0,1,2,A,-,09,21801,A,N,D,2,A,A,H,-,A,A,0,NA,NA,NA,NA,Y,NA,A,01,0,0,1,0,0,0,0,0,0,-,-,33.97052001953125,-118.2302017211914,LOS ANGELES,UNINCORPORATED,-118.23026275634766,33.970462799072266
92265095,2023,2023-12-18,9550,2023-12-06,1555,022769,NA,3,2,9,1900,0,3,5,NA,2,002,COLIMA RD. S/B,ALLEGAN ST.,20,N,N,A,-,N,NA,NA,NA,NA,NA,NA,NA,NA,NA,Y,4,0,1,6,A,-,08,22107,NA,N,D,C,A,A,H,-,A,D,0,NA,NA,NA,NA,Y,NA,A,01,0,0,1,0,0,0,0,0,0,-,-,33.927730560302734,-118.02246856689452,LOS ANGELES,UNINCORPORATED,-118.02252197265624,33.92762756347656
92265120,2023,2023-12-18,9530,2023-12-13,735,018745,NA,3,1,7,1942,0,1,1,NA,2,400,I-405 N/B (SAN DIEGO FREEWAY),NORMANDIE AVE.,1162,S,N,B,-,Y,LA,NA,405,NA,NA,13.619,H,NA,R,N,4,0,2,2,A,-,03,22350,NA,N,C,C,A,A,H,-,A,D,0,NA,NA,NA,NA,Y,NA,A,01,0,0,2,0,0,0,0,0,0,-,-,33.859859466552734,-118.29521942138672,LOS ANGELES,LOS ANGELES,-118.29521942138672,33.859920501708984
92265130,2023,2023-12-18,9535,2023-12-06,1930,023567,NA,3,2,5,1947,0,1,3,NA,2,620,STATE ROUTE 60 E/B (POMONA FREEWAY),SAN GABRIEL BLVD,1000,W,N,A,-,Y,LA,NA,60,NA,R,8.075,H,NA,R,N,4,0,2,2,A,-,03,22350,NA,N,C,C,A,A,H,-,D,D,0,NA,NA,NA,NA,Y,NA,A,01,0,0,2,0,0,0,0,0,0,-,-,34.0372200012207,-118.08783721923828,LOS ANGELES,MONTEBELLO,-118.08782196044922,34.03718185424805
92265137,2023,2023-12-18,9565,2023-11-11,225,021658,NA,6,3,7,1942,0,1,1,NA,2,082,I-10 E/B FROM BUNDY DR.,BUNDY DR.,815,E,N,A,-,Y,LA,NA,10,NA,R,4.692,H,NA,R,Y,2,0,1,3,A,-,01,23152,A,N,D,C,E,A,H,-,D,D,0,Y,NA,NA,NA,Y,Y,A,01,1,0,0,0,1,0,0,0,0,-,-,34.02878189086914,-118.44641876220705,LOS ANGELES,LOS ANGELES,-118.44645690917967,34.02888870239258
9226514,2021,2021-03-10,1900,2021-02-11,1003,502363,2608,4,5,6,1950,0,0,0,NA,0,263T1,PALMDALE BL,26TH ST EAST,153,W,N,A,-,Y,LA,7,138,-,-,46.32,H,-,W,Y,4,0,2,3,A,-,03,22350,NA,N,C,E,A,A,H,-,A,D,0,NA,NA,NA,Y,Y,NA,A,08,0,0,2,0,0,0,0,0,0,-,-,34.579891204833984,-118.0830307006836,LOS ANGELES,PALMDALE,-118.08350372314452,34.58016586303711
92265144,2023,2023-12-18,9575,2023-12-08,1400,022502,NA,5,2,6,1953,0,1,3,NA,2,040,SR-134 W/B (VENTURA FREEWAY),SAN RAFAEL AVENUE,1100,E,N,A,-,Y,LA,NA,134,NA,R,12.564,H,NA,L,N,4,0,1,3,A,-,03,22350,NA,N,C,C,A,A,H,-,A,D,0,NA,NA,NA,NA,Y,NA,A,08,0,0,1,0,0,0,0,0,0,-,-,34.144981384277344,-118.16754150390624,LOS ANGELES,PASADENA,-118.16757965087892,34.1450309753418
92265150,2023,2023-12-18,9525,2023-12-11,1730,023176,NA,1,2,9,1900,0,3,5,NA,2,001,MYRTLE AVE,WYLAND WAY,0,NA,Y,A,-,N,NA,NA,NA,NA,NA,NA,NA,NA,NA,N,2,0,1,2,A,-,11,21954,A,N,G,B,D,A,H,-,D,D,0,Y,NA,NA,NA,Y,NA,N,60,1,0,0,0,1,0,0,0,0,-,-,34.11835861206055,-118.00128936767578,LOS ANGELES,UNINCORPORATED,-118.00131225585938,34.118316650390625
92265165,2023,2023-12-18,9590,2023-12-02,2115,023052,NA,6,2,7,1942,0,1,2,NA,2,072,US-101 N/B (HOLLYWOOD FREEWAY),SUNSET BLVD,85,N,N,A,-,Y,LA,NA,101,NA,NA,6.272,H,NA,R,N,4,0,1,2,A,-,03,22350,NA,F,C,C,A,A,H,-,C,D,0,NA,NA,NA,NA,Y,NA,-,99,0,0,1,0,0,0,0,0,0,-,-,34.09843826293945,-118.31459045410156,LOS ANGELES,LOS ANGELES,-118.31460571289064,34.09843444824219
92265182,2023,2023-12-18,9575,2023-12-10,1745,023031,NA,7,2,6,1912,0,1,1,NA,2,051,I-5 S/B (GOLDEN STATE FREEWAY),MAGNOLIA BLVD.,85,N,N,A,-,Y,LA,NA,5,NA,NA,29.414,H,NA,L,N,4,0,1,2,A,-,03,22350,NA,N,C,C,A,A,H,-,D,D,0,NA,NA,NA,NA,Y,NA,A,01,0,0,1,0,0,0,0,0,0,-,-,34.18119812011719,-118.3143310546875,LOS ANGELES,BURBANK,-118.31426239013672,34.181236267089844
92265183,2023,2023-12-18,9590,2023-11-30,1823,023563,NA,4,2,7,1942,0,1,1,NA,2,021,I-10 W/B (SAN BERNARDINO FREEWAY),STATE ST,200,E,N,A,-,Y,LA,NA,10,NA,NA,18.7,H,NA,L,Y,4,0,2,2,A,-,03,22350,NA,N,C,C,A,A,H,-,C,D,0,NA,NA,NA,NA,Y,NA,A,01,0,0,2,0,0,0,0,0,0,-,-,34.05424880981445,-118.20897674560548,LOS ANGELES,LOS ANGELES,-118.20899963378906,34.05419921875
92265192,2023,2025-01-06,9535,2023-12-05,1756,023351,NA,2,2,9,1900,0,2,4,NA,2,024,WHITTIER BLVD.,DITMAN AVE,0,NA,Y,A,-,N,NA,NA,NA,NA,NA,NA,NA,NA,NA,N,4,0,1,3,A,-,09,21801,A,N,D,C,A,A,H,-,C,A,0,NA,NA,NA,NA,Y,NA,A,07,0,0,1,0,0,0,0,0,0,-,-,34.02389144897461,-118.18927001953124,LOS ANGELES,UNINCORPORATED,-118.18927764892578,34.02392578125
92265193,2023,2023-12-18,9565,2023-12-08,125,021951,NA,5,3,7,1942,0,1,1,NA,2,063,I-405 S/B (SAN DIEGO FWY),MONTANA AVENUE,650,S,N,A,-,Y,LA,NA,405,NA,NA,32.366,H,NA,L,Y,2,0,2,2,C,-,18,NA,NA,N,D,C,A,A,H,-,D,D,0,NA,NA,NA,NA,Y,NA,-,-,2,0,0,0,0,0,0,0,0,-,-,34.06538009643555,-118.46031188964844,LOS ANGELES,LOS ANGELES,-118.46031951904295,34.065372467041016
92265198,2023,2023-12-18,9565,2023-11-05,2150,022832,NA,7,2,9,1900,0,2,4,NA,2,021,VERMONT AVENUE,88TH STREET,0,NA,Y,A,-,N,NA,NA,NA,NA,NA,NA,NA,NA,NA,Y,4,0,1,2,A,-,12,21453,A,F,D,C,A,A,H,-,C,A,0,NA,NA,NA,NA,Y,NA,A,01,0,0,1,0,0,0,0,0,0,-,-,33.957908630371094,-118.29176330566406,LOS ANGELES,UNINCORPORATED,-118.29178619384766,33.95793533325195
92265209,2023,2023-12-18,9530,2023-12-16,425,023455,NA,6,3,9,1900,0,3,5,NA,2,001,NADEAU ST (7900 BLOCK),CROCKETT BLVD.,50,W,N,A,-,N,NA,NA,NA,NA,NA,NA,NA,NA,NA,Y,3,0,1,1,A,-,01,23152,A,N,E,8,A,A,H,-,C,D,0,NA,NA,NA,NA,Y,Y,A,07,0,1,0,0,0,0,0,0,0,-,-,33.96731948852539,-118.23715972900392,LOS ANGELES,UNINCORPORATED,-118.23707580566406,33.96738052368164
92265222,2023,2023-12-18,9535,2023-12-05,1330,023351,NA,2,1,9,1900,0,3,5,NA,2,002,MCDONNELL AVE,ALLEY NORTH WHITTIER BLVD.,0,NA,Y,A,-,N,NA,NA,NA,NA,NA,NA,NA,NA,NA,N,3,0,1,2,A,-,09,21804,A,N,D,G,A,A,H,-,A,D,0,NA,Y,NA,NA,Y,NA,L,04,0,1,0,0,0,0,1,0,0,-,-,34.023189544677734,-118.16779327392578,LOS ANGELES,UNINCORPORATED,-118.1679916381836,34.02266311645508
92265238,2023,2023-12-18,9535,2023-10-03,1055,019857,NA,2,1,6,1922,0,1,1,NA,2,401,I-10 W/B (SAN BERNARDINO FREEWAY),VALLEY BLVD.,80,E,N,A,-,Y,LA,NA,10,NA,NA,29.589,H,NA,L,N,4,0,2,4,A,-,08,22107,NA,M,B,C,A,A,H,-,A,D,0,NA,NA,Y,Y,Y,NA,F,26,0,0,2,0,0,0,0,0,1,-,-,34.06814956665039,-118.02652740478516,LOS ANGELES,EL MONTE,-118.02652740478516,34.06815719604492
92265264,2023,2023-12-18,9565,2023-12-08,1525,022923,NA,5,2,9,1900,1,2,S,NA,2,001,HOOPER AVENUE,SLAUSON AVENUE,0,NA,Y,A,-,N,NA,NA,NA,NA,NA,NA,NA,NA,NA,N,4,0,1,3,A,-,12,21453,A,N,D,C,A,A,H,-,A,A,0,NA,NA,NA,NA,Y,NA,A,01,0,0,1,0,0,0,0,0,0,-,-,33.98931121826172,-118.25218200683594,LOS ANGELES,UNINCORPORATED,-118.25212097167967,33.98931884765625
92265316,2023,2023-12-18,9535,2023-10-28,1355,023022,NA,6,1,6,1922,0,1,1,NA,2,401,I-10 W/B (SAN BERNARDINO FREEWAY),SANTA ANITA AVE,1584,W,N,A,-,Y,LA,NA,10,NA,NA,28.334,H,NA,L,Y,3,0,2,3,A,-,03,22350,NA,N,C,C,A,A,H,-,A,D,0,NA,NA,NA,Y,Y,NA,F,55,0,1,1,0,0,0,0,0,0,-,-,34.07059097290039,-118.04766845703124,LOS ANGELES,EL MONTE,-118.04768371582033,34.0705680847168
92265335,2023,2023-12-18,9535,2023-12-07,1710,023450,NA,4,2,9,1900,0,1,3,NA,2,600,SR-60 E/B (POMONA FREEWAY),3RD ST,323,E,N,A,-,Y,LA,NA,60,NA,R,2.722,H,NA,R,Y,4,0,1,2,A,-,03,22350,NA,N,C,C,A,A,H,-,C,D,0,NA,NA,NA,NA,Y,NA,D,22,0,0,1,0,0,0,0,0,0,-,-,34.03398895263672,-118.17932891845705,LOS ANGELES,UNINCORPORATED,-118.17930603027344,34.033939361572266
92265344,2023,2023-12-19,9535,2023-11-18,843,023465,NA,6,1,5,1959,0,1,1,NA,2,400,I-10 E/B (SAN BERNARDINO FREEWAY),WALNUT GROVE AVE,30,W,N,A,-,Y,LA,NA,10,NA,NA,26.332,H,NA,R,N,4,0,1,2,A,-,08,22107,NA,M,B,C,A,A,H,-,A,D,0,NA,NA,NA,NA,Y,NA,A,01,0,0,1,0,0,0,0,0,0,-,-,34.07204055786133,-118.08219146728516,LOS ANGELES,ROSEMEAD,-118.08218383789064,34.07193374633789
92265346,2023,2023-12-19,9590,2023-12-06,1610,022102,NA,3,2,7,1942,0,1,1,NA,2,051,I-110 S/B (HARBOR FREEWAY),SLAUSON AVE,950,N,N,A,-,Y,LA,NA,110,NA,NA,18.16,H,NA,L,N,4,0,1,2,A,-,03,22350,NA,F,C,C,A,A,H,-,A,D,0,NA,NA,NA,NA,Y,NA,-,99,0,0,1,0,0,0,0,0,0,-,-,33.991519927978516,-118.28076934814452,LOS ANGELES,LOS ANGELES,-118.28058624267578,33.99151611328125
92265359,2023,2023-12-19,9590,2023-12-06,1925,023472,NA,3,2,7,1942,0,1,1,NA,2,062,I-10 E/B (SANTA MONICA FEREEWAY),HOOVER STREET,556,W,N,A,-,Y,LA,NA,10,NA,NA,14.139,H,NA,R,Y,4,0,1,2,A,-,03,22350,NA,N,C,C,A,A,H,-,C,D,0,NA,NA,NA,NA,Y,NA,A,01,0,0,1,0,0,0,0,0,0,-,-,34.03683090209961,-118.28601837158205,LOS ANGELES,LOS ANGELES,-118.28601837158205,34.03681182861328
92265372,2023,2024-04-30,9535,2023-12-02,205,023448,NA,6,3,9,1900,0,1,1,NA,2,501,I-5 S/B (SANTA ANA FREEWAY),SLAUSON AVE,1320,N,N,A,-,Y,LA,NA,5,NA,NA,10.06,H,NA,L,Y,4,0,3,2,A,-,01,23152,A,N,C,C,A,A,H,-,C,D,0,NA,NA,NA,NA,Y,Y,A,01,0,0,3,0,0,0,0,0,0,-,-,33.9786491394043,-118.12787628173828,LOS ANGELES,UNINCORPORATED,-118.1278076171875,33.978702545166016
92265387,2023,2023-12-19,9590,2023-12-06,1803,022088,NA,3,2,7,1942,0,1,2,NA,2,070,US-101 NORTHBOUND (SANTA ANA FREEWAY),ALAMEDA STREET O/C,1000,S,N,A,-,Y,LA,NA,101,NA,NA,0.484,H,NA,R,N,4,0,1,2,A,-,03,22350,NA,M,C,C,A,A,H,-,C,D,0,NA,NA,NA,NA,Y,NA,-,99,0,0,1,0,0,0,0,0,0,-,-,34.05385971069336,-118.23384857177734,LOS ANGELES,LOS ANGELES,-118.23385620117188,34.05381393432617
9226542,2021,2021-03-20,1900,2021-02-04,0415,490039,1510,4,5,5,1954,0,0,0,NA,0,151T3,EDNA ST,ORANGE ST,84,S,N,A,-,N,NA,NA,NA,NA,NA,NA,NA,NA,NA,N,3,0,1,3,A,-,01,23152,A,N,D,E,A,A,-,-,C,D,0,NA,NA,NA,Y,Y,Y,A,01,0,1,0,0,0,0,0,0,0,-,-,34.00938034057617,-118.09369659423828,LOS ANGELES,PICO RIVERA,-118.09336090087892,34.00933837890625
9226550,2021,2021-03-23,1900,2021-02-06,1305,S08705,0613,6,5,6,1985,0,0,0,NA,0,61T1,WHITES CANYON RD,SOLEDAD CANYON RD,36,N,N,A,-,N,NA,NA,NA,NA,NA,NA,NA,NA,NA,Y,4,0,1,2,A,-,04,21703,NA,N,C,C,A,A,H,-,A,D,0,NA,NA,NA,NA,Y,NA,D,22,0,0,1,0,0,0,0,0,0,-,-,34.41590118408203,-118.47209930419922,LOS ANGELES,SANTA CLARITA,-118.47216796875,34.41581726074219
92265635,2023,2023-12-19,9530,2023-12-13,230,022714,NA,3,3,5,1915,0,1,3,NA,2,310,SR-91 E/B (ARTESIA FREEWAY),WILMINGTON AVE.,1742,W,N,A,-,Y,LA,NA,91,NA,R,8.82,H,NA,R,Y,4,0,1,2,A,-,08,22107,NA,N,B,C,A,A,H,-,C,D,0,NA,NA,NA,Y,Y,NA,A,01,0,0,1,0,0,0,0,0,0,-,-,33.873409271240234,-118.24199676513672,LOS ANGELES,COMPTON,-118.24200439453124,33.873451232910156
92265643,2023,2023-12-19,9545,2023-12-08,1445,022496,NA,5,2,9,1900,0,1,3,NA,2,011,SR-14 S/B,AVENUE M,1320,N,N,A,-,Y,LA,NA,14,NA,R,65.033,H,NA,L,N,4,0,1,3,A,-,03,22350,NA,N,C,C,A,A,D,-,A,D,0,NA,NA,NA,NA,Y,NA,A,01,0,0,1,0,0,0,0,0,0,-,-,34.650901794433594,-118.15348052978516,LOS ANGELES,UNINCORPORATED,-118.15348052978516,34.650901794433594
92265644,2023,2023-12-19,9545,2023-12-13,1005,016124,NA,3,1,9,1900,0,3,5,NA,2,003,SIERRA HIGHWAY,SR-14 S/B FROM SIERRA HIGHWAY,0,NA,Y,A,-,N,NA,NA,NA,NA,NA,NA,NA,NA,NA,Y,2,0,2,3,A,-,09,21801,A,N,D,C,A,A,H,-,A,D,0,NA,NA,Y,NA,Y,NA,A,01,1,0,1,0,0,0,0,0,1,-,-,34.487300872802734,-118.14423370361328,LOS ANGELES,UNINCORPORATED,-118.12741088867188,34.64015579223633
92265647,2023,2023-12-19,9545,2023-12-09,758,019414,NA,6,1,9,1900,0,3,5,NA,2,002,DIANRON RD,PALM TREE WAY,5,W,N,A,-,N,NA,NA,NA,NA,NA,NA,NA,NA,NA,Y,4,0,2,1,A,-,08,22107,NA,M,E,I,A,A,H,-,A,D,0,NA,NA,NA,NA,Y,NA,A,07,0,0,2,0,0,0,0,0,0,-,-,34.59368133544922,-118.15512084960938,LOS ANGELES,UNINCORPORATED,-118.15501403808594,34.59366989135742
92265648,2023,2023-12-19,9545,2023-12-14,430,021640,NA,4,3,9,1900,0,1,3,NA,2,021,SR-14 S/B,VINCENT RAMP UNDERCROSSING,3000,N,N,A,-,Y,LA,NA,14,NA,R,55.158,H,NA,L,N,4,0,2,2,A,-,03,22350,NA,N,C,C,A,A,H,-,D,D,0,NA,NA,NA,NA,Y,NA,D,22,0,0,2,0,0,0,0,0,0,-,-,34.51966857910156,-118.11084747314452,LOS ANGELES,UNINCORPORATED,-118.11087799072266,34.51966857910156
92265650,2023,2023-12-19,9545,2023-12-14,2110,021640,NA,4,2,6,1992,0,1,3,NA,2,011,SR-14 S/B,AVENUE D,1450,S,N,A,-,Y,LA,NA,14,NA,R,73.724,H,NA,L,N,4,0,1,1,A,-,08,22107,NA,N,E,J,A,A,D,-,C,D,0,NA,NA,NA,NA,Y,NA,A,01,0,0,1,0,0,0,0,0,0,-,-,34.77288055419922,-118.17079925537108,LOS ANGELES,LANCASTER,-118.17082214355467,34.77288055419922
92265658,2023,2023-12-19,9530,2023-12-12,730,023568,NA,2,1,7,1942,0,3,5,NA,2,002,EL SEGUNDO BLVD.,SAN PEDRO ST.,0,NA,Y,A,-,N,NA,NA,NA,NA,NA,NA,NA,NA,NA,N,4,0,1,2,A,-,09,21801,A,N,D,C,A,A,H,-,A,A,0,NA,NA,NA,NA,Y,NA,A,07,0,0,1,0,0,0,0,0,0,-,-,33.91645812988281,-118.26959991455078,LOS ANGELES,LOS ANGELES,-118.26962280273438,33.916419982910156
92265663,2023,2023-12-19,9535,2023-10-31,850,021684,NA,2,1,9,1900,0,3,5,NA,2,001,GAGE AVE,MICHIGAN AVE,0,NA,Y,A,-,N,NA,NA,NA,NA,NA,NA,NA,NA,NA,N,4,0,1,2,A,-,12,22450,A,F,G,B,B,A,H,-,A,A,0,Y,NA,NA,NA,Y,NA,-,99,0,0,1,0,1,0,0,0,0,-,-,34.038108825683594,-118.18473052978516,LOS ANGELES,UNINCORPORATED,-118.18465423583984,34.0380973815918
92265664,2023,2023-12-19,9525,2023-12-10,340,019707,NA,7,3,6,1955,0,1,3,NA,2,606,SR-60 E/B (POMONA FWY),PHILLIPS RANCH RD,300,E,N,A,-,Y,LA,NA,60,NA,R,28.313,H,NA,R,Y,3,0,1,2,A,-,01,23152,A,N,C,C,A,A,H,-,C,A,0,NA,NA,NA,NA,Y,Y,A,01,0,1,0,0,0,0,0,0,0,-,-,34.0235710144043,-117.76618194580078,LOS ANGELES,POMONA,-117.76618194580078,34.02360153198242
92265686,2023,2023-12-19,9530,2023-12-13,740,023568,NA,3,1,7,1942,0,3,5,NA,2,001,COMPTON AVE. (BLOCK 7100),FLORENCE AVE.,20,S,N,A,-,N,NA,NA,NA,NA,NA,NA,NA,NA,NA,N,4,0,2,2,A,-,03,22350,NA,N,C,C,A,A,H,-,A,D,0,NA,NA,NA,NA,Y,NA,A,07,0,0,2,0,0,0,0,0,0,-,-,33.974571228027344,-118.2477569580078,LOS ANGELES,LOS ANGELES,-118.2476806640625,33.97468566894531
92265688,2023,2023-12-19,9525,2023-12-16,540,020341,NA,6,3,9,1900,0,1,1,NA,2,106,I-10 E/B (SAN BERNARDINO FWY),VIA VERDE,1531,W,N,A,-,Y,LA,NA,10,NA,NA,40.16,H,NA,R,N,4,0,2,2,A,-,03,22350,NA,N,C,C,A,A,H,-,C,D,0,NA,NA,NA,NA,Y,Y,A,01,0,0,2,0,0,0,0,0,0,-,-,34.06829833984375,-117.84487152099608,LOS ANGELES,UNINCORPORATED,-117.84487915039064,34.06835174560547
92265689,2023,2023-12-19,9525,2023-12-16,840,021074,NA,6,1,4,1913,0,1,1,NA,2,219,I-210 W/B (FOOTHILL FWY),BASELINE ROAD,4752,W,N,A,-,Y,LA,NA,210,NA,R,50.907,H,NA,L,N,4,0,1,1,A,-,08,22107,NA,N,E,I,A,A,H,-,A,D,0,NA,NA,NA,NA,Y,NA,A,01,0,0,1,0,0,0,0,0,0,-,-,34.12002944946289,-117.71250915527344,LOS ANGELES,CLAREMONT,-117.71250915527344,34.120113372802734
92265691,2023,2023-12-19,9565,2023-12-08,126,021951,NA,5,3,7,1942,0,1,1,NA,2,063,I-405 S/B (SAN DIEGO FWY),MONTANA AVENUE,660,S,N,A,-,Y,LA,NA,405,NA,NA,32.372,H,NA,L,Y,2,0,1,2,C,-,18,NA,NA,N,C,C,A,A,H,-,D,D,0,NA,NA,NA,NA,Y,NA,-,-,1,0,0,0,0,0,0,0,0,-,-,34.06544876098633,-118.46037292480467,LOS ANGELES,LOS ANGELES,-118.46038055419922,34.0654411315918
92265703,2023,2023-12-19,9545,2023-12-09,620,023505,NA,6,1,9,1900,0,3,5,NA,2,004,FORT TEJON RD,BUTTERFIELD STAGE RD,1584,E,N,A,-,N,NA,NA,NA,NA,NA,NA,NA,NA,NA,Y,3,0,1,1,A,-,08,22107,NA,N,E,I,A,A,H,-,D,D,0,NA,NA,NA,NA,Y,NA,A,07,0,1,0,0,0,0,0,0,0,-,-,34.48236083984375,-117.91963958740234,LOS ANGELES,UNINCORPORATED,-117.91992950439452,34.482574462890625
92265709,2023,2023-12-19,9535,2023-11-10,1630,023297,NA,5,2,6,1922,0,1,1,NA,2,401,I-10 W/B (SAN BERNARDINO FWY),TYLER AVE,30,W,N,A,-,Y,LA,NA,10,NA,NA,29.027,H,NA,L,N,4,0,1,3,A,-,03,22350,NA,N,C,C,A,A,H,-,B,D,0,NA,NA,NA,NA,Y,NA,A,01,0,0,1,0,0,0,0,0,0,-,-,34.06819152832031,-118.03623199462892,LOS ANGELES,EL MONTE,-118.03623199462892,34.068180084228516
92265720,2023,2023-12-19,9525,2023-12-11,1450,021779,NA,1,2,9,1900,0,3,5,NA,2,003,GRAND AVE,LORENCITA DR,0,NA,Y,A,-,N,NA,NA,NA,NA,NA,NA,NA,NA,NA,Y,3,0,2,2,A,-,09,21802,A,N,D,C,A,A,H,-,A,A,0,NA,NA,NA,NA,Y,NA,A,07,0,1,1,0,0,0,0,0,0,-,-,34.062870025634766,-117.86830902099608,LOS ANGELES,UNINCORPORATED,-117.8682861328125,34.06283950805664
92265729,2023,2023-12-19,9565,2023-12-09,905,022810,NA,6,1,4,1918,0,1,1,NA,2,061,I-405 S/B (SAN DIEGO FREEWAY) TO VENICE BLVD,VENICE BLVD,800,S,N,A,-,Y,LA,NA,405,NA,NA,27.838,H,NA,L,Y,3,0,3,3,A,-,03,22350,NA,N,C,C,A,A,H,-,A,D,0,NA,NA,NA,NA,Y,NA,A,01,0,1,2,0,0,0,0,0,0,-,-,34.010501861572266,-118.4176025390625,LOS ANGELES,CULVER CITY,-118.41734313964844,34.010643005371094
92265737,2023,2023-12-19,9525,2023-12-16,1310,023049,NA,6,1,9,1900,0,1,3,NA,1,024,SR-39 (SAN GABRIEL CANYON RD.),DEVILS CANYON DAM TRUCK TRAIL,264,N,N,A,-,Y,LA,NA,39,NA,NA,27.627,H,NA,R,N,4,0,1,1,A,-,03,22350,NA,N,F,J,A,A,H,-,A,D,0,NA,NA,Y,NA,Y,NA,C,02,0,0,1,0,0,0,0,0,1,-,-,34.24903869628906,-117.86505889892578,LOS ANGELES,UNINCORPORATED,-117.86505889892578,34.24901580810547
92265741,2023,2023-12-19,9525,2023-12-14,1125,022521,NA,4,1,1,1934,0,1,1,NA,2,652,I-605 N/B (SAN GABRIEL RIVER FWY),LOWER AZUSA RD.,2640,N,N,A,-,Y,LA,NA,605,NA,NA,22.728,H,NA,R,Y,4,0,1,2,A,-,07,21658,A,N,B,2,A,A,H,-,A,D,0,NA,NA,NA,NA,Y,NA,A,01,0,0,1,0,0,0,0,0,0,-,-,34.09782028198242,-117.98555755615234,LOS ANGELES,IRWINDALE,-117.98551177978516,34.097808837890625
92265742,2023,2023-12-19,9565,2023-12-09,1325,022692,NA,6,1,7,1942,0,1,1,NA,2,062,I-405 S/B (SAN DIEGO FWY.),NATIONAL BLVD.,200,N,N,A,-,Y,LA,NA,405,NA,NA,29.21,H,NA,L,N,4,0,1,2,A,-,03,22350,NA,N,C,C,A,A,H,-,A,D,0,NA,NA,NA,NA,Y,NA,A,01,0,0,1,0,0,0,0,0,0,-,-,34.027278900146484,-118.4305419921875,LOS ANGELES,LOS ANGELES,-118.43053436279295,34.02728271484375