CASE_ID,ACCIDENT_YEAR,PROC_DATE,JURIS,COLLISION_DATE,COLLISION_TIME,OFFICER_ID,REPORTING_DISTRICT,DAY_OF_WEEK,CHP_SHIFT,POPULATION,CNTY_CITY_LOC,SPECIAL_COND,BEAT_TYPE,CHP_BEAT_TYPE,CITY_DIVISION_LAPD,CHP_BEAT_CLASS,BEAT_NUMBER,PRIMARY_RD,SECONDARY_RD,DISTANCE,DIRECTION,INTERSECTION,WEATHER_1,WEATHER_2,STATE_HWY_IND,CALTRANS_COUNTY,CALTRANS_DISTRICT,STATE_ROUTE,ROUTE_SUFFIX,POSTMILE_PREFIX,POSTMILE,LOCATION_TYPE,RAMP_INTERSECTION,SIDE_OF_HWY,TOW_AWAY,COLLISION_SEVERITY,NUMBER_KILLED,NUMBER_INJURED,PARTY_COUNT,PRIMARY_COLL_FACTOR,PCF_CODE_OF_VIOL,PCF_VIOL_CATEGORY,PCF_VIOLATION,PCF_VIOL_SUBSECTION,HIT_AND_RUN,TYPE_OF_COLLISION,MVIW,PED_ACTION,ROAD_SURFACE,ROAD_COND_1,ROAD_COND_2,LIGHTING,CONTROL_DEVICE,CHP_ROAD_TYPE,PEDESTRIAN_ACCIDENT,BICYCLE_ACCIDENT,MOTORCYCLE_ACCIDENT,TRUCK_ACCIDENT,NOT_PRIVATE_PROPERTY,ALCOHOL_INVOLVED,STWD_VEHTYPE_AT_FAULT,CHP_VEHTYPE_AT_FAULT,COUNT_SEVERE_INJ,COUNT_VISIBLE_INJ,COUNT_COMPLAINT_PAIN,COUNT_PED_KILLED,COUNT_PED_INJURED,COUNT_BICYCLIST_KILLED,COUNT_BICYCLIST_INJURED,COUNT_MC_KILLED,COUNT_MC_INJURED,PRIMARY_RAMP,SECONDARY_RAMP,LATITUDE,LONGITUDE,COUNTY,CITY,POINT_X,POINT_Y
92267593,2023,2023-12-20,9590,2023-12-10,2120,022313,NA,7,2,7,1942,0,1,1,NA,2,061,I-10 W/B (SANTA MONICA FREEWAY),WEST BOULEVARD,200,W,N,A,-,Y,LA,NA,10,NA,R,10.877,H,NA,L,N,4,0,2,2,A,-,03,22350,NA,M,C,C,A,A,H,-,C,D,0,NA,NA,NA,NA,Y,NA,-,99,0,0,2,0,0,0,0,0,0,-,-,34.03472900390625,-118.34262084960938,LOS ANGELES,LOS ANGELES,-118.34262084960938,34.03476333618164
92267600,2023,2023-12-20,9590,2023-09-29,2015,023394,NA,5,2,7,1942,0,1,1,NA,2,082,I-5 N/B (GSF) TO SR-2 N/B (GLF),NEWELL STREET,570,N,N,A,-,Y,LA,NA,5,NA,NA,22.383,H,NA,R,N,4,0,1,2,A,-,07,21658,A,N,C,C,A,A,H,-,D,D,0,NA,NA,NA,NA,Y,NA,A,01,0,0,1,0,0,0,0,0,0,-,-,34.10076141357422,-118.2480697631836,LOS ANGELES,LOS ANGELES,-118.24825286865234,34.10067367553711
92267610,2023,2023-12-20,9575,2023-11-04,1250,023072,NA,6,1,7,1942,0,1,3,NA,2,043,SR-134 W/B (VENTURA FREEWAY),LEDGE AVENUE,10,W,N,A,-,Y,LA,NA,134,NA,NA,1.105,H,NA,L,N,3,0,1,2,A,-,17,22109,NA,M,F,A,A,A,H,-,A,D,0,NA,NA,Y,NA,Y,NA,-,99,0,1,0,0,0,0,0,0,1,-,-,34.15304946899414,-118.3572006225586,LOS ANGELES,LOS ANGELES,-118.35719299316406,34.153114318847656
9226768,2021,2021-03-16,1934,2021-01-21,2351,786,IRWPD,4,5,1,1934,0,0,0,NA,0,001,RIVERGRADE RD,STEWRAT AV,7,E,N,A,-,N,NA,NA,NA,NA,NA,NA,NA,NA,NA,Y,2,0,2,1,A,-,03,22350,NA,N,E,I,A,A,H,-,C,A,0,NA,NA,NA,NA,Y,NA,A,01,1,1,0,0,0,0,0,0,0,-,-,NA,NA,LOS ANGELES,IRWINDALE,-117.9692840576172,34.108314514160156
92267698,2023,2023-12-21,9580,2023-12-15,1317,023224,NA,5,1,7,1942,0,1,2,NA,2,103,US-101 S/B (VENTURA FREEWAY),VAN NUYS BLVD,1600,N,N,A,-,Y,LA,NA,101,NA,NA,16.311,H,NA,L,Y,3,0,3,4,A,-,08,22107,NA,N,B,C,A,A,H,-,A,D,0,NA,NA,NA,NA,Y,NA,A,01,0,1,2,0,0,0,0,0,0,-,-,34.157901763916016,-118.45526885986328,LOS ANGELES,LOS ANGELES,-118.45529174804688,34.15781021118164
92267710,2023,2023-12-21,9580,2023-12-13,1616,023500,NA,3,2,3,1989,0,1,2,NA,2,107,US-101 S/B (VENTURA FREEWAY),LAS VIRGINES RD.,440,S,N,A,-,Y,LA,NA,101,NA,NA,30.96,H,NA,L,N,4,0,1,2,A,-,07,21658,A,M,F,I,A,A,H,-,A,D,0,NA,NA,Y,NA,Y,NA,-,99,0,0,1,0,0,0,0,0,1,-,-,34.149391174316406,-118.69676208496094,LOS ANGELES,CALABASAS,-118.69679260253906,34.149410247802734
92267716,2023,2023-12-21,9580,2023-12-14,1716,023500,NA,4,2,7,1942,0,1,2,NA,2,103,US-101 S/B (VENTURA FREEWAY),VAN NUYS BLVD,300,N,N,A,-,Y,LA,NA,101,NA,NA,16.205,H,NA,L,Y,4,0,1,2,A,-,07,21658,A,N,B,C,A,A,H,-,C,D,0,NA,NA,Y,NA,Y,NA,A,07,0,0,1,0,0,0,0,0,1,-,-,34.15755844116211,-118.45348358154295,LOS ANGELES,LOS ANGELES,-118.45347595214844,34.1576042175293
9226772,2021,2021-03-16,1901,2021-01-15,1101,291,14,5,5,5,1901,0,0,0,NA,0,002,GARFIELD AV,HELLMAN AV,0,NA,Y,A,-,N,NA,NA,NA,NA,NA,NA,NA,NA,NA,Y,4,0,1,2,A,-,12,21453,A,N,D,C,A,A,H,-,A,A,0,NA,NA,NA,NA,Y,NA,A,01,0,0,1,0,0,0,0,0,0,-,-,34.069759368896484,-118.12294769287108,LOS ANGELES,ALHAMBRA,-118.12293243408205,34.069759368896484
92267726,2023,2023-12-21,9590,2023-12-08,650,022810,NA,5,1,7,1942,0,1,1,NA,2,081,I-5 S/B (GSF),7TH STREET,150,N,N,A,-,Y,LA,NA,5,NA,NA,16.901,H,NA,L,N,4,0,1,2,A,-,03,22350,NA,N,C,C,A,A,H,-,A,D,0,NA,NA,NA,NA,Y,NA,A,01,0,0,1,0,0,0,0,0,0,-,-,34.03438949584961,-118.22152709960938,LOS ANGELES,LOS ANGELES,-118.2214584350586,34.034603118896484
92267731,2023,2023-12-21,9535,2023-12-07,705,019857,NA,4,1,5,1901,0,1,1,NA,2,421,I-10 W/B (SAN BERNARDINO FREEWAY),MARGUERITA AVE. PEDESTRIAN OVERCROSSING,150,W,N,A,-,Y,LA,NA,10,NA,NA,23.092,H,NA,L,Y,3,0,1,4,A,-,03,22350,NA,N,C,C,A,A,H,-,A,D,0,NA,NA,NA,NA,Y,NA,A,01,0,1,0,0,0,0,0,0,0,-,-,34.07154846191406,-118.13865661621094,LOS ANGELES,ALHAMBRA,-118.13866424560548,34.07162094116211
92267733,2023,2023-12-21,9590,2023-12-08,2015,022750,NA,5,2,6,1972,0,2,S,NA,2,904,E/B CARSON STREET,VERMONT AVENUE,100,E,N,A,-,N,NA,NA,NA,NA,NA,NA,NA,NA,NA,N,4,0,2,2,A,-,01,23152,A,N,C,C,A,A,H,-,C,D,0,NA,NA,NA,NA,Y,Y,A,07,0,0,2,0,0,0,0,0,0,-,-,33.8315315246582,-118.28980255126952,LOS ANGELES,TORRANCE,-118.28995513916016,33.831600189208984
92267736,2023,2023-12-21,9590,2023-12-08,2200,023052,NA,5,3,7,1942,0,1,1,NA,2,500,I-110 N/B (HARBOR FREEWAY) EXPRESS LANES,37TH STREET,90,N,N,A,-,Y,LA,NA,110,NA,NA,19.982,H,NA,R,N,3,0,1,1,A,-,01,23152,A,N,E,I,A,A,H,-,C,D,0,NA,NA,NA,NA,Y,Y,A,01,0,1,0,0,0,0,0,0,0,-,-,34.017948150634766,-118.27993011474608,LOS ANGELES,LOS ANGELES,-118.27991485595705,34.0179443359375
92267737,2023,2023-12-21,9535,2023-10-07,220,023365,NA,6,3,6,1922,0,1,1,NA,2,400,I-10 E/B (SBF) TO BALDWIN AVE,BALDWIN AVE,270,E,N,A,-,Y,LA,NA,10,NA,NA,28.03,H,NA,R,Y,3,0,1,1,A,-,03,22350,NA,N,E,I,A,A,H,-,C,D,0,NA,NA,NA,NA,Y,NA,A,07,0,1,0,0,0,0,0,0,0,-,-,34.071929931640625,-118.0526885986328,LOS ANGELES,EL MONTE,-118.05264282226564,34.072181701660156
92267740,2023,2023-12-21,9535,2023-10-11,800,023384,NA,3,1,6,1922,0,1,1,NA,2,401,I-10 WESTBOUND (SAN BERNARDINO FREEWAY),RIO HONDO RIVER,340,E,N,A,-,Y,LA,NA,10,NA,NA,28.295,H,NA,L,Y,4,0,1,2,A,-,04,21703,NA,N,C,C,A,A,H,-,A,D,0,NA,NA,NA,NA,Y,NA,A,07,0,0,1,0,0,0,0,0,0,-,-,34.07078170776367,-118.04830169677734,LOS ANGELES,EL MONTE,-118.04827880859376,34.07081985473633
9226789,2021,2021-03-15,1926,2021-02-20,2141,0041,3,6,5,5,1926,0,0,0,NA,0,003,E RT 66,HUNTERS TRL,848,W,N,A,-,N,NA,NA,NA,NA,NA,NA,NA,NA,NA,Y,3,0,1,2,A,-,01,23152,B,N,C,C,A,A,H,-,C,D,0,NA,NA,NA,NA,Y,Y,A,01,0,1,0,0,0,0,0,0,0,-,-,34.12868881225586,-117.84632873535156,LOS ANGELES,GLENDORA,-117.8425064086914,34.12875747680664
9226794,2021,2021-04-02,1900,2021-01-27,1445,618931,2310,3,5,5,1919,0,0,0,NA,0,231,STUDEBAKER RD,SPINNAKER ST,479,S,N,A,-,N,NA,NA,NA,NA,NA,NA,NA,NA,NA,Y,4,0,2,2,A,-,12,21453,A,N,D,C,A,A,H,-,A,A,0,NA,NA,NA,NA,Y,NA,D,22,0,0,2,0,0,0,0,0,0,-,-,NA,NA,LOS ANGELES,CERRITOS,-118.09970092773438,33.87702560424805
92267983,2023,2023-12-21,9580,2023-12-20,841,022158,NA,3,1,7,1942,0,1,3,NA,2,116,SR-118 E/B (RONALD REAGAN FWY.),RESEDA BLVD,1000,W,N,C,-,Y,LA,NA,118,NA,R,5.562,H,NA,R,Y,3,0,1,1,A,-,08,22107,NA,N,F,I,A,B,H,-,A,D,0,NA,NA,NA,NA,Y,NA,A,01,0,1,0,0,0,0,0,0,0,-,-,34.27444839477539,-118.54045867919922,LOS ANGELES,LOS ANGELES,-118.54045867919922,34.27442169189453
92267984,2023,2023-12-21,9530,2023-12-19,1609,022585,NA,2,2,7,1941,0,1,3,NA,2,320,SR-91 E/B TO I-710 N/B,ARTESIA BLVD,350,N,N,B,-,Y,LA,NA,91,NA,R,11.825,H,NA,L,N,4,0,1,2,A,-,03,22350,NA,N,C,C,A,B,H,-,A,D,0,NA,NA,NA,NA,Y,NA,A,01,0,0,1,0,0,0,0,0,0,-,-,33.87654113769531,-118.19100189208984,LOS ANGELES,LONG BEACH,-118.1909408569336,33.87641906738281
92267988,2023,2023-12-21,9530,2023-12-04,1925,022999,NA,1,2,9,1900,0,3,5,NA,2,002,CENTRAL AVE.,122ND ST.,100,N,N,A,-,N,NA,NA,NA,NA,NA,NA,NA,NA,NA,N,4,0,1,2,A,-,03,22350,NA,N,C,C,A,A,H,-,C,D,0,NA,NA,NA,NA,Y,NA,A,01,0,0,1,0,0,0,0,0,0,-,-,33.921600341796875,-118.2544403076172,LOS ANGELES,UNINCORPORATED,-118.25460815429688,33.921573638916016
92267989,2023,2023-12-21,9530,2023-12-13,1420,022079,NA,3,2,9,1900,0,3,5,NA,2,002,COMPTON AVE.,120TH ST.,0,NA,Y,A,-,N,NA,NA,NA,NA,NA,NA,NA,NA,NA,N,4,0,1,2,A,-,09,21801,A,N,D,C,A,A,H,-,A,A,0,NA,NA,NA,NA,Y,NA,A,01,0,0,1,0,0,0,0,0,0,-,-,33.92382049560547,-118.24627685546876,LOS ANGELES,UNINCORPORATED,-118.24630737304688,33.923736572265625
92267991,2023,2023-12-21,9530,2023-12-19,2245,023399,NA,2,3,9,1900,0,3,5,NA,2,007,CRENSHAW BLVD. (4000 BLOCK),PALOS VERDES DR.,850,S,N,B,-,N,NA,NA,NA,NA,NA,NA,NA,NA,NA,Y,4,0,1,1,A,-,08,22107,NA,N,E,8,A,B,H,-,D,D,0,NA,NA,NA,NA,Y,NA,A,01,0,0,1,0,0,0,0,0,0,-,-,33.780181884765625,-118.35317993164064,LOS ANGELES,UNINCORPORATED,-118.35309600830078,33.7802619934082
92268001,2023,2023-12-21,9530,2023-12-12,1305,023580,NA,2,1,9,1900,0,3,5,NA,2,003,ROSECRANS AVE. (4400E),ATLANTIC AVE.,12,W,N,A,-,N,NA,NA,NA,NA,NA,NA,NA,NA,NA,N,3,0,1,2,A,-,21,22106,NA,N,D,G,A,A,H,-,A,A,0,NA,Y,NA,NA,Y,NA,A,01,0,1,0,0,0,0,1,0,0,-,-,33.90351867675781,-118.19412994384766,LOS ANGELES,UNINCORPORATED,-118.19397735595705,33.903568267822266
92268027,2023,2023-12-21,9545,2023-12-10,2359,023153,NA,7,3,6,1950,0,1,3,NA,2,021,SR-14 N/B,RANCHO VISTA BLVD,260,S,N,A,-,Y,LA,NA,14,NA,R,61.306,H,NA,R,N,4,0,1,2,A,-,03,22350,NA,N,C,2,A,A,H,-,C,D,0,NA,NA,NA,NA,Y,NA,-,-,0,0,1,0,0,0,0,0,0,-,-,34.60089874267578,-118.14134979248048,LOS ANGELES,PALMDALE,-118.14134979248048,34.60089874267578
92268045,2023,2023-12-21,9525,2023-12-12,1955,018651,NA,2,2,9,1900,0,2,4,NA,2,030,PRIOR AVE.,ARVID ST.,150,N,N,A,-,N,NA,NA,NA,NA,NA,NA,NA,NA,NA,N,3,0,1,3,A,-,03,22350,NA,F,B,C,E,A,H,-,C,D,0,Y,NA,NA,NA,Y,NA,-,99,0,1,0,0,1,0,0,0,0,-,-,34.029178619384766,-117.93118286132813,LOS ANGELES,UNINCORPORATED,-117.93112182617188,34.02933883666992
92268046,2023,2023-12-21,9525,2023-12-11,1433,020719,NA,1,2,1,1934,0,1,1,NA,2,652,I-605 N/B (SAN GABRIEL FWY),LIVE OAK AVE.,100,N,N,B,-,Y,LA,NA,605,NA,NA,23.582,H,NA,R,Y,3,0,1,2,A,-,03,22350,NA,N,E,J,A,A,H,-,A,D,0,NA,NA,Y,NA,Y,NA,C,02,0,1,0,0,0,0,0,0,1,-,-,34.10926055908203,-117.9809112548828,LOS ANGELES,IRWINDALE,-117.98084259033205,34.10923385620117
92268051,2023,2023-12-21,9565,2023-12-15,740,022810,NA,5,1,4,1918,0,1,1,NA,2,061,I-405 S/B (SAN DIEGO FREEWAY),JEFFERSON BLVD,150,N,N,A,-,Y,LA,NA,405,NA,NA,26.005,H,NA,L,Y,3,0,1,3,A,-,03,22350,NA,N,C,C,A,A,H,-,A,A,0,NA,NA,NA,NA,Y,NA,A,01,0,1,0,0,0,0,0,0,0,-,-,33.98844909667969,-118.3997802734375,LOS ANGELES,CULVER CITY,-118.39978790283205,33.98844909667969
92268054,2023,2023-12-21,9580,2023-12-13,1945,021966,NA,3,2,7,1942,0,1,2,NA,2,102,US-101 N/B TO I-405,I-405 N/B (SAN DIEGO FWY),1125,S,N,A,-,Y,LA,NA,101,NA,NA,16.939,H,NA,R,N,4,0,1,2,A,-,08,22107,NA,M,B,C,A,A,H,-,A,D,0,NA,NA,NA,NA,Y,NA,-,99,0,0,1,0,0,0,0,0,0,-,-,34.1597900390625,-118.46591949462892,LOS ANGELES,LOS ANGELES,-118.46595764160156,34.15962219238281
92268055,2023,2023-12-21,9525,2023-12-11,2335,019890,NA,1,3,4,1913,0,1,1,NA,2,209,SR-210 W/B (FOOTHILL FWY),BASELINE RD,1584,W,N,A,-,Y,LA,NA,210,NA,R,51.574,H,NA,L,Y,4,0,1,2,A,-,07,21658,A,M,B,C,A,A,H,-,D,D,0,NA,NA,NA,Y,Y,NA,A,01,0,0,1,0,0,0,0,0,0,-,-,34.12031173706055,-117.70094299316406,LOS ANGELES,CLAREMONT,-117.700927734375,34.12024688720703
92268060,2023,2023-12-21,9580,2023-12-20,1225,022158,NA,3,1,7,1942,0,1,3,NA,2,117,SR-118 W/B (RONALD REAGAN FWY.),RESEDA BLVD,1200,E,N,C,-,Y,LA,NA,118,NA,R,6.052,H,NA,L,Y,4,0,1,1,A,-,08,22107,NA,N,E,I,A,B,H,-,A,D,0,NA,NA,NA,NA,Y,NA,A,07,0,0,1,0,0,0,0,0,0,-,-,34.27648162841797,-118.53228759765624,LOS ANGELES,LOS ANGELES,-118.53234100341795,34.27657699584961
92268067,2023,2023-12-21,9565,2023-12-08,2052,022145,NA,5,2,7,1942,0,1,1,NA,2,063,I-405 SOUTHBOUND (SAN DIEGO FREEWAY),SANTA MONICA BOULEVARD,160,N,N,A,-,Y,LA,NA,405,NA,NA,30.91,H,NA,L,Y,4,0,2,2,A,-,08,22107,NA,M,B,C,A,A,H,-,C,D,0,NA,NA,NA,NA,Y,NA,A,01,0,0,2,0,0,0,0,0,0,-,-,34.047401428222656,-118.4473114013672,LOS ANGELES,LOS ANGELES,-118.44723510742188,34.047447204589844
92268074,2023,2023-12-21,9580,2023-12-21,515,016413,NA,4,3,3,1989,0,1,2,NA,2,107,US-101 S/B (VENTURA FREEWAY),LAS VIRGENES RD,1056,S,N,B,C,Y,LA,NA,101,NA,NA,30.768,H,NA,L,N,4,0,1,1,A,-,03,22350,NA,N,E,I,A,D,H,-,D,D,0,NA,NA,NA,Y,Y,NA,G,25,0,0,1,0,0,0,0,0,0,-,-,34.150848388671875,-118.69400024414064,LOS ANGELES,CALABASAS,-118.69402313232422,34.15090560913086
92268126,2023,2023-12-21,9565,2023-11-02,2236,021786,NA,4,3,9,1900,0,3,5,NA,2,002,BERENDO AVE,112TH STREET,0,NA,Y,A,-,N,NA,NA,NA,NA,NA,NA,NA,NA,NA,N,3,0,2,4,A,-,12,22450,A,N,D,2,A,A,H,-,C,D,0,NA,NA,NA,NA,Y,NA,D,22,0,1,1,0,0,0,0,0,0,-,-,33.932830810546875,-118.29432678222656,LOS ANGELES,UNINCORPORATED,-118.29431915283205,33.93282699584961
92268146,2023,2023-12-21,9545,2023-12-20,1150,020244,NA,3,1,9,1900,0,1,3,NA,2,031,SR-14 N/B TO SIERRA HWY,SIERRA HWY,20,W,N,B,-,Y,NA,NA,NA,NA,NA,NA,NA,NA,NA,Y,4,0,1,1,A,-,03,22350,NA,N,E,I,A,B,H,-,B,D,0,NA,NA,NA,NA,Y,NA,A,01,0,0,1,0,0,0,0,0,0,-,-,34.50933074951172,-118.1112823486328,LOS ANGELES,UNINCORPORATED,-118.1112823486328,34.50933074951172
92268152,2023,2023-12-29,9535,2023-10-17,1000,021970,NA,2,1,3,1914,0,1,1,NA,2,500,I-5 N/B,ATLANTIC BLVD,1000,S,N,A,-,Y,LA,NA,5,NA,NA,12.663,H,NA,R,N,4,0,1,2,A,-,07,21658,A,N,B,C,A,A,H,-,A,D,0,NA,NA,NA,Y,Y,NA,F,27,0,0,1,0,0,0,0,0,0,-,-,34.00754928588867,-118.15689086914064,LOS ANGELES,COMMERCE,-118.15692138671876,34.00751876831055
92268181,2023,2023-12-21,9525,2023-12-14,1225,022105,NA,4,1,1,1934,0,1,1,NA,2,203,I-210 W/B (FOOTHILL FWY),I-605 N/B (SAN GABRIEL RIVER FWY),1320,E,N,A,-,Y,LA,NA,210,NA,R,36.676,H,NA,L,N,3,0,1,3,A,-,07,21658,A,N,B,C,A,A,H,-,A,D,0,NA,NA,NA,Y,Y,NA,A,01,0,1,0,0,0,0,0,0,0,-,-,34.133331298828125,-117.95310974121094,LOS ANGELES,IRWINDALE,-117.953125,34.13329315185547
92268183,2023,2024-08-06,9565,2023-11-03,1800,023268,NA,5,2,9,1900,0,3,5,NA,2,002,WESTERN AVENUE,107TH ST,0,NA,Y,A,-,N,NA,NA,NA,NA,NA,NA,NA,NA,NA,N,4,0,1,2,A,-,09,21801,A,N,B,G,A,A,H,-,A,A,0,NA,Y,NA,NA,Y,NA,A,01,0,0,1,0,0,0,1,0,0,-,-,33.939090728759766,-118.30890655517578,LOS ANGELES,UNINCORPORATED,-118.30904388427734,33.9390983581543
92268193,2023,2023-12-21,9565,2023-11-04,1050,022775,NA,6,1,9,1900,0,3,5,NA,2,003,SLAUSON AVE,FAIRFAX AVE,500,E,N,A,-,N,NA,NA,NA,NA,NA,NA,NA,NA,NA,N,4,0,2,4,A,-,03,22350,NA,F,C,C,A,A,H,-,A,D,0,NA,NA,NA,NA,Y,NA,-,99,0,0,2,0,0,0,0,0,0,-,-,33.98809814453125,-118.3610610961914,LOS ANGELES,UNINCORPORATED,-118.36109924316406,33.988006591796875
92268195,2023,2023-12-21,9535,2023-08-16,1835,022159,NA,3,2,9,1900,0,1,1,NA,2,071,I-710 S/B (LONG BEACH FREEWAY),OLYMPIC BLVD.,600,N,N,A,-,Y,LA,NA,710,NA,NA,23.567,H,NA,L,Y,2,0,1,3,A,-,07,21658,A,N,B,C,A,A,H,-,A,D,0,NA,NA,Y,NA,Y,NA,A,07,1,0,0,0,0,0,0,0,1,-,-,34.02064895629883,-118.17346954345705,LOS ANGELES,UNINCORPORATED,-118.17351531982422,34.020652770996094
92268216,2023,2023-12-21,9565,2023-11-03,745,022715,NA,5,1,9,1900,0,2,4,NA,1,032,SLAUSON AVENUE,LA TIJERA BOULEVARD,100,E,N,A,-,N,NA,NA,NA,NA,NA,NA,NA,NA,NA,N,3,0,1,2,A,-,08,22107,NA,F,B,C,A,A,H,-,A,D,0,NA,NA,NA,NA,Y,NA,D,22,0,1,0,0,0,0,0,0,0,-,-,33.987510681152344,-118.36434173583984,LOS ANGELES,UNINCORPORATED,-118.36473083496094,33.98741149902344
92268224,2023,2023-12-21,9565,2023-11-03,1135,022810,NA,5,1,9,1900,0,3,5,NA,2,004,IMPERIAL HWY,SUNDALE AVE,0,NA,Y,A,-,N,NA,NA,NA,NA,NA,NA,NA,NA,NA,Y,4,0,1,3,A,-,08,22100,NA,N,D,C,A,A,H,-,A,D,0,NA,NA,NA,NA,Y,NA,A,07,0,0,1,0,0,0,0,0,0,-,-,33.930809020996094,-118.36477661132813,LOS ANGELES,UNINCORPORATED,-118.36480712890624,33.93086242675781
92268239,2023,2023-12-21,9575,2023-12-12,930,019538,NA,2,1,6,1925,0,1,1,NA,2,050,I-5 S/B (GOLDEN STATE FREEWAY),SONORA AVE U/C,50,S,N,A,-,Y,LA,NA,5,NA,NA,27.531,H,NA,L,N,4,0,4,4,A,-,03,22350,NA,N,C,C,A,A,H,-,A,D,0,NA,NA,NA,NA,Y,NA,A,01,0,0,4,0,0,0,0,0,0,-,-,34.16102981567383,-118.29315185546876,LOS ANGELES,GLENDALE,-118.2932357788086,34.16099548339844
92268258,2023,2023-12-21,9565,2023-12-11,1048,022763,NA,1,1,9,1900,0,2,4,NA,1,032,SLAUSON AVE,GOLDLEAF CIR,0,NA,Y,A,-,N,NA,NA,NA,NA,NA,NA,NA,NA,NA,N,4,0,1,2,C,-,18,NA,NA,N,G,B,B,A,H,-,A,A,0,Y,NA,NA,NA,Y,NA,-,-,0,0,1,0,1,0,0,0,0,-,-,33.98780059814453,-118.36702728271484,LOS ANGELES,UNINCORPORATED,-118.36717987060548,33.98762512207031
92268312,2023,2023-12-21,9530,2023-11-05,615,022986,NA,7,1,9,1900,0,3,5,NA,2,001,SLAUSON AVENUE (1100 BLOCK),CENTRAL AVENUE,140,E,N,A,-,N,NA,NA,NA,NA,NA,NA,NA,NA,NA,Y,1,1,1,2,A,-,08,22107,NA,N,A,C,A,A,H,-,A,D,0,NA,NA,NA,NA,Y,NA,A,01,1,0,0,0,0,0,0,0,0,-,-,33.989341735839844,-118.25588989257813,LOS ANGELES,UNINCORPORATED,-118.25599670410156,33.989341735839844
92268396,2023,2023-12-21,9540,2023-12-19,922,020790,NA,2,1,9,1900,0,1,1,NA,2,511,I-5 S/B (GOLDEN STATE FWY),VISTA DEL LAGO RD,1360,S,N,B,C,Y,LA,NA,5,NA,R,74.2,H,NA,L,Y,3,0,1,1,A,-,03,22350,NA,N,E,8,A,B,H,-,A,D,0,NA,NA,NA,NA,Y,NA,D,22,0,1,0,0,0,0,0,0,0,-,-,34.66361999511719,-118.76056671142578,LOS ANGELES,UNINCORPORATED,-118.76044464111328,34.66376495361328
92268399,2023,2023-12-21,9540,2023-12-09,340,022567,NA,6,3,6,1985,0,1,1,NA,2,506,I-5 N/B,VALENCIA BLVD,470,S,N,A,-,Y,LA,NA,5,NA,R,52.341,H,NA,R,Y,2,0,1,1,C,-,18,NA,NA,N,E,9,A,A,H,-,D,D,0,NA,NA,NA,NA,Y,NA,-,-,1,0,0,0,0,0,0,0,0,-,-,34.40660095214844,-118.57550048828124,LOS ANGELES,SANTA CLARITA,-118.57542419433594,34.40662384033203
92268400,2023,2023-12-21,9540,2023-12-05,705,021869,NA,2,1,6,1985,0,1,3,NA,1,145,SR-14 S/B,GOLDEN VALLEY RD.,1056,S,N,A,-,Y,LA,NA,14,NA,R,29.488,H,NA,L,Y,4,0,1,2,A,-,07,21658,A,N,B,C,A,A,H,-,A,D,0,NA,NA,Y,NA,Y,NA,A,01,0,0,1,0,0,0,0,0,1,-,-,34.39094161987305,-118.4755401611328,LOS ANGELES,SANTA CLARITA,-118.47561645507813,34.39103698730469
92268406,2023,2023-12-21,9545,2023-12-15,1740,022246,NA,5,2,9,1900,0,3,5,NA,2,001,70TH ST  W,AVE. F,0,NA,Y,A,-,N,NA,NA,NA,NA,NA,NA,NA,NA,NA,Y,4,0,1,2,A,-,09,21802,A,N,D,C,A,A,H,-,D,A,0,NA,NA,NA,NA,Y,NA,D,22,0,0,1,0,0,0,0,0,0,-,-,34.747520446777344,-118.25466918945313,LOS ANGELES,UNINCORPORATED,-118.25464630126952,34.74747848510742
92268440,2023,2023-12-21,9540,2023-12-18,550,023525,NA,1,3,9,1900,0,1,3,NA,1,143,SR 14 SB (ANTELOPE VALLEY FREEWAY),SIERRA HWY,100,N,N,A,-,Y,LA,NA,14,NA,R,25.215,H,NA,L,Y,4,0,1,2,A,-,03,22350,NA,N,C,C,A,A,H,-,C,D,0,NA,NA,NA,NA,Y,NA,A,01,0,0,1,0,0,0,0,0,0,-,-,34.339691162109375,-118.5068130493164,LOS ANGELES,UNINCORPORATED,-118.50686645507813,34.33970642089844
92268458,2023,2023-12-21,9575,2023-12-13,1435,022502,NA,3,2,9,1900,0,2,4,NA,2,085,MICHILLINDA AVENUE,COLORADO BLVD,0,NA,Y,A,-,N,NA,NA,NA,NA,NA,NA,NA,NA,NA,Y,4,0,2,2,A,-,09,21801,A,N,A,C,A,A,H,-,A,D,0,NA,NA,NA,NA,Y,NA,A,01,0,0,2,0,0,0,0,0,0,-,-,34.14801025390625,-118.06778717041016,LOS ANGELES,UNINCORPORATED,-118.06779479980467,34.147926330566406
92268465,2023,2023-12-21,9590,2023-12-11,1905,022750,NA,1,2,7,1942,0,1,1,NA,2,012,SR-110 N/B (ARROYO SECO PARKWAY),YALE STREET PEDESTRIAN OVERCROSS,500,N,N,A,-,Y,LA,NA,110,NA,NA,24.476,H,NA,R,N,4,0,3,2,A,-,03,22350,NA,N,C,C,A,A,H,-,C,D,0,NA,NA,NA,NA,Y,NA,D,22,0,0,3,0,0,0,0,0,0,-,-,34.0679817199707,-118.23776245117188,LOS ANGELES,LOS ANGELES,-118.23778533935548,34.06800842285156