CASE_ID,ACCIDENT_YEAR,PROC_DATE,JURIS,COLLISION_DATE,COLLISION_TIME,OFFICER_ID,REPORTING_DISTRICT,DAY_OF_WEEK,CHP_SHIFT,POPULATION,CNTY_CITY_LOC,SPECIAL_COND,BEAT_TYPE,CHP_BEAT_TYPE,CITY_DIVISION_LAPD,CHP_BEAT_CLASS,BEAT_NUMBER,PRIMARY_RD,SECONDARY_RD,DISTANCE,DIRECTION,INTERSECTION,WEATHER_1,WEATHER_2,STATE_HWY_IND,CALTRANS_COUNTY,CALTRANS_DISTRICT,STATE_ROUTE,ROUTE_SUFFIX,POSTMILE_PREFIX,POSTMILE,LOCATION_TYPE,RAMP_INTERSECTION,SIDE_OF_HWY,TOW_AWAY,COLLISION_SEVERITY,NUMBER_KILLED,NUMBER_INJURED,PARTY_COUNT,PRIMARY_COLL_FACTOR,PCF_CODE_OF_VIOL,PCF_VIOL_CATEGORY,PCF_VIOLATION,PCF_VIOL_SUBSECTION,HIT_AND_RUN,TYPE_OF_COLLISION,MVIW,PED_ACTION,ROAD_SURFACE,ROAD_COND_1,ROAD_COND_2,LIGHTING,CONTROL_DEVICE,CHP_ROAD_TYPE,PEDESTRIAN_ACCIDENT,BICYCLE_ACCIDENT,MOTORCYCLE_ACCIDENT,TRUCK_ACCIDENT,NOT_PRIVATE_PROPERTY,ALCOHOL_INVOLVED,STWD_VEHTYPE_AT_FAULT,CHP_VEHTYPE_AT_FAULT,COUNT_SEVERE_INJ,COUNT_VISIBLE_INJ,COUNT_COMPLAINT_PAIN,COUNT_PED_KILLED,COUNT_PED_INJURED,COUNT_BICYCLIST_KILLED,COUNT_BICYCLIST_INJURED,COUNT_MC_KILLED,COUNT_MC_INJURED,PRIMARY_RAMP,SECONDARY_RAMP,LATITUDE,LONGITUDE,COUNTY,CITY,POINT_X,POINT_Y
92269686,2023,2023-12-22,9545,2023-12-10,1445,022949,NA,7,2,9,1900,0,1,3,NA,1,012,SR-138,90TH ST  W,0,NA,Y,A,-,Y,LA,NA,138,NA,NA,30.073,H,NA,R,Y,2,0,3,2,A,-,12,22450,A,N,D,C,A,A,H,-,A,A,0,NA,NA,NA,NA,Y,NA,D,22,1,0,2,0,0,0,0,0,0,-,-,34.77642059326172,-118.2902603149414,LOS ANGELES,UNINCORPORATED,-118.2902603149414,34.776432037353516
92269693,2023,2023-12-22,9590,2023-12-08,1030,023313,NA,5,1,7,1942,0,1,1,NA,2,051,I-110 S/B (HARBOR FREEWAY),MANCHESTER AVE,1373,N,N,A,-,Y,LA,NA,110,NA,NA,16.256,H,NA,L,Y,4,0,1,2,A,-,03,22350,NA,M,C,C,A,A,H,-,A,D,0,NA,NA,NA,NA,Y,NA,-,99,0,0,1,0,0,0,0,0,0,-,-,33.96392822265625,-118.28109741210938,LOS ANGELES,LOS ANGELES,-118.28093719482422,33.963932037353516
92269695,2023,2023-12-22,9565,2023-12-18,1710,023150,NA,1,2,9,1900,0,1,1,NA,2,012,I-105 E/B,BUDLONG AVE,250,W,N,B,-,Y,LA,NA,105,NA,R,6.466,H,NA,R,N,4,0,1,2,A,-,03,22350,NA,N,C,C,A,A,H,-,D,D,0,NA,NA,NA,NA,Y,NA,A,07,0,0,1,0,0,0,0,0,0,-,-,33.92816925048828,-118.29678344726564,LOS ANGELES,UNINCORPORATED,-118.29674530029295,33.92805099487305
92269696,2023,2023-12-22,9565,2023-12-21,1230,022810,NA,4,1,7,1942,0,1,1,NA,2,010,I-105 W/B JEO NASH ST,NASH STREET,300,E,N,B,C,Y,LA,NA,105,NA,R,1.205,H,NA,L,Y,3,0,3,2,A,-,08,22107,NA,N,B,C,A,B,F,-,A,D,0,NA,NA,NA,NA,Y,NA,A,07,0,1,2,0,0,0,0,0,0,-,-,33.931251525878906,-118.38395690917967,LOS ANGELES,LOS ANGELES,-118.38396453857422,33.93128967285156
92269710,2023,2023-12-22,9535,2023-12-08,138,023436,NA,5,3,9,1900,0,1,1,NA,2,501,I-5 S/B (SANTA ANA FREEWAY),OLYMPIC BLVD.,2,S,N,A,-,Y,LA,NA,5,NA,NA,14.153,H,NA,L,N,3,0,1,1,A,-,08,22107,NA,N,E,I,A,A,H,-,C,D,0,NA,NA,NA,NA,Y,NA,-,-,0,1,0,0,0,0,0,0,0,-,-,34.018760681152344,-118.17849731445313,LOS ANGELES,UNINCORPORATED,-118.17842864990234,34.01885223388672
92269711,2023,2023-12-22,9535,2023-12-08,1939,023450,NA,5,2,9,1900,0,3,5,NA,2,002,HUBBARD ST (5000 BLOCK),WOODS AVE,77,W,N,A,-,N,NA,NA,NA,NA,NA,NA,NA,NA,NA,Y,3,0,1,3,A,-,01,23152,A,N,B,E,A,A,H,-,D,D,0,NA,NA,NA,NA,Y,Y,A,07,0,1,0,0,0,0,0,0,0,-,-,34.022911071777344,-118.15802001953124,LOS ANGELES,UNINCORPORATED,-118.157958984375,34.02290344238281
92269715,2023,2023-12-22,9575,2023-12-14,835,019538,NA,4,1,6,1912,0,1,1,NA,2,051,I-5 S/B (GOLDEN STATE FREEWAY),FLOWER ST U/C,75,S,N,A,-,Y,LA,NA,5,NA,NA,28.715,H,NA,L,N,4,0,1,2,A,-,03,22350,NA,N,C,C,A,A,H,-,A,A,0,NA,NA,NA,NA,Y,NA,A,01,0,0,1,0,0,0,0,0,0,-,-,34.17367935180664,-118.30657958984376,LOS ANGELES,BURBANK,-118.3066177368164,34.17367172241211
92269727,2023,2023-12-22,9535,2023-12-14,1515,023604,NA,4,2,9,1900,0,1,1,NA,2,071,I-710 S/B (LONG BEACH FREEWAY),1ST STREET,34,N,N,A,-,Y,LA,NA,710,NA,NA,24.733,H,NA,L,N,4,0,1,3,A,-,03,22350,NA,N,C,C,A,A,H,-,A,D,0,NA,NA,NA,NA,Y,NA,A,01,0,0,1,0,0,0,0,0,0,-,-,34.03718185424805,-118.17018127441406,LOS ANGELES,UNINCORPORATED,-118.17010498046876,34.03717803955078
92269738,2023,2023-12-22,9535,2023-10-27,1800,023437,NA,5,2,1,1973,0,1,1,NA,2,073,I-710 S/B (LONG BEACH FREEWAY),BANDINI BLVD,1150,N,N,A,-,Y,LA,NA,710,NA,NA,22.233,H,NA,L,N,4,0,1,2,A,-,03,22350,NA,F,C,C,A,A,H,-,C,D,0,NA,NA,NA,NA,Y,NA,-,99,0,0,1,0,0,0,0,0,0,-,-,34.00157165527344,-118.17452239990234,LOS ANGELES,VERNON,-118.1744384765625,34.00153732299805
92269766,2023,2023-12-22,9535,2023-12-15,1740,023567,NA,5,2,6,1922,0,1,1,NA,2,401,INTERSTATE 10 W/B (SAN BERNARDINO FREEWAY),SANTA ANITA AVE,300,E,N,A,-,Y,LA,NA,10,NA,NA,28.934,H,NA,L,N,4,0,1,2,A,-,03,22350,NA,N,C,C,A,A,H,-,D,D,0,NA,NA,NA,NA,Y,NA,A,01,0,0,1,0,0,0,0,0,0,-,-,34.068328857421875,-118.03784942626952,LOS ANGELES,EL MONTE,-118.03784942626952,34.06831741333008
92269789,2023,2023-12-25,9590,2023-12-13,122,022720,NA,3,3,7,1942,0,1,1,NA,2,063,I-10 W/B (SANTA MONICA FREEWAY) COLLECTOR ROAD,NORMANDIE AVE.,75,E,N,A,-,Y,LA,NA,10,NA,R,13.345,H,NA,L,N,3,0,1,2,A,-,03,22350,NA,F,C,C,A,A,H,-,C,D,0,NA,NA,NA,NA,Y,NA,-,99,0,1,0,0,0,0,0,0,0,-,-,34.03731918334961,-118.29987335205078,LOS ANGELES,LOS ANGELES,-118.29987335205078,34.03715896606445
92269791,2023,2023-12-25,9590,2023-12-16,2005,023563,NA,6,2,7,1942,0,1,2,NA,2,070,US-101 N/B (SANTA ANA FREEWAY),CENTER ST,200,S,N,A,-,Y,LA,NA,101,NA,NA,0.23,H,NA,R,N,4,0,1,2,A,-,03,22350,NA,M,C,C,A,A,H,-,C,D,0,NA,NA,NA,NA,Y,NA,-,99,0,0,1,0,0,0,0,0,0,-,-,34.05337905883789,-118.2304916381836,LOS ANGELES,LOS ANGELES,-118.23048400878906,34.05340576171875
92269799,2023,2023-12-25,9535,2023-10-09,545,023437,NA,1,3,9,1900,0,2,4,NA,2,024,WHITTIER BLVD,HILLVIEW AVE,0,NA,Y,B,-,N,NA,NA,NA,NA,NA,NA,NA,NA,NA,N,3,0,1,2,A,-,10,21950,A,N,G,B,B,A,H,-,B,A,0,Y,NA,NA,NA,Y,NA,A,01,0,1,0,0,1,0,0,0,0,-,-,34.01995086669922,-118.15554809570313,LOS ANGELES,UNINCORPORATED,-118.155517578125,34.02003479003906
92269811,2023,2023-12-25,9590,2023-12-18,2250,021122,NA,1,3,7,1942,0,1,2,NA,2,072,US-101 N/B (HOF) FROM UNIVERSAL STUDIOS BLVD,UNIVERSAL STUDIOS BOULEVARD,500,N,N,A,-,Y,LA,NA,101,NA,NA,9.764,H,NA,R,N,4,0,1,2,A,-,03,22350,NA,N,C,C,A,A,H,-,C,A,0,NA,NA,NA,NA,Y,NA,D,22,0,0,1,0,0,0,0,0,0,-,-,34.13396072387695,-118.35407257080078,LOS ANGELES,LOS ANGELES,-118.3541259765625,34.13376998901367
92269823,2023,2023-12-25,9535,2023-12-11,1930,023567,NA,1,2,9,1900,0,3,5,NA,2,001,DWIGGINS STREET (3800 BLOCK),LA VEQUE AVE,200,E,N,A,-,N,NA,NA,NA,NA,NA,NA,NA,NA,NA,N,4,0,1,2,A,-,08,22107,NA,F,C,E,A,A,H,-,C,D,0,NA,NA,NA,NA,Y,NA,A,07,0,0,1,0,0,0,0,0,0,-,-,34.053260803222656,-118.18427276611328,LOS ANGELES,UNINCORPORATED,-118.18411254882813,34.053253173828125
92269825,2023,2023-12-25,9590,2023-12-15,1355,021757,NA,5,1,7,1942,0,1,2,NA,2,071,US-101 S/B (SANTA ANA FREEWAY),LOS ANGELES ST,60,N,N,A,-,Y,LA,NA,101,NA,NA,0.887,H,NA,L,N,4,0,4,3,A,-,03,22350,NA,N,C,C,A,A,H,-,A,D,0,NA,NA,NA,NA,Y,NA,A,01,0,0,4,0,0,0,0,0,0,-,-,34.055198669433594,-118.2397003173828,LOS ANGELES,LOS ANGELES,-118.2397003173828,34.05519485473633
9226983,2021,2021-03-24,1942,2021-02-28,1430,41316,2146,7,5,7,1942,0,0,0,NA,0,21A57,CANOGA AV,HART ST,195,N,N,A,-,N,NA,NA,NA,NA,NA,NA,NA,NA,NA,Y,2,0,2,2,A,-,09,21804,A,N,A,C,A,A,H,-,A,D,0,NA,NA,Y,NA,Y,NA,A,07,1,1,0,0,0,0,0,0,1,-,-,NA,NA,LOS ANGELES,LOS ANGELES,-118.59773254394533,34.197933197021484
9226984,2021,2021-03-23,1942,2021-02-28,1955,40388,1049,7,5,7,1942,0,0,0,J,0,10A17,WOODLEY AV,VICTORY BL,217,S,N,A,-,N,NA,NA,NA,NA,NA,NA,NA,NA,NA,N,3,0,2,3,A,-,05,21460,A,N,E,I,F,A,H,-,D,A,0,Y,NA,NA,NA,Y,NA,A,01,0,1,1,0,1,0,0,0,0,-,-,NA,NA,LOS ANGELES,LOS ANGELES,-118.48365020751952,34.1860237121582
92269849,2023,2023-12-25,9540,2023-12-20,2205,021132,NA,3,3,6,1985,0,1,3,NA,1,145,SR-14 S/B FROM VIA PRINCESSA,VIA PRINESSA,20,S,N,B,C,Y,NA,NA,NA,NA,NA,NA,NA,NA,NA,Y,4,0,1,2,A,-,03,22350,NA,N,C,C,A,B,H,-,C,A,0,NA,NA,NA,NA,Y,NA,A,01,0,0,1,0,0,0,0,0,0,-,-,34.40235137939453,-118.45423126220705,LOS ANGELES,SANTA CLARITA,-118.45423126220705,34.40235137939453
9226985,2021,2021-03-23,1942,2021-02-27,2155,44080,1958,6,5,7,1942,0,0,0,NA,0,19A79,VAN NUYS,CANTERBURY AV,150,W,N,A,-,N,NA,NA,NA,NA,NA,NA,NA,NA,NA,N,2,0,1,2,A,-,11,21954,A,N,G,B,D,A,H,-,C,A,0,Y,NA,NA,NA,Y,NA,N,60,1,0,0,0,1,0,0,0,0,-,-,NA,NA,LOS ANGELES,LOS ANGELES,-118.44564819335938,34.24893569946289
92269850,2023,2023-12-25,9535,2023-11-12,2030,023022,NA,7,2,9,1900,0,1,3,NA,2,600,SR-60 W/B (POMONA FREEWAY) TO CESAR E CHAVEZ AVE,FORD BLVD,52,W,N,A,-,Y,NA,NA,NA,NA,NA,NA,NA,NA,NA,Y,3,0,1,1,A,-,03,22350,NA,N,E,8,A,A,H,-,D,A,0,NA,NA,NA,NA,Y,NA,A,01,0,1,0,0,0,0,0,0,0,-,-,34.042381286621094,-118.16947174072266,LOS ANGELES,UNINCORPORATED,-118.1673583984375,34.03615188598633
9226986,2021,2021-03-24,1942,2021-02-27,1030,30452,1785,6,5,7,1942,0,0,0,Q,0,17A67,DEARBORN ST,DARBY AV,120,W,N,A,-,N,NA,NA,NA,NA,NA,NA,NA,NA,NA,Y,4,0,1,3,A,-,01,23152,F,N,D,C,A,A,H,-,A,D,0,NA,NA,NA,NA,Y,NA,A,01,0,0,1,0,0,0,0,0,0,-,-,NA,NA,LOS ANGELES,LOS ANGELES,-118.53418731689452,34.237308502197266
9226987,2021,2021-03-24,1942,2021-02-26,1545,39473,1545,5,5,7,1942,0,0,0,O,0,15A43,LAUREL CANYON BL,RIVERSIDE DR,100,N,N,A,-,N,NA,NA,NA,NA,NA,NA,NA,NA,NA,N,4,0,1,2,A,-,01,23152,A,N,C,C,A,A,H,-,A,B,0,NA,NA,NA,NA,Y,Y,A,07,0,0,1,0,0,0,0,0,0,-,-,NA,NA,LOS ANGELES,LOS ANGELES,-118.39649200439452,34.157894134521484
9226988,2021,2021-03-23,1942,2021-02-28,0615,41553,2147,7,5,7,1942,0,0,0,NA,0,21A5,SHERMAN WY,DE SOTO AV,0,NA,Y,A,-,N,NA,NA,NA,NA,NA,NA,NA,NA,NA,Y,4,0,1,2,A,-,12,21453,A,F,D,C,A,A,H,-,B,A,0,NA,NA,NA,NA,Y,NA,-,99,0,0,1,0,0,0,0,0,0,-,-,NA,NA,LOS ANGELES,LOS ANGELES,-118.58844757080078,34.20098876953125
9226989,2021,2021-03-23,1942,2021-02-26,1705,39048,1936,5,5,7,1942,0,0,0,NA,0,19A43,SAN FERNANDO MISSION BL,LAUREL CANYON BL,176,W,N,A,-,N,NA,NA,NA,NA,NA,NA,NA,NA,NA,Y,2,0,1,1,A,-,08,22107,NA,N,E,I,A,A,H,-,A,D,0,NA,NA,Y,NA,Y,NA,C,02,1,0,0,0,0,0,0,0,1,-,-,NA,NA,LOS ANGELES,LOS ANGELES,-118.45250701904295,34.2772216796875
9226990,2021,2021-03-23,1942,2021-02-26,1305,39048,1025,5,5,7,1942,0,0,0,J,0,10A3,SHERMAN WY,LINDLEY AV,345,W,N,A,-,N,NA,NA,NA,NA,NA,NA,NA,NA,NA,N,2,0,1,1,A,-,08,22107,NA,N,H,I,A,A,H,-,A,A,0,NA,NA,Y,NA,Y,NA,C,02,1,0,0,0,0,0,0,0,1,-,-,NA,NA,LOS ANGELES,LOS ANGELES,-118.52843475341795,34.201080322265625
9226991,2021,2021-03-24,1942,2021-02-23,1725,41316,1764,2,5,7,1942,0,0,0,Q,0,17A81,CORBIN AV,NORDHOFF PL,14,N,N,A,-,N,NA,NA,NA,NA,NA,NA,NA,NA,NA,N,2,0,1,2,B,-,22,NA,NA,N,D,G,A,A,H,-,B,A,0,NA,Y,NA,NA,Y,NA,L,04,1,0,0,0,0,0,1,0,0,-,-,NA,NA,LOS ANGELES,LOS ANGELES,-118.5623016357422,34.23551940917969
9226992,2021,2021-03-24,1942,2021-02-13,1600,39746,1532,6,5,7,1942,0,0,0,O,0,15A33,WHITSETT AV,OXNARD ST,0,NA,Y,A,-,N,NA,NA,NA,NA,NA,NA,NA,NA,NA,N,2,0,2,4,-,-,-,NA,A,N,D,C,F,A,H,-,A,A,0,Y,NA,NA,NA,Y,NA,A,01,1,0,1,0,1,0,0,0,0,-,-,NA,NA,LOS ANGELES,LOS ANGELES,-118.40525817871094,34.17940902709961
9226993,2021,2021-03-24,1942,2021-02-21,1700,41537,1824,7,5,7,1942,0,0,0,R,0,18X36,AVALON BL,COLDEN AV,0,NA,Y,A,-,N,NA,NA,NA,NA,NA,NA,NA,NA,NA,N,4,0,1,2,A,-,04,21703,NA,F,C,C,A,A,H,-,A,A,0,NA,NA,NA,NA,Y,NA,-,99,0,0,1,0,0,0,0,0,0,-,-,NA,NA,LOS ANGELES,LOS ANGELES,-118.2651596069336,33.949249267578125
9226994,2021,2021-03-26,1942,2021-02-21,1700,43743,1891,7,5,7,1942,0,0,0,R,0,18X96,S HOOVER ST,W GARDENA BL,0,NA,Y,A,-,N,NA,NA,NA,NA,NA,NA,NA,NA,NA,N,2,0,1,2,A,-,10,21950,A,F,G,B,B,A,H,-,A,A,0,Y,NA,NA,NA,Y,NA,-,99,1,0,0,0,1,0,0,0,0,-,-,NA,NA,LOS ANGELES,LOS ANGELES,-118.28701019287108,33.88170623779297
9226995,2021,2021-03-24,1942,2021-02-25,2315,41752,335,4,5,7,1942,0,0,0,NA,0,3A58,ARLINGTON AV,29TH ST,40,N,N,A,-,N,NA,NA,NA,NA,NA,NA,NA,NA,NA,N,3,0,1,2,A,-,01,23152,A,F,C,C,A,A,H,-,C,A,0,NA,NA,Y,NA,Y,Y,A,01,0,1,0,0,0,0,0,0,1,-,-,NA,NA,LOS ANGELES,LOS ANGELES,-118.3176727294922,34.029170989990234
9226996,2021,2021-03-24,1942,2021-02-28,2240,40044,1514,7,5,7,1942,0,0,0,O,0,15A21,VAN OWEN ST,BEN AV,100,W,N,A,-,N,NA,NA,NA,NA,NA,NA,NA,NA,NA,N,4,0,1,2,A,-,03,22350,NA,N,B,E,A,A,H,-,C,D,0,NA,NA,NA,NA,Y,NA,A,01,0,0,1,0,0,0,0,0,0,-,-,NA,NA,LOS ANGELES,LOS ANGELES,-118.3946533203125,34.19395065307617
9226997,2021,2021-03-24,1942,2021-02-27,2340,40763,1699,6,5,7,1942,0,0,0,P,0,16A77,LULL ST,HOLLYWOOD WY,2,E,N,A,-,N,NA,NA,NA,NA,NA,NA,NA,NA,NA,N,4,0,1,2,A,-,08,22107,NA,F,B,C,A,A,H,-,C,D,0,NA,NA,NA,NA,Y,NA,-,99,0,0,1,0,0,0,0,0,0,-,-,NA,NA,LOS ANGELES,LOS ANGELES,-118.34855651855467,34.209381103515625
92269994,2023,2023-12-25,9540,2023-12-18,2300,022405,NA,1,3,9,1900,0,1,3,NA,2,146,SR-14 N/B (ANTELOPE VALLEY FREEWAY),SOLEDAD CANYON RD.,450,N,N,C,-,Y,NA,NA,NA,NA,NA,NA,NA,NA,NA,Y,3,0,1,1,A,-,03,22350,NA,N,E,8,A,B,H,-,D,D,0,NA,NA,NA,Y,Y,NA,G,25,0,1,0,0,0,0,0,0,0,-,-,34.433799743652344,-118.38321685791016,LOS ANGELES,UNINCORPORATED,-118.38329315185548,34.43404769897461
92269998,2023,2023-12-25,9540,2023-12-20,2200,021132,NA,3,3,6,1985,0,1,3,NA,1,145,SR-14 S/B FROM VIA PRINCESSA,VIA PRINCESSA,20,S,N,C,-,Y,NA,NA,NA,NA,NA,NA,NA,NA,NA,Y,4,0,1,1,A,-,03,22350,NA,N,E,I,A,B,H,-,C,A,0,NA,NA,NA,NA,Y,NA,A,07,0,0,1,0,0,0,0,0,0,-,-,34.40235137939453,-118.45423126220705,LOS ANGELES,SANTA CLARITA,-118.45423126220705,34.40235137939453
92270010,2023,2023-12-25,9540,2023-12-18,222,022774,NA,1,3,6,1985,0,1,1,NA,2,506,I-5 N/B,MCBEAN PARKWAY,200,S,N,A,-,Y,LA,NA,5,NA,R,51.394,H,NA,R,Y,4,0,1,2,A,-,03,22350,NA,N,C,C,A,A,H,-,D,D,0,NA,NA,NA,Y,Y,NA,A,01,0,0,1,0,0,0,0,0,0,-,-,34.39350128173828,-118.57086181640624,LOS ANGELES,SANTA CLARITA,-118.57091522216795,34.393489837646484
92270011,2023,2023-12-25,9540,2023-12-18,223,022774,NA,1,3,6,1985,0,1,1,NA,2,506,I-5 N/B,MCBEAN PARKWAY,150,S,N,A,-,Y,LA,NA,5,NA,R,51.402,H,NA,R,Y,4,0,2,2,C,-,18,NA,NA,N,D,C,A,A,H,-,D,D,0,NA,NA,NA,NA,Y,NA,-,-,0,0,2,0,0,0,0,0,0,-,-,34.39360046386719,-118.57090759277344,LOS ANGELES,SANTA CLARITA,-118.57094573974608,34.393592834472656
92270013,2023,2023-12-25,9540,2023-12-19,210,022774,NA,2,3,6,1985,0,1,1,NA,1,503,I-5 S/B,THE OLD ROAD,500,N,N,C,-,Y,LA,NA,5,NA,R,48.032,H,NA,L,Y,4,0,1,1,A,-,03,22350,NA,N,E,I,A,B,D,-,D,A,0,NA,NA,NA,NA,Y,NA,A,07,0,0,1,0,0,0,0,0,0,-,-,34.350990295410156,-118.54486846923828,LOS ANGELES,SANTA CLARITA,-118.54483795166016,34.35104751586914
9227010,2021,2021-03-23,1941,2021-02-23,0705,11367,NA,2,5,7,1941,0,0,0,NA,0,NA,6TH ST,PACIFIC AV,0,NA,Y,D,-,N,NA,NA,NA,NA,NA,NA,NA,NA,NA,Y,4,0,1,2,D,-,00,NA,NA,N,D,C,A,A,H,-,A,A,0,NA,NA,NA,NA,Y,NA,-,-,0,0,1,0,0,0,0,0,0,-,-,NA,NA,LOS ANGELES,LONG BEACH,-118.19371795654295,33.774139404296875
9227011,2021,2021-03-26,1941,2021-02-20,1436,11142,NA,6,5,7,1941,0,0,0,NA,0,NA,PARAMOUNT BL,ARTESIA BL,0,NA,Y,A,-,N,NA,NA,NA,NA,NA,NA,NA,NA,NA,N,4,0,2,2,A,-,-,NA,NA,N,C,C,A,A,H,-,A,A,0,NA,NA,NA,NA,Y,NA,A,NA,0,0,2,0,0,0,0,0,0,-,-,NA,NA,LOS ANGELES,LONG BEACH,-118.16000366210938,33.8746223449707
9227012,2021,2021-03-23,1941,2021-02-21,1810,11530,NA,7,5,7,1941,0,0,0,NA,0,NA,ANAHEIM ST,XIMENO AV,0,NA,Y,A,-,N,NA,NA,NA,NA,NA,NA,NA,NA,NA,Y,4,0,1,2,A,-,09,21801,A,N,D,C,A,A,H,-,C,A,0,NA,NA,NA,NA,Y,NA,A,NA,0,0,1,0,0,0,0,0,0,-,-,NA,NA,LOS ANGELES,LONG BEACH,-118.14154052734376,33.782596588134766
9227016,2021,2021-03-23,1900,2021-02-01,0942,519902,2116,1,5,5,1943,0,0,0,NA,0,212T4,SANTA FE AV,BANNING AV,0,NA,Y,A,-,N,NA,NA,NA,NA,NA,NA,NA,NA,NA,Y,3,0,3,3,-,-,-,NA,A,N,D,D,A,A,H,-,A,-,0,NA,NA,NA,NA,Y,NA,A,01,0,3,0,0,0,0,0,0,0,-,-,NA,NA,LOS ANGELES,LYNWOOD,-118.21781158447266,33.9185791015625
9227017,2021,2021-03-23,1900,2021-02-14,2250,600544,2117,7,5,5,1943,0,0,0,NA,0,212T4,COOACRE ST,MCMILLAN ST,0,NA,Y,A,-,N,NA,NA,NA,NA,NA,NA,NA,NA,NA,Y,3,0,4,3,A,-,12,22450,A,N,D,C,A,A,H,-,C,A,0,NA,NA,NA,NA,Y,NA,A,01,0,2,2,0,0,0,0,0,0,-,-,NA,NA,LOS ANGELES,LYNWOOD,-118.19477081298828,33.906211853027344
9227021,2021,2021-03-24,1900,2021-02-03,1300,602224,0530,3,5,5,1959,0,0,0,NA,0,53T1AM,MISSION DR,ENCINITA AV,0,NA,Y,A,-,N,NA,NA,NA,NA,NA,NA,NA,NA,NA,Y,2,0,2,2,D,-,00,NA,NA,N,A,C,A,A,H,-,A,A,0,NA,NA,NA,NA,Y,NA,-,-,2,0,0,0,0,0,0,0,0,-,-,34.0825309753418,-118.067626953125,LOS ANGELES,ROSEMEAD,-118.06764221191406,34.0825309753418
9227022,2021,2021-03-24,1900,2021-02-23,1655,534558,0535,2,5,5,1959,0,0,0,NA,0,53T1PM,WALNUT GROVE AV,RUSH ST,378,S,N,A,-,N,NA,NA,NA,NA,NA,NA,NA,NA,NA,Y,3,0,1,1,A,-,08,22107,NA,N,E,J,A,A,H,-,A,A,0,NA,NA,NA,NA,Y,NA,A,01,0,1,0,0,0,0,0,0,0,-,-,34.050048828125,-118.08206939697266,LOS ANGELES,ROSEMEAD,-118.08192443847656,34.05067443847656
9227023,2021,2021-03-24,1900,2021-02-18,1930,546256,0535,4,5,5,1959,0,0,0,NA,0,53T1PM,SAN GABRIEL BL,WALNUT GROVE AV,49,W,N,A,-,N,NA,NA,NA,NA,NA,NA,NA,NA,NA,N,3,0,2,2,A,-,03,22350,NA,N,C,C,A,A,H,-,C,A,0,NA,NA,NA,NA,Y,NA,A,01,0,1,1,0,0,0,0,0,0,-,-,34.040958404541016,-118.08235168457033,LOS ANGELES,ROSEMEAD,-118.08221435546876,34.040897369384766
9227024,2021,2021-03-24,1900,2021-02-26,2100,546256,0530,5,5,5,1959,0,0,0,NA,0,53T1PM,VALLEY BL,WALNUT GROVE AV,0,NA,Y,A,-,N,NA,NA,NA,NA,NA,NA,NA,NA,NA,N,3,0,2,3,A,-,12,21453,A,N,D,C,A,A,H,-,C,A,0,NA,NA,NA,NA,Y,NA,A,07,0,1,1,0,0,0,0,0,0,-,-,34.08055877685547,-118.0821533203125,LOS ANGELES,ROSEMEAD,-118.08203887939452,34.080535888671875
9227025,2021,2021-03-24,1900,2021-02-24,1005,532124,0524,3,5,4,1971,0,0,0,NA,0,52T1/D,BALDWIN AV,OLIVE ST,9,N,N,A,-,N,NA,NA,NA,NA,NA,NA,NA,NA,NA,Y,4,0,2,2,A,-,09,21801,A,N,A,C,A,A,H,-,A,D,0,NA,NA,NA,NA,Y,NA,A,01,0,0,2,0,0,0,0,0,0,-,-,34.09906005859375,-118.05045318603516,LOS ANGELES,TEMPLE CITY,-118.05056762695313,34.099063873291016
9227026,2021,2021-03-24,1900,2021-02-19,1020,602224,0534,5,5,5,1959,0,0,0,NA,0,53T1AM,GARVEY AV,LA PRESA AV,0,NA,Y,A,-,N,NA,NA,NA,NA,NA,NA,NA,NA,NA,N,3,0,1,2,A,-,12,22450,A,F,A,G,A,A,H,-,A,A,0,NA,Y,NA,NA,Y,NA,A,01,0,1,0,0,0,0,1,0,0,-,-,34.06254959106445,-118.08033752441406,LOS ANGELES,ROSEMEAD,-118.08037567138672,34.062679290771484
9227027,2021,2021-03-24,1900,2021-02-08,1150,602224,0531,1,5,5,1959,0,0,0,NA,0,53T1AM,VALLEY BL,ROSEMEAD BL,450,W,N,A,-,N,NA,NA,NA,NA,NA,NA,NA,NA,NA,N,3,0,1,2,A,-,03,22350,NA,N,C,C,A,A,H,-,A,A,0,NA,NA,NA,NA,Y,NA,A,08,0,1,0,0,0,0,0,0,0,-,-,34.080711364746094,-118.078857421875,LOS ANGELES,ROSEMEAD,-118.07460021972656,34.08079147338867
9227031,2021,2021-03-24,1909,2021-02-22,1322,570,1909,1,5,4,1909,0,0,0,NA,0,NORTH,GAGE AV,SPECHT AV,217,W,N,A,-,N,NA,NA,NA,NA,NA,NA,NA,NA,NA,NA,2,0,1,2,A,-,08,22107,NA,F,G,B,E,A,E,H,A,D,0,Y,NA,NA,NA,Y,Y,A,01,1,0,0,0,1,0,0,0,0,-,-,33.97568130493164,-118.16510772705078,LOS ANGELES,BELL GARDENS,-118.1658172607422,33.97573471069336
9227032,2021,2021-03-24,1900,2021-02-22,0850,519546,2312,1,5,5,1919,0,0,0,NA,0,230T,STUDEBAKER RD,183RD ST,0,NA,Y,A,-,N,NA,NA,NA,NA,NA,NA,NA,NA,NA,Y,4,0,1,2,A,-,12,21453,A,N,D,C,A,A,H,-,A,A,0,NA,NA,NA,NA,Y,NA,-,-,0,0,1,0,0,0,0,0,0,-,-,NA,NA,LOS ANGELES,CERRITOS,-118.09976959228516,33.86558532714844