CASE_ID,ACCIDENT_YEAR,PROC_DATE,JURIS,COLLISION_DATE,COLLISION_TIME,OFFICER_ID,REPORTING_DISTRICT,DAY_OF_WEEK,CHP_SHIFT,POPULATION,CNTY_CITY_LOC,SPECIAL_COND,BEAT_TYPE,CHP_BEAT_TYPE,CITY_DIVISION_LAPD,CHP_BEAT_CLASS,BEAT_NUMBER,PRIMARY_RD,SECONDARY_RD,DISTANCE,DIRECTION,INTERSECTION,WEATHER_1,WEATHER_2,STATE_HWY_IND,CALTRANS_COUNTY,CALTRANS_DISTRICT,STATE_ROUTE,ROUTE_SUFFIX,POSTMILE_PREFIX,POSTMILE,LOCATION_TYPE,RAMP_INTERSECTION,SIDE_OF_HWY,TOW_AWAY,COLLISION_SEVERITY,NUMBER_KILLED,NUMBER_INJURED,PARTY_COUNT,PRIMARY_COLL_FACTOR,PCF_CODE_OF_VIOL,PCF_VIOL_CATEGORY,PCF_VIOLATION,PCF_VIOL_SUBSECTION,HIT_AND_RUN,TYPE_OF_COLLISION,MVIW,PED_ACTION,ROAD_SURFACE,ROAD_COND_1,ROAD_COND_2,LIGHTING,CONTROL_DEVICE,CHP_ROAD_TYPE,PEDESTRIAN_ACCIDENT,BICYCLE_ACCIDENT,MOTORCYCLE_ACCIDENT,TRUCK_ACCIDENT,NOT_PRIVATE_PROPERTY,ALCOHOL_INVOLVED,STWD_VEHTYPE_AT_FAULT,CHP_VEHTYPE_AT_FAULT,COUNT_SEVERE_INJ,COUNT_VISIBLE_INJ,COUNT_COMPLAINT_PAIN,COUNT_PED_KILLED,COUNT_PED_INJURED,COUNT_BICYCLIST_KILLED,COUNT_BICYCLIST_INJURED,COUNT_MC_KILLED,COUNT_MC_INJURED,PRIMARY_RAMP,SECONDARY_RAMP,LATITUDE,LONGITUDE,COUNTY,CITY,POINT_X,POINT_Y
9228252,2021,2021-04-05,1942,2021-03-05,1100,44017,1517,5,5,7,1942,0,0,0,O,0,15A28,VINELAND AV,VANOWEN ST,30,S,N,A,-,N,NA,NA,NA,NA,NA,NA,NA,NA,NA,N,2,0,2,2,A,-,08,22107,NA,N,B,C,A,A,H,-,A,A,0,NA,NA,NA,NA,Y,NA,A,01,1,0,1,0,0,0,0,0,0,-,-,NA,NA,LOS ANGELES,LOS ANGELES,-118.37030029296876,34.19386672973633
9228253,2021,2021-04-05,1942,2021-03-03,2000,44375,LOSA,3,5,7,1942,0,0,0,NA,0,19A93,WOODMAN AV,ROSCOE BL,0,NA,Y,A,-,N,NA,NA,NA,NA,NA,NA,NA,NA,NA,N,4,0,1,2,A,-,08,22107,NA,N,B,C,A,A,H,-,C,D,0,NA,NA,NA,NA,Y,NA,-,-,0,0,1,0,0,0,0,0,0,-,-,NA,NA,LOS ANGELES,LOS ANGELES,-118.43274688720705,34.2216796875
92282537,2024,2024-01-09,9580,2024-01-02,1440,021966,NA,2,2,7,1942,0,1,1,NA,2,406,I-405 S/B (SAN DIEGO FWY),US-101 N/B (VENTURA FREEWAY),1675,N,N,A,-,Y,LA,NA,405,NA,NA,39.825,H,NA,L,N,4,0,2,2,A,-,07,21658,A,N,B,C,A,A,H,-,A,D,0,NA,NA,NA,NA,Y,NA,A,07,0,0,2,0,0,0,0,0,0,-,-,34.16579055786133,-118.46980285644533,LOS ANGELES,LOS ANGELES,-118.46971130371094,34.1657829284668
92282548,2023,2024-01-09,9550,2023-12-29,1849,023289,NA,5,2,5,1954,0,1,1,NA,2,650,I-605 SOUTHBOUND,PECK ROAD,1400,S,N,A,-,Y,LA,NA,605,NA,R,16.371,H,NA,L,Y,3,0,1,1,A,-,08,22107,NA,N,E,I,A,A,H,-,C,D,0,NA,NA,NA,NA,Y,NA,A,01,0,1,0,0,0,0,0,0,0,-,-,34.02499008178711,-118.04151916503906,LOS ANGELES,PICO RIVERA,-118.04156494140624,34.0250358581543
92282563,2023,2024-01-09,9535,2023-12-28,1405,022100,NA,4,2,9,1900,0,1,1,NA,2,070,I-710 TO SR-60 E/B,MEDNIK AVE,430,W,N,A,-,Y,LA,NA,60,NA,R,3.653,H,NA,R,Y,4,0,2,2,A,-,03,22350,NA,N,C,C,A,A,H,-,A,D,0,NA,NA,NA,NA,Y,NA,D,22,0,0,2,0,0,0,0,0,0,-,-,34.03627014160156,-118.1634521484375,LOS ANGELES,UNINCORPORATED,-118.16345977783205,34.03641128540039
92282599,2023,2024-01-24,9565,2023-12-31,2322,022642,NA,7,3,6,1933,0,2,S,NA,2,901,FAIRVIEW BLVD.,LA BREA AVE.,358,W,N,A,-,N,NA,NA,NA,NA,NA,NA,NA,NA,NA,Y,3,0,2,3,B,-,22,NA,NA,N,A,E,A,A,H,-,C,D,0,NA,NA,NA,NA,Y,NA,J,48,0,1,1,0,0,0,0,0,0,-,-,33.97924041748047,-118.35923767089844,LOS ANGELES,INGLEWOOD,-118.35906982421876,33.979164123535156
92282647,2023,2024-01-09,9535,2023-12-28,428,022059,NA,4,3,9,1900,0,1,1,NA,2,400,I-10 E/B (SAN BERNARDINO FREEWAY),PECK ROAD,300,W,N,A,-,Y,LA,NA,10,NA,NA,29.359,H,NA,R,Y,4,0,1,1,A,-,03,22350,NA,N,E,I,A,A,C,-,C,D,0,NA,NA,NA,NA,Y,NA,A,01,0,0,1,0,0,0,0,0,0,-,-,34.067718505859375,-118.03044891357422,LOS ANGELES,UNINCORPORATED,-118.03045654296876,34.06787872314453
92282656,2023,2024-01-09,9590,2023-10-21,125,021926,NA,6,3,7,1942,0,1,1,NA,2,053,I-110 (HARBOR FREEWAY),OLYMPIC BLVD.,325,N,N,A,-,Y,LA,NA,110,NA,NA,22.19,H,NA,R,N,3,0,1,4,A,-,07,21658,A,M,B,C,A,A,H,-,C,D,0,NA,NA,NA,NA,Y,Y,-,99,0,1,0,0,0,0,0,0,0,-,-,34.047298431396484,-118.26792144775392,LOS ANGELES,LOS ANGELES,-118.26776123046876,34.047122955322266
92282657,2023,2024-01-09,9565,2023-12-28,2255,022145,NA,4,3,9,1900,0,3,5,NA,2,003,HOMELAND DRIVE,VICTORIA AVENUE,0,NA,Y,A,-,N,NA,NA,NA,NA,NA,NA,NA,NA,NA,Y,4,0,1,2,A,-,12,22450,A,F,D,C,A,A,H,-,C,A,0,NA,NA,NA,NA,Y,NA,-,99,0,0,1,0,0,0,0,0,0,-,-,34.00490951538086,-118.33470916748048,LOS ANGELES,UNINCORPORATED,-118.33473205566406,34.00486373901367
92282662,2023,2024-01-09,9590,2023-08-17,1203,021926,NA,4,1,7,1942,0,1,1,NA,2,052,I-110 N/B,8TH STREET,300,S,N,A,-,Y,LA,NA,110,NA,NA,22.373,H,NA,R,N,3,0,1,2,A,-,03,22350,NA,N,C,C,A,A,H,-,A,D,0,NA,NA,NA,NA,Y,NA,J,48,0,1,0,0,0,0,0,0,0,-,-,34.04866027832031,-118.2651596069336,LOS ANGELES,LOS ANGELES,-118.26519012451172,34.04869079589844
92282687,2023,2024-01-09,9565,2023-01-06,206,021786,NA,5,3,7,1942,0,1,1,NA,2,063,INTERSTATE 405 S/B (SAN DIEGO FREEWAY),SANTA MONICA BOULEVARD,281,S,N,A,-,Y,LA,NA,405,NA,NA,30.805,H,NA,L,Y,1,1,0,3,C,-,18,NA,NA,N,C,2,E,A,H,-,D,D,0,Y,NA,NA,NA,Y,NA,-,-,0,0,0,1,0,0,0,0,0,-,-,34.0461311340332,-118.44629669189452,LOS ANGELES,LOS ANGELES,-118.4461669921875,34.04621124267578
92282692,2023,2024-01-09,9530,2023-04-02,505,021310,NA,7,3,5,1943,0,1,1,NA,2,210,I-105 E/B GLENN ANDERSON FREEWAY,MONA BLVD,75,E,N,A,-,Y,LA,NA,105,NA,R,10.33,H,NA,R,Y,1,1,2,3,A,-,08,22107,NA,N,C,C,A,A,H,-,D,D,0,NA,NA,NA,NA,Y,Y,A,01,2,0,0,0,0,0,0,0,0,-,-,33.92824172973633,-118.22976684570313,LOS ANGELES,LYNWOOD,-118.22980499267578,33.928340911865234
92282694,2023,2024-04-08,9565,2023-10-25,1430,016545,NA,3,2,9,1900,0,2,4,NA,1,054,ADMIRALTY WAY,PALAWAN WAY,0,NA,Y,B,-,N,NA,NA,NA,NA,NA,NA,NA,NA,NA,Y,4,0,1,2,A,-,09,21801,A,N,B,C,A,A,H,-,A,A,0,NA,NA,NA,NA,Y,NA,A,01,0,0,1,0,0,0,0,0,0,-,-,33.983341217041016,-118.4578094482422,LOS ANGELES,UNINCORPORATED,-118.45781707763672,33.983245849609375
92282713,2024,2024-01-09,9530,2024-01-02,450,021310,NA,2,3,7,1941,0,1,3,NA,2,320,SR-91 E/B (ARTESIA FREEWAY),I-710,50,E,N,A,-,Y,LA,NA,91,NA,R,11.658,H,NA,R,Y,4,0,2,4,A,-,08,22107,NA,N,E,I,A,A,H,-,D,D,0,NA,NA,NA,NA,Y,NA,A,01,0,0,2,0,0,0,0,0,0,-,-,33.87528991699219,-118.19358825683594,LOS ANGELES,LONG BEACH,-118.19353485107422,33.87519836425781
92282715,2024,2024-01-09,9550,2024-01-03,825,018854,NA,3,1,9,1900,0,1,1,NA,2,650,I-605 S/B,SARAGOSA ST.,1800,N,N,B,-,Y,LA,NA,605,NA,R,12.763,H,NA,L,N,3,0,2,2,A,-,03,22350,NA,N,C,C,A,B,H,-,A,D,0,NA,NA,NA,NA,Y,NA,A,01,0,1,1,0,0,0,0,0,0,-,-,33.98263168334961,-118.0740966796875,LOS ANGELES,UNINCORPORATED,-118.07412719726564,33.98264694213867
92282764,2023,2024-01-09,9565,2023-12-29,1740,022761,NA,5,2,6,1933,0,1,1,NA,2,060,I-405 SOUTHBOUND FROM OLIVE ST,ARBOR VITAE ST,800,S,N,A,-,Y,NA,NA,NA,NA,NA,NA,NA,NA,NA,Y,4,0,1,2,A,-,03,22350,NA,N,C,C,A,A,H,-,D,A,0,NA,NA,NA,NA,Y,NA,A,08,0,0,1,0,0,0,0,0,0,-,-,33.950279235839844,-118.3694076538086,LOS ANGELES,INGLEWOOD,-118.3694076538086,33.950279235839844
92282771,2024,2024-01-09,9550,2024-01-03,927,019808,NA,3,1,9,1900,0,2,4,NA,1,042,COLIMA ROAD,HACIENDA BOULEVARD,40,E,N,B,-,N,NA,NA,NA,NA,NA,NA,NA,NA,NA,N,3,0,1,2,A,-,03,22350,NA,N,C,C,A,B,H,-,A,A,0,NA,NA,NA,NA,Y,NA,A,01,0,1,0,0,0,0,0,0,0,-,-,33.98134994506836,-117.97273254394533,LOS ANGELES,UNINCORPORATED,-117.97295379638672,33.98126983642578
92282845,2023,2024-01-09,9535,2023-12-29,1150,022120,NA,5,1,5,1901,0,1,1,NA,2,421,I-10 (SAN BERNARDINO FREEWAY) W/B,ALMANSOR ST OVPS,155,W,N,A,-,Y,LA,NA,10,NA,NA,24.284,H,NA,L,N,3,0,2,3,A,-,03,22350,NA,N,C,C,A,A,H,-,A,D,0,NA,NA,NA,NA,Y,NA,A,07,0,1,1,0,0,0,0,0,0,-,-,34.0719108581543,-118.11788940429688,LOS ANGELES,ALHAMBRA,-118.11788940429688,34.071868896484375
92282848,2023,2024-01-09,9565,2023-12-09,2255,023033,NA,6,3,7,1942,0,1,1,NA,2,062,I-405 NORTHOBUND (SAN DIEGO FREEWAY),PALMS BOULEVARD,95,S,N,A,-,Y,LA,NA,405,NA,NA,28.478,H,NA,R,Y,4,0,1,2,A,-,01,23152,A,N,C,C,A,A,H,-,A,D,0,NA,NA,NA,NA,Y,Y,A,01,0,0,1,0,0,0,0,0,0,-,-,34.018550872802734,-118.42317962646484,LOS ANGELES,LOS ANGELES,-118.4232940673828,34.01848602294922
92282908,2024,2024-01-09,9590,2024-01-01,555,018345,NA,1,3,7,1942,0,1,1,NA,2,061,I-10 WESTBOUND (SANTA MONICA FREEWAY) COLLECTOR RD,WESTERN AVE.,80,W,N,A,-,Y,LA,NA,10,NA,R,12.798,H,NA,L,N,3,0,1,1,A,-,01,23152,A,M,E,I,A,A,H,-,C,D,0,NA,NA,NA,NA,Y,Y,A,07,0,1,0,0,0,0,0,0,0,-,-,34.037479400634766,-118.30937957763672,LOS ANGELES,LOS ANGELES,-118.30938720703124,34.037269592285156
92282913,2024,2024-02-28,9525,2024-01-02,1300,018761,NA,2,1,5,1926,0,1,1,NA,2,215,I-210 W/B (FOOTHILL FWY),SUNFLOWER AVE.,1700,E,N,A,-,Y,LA,NA,210,NA,R,43.509,H,NA,L,N,4,0,1,2,A,-,03,22350,NA,M,C,C,A,A,H,-,A,D,0,NA,NA,NA,NA,Y,NA,A,01,0,0,1,0,0,0,0,0,0,-,-,34.118858337402344,-117.84078216552734,LOS ANGELES,GLENDORA,-117.84080505371094,34.11890411376953
92282942,2023,2024-01-09,9590,2023-12-28,1256,023266,NA,4,1,7,1942,0,1,2,NA,2,071,US-101 SB (HOLLYWOOD FREEWAY),GLENDALE BOULEVARD,450,S,N,A,-,Y,LA,NA,101,NA,NA,2.413,H,NA,L,N,4,0,4,3,A,-,03,22350,NA,N,C,C,A,A,H,-,A,D,0,NA,NA,NA,NA,Y,NA,A,07,0,0,4,0,0,0,0,0,0,-,-,34.069091796875,-118.25975799560548,LOS ANGELES,LOS ANGELES,-118.25975036621094,34.0691032409668
92282961,2024,2024-01-09,9580,2024-01-02,1242,023142,NA,2,1,7,1942,0,1,2,NA,2,101,US-101 S/B (VENTURA FREEWAY),LAUREL CANYON BLVD,820,S,N,A,-,Y,LA,NA,101,NA,NA,12.692,H,NA,L,Y,4,0,2,2,A,-,03,22350,NA,N,C,C,A,A,H,-,A,D,0,NA,NA,NA,NA,Y,NA,A,01,0,0,2,0,0,0,0,0,0,-,-,34.154361724853516,-118.39363098144533,LOS ANGELES,LOS ANGELES,-118.39363098144533,34.15434646606445
92282965,2023,2024-01-09,9590,2023-12-28,25,022984,NA,4,3,7,1942,0,1,2,NA,2,073,US-101 S/B (HOLLYWOOD FREEWAY) (HOF),SANTA MONICA BOULEVARD,1100,S,N,A,-,Y,LA,NA,101,NA,NA,5.338,H,NA,L,Y,4,0,1,2,A,-,01,23152,A,N,B,C,A,A,H,-,C,D,0,NA,NA,NA,NA,Y,Y,A,01,0,0,1,0,0,0,0,0,0,-,-,34.08797836303711,-118.3048095703125,LOS ANGELES,LOS ANGELES,-118.30477142333984,34.08800506591797
92282973,2023,2024-01-09,9565,2023-12-30,45,022780,NA,6,3,6,1933,0,1,1,NA,2,060,I-405 S/B (SAN DIEGO FREEWAY),ARBOR VITAE BOULEVARD,600,S,N,B,-,Y,LA,NA,405,NA,NA,22.678,H,NA,L,Y,4,0,1,2,A,-,07,21658,A,N,C,C,A,A,H,-,C,D,0,NA,NA,NA,NA,Y,NA,A,07,0,0,1,0,0,0,0,0,0,-,-,33.95180130004883,-118.36917114257813,LOS ANGELES,INGLEWOOD,-118.36923217773438,33.95178985595703
92282993,2023,2024-01-09,9525,2023-12-30,1145,018992,NA,6,1,9,1900,0,2,4,NA,2,057,BREA CANYON RD,TONNER CANYON RD.,3200,N,N,B,C,N,NA,NA,NA,NA,NA,NA,NA,NA,NA,Y,4,0,3,2,A,-,03,22350,NA,N,A,C,A,B,H,-,A,D,0,NA,NA,NA,NA,Y,NA,A,01,0,0,3,0,0,0,0,0,0,-,-,33.946861267089844,-117.8695831298828,LOS ANGELES,UNINCORPORATED,-117.86994171142578,33.946048736572266
92282997,2024,2024-01-09,9550,2024-01-04,755,018187,NA,4,1,9,1900,0,3,5,NA,2,002,MEYER RD,LAUREL AVE,0,NA,Y,A,-,N,NA,NA,NA,NA,NA,NA,NA,NA,NA,N,4,0,1,2,A,-,09,21801,A,N,D,C,A,A,H,-,A,A,0,NA,NA,NA,NA,Y,NA,A,07,0,0,1,0,0,0,0,0,0,-,-,33.92778015136719,-118.0492935180664,LOS ANGELES,UNINCORPORATED,-118.0492935180664,33.927730560302734
92283007,2024,2024-01-09,9550,2024-01-04,758,019808,NA,4,1,3,1964,0,1,1,NA,2,650,I-605 SOUTHBOUND,TELEGRAPH ROAD,3000,N,N,A,-,Y,LA,NA,605,NA,R,10.872,H,NA,L,N,3,0,1,2,A,-,03,22350,NA,N,C,C,A,A,H,-,A,D,0,NA,NA,NA,Y,Y,NA,F,26,0,1,0,0,0,0,0,0,0,-,-,33.95785903930664,-118.08741760253906,LOS ANGELES,SANTA FE SPRINGS,-118.08740997314452,33.957855224609375
92283113,2023,2024-01-09,9565,2023-12-25,530,023560,NA,1,3,9,1900,0,2,4,NA,2,021,IMPERIAL HWY,VERMONT AVENUE,0,NA,Y,A,-,N,NA,NA,NA,NA,NA,NA,NA,NA,NA,Y,3,0,1,2,A,-,12,21453,A,F,D,C,A,A,H,-,C,A,0,NA,NA,NA,NA,Y,Y,D,22,0,1,0,0,0,0,0,0,0,-,-,33.930931091308594,-118.29190063476564,LOS ANGELES,UNINCORPORATED,-118.29190826416016,33.93098068237305
92283165,2023,2024-01-09,9535,2023-12-30,610,021970,NA,6,1,5,1948,0,1,3,NA,2,620,SR-60 E/B (POMONA FREEWAY),PARAMOUNT BLVD,300,W,N,B,C,Y,LA,NA,60,NA,R,7.678,H,NA,R,Y,4,0,1,2,A,-,03,22350,NA,N,C,8,A,B,H,-,D,D,0,NA,NA,NA,NA,Y,NA,A,07,0,0,1,0,0,0,0,0,0,-,-,34.03575134277344,-118.09449005126952,LOS ANGELES,MONTEREY PARK,-118.094482421875,34.035640716552734
92283186,2023,2024-01-09,9535,2023-12-22,1015,023462,NA,5,1,9,1900,0,1,3,NA,2,601,SR-60 W/B (POMONA FREEWAY),3RD STREET,1000,W,N,A,-,Y,LA,NA,60,NA,R,2.683,H,NA,L,Y,3,0,1,2,A,-,08,22107,NA,N,B,C,A,A,H,-,B,D,0,NA,NA,NA,NA,Y,NA,A,01,0,1,0,0,0,0,0,0,0,-,-,34.03390121459961,-118.18000030517578,LOS ANGELES,UNINCORPORATED,-118.17998504638672,34.03387451171875
92283187,2023,2024-01-09,9590,2023-10-29,200,023117,NA,7,3,7,1942,0,1,1,NA,2,061,I-10 W/B (SANTA MONICA FREEWAY) COLLECTOR,LA BREA AVE,400,W,N,A,-,Y,LA,NA,10,NA,R,10.331,H,NA,L,N,4,0,1,1,A,-,01,23152,A,N,F,A,A,A,H,-,D,D,0,NA,NA,Y,NA,Y,Y,C,02,0,0,1,0,0,0,0,0,1,-,-,34.03451156616211,-118.35215759277344,LOS ANGELES,LOS ANGELES,-118.35214233398438,34.0342903137207
92283203,2023,2024-01-09,9550,2023-12-30,1235,022982,NA,6,1,9,1900,0,1,1,NA,2,652,I605 S/B,183RD ST,500,S,N,A,-,Y,LA,NA,605,NA,R,4.053,H,NA,L,N,4,0,1,3,A,-,03,22350,NA,N,C,C,A,A,H,-,D,D,0,NA,NA,NA,NA,Y,NA,A,01,0,0,1,0,0,0,0,0,0,-,-,33.862709045410156,-118.09774780273438,LOS ANGELES,UNINCORPORATED,-118.0977020263672,33.86272048950195
92283209,2023,2024-01-09,9535,2023-12-05,1155,023443,NA,2,1,3,1914,0,1,1,NA,2,500,I-5 N/B (SANTA ANA FREEWAY),ARIZONA AVE. PEDESTRIAN OVERCROSSING,20,W,N,A,-,Y,LA,NA,5,NA,NA,13.571,H,NA,R,Y,3,0,1,3,A,-,03,22350,NA,N,C,2,A,A,H,-,A,D,0,NA,NA,NA,NA,Y,NA,A,07,0,1,0,0,0,0,0,0,0,-,-,34.015010833740234,-118.1696319580078,LOS ANGELES,COMMERCE,-118.16961669921876,34.015045166015625
92283212,2023,2024-01-09,9535,2023-12-30,720,021684,NA,6,1,6,1922,0,1,1,NA,2,400,I-10 E/B (SAN BERNARDINO FREEWAY),SANTA ANITA AVE,600,E,N,B,C,Y,LA,NA,10,NA,NA,28.934,H,NA,R,Y,4,0,1,1,A,-,03,22350,NA,N,E,I,A,B,H,-,B,D,0,NA,NA,NA,NA,Y,NA,D,22,0,0,1,0,0,0,0,0,0,-,-,34.06800079345703,-118.03787231445313,LOS ANGELES,EL MONTE,-118.03785705566406,34.06814193725586
92283213,2023,2024-01-09,9550,2023-12-30,45,022950,NA,6,3,9,1900,0,2,4,NA,1,052,COLIMA RD,PEPPERDALE DRIVE,195,E,N,A,-,N,NA,NA,NA,NA,NA,NA,NA,NA,NA,Y,4,0,1,1,A,-,01,23152,A,N,E,I,A,A,H,-,C,D,0,NA,NA,NA,NA,Y,Y,A,01,0,0,1,0,0,0,0,0,0,-,-,33.986080169677734,-117.8717803955078,LOS ANGELES,UNINCORPORATED,-117.87186431884766,33.98615264892578
92283231,2023,2024-01-09,9535,2023-12-30,845,022842,NA,6,1,4,1907,0,1,1,NA,2,072,I-710 N/B (LONG BEACH FREEWAY),ATLANTIC BLVD,1954,S,N,B,C,Y,LA,NA,710,NA,NA,21.53,H,NA,R,Y,3,0,1,2,A,-,03,22350,NA,N,A,E,A,B,H,-,A,D,0,NA,NA,NA,NA,Y,NA,A,07,0,1,0,0,0,0,0,0,0,-,-,33.992469787597656,-118.17497253417967,LOS ANGELES,BELL,-118.17507934570313,33.99238204956055
92283251,2024,2024-01-09,9550,2024-01-03,1650,022498,NA,3,2,9,1900,0,3,5,NA,2,002,LA MIRADA BOULEVARD,DANBROOK DRIVE,50,N,N,A,-,N,NA,NA,NA,NA,NA,NA,NA,NA,NA,Y,3,0,3,2,A,-,08,22107,NA,N,D,C,A,A,H,-,A,D,0,NA,NA,NA,NA,Y,NA,A,01,0,2,1,0,0,0,0,0,0,-,-,33.939510345458984,-118.01226043701172,LOS ANGELES,UNINCORPORATED,-118.0122528076172,33.939334869384766
92283265,2023,2024-01-10,9535,2023-12-18,1605,023297,NA,1,2,6,1922,0,1,1,NA,2,401,I-10 W/B (SAN BERNARDINO FWY),VALLEY  BLVD,1500,E,N,B,-,Y,LA,NA,10,NA,NA,30.225,H,NA,L,Y,4,0,1,2,A,-,08,22107,NA,F,B,C,A,A,H,-,B,D,0,NA,NA,NA,NA,Y,NA,-,99,0,0,1,0,0,0,0,0,0,-,-,34.065589904785156,-118.01596832275392,LOS ANGELES,EL MONTE,-118.01596832275392,34.06559753417969
92283273,2023,2024-01-10,9550,2023-11-13,1845,022354,NA,1,2,9,1900,0,3,5,NA,2,005,FULLERTON RD.,MESCAL ST.,0,NA,Y,A,-,N,NA,NA,NA,NA,NA,NA,NA,NA,NA,N,4,0,1,2,A,-,10,21950,A,F,G,B,B,A,H,-,C,A,0,Y,NA,NA,NA,Y,NA,A,07,0,0,1,0,1,0,0,0,0,-,-,33.976409912109375,-117.90966033935548,LOS ANGELES,UNINCORPORATED,-117.90984344482422,33.97651290893555
92283281,2023,2024-01-10,9550,2023-11-21,2050,022354,NA,2,2,9,1900,0,1,3,NA,2,600,SR-60 EB,SEVENTH AVE.,500,W,N,A,-,Y,LA,NA,60,NA,NA,14.098,H,NA,R,N,3,0,1,2,A,-,07,21658,A,N,B,C,A,A,H,-,C,D,0,NA,NA,NA,Y,Y,NA,F,56,0,1,0,0,0,0,0,0,0,-,-,34.02159118652344,-117.99004364013672,LOS ANGELES,UNINCORPORATED,-117.9901885986328,34.02149200439453
92283580,2023,2024-01-10,9530,2023-12-29,1835,023235,NA,5,2,5,1977,0,1,3,NA,2,310,SR-91 W/B (ARTESIA FREEWAY),MAIN STREET,500,E,N,B,-,Y,LA,NA,91,NA,R,7.212,H,NA,L,Y,4,0,1,3,A,-,03,22350,NA,N,C,C,A,A,H,-,C,D,0,NA,NA,NA,NA,Y,NA,A,07,0,0,1,0,0,0,0,0,0,-,-,33.87276840209961,-118.26985931396484,LOS ANGELES,CARSON,-118.26985931396484,33.87278366088867
92283582,2023,2024-01-10,9530,2023-12-29,2000,023235,NA,5,2,7,1942,0,1,3,NA,2,310,SR-91 W/B (ARTESIA FREEWAY),VERMONT AVENUE,100,E,N,B,-,Y,LA,NA,91,NA,NA,6.085,H,NA,L,Y,4,0,1,4,A,-,08,22107,NA,N,B,C,A,A,H,-,C,D,0,NA,NA,NA,NA,Y,NA,D,22,0,0,1,0,0,0,0,0,0,-,-,33.872779846191406,-118.28965759277344,LOS ANGELES,LOS ANGELES,-118.28965759277344,33.872867584228516
92283593,2024,2024-01-10,9525,2024-01-08,1635,022194,NA,1,2,1,1934,0,1,1,NA,2,651,I-605 S/B (SAN GABRIEL RIVER FWY),RAMONA BLVD.,2000,N,N,A,-,Y,LA,NA,605,NA,NA,21.412,H,NA,L,N,4,0,1,2,A,-,03,22350,NA,N,C,C,A,A,H,-,A,D,0,NA,NA,NA,Y,Y,NA,F,26,0,0,1,0,0,0,0,0,0,-,-,34.08251190185547,-117.99761962890624,LOS ANGELES,IRWINDALE,-117.99761199951172,34.0825080871582
92283610,2023,2024-01-10,9535,2023-12-29,1810,022100,NA,5,2,4,1962,0,1,1,NA,2,401,I-10 W/B (SAN BERNARDINO FREEWAY),JACKSON AVE POC,55,E,N,A,-,Y,LA,NA,10,NA,NA,25.1,H,NA,L,Y,4,0,2,3,A,-,03,22350,NA,N,C,C,A,A,H,-,C,D,0,NA,NA,NA,NA,Y,NA,A,01,0,0,2,0,0,0,0,0,0,-,-,34.072288513183594,-118.10366058349608,LOS ANGELES,SAN GABRIEL,-118.10366058349608,34.07220458984375
92283640,2024,2024-01-10,9580,2024-01-05,2055,020800,NA,5,2,7,1942,0,1,3,NA,2,117,SR-118 W/B TO HAYVENHURST AVE,HAYVENHURST AVE,30,E,N,A,-,Y,NA,NA,NA,NA,NA,NA,NA,NA,NA,N,4,0,2,2,A,-,03,22350,NA,F,C,C,A,A,H,-,C,D,0,NA,NA,NA,NA,Y,NA,-,99,0,0,2,0,0,0,0,0,0,-,-,34.275421142578125,-118.49321746826172,LOS ANGELES,LOS ANGELES,-118.49321746826172,34.275421142578125
92283643,2024,2024-01-10,9525,2024-01-02,1420,021779,NA,2,2,9,1900,0,3,5,NA,2,003,LA PUENTE RD (19000 BLOCK),NOGALES ST.,1056,E,N,A,-,N,NA,NA,NA,NA,NA,NA,NA,NA,NA,Y,2,0,2,2,A,-,08,22107,NA,N,B,C,A,A,H,-,A,D,0,NA,NA,NA,NA,Y,NA,-,-,2,0,0,0,0,0,0,0,0,-,-,34.010379791259766,-117.8833236694336,LOS ANGELES,UNINCORPORATED,-117.88348388671876,34.010379791259766
92283646,2023,2024-01-10,9565,2023-12-30,625,022715,NA,6,1,4,1918,0,1,1,NA,2,061,I-405 SOUTHBOUND,JEFFERSON BOULEVARD,300,S,N,C,-,Y,LA,NA,405,NA,NA,25.88,H,NA,L,N,4,0,1,2,A,-,07,21658,A,N,B,C,A,B,H,-,A,D,0,NA,NA,NA,NA,Y,NA,A,01,0,0,1,0,0,0,0,0,0,-,-,33.986881256103516,-118.3985595703125,LOS ANGELES,CULVER CITY,-118.39857482910156,33.98686981201172
92283675,2024,2024-01-10,9580,2024-01-09,1750,022535,NA,2,2,7,1942,0,1,2,NA,2,103,US-101 S/B (VENTURA FREEWAY),VAN NUYS BLVD,1214,S,N,A,-,Y,LA,NA,101,NA,NA,15.69,H,NA,L,N,4,0,2,2,A,-,07,21658,A,N,B,C,A,A,H,-,B,D,0,NA,NA,NA,Y,Y,NA,F,55,0,0,2,0,0,0,0,0,0,-,-,34.155330657958984,-118.44499969482422,LOS ANGELES,LOS ANGELES,-118.44498443603516,34.15536117553711