CASE_ID,ACCIDENT_YEAR,PROC_DATE,JURIS,COLLISION_DATE,COLLISION_TIME,OFFICER_ID,REPORTING_DISTRICT,DAY_OF_WEEK,CHP_SHIFT,POPULATION,CNTY_CITY_LOC,SPECIAL_COND,BEAT_TYPE,CHP_BEAT_TYPE,CITY_DIVISION_LAPD,CHP_BEAT_CLASS,BEAT_NUMBER,PRIMARY_RD,SECONDARY_RD,DISTANCE,DIRECTION,INTERSECTION,WEATHER_1,WEATHER_2,STATE_HWY_IND,CALTRANS_COUNTY,CALTRANS_DISTRICT,STATE_ROUTE,ROUTE_SUFFIX,POSTMILE_PREFIX,POSTMILE,LOCATION_TYPE,RAMP_INTERSECTION,SIDE_OF_HWY,TOW_AWAY,COLLISION_SEVERITY,NUMBER_KILLED,NUMBER_INJURED,PARTY_COUNT,PRIMARY_COLL_FACTOR,PCF_CODE_OF_VIOL,PCF_VIOL_CATEGORY,PCF_VIOLATION,PCF_VIOL_SUBSECTION,HIT_AND_RUN,TYPE_OF_COLLISION,MVIW,PED_ACTION,ROAD_SURFACE,ROAD_COND_1,ROAD_COND_2,LIGHTING,CONTROL_DEVICE,CHP_ROAD_TYPE,PEDESTRIAN_ACCIDENT,BICYCLE_ACCIDENT,MOTORCYCLE_ACCIDENT,TRUCK_ACCIDENT,NOT_PRIVATE_PROPERTY,ALCOHOL_INVOLVED,STWD_VEHTYPE_AT_FAULT,CHP_VEHTYPE_AT_FAULT,COUNT_SEVERE_INJ,COUNT_VISIBLE_INJ,COUNT_COMPLAINT_PAIN,COUNT_PED_KILLED,COUNT_PED_INJURED,COUNT_BICYCLIST_KILLED,COUNT_BICYCLIST_INJURED,COUNT_MC_KILLED,COUNT_MC_INJURED,PRIMARY_RAMP,SECONDARY_RAMP,LATITUDE,LONGITUDE,COUNTY,CITY,POINT_X,POINT_Y
92294157,2024,2024-01-23,9590,2024-01-18,900,019134,NA,4,1,7,1942,0,1,1,NA,2,085,I-5 S/B (GSF),COLORADO STREET,500,S,N,A,-,Y,LA,NA,5,NA,NA,25.677,H,NA,L,N,3,0,1,2,A,-,03,22350,NA,N,C,C,A,A,H,-,A,D,0,NA,NA,NA,NA,Y,NA,A,07,0,1,0,0,0,0,0,0,0,-,-,34.139408111572266,-118.27715301513672,LOS ANGELES,LOS ANGELES,-118.27719879150392,34.13939666748047
92294159,2024,2024-01-23,9590,2024-01-18,1540,021757,NA,4,2,7,1942,0,1,2,NA,2,071,US-101 S/B (HOLLYWOOD FREEWAY),BENTON WAY,70,S,N,B,-,Y,LA,NA,101,NA,NA,3.327,H,NA,L,N,4,0,1,3,A,-,03,22350,NA,N,C,C,A,A,H,-,A,D,0,NA,NA,NA,NA,Y,NA,A,01,0,0,1,0,0,0,0,0,0,-,-,34.07503890991211,-118.2740478515625,LOS ANGELES,LOS ANGELES,-118.27406311035156,34.07501220703125
92294166,2024,2024-01-23,9590,2024-01-20,1325,022741,NA,6,1,7,1942,0,1,1,NA,2,013,SR-110 S/B (ARROYO SECO PARKWAY),YORK BOULEVARD,1600,N,N,C,-,Y,LA,NA,110,NA,NA,29.835,H,NA,L,N,3,0,1,1,A,-,08,22107,NA,N,F,I,A,B,H,-,A,D,0,NA,NA,NA,NA,Y,NA,D,22,0,1,0,0,0,0,0,0,0,-,-,34.11540985107422,-118.17230224609376,LOS ANGELES,LOS ANGELES,-118.1723175048828,34.11542510986328
9229421,2021,2021-03-24,1920,2021-01-30,1920,13965,NA,6,5,6,1920,0,0,0,NA,0,002,OLD RIVER SCHOOL RD,LUXOR ST,0,NA,Y,A,-,N,NA,NA,NA,NA,NA,NA,NA,NA,NA,Y,4,0,1,2,A,-,03,22350,NA,N,C,C,A,A,H,-,C,A,0,NA,NA,NA,NA,Y,NA,A,01,0,0,1,0,0,0,0,0,0,-,-,NA,NA,LOS ANGELES,DOWNEY,-118.15276336669922,33.94204330444336
9229422,2021,2021-03-24,1920,2021-01-29,1739,13965,NA,5,5,6,1920,0,0,0,NA,0,006,IMPERIAL HWY,DOWNEY AV,0,NA,Y,A,-,N,NA,NA,NA,NA,NA,NA,NA,NA,NA,Y,4,0,2,3,A,-,09,21801,A,N,A,C,A,A,H,-,B,A,0,NA,NA,NA,NA,Y,NA,A,07,0,0,2,0,0,0,0,0,0,-,-,NA,NA,LOS ANGELES,DOWNEY,-118.14688110351564,33.92130661010742
9229423,2021,2021-03-24,1920,2021-01-27,1510,13500,1920,3,5,6,1920,0,0,0,NA,0,002,OLD RIVER SCHOOL RD,STEWART AND GRAY RD,0,NA,Y,A,-,N,NA,NA,NA,NA,NA,NA,NA,NA,NA,Y,4,0,2,2,D,-,00,NA,NA,N,A,C,A,A,H,-,A,A,0,NA,NA,NA,NA,Y,NA,-,-,0,0,2,0,0,0,0,0,0,-,-,NA,NA,LOS ANGELES,DOWNEY,-118.15406036376952,33.9401969909668
9229424,2021,2021-03-24,1920,2021-01-30,2010,13965,NA,6,5,6,1920,0,0,0,NA,0,002,FIRESTONE BL,PARAMOUNT BL,156,W,N,A,-,N,NA,NA,NA,NA,NA,NA,NA,NA,NA,N,4,0,5,3,A,-,03,22350,NA,N,C,C,A,A,H,-,C,A,0,NA,NA,NA,NA,Y,NA,A,01,0,0,5,0,0,0,0,0,0,-,-,NA,NA,LOS ANGELES,DOWNEY,-118.13836669921876,33.943016052246094
9229425,2021,2021-03-24,1920,2021-01-28,0758,13022,NA,4,5,6,1920,0,0,0,NA,0,006,BOYNE ST,DOWNEY AV,8,W,N,B,-,N,NA,NA,NA,NA,NA,NA,NA,NA,NA,N,4,0,1,2,A,-,09,21802,A,N,G,B,B,A,H,-,A,A,0,Y,NA,NA,NA,Y,NA,A,08,0,0,1,0,1,0,0,0,0,-,-,NA,NA,LOS ANGELES,DOWNEY,-118.14118194580078,33.92885208129883
9229426,2021,2021-03-24,1920,2021-01-21,1306,13022,NA,4,5,6,1920,0,0,0,NA,0,006,ALAMEDA ST,ORIZABA AV,37,E,N,A,-,N,NA,NA,NA,NA,NA,NA,NA,NA,NA,N,4,0,1,2,A,-,08,22107,NA,N,C,E,A,A,H,-,A,A,0,NA,NA,NA,NA,Y,NA,A,08,0,0,1,0,0,0,0,0,0,-,-,NA,NA,LOS ANGELES,DOWNEY,-118.14481353759766,33.929168701171875
9229427,2021,2021-03-24,1920,2021-01-11,0439,13499,1920,1,5,6,1920,0,0,0,NA,0,003,FLORENCE AV,HORLEY AV,80,W,N,A,-,N,NA,NA,NA,NA,NA,NA,NA,NA,NA,Y,4,0,1,2,A,-,08,22107,NA,N,D,C,A,A,H,-,C,D,0,NA,NA,NA,NA,Y,NA,A,01,0,0,1,0,0,0,0,0,0,-,-,NA,NA,LOS ANGELES,DOWNEY,-118.13638305664064,33.95652389526367
9229428,2021,2021-03-24,1920,2021-01-04,1804,13646,NA,1,5,6,1920,0,0,0,NA,0,006,ALAMEDA ST,BIRCHDALE AV,0,NA,Y,A,-,N,NA,NA,NA,NA,NA,NA,NA,NA,NA,N,4,0,1,2,A,-,10,21950,A,N,G,G,A,A,H,-,C,A,0,NA,Y,NA,NA,Y,NA,A,01,0,0,1,0,0,0,1,0,0,-,-,NA,NA,LOS ANGELES,DOWNEY,-118.13655090332033,33.9254264831543
9229429,2021,2021-03-24,1920,2021-01-04,1119,12605,1920,1,5,6,1920,0,0,0,NA,0,001,STEWART AND GRAY RD,WOODRUFF AV,0,NA,Y,A,-,N,NA,NA,NA,NA,NA,NA,NA,NA,NA,Y,3,0,2,2,A,-,09,21453,C,N,D,C,A,A,H,-,A,A,0,NA,NA,NA,NA,Y,NA,A,07,0,1,1,0,0,0,0,0,0,-,-,NA,NA,LOS ANGELES,DOWNEY,-118.1167221069336,33.92787551879883
92294428,2024,2024-01-23,9530,2024-01-09,2312,023580,NA,2,3,9,1900,0,3,5,NA,2,003,COOKACRE STREET,COMPTON BOULEVARD,0,NA,Y,A,-,N,NA,NA,NA,NA,NA,NA,NA,NA,NA,Y,3,0,3,2,A,-,01,23152,A,N,D,C,A,A,H,-,C,A,0,NA,NA,NA,NA,Y,Y,A,01,0,3,0,0,0,0,0,0,0,-,-,33.89604949951172,-118.19450378417967,LOS ANGELES,UNINCORPORATED,-118.19454956054688,33.89615249633789
92294429,2024,2024-01-23,9530,2024-01-10,1616,023418,NA,3,2,9,1900,0,3,5,NA,2,001,83RD ST.,HOOPER AVE.,250,E,N,A,-,Y,NA,NA,NA,NA,NA,NA,NA,NA,NA,N,4,0,1,2,A,-,03,22350,NA,N,A,C,A,A,H,-,A,D,0,NA,NA,NA,NA,Y,NA,D,22,0,0,1,0,0,0,0,0,0,-,-,33.96331024169922,-118.2517318725586,LOS ANGELES,UNINCORPORATED,-118.2527313232422,33.963714599609375
92294435,2024,2024-01-23,9530,2024-01-01,258,023562,NA,1,3,7,1942,0,1,1,NA,2,110,I-110 N/B (HARBOR FREEWAY),CENTURY BLVD.,20,S,N,B,-,Y,LA,NA,110,NA,NA,14.952,H,NA,R,Y,3,0,1,1,A,-,01,23152,A,N,B,I,A,A,H,-,C,D,0,NA,NA,NA,NA,Y,Y,A,07,0,1,0,0,0,0,0,0,0,-,-,33.94520950317383,-118.27976989746094,LOS ANGELES,LOS ANGELES,-118.27960968017578,33.94519805908203
92294453,2024,2024-01-23,9550,2024-01-16,1410,023164,NA,2,2,9,1900,0,2,4,NA,1,022,COLIMA ROAD,TELEGRAPH ROAD,350,N,N,A,-,N,NA,NA,NA,NA,NA,NA,NA,NA,NA,Y,3,0,3,2,A,-,03,22350,NA,N,C,C,A,A,H,-,A,A,0,NA,NA,NA,NA,Y,NA,A,08,0,2,1,0,0,0,0,0,0,-,-,33.92583084106445,-118.0239486694336,LOS ANGELES,UNINCORPORATED,-118.0238800048828,33.92583084106445
92294456,2024,2024-01-23,9525,2024-01-22,1342,020216,NA,1,1,4,1946,0,1,1,NA,2,201,I-210 W/B (FOOTHILL FWY),HUNTINGTON DR.,528,W,N,B,C,Y,LA,NA,210,NA,R,32.778,H,NA,L,N,4,0,1,2,A,-,03,22350,NA,N,C,C,A,B,H,-,A,D,0,NA,NA,NA,Y,Y,NA,G,25,0,0,1,0,0,0,0,0,0,-,-,34.14168930053711,-118.01808166503906,LOS ANGELES,MONROVIA,-118.01812744140624,34.141632080078125
92294468,2024,2024-01-23,9590,2024-01-11,2342,023563,NA,4,3,7,1942,0,1,1,NA,2,040,I-5 N/B (SANTA ANA FREEWAY),ESPERANZA ST,400,S,N,A,-,Y,LA,NA,5,NA,NA,15.164,H,NA,R,Y,2,0,3,2,A,-,03,22350,NA,N,C,C,A,A,H,-,C,D,0,NA,NA,NA,NA,Y,NA,A,07,1,2,0,0,0,0,0,0,0,-,-,34.02117919921875,-118.19571685791016,LOS ANGELES,LOS ANGELES,-118.1956787109375,34.021240234375
92294473,2024,2024-01-23,9550,2024-01-16,1645,021100,NA,2,2,9,1900,0,1,3,NA,2,601,SR-60 WESTBOUND,HACIENDA BOULEVARD,1423,E,N,A,-,Y,LA,NA,60,NA,NA,16.599,H,NA,L,N,4,0,1,1,A,-,08,22107,NA,N,E,I,A,A,H,-,A,D,0,NA,NA,NA,NA,Y,NA,A,01,0,0,1,0,0,0,0,0,0,-,-,34.003658294677734,-117.95368957519533,LOS ANGELES,UNINCORPORATED,-117.9536590576172,34.003726959228516
92294481,2024,2024-02-29,9590,2024-01-11,2341,023563,NA,4,3,7,1942,0,1,1,NA,2,040,I-5 N/B (SANTA ANA FREEWAY),ESPERANZA ST,410,S,N,A,-,Y,LA,NA,5,NA,NA,15.162,H,NA,R,Y,3,0,3,4,A,-,03,22350,NA,N,C,C,A,A,H,-,C,D,0,NA,NA,NA,NA,Y,NA,A,07,0,3,0,0,0,0,0,0,0,-,-,34.02117156982422,-118.1956787109375,LOS ANGELES,LOS ANGELES,-118.19564819335938,34.02122497558594
92294490,2024,2024-01-23,9580,2024-01-11,538,018431,NA,4,3,7,1942,0,1,3,NA,2,117,SR-118 W/B (RONALD REAGAN FWY),RESEDA BLVD.,2000,W,N,A,-,Y,LA,NA,118,NA,R,5.586,H,NA,L,N,4,0,3,2,C,-,18,NA,NA,N,A,C,A,A,H,-,C,D,0,NA,NA,NA,NA,Y,NA,-,-,0,0,3,0,0,0,0,0,0,-,-,34.27455139160156,-118.54010009765624,LOS ANGELES,LOS ANGELES,-118.54010772705078,34.27463912963867
92294494,2024,2024-01-23,9525,2024-01-14,1630,021545,NA,7,2,9,1900,0,1,3,NA,2,574,SR-57 N/B (ORANGE FWY),BREA CANYON ROAD,600,S,N,A,-,Y,LA,NA,57,NA,R,0.515,H,NA,R,N,2,0,1,2,A,-,07,21658,A,F,B,C,A,A,H,-,A,D,0,NA,NA,Y,NA,Y,NA,-,99,1,0,0,0,0,0,0,0,1,-,-,33.95249938964844,-117.86354064941406,LOS ANGELES,UNINCORPORATED,-117.86351013183594,33.95248794555664
92294498,2024,2024-01-23,9535,2024-01-11,655,017943,NA,4,1,5,1906,0,1,1,NA,2,401,I-10 WESTBOUND (SAN BERNARDINO FREEWAY),I-605,528,W,N,A,-,Y,LA,NA,10,NA,NA,31.003,H,NA,L,Y,3,0,2,3,A,-,07,21658,A,N,B,C,A,A,H,-,A,D,0,NA,NA,NA,NA,Y,NA,A,01,0,1,1,0,0,0,0,0,0,-,-,34.0648307800293,-118.00276184082033,LOS ANGELES,BALDWIN PARK,-118.00276184082033,34.06483840942383
92294513,2024,2024-01-23,9530,2024-01-15,1220,023590,NA,1,1,9,1900,0,3,5,NA,2,001,SANTA FE AVE.,FLORENCE AVE.,150,S,N,A,-,N,NA,NA,NA,NA,NA,NA,NA,NA,NA,N,4,0,1,2,A,-,09,21804,A,M,B,C,A,A,H,-,A,D,0,NA,NA,NA,NA,Y,NA,-,99,0,0,1,0,0,0,0,0,0,-,-,33.97420120239258,-118.2302017211914,LOS ANGELES,UNINCORPORATED,-118.23027801513672,33.97431945800781
92294524,2024,2024-01-23,9530,2024-01-14,2030,022995,NA,7,2,7,1942,0,1,1,NA,2,120,I-110 N/B (HARBOR FREEWAY),OLIVER ST.,205,N,N,A,-,Y,LA,NA,110,NA,R,0.833,H,NA,R,N,4,0,1,2,A,-,08,22107,NA,M,B,C,A,A,H,-,D,D,0,NA,NA,NA,NA,Y,NA,-,99,0,0,1,0,0,0,0,0,0,-,-,33.74755859375,-118.29119110107422,LOS ANGELES,LOS ANGELES,-118.29118347167967,33.74755859375
92294527,2024,2024-01-23,9525,2024-01-20,2357,022605,NA,6,3,3,1921,0,1,1,NA,2,201,I-210 W/B (FOOTHILL FWY),BUENA VISTA ST.,3168,E,N,C,-,Y,LA,NA,210,NA,R,35.875,H,NA,L,Y,3,0,1,2,A,-,03,22350,NA,N,B,2,A,B,H,-,D,D,0,NA,NA,NA,NA,Y,Y,A,01,0,1,0,0,0,0,0,0,0,-,-,34.1356315612793,-117.96672821044922,LOS ANGELES,DUARTE,-117.96672821044922,34.135650634765625
92294535,2024,2024-01-23,9525,2024-01-15,630,016450,NA,1,1,9,1900,0,3,5,NA,2,004,AMAR RD,SUNSET AVE,0,NA,Y,A,-,N,NA,NA,NA,NA,NA,NA,NA,NA,NA,N,4,0,2,2,A,-,09,21801,A,F,A,C,A,A,H,-,A,A,0,NA,NA,NA,NA,Y,NA,-,99,0,0,2,0,0,0,0,0,0,-,-,34.045310974121094,-117.96315002441406,LOS ANGELES,UNINCORPORATED,-117.96314239501952,34.045345306396484
92294542,2024,2024-01-23,9565,2024-01-11,953,021453,NA,4,1,7,1942,0,1,1,NA,2,082,I-10 W/B (SANTA MONICA FWY),SAWTELLE BLVD.,275,W,N,A,-,Y,LA,NA,10,NA,R,5.295,H,NA,L,Y,3,0,1,2,A,-,07,21658,A,N,B,C,A,A,H,-,A,D,0,NA,NA,Y,NA,Y,NA,A,07,0,1,0,0,0,0,0,0,1,-,-,34.03097915649414,-118.43630981445313,LOS ANGELES,LOS ANGELES,-118.43630981445313,34.030967712402344
92294547,2024,2024-01-23,9540,2024-01-22,1020,016617,NA,1,1,9,1900,0,2,4,NA,2,032,CHIQUITO CANYON RD,SR-126,1056,N,N,B,-,N,NA,NA,NA,NA,NA,NA,NA,NA,NA,Y,3,0,1,1,A,-,08,22107,NA,N,E,I,A,B,H,-,A,D,0,NA,NA,NA,NA,Y,NA,A,01,0,1,0,0,0,0,0,0,0,-,-,34.42681121826172,-118.65821075439452,LOS ANGELES,UNINCORPORATED,-118.6572265625,34.422603607177734
92294549,2024,2024-01-23,9580,2024-01-19,840,019483,NA,5,1,7,1942,0,1,2,NA,2,104,US-101 N/B (VENTURA FREEWAY),WINNETKA AVE.,1900,S,N,B,-,Y,LA,NA,101,NA,NA,22.904,H,NA,R,Y,4,0,2,2,A,-,03,22350,NA,N,C,C,A,A,H,-,A,D,0,NA,NA,NA,NA,Y,NA,A,01,0,0,2,0,0,0,0,0,0,-,-,34.17332077026367,-118.56459808349608,LOS ANGELES,LOS ANGELES,-118.56459808349608,34.173316955566406
92294551,2024,2024-01-23,9545,2024-01-11,1448,015826,NA,4,2,9,1900,0,3,5,NA,2,003,AVENUE S,SIERRA HWY,174,W,N,A,-,N,NA,NA,NA,NA,NA,NA,NA,NA,NA,N,3,0,4,3,A,-,03,22350,NA,N,C,C,A,A,H,-,A,A,0,NA,NA,NA,NA,Y,NA,A,01,0,2,2,0,0,0,0,0,0,-,-,34.55801010131836,-118.11499786376952,LOS ANGELES,UNINCORPORATED,-118.1147689819336,34.55805969238281
92294561,2024,2024-01-23,9540,2024-01-13,900,021395,NA,6,1,6,1985,0,1,3,NA,2,147,SR-14 S/B (ANTELOPE VALLEY FREEWAY),SOLEDAD CANYON ROAD,100,S,N,A,-,Y,LA,NA,14,NA,NA,35.694,H,NA,L,N,4,0,1,4,A,-,03,22350,NA,N,C,C,A,A,H,-,A,D,0,NA,NA,NA,NA,Y,NA,D,22,0,0,1,0,0,0,0,0,0,-,-,34.43375015258789,-118.3864974975586,LOS ANGELES,SANTA CLARITA,-118.3864974975586,34.43376541137695
92294570,2024,2024-01-23,9540,2024-01-15,250,023508,NA,1,3,6,1985,0,1,1,NA,2,507,THE OLD RD,MARKET DRIVE,157,S,N,A,-,N,NA,NA,NA,NA,NA,NA,NA,NA,NA,N,3,0,1,1,A,-,08,22107,NA,F,E,8,A,A,H,-,C,D,0,NA,NA,NA,NA,Y,Y,-,99,0,1,0,0,0,0,0,0,0,-,-,34.38227844238281,-118.57090759277344,LOS ANGELES,SANTA CLARITA,NA,NA
92294577,2024,2024-01-23,9540,2024-01-15,1125,018037,NA,1,1,6,1985,0,1,3,NA,1,142,SR-14 N/B (ANTELOPE VALLEY FREEWAY),NEWHALL AVE U/C,1584,S,N,A,-,Y,LA,NA,14,NA,R,26.705,H,NA,R,Y,2,0,1,2,A,-,03,22350,NA,N,E,8,A,A,H,-,A,D,0,NA,NA,NA,NA,Y,NA,M,47,1,0,0,0,0,0,0,0,0,-,-,34.36061096191406,-118.50601959228516,LOS ANGELES,SANTA CLARITA,-118.50588989257813,34.360572814941406
92294585,2024,2024-01-23,9565,2024-01-11,1505,023564,NA,4,2,7,1942,0,1,1,NA,2,083,I-10 EASTBOUND,MANNING AVE.,600,E,N,A,-,Y,LA,NA,10,NA,R,7.194,H,NA,R,Y,4,0,2,3,A,-,03,22350,NA,N,C,C,A,A,H,-,A,D,0,NA,NA,NA,NA,Y,NA,A,01,0,0,2,0,0,0,0,0,0,-,-,34.02967834472656,-118.40367126464844,LOS ANGELES,LOS ANGELES,-118.40367889404295,34.02960205078125
92294609,2024,2024-01-23,9540,2024-01-15,1450,021190,NA,1,2,9,1900,0,2,4,NA,2,010,THE OLD ROAD,TOWSLEY CANYON ROAD,680,S,N,A,-,N,NA,NA,NA,NA,NA,NA,NA,NA,NA,Y,4,0,1,1,C,-,18,NA,NA,N,E,9,A,A,H,-,A,D,0,NA,NA,NA,NA,Y,NA,-,-,0,0,1,0,0,0,0,0,0,-,-,34.35676956176758,-118.55462646484376,LOS ANGELES,UNINCORPORATED,-118.55452728271484,34.356719970703125
92294624,2024,2024-01-23,9580,2024-01-16,720,023142,NA,2,1,7,1942,0,1,2,NA,2,100,US-101 N/B (VENTURA FREEWAY),WOODMAN AVE,1050,S,N,A,-,Y,LA,NA,101,NA,NA,14.694,H,NA,R,N,4,0,2,2,A,-,03,22350,NA,N,C,C,A,A,H,-,A,D,0,NA,NA,NA,NA,Y,NA,A,01,0,0,2,0,0,0,0,0,0,-,-,34.15576934814453,-118.42764282226564,LOS ANGELES,LOS ANGELES,-118.42763519287108,34.15574645996094
92294637,2024,2024-01-23,9530,2024-01-12,1430,023399,NA,5,2,7,1942,0,1,1,NA,2,110,I-110 S/B (HARBOR FREEWAY),REDONDO BEACH BLVD.,350,S,N,A,-,Y,LA,NA,110,NA,NA,11.191,H,NA,L,Y,4,0,1,3,A,-,03,22350,NA,M,C,C,A,A,H,-,A,D,0,NA,NA,NA,NA,Y,NA,A,01,0,0,1,0,0,0,0,0,0,-,-,33.89179992675781,-118.28581237792967,LOS ANGELES,LOS ANGELES,-118.2857666015625,33.89179992675781
92294655,2024,2024-01-23,9540,2024-01-19,1035,021395,NA,5,1,9,1900,0,1,3,NA,1,143,SR-14 S/B (ANTELOPE VELLEY FREEWAY),SIERRA HIGHWAY,2112,N,N,A,-,Y,LA,NA,14,NA,R,25.502,H,NA,L,Y,3,0,1,3,A,-,03,22350,NA,N,C,C,A,A,H,-,A,D,0,NA,NA,NA,NA,Y,NA,A,01,0,1,0,0,0,0,0,0,0,-,-,34.343788146972656,-118.50509643554688,LOS ANGELES,UNINCORPORATED,-118.5051040649414,34.34379196166992
92294657,2024,2024-01-23,9540,2024-01-20,1040,022047,NA,6,1,9,1900,0,2,4,NA,1,204,BOUQUET CANYON RD,MPM 9.22,1056,S,N,B,-,N,NA,NA,NA,NA,NA,NA,NA,NA,NA,Y,4,0,1,1,A,-,03,22350,NA,N,E,I,A,B,H,-,A,D,0,NA,NA,NA,NA,Y,NA,A,01,0,0,1,0,0,0,0,0,0,-,-,34.56394958496094,-118.3985595703125,LOS ANGELES,UNINCORPORATED,NA,NA
92294664,2024,2024-01-23,9530,2024-01-13,1740,022999,NA,6,2,9,1900,0,3,5,NA,2,001,ALLEYWAY EAST OF COMPTON AVE.,85TH STREET,0,NA,Y,A,-,N,NA,NA,NA,NA,NA,NA,NA,NA,NA,N,4,0,1,2,A,-,09,21804,A,M,D,G,A,A,H,-,C,D,0,NA,Y,NA,NA,Y,Y,L,04,0,0,1,0,0,0,1,0,0,-,-,33.96120071411133,-118.24701690673828,LOS ANGELES,UNINCORPORATED,NA,NA
92294666,2024,2024-01-23,9530,2024-01-14,230,023313,NA,7,3,9,1900,0,3,5,NA,2,001,COMPTON AVE. (8900 BLOCK),89TH ST.,125,S,N,A,-,N,NA,NA,NA,NA,NA,NA,NA,NA,NA,Y,3,0,1,2,A,-,07,21658,A,N,B,C,A,A,H,-,A,A,0,NA,NA,NA,NA,Y,NA,A,01,0,1,0,0,0,0,0,0,0,-,-,33.95576858520508,-118.24735260009766,LOS ANGELES,UNINCORPORATED,-118.24740600585938,33.955787658691406
92294674,2024,2024-01-23,9565,2024-01-11,1348,020972,NA,4,1,7,1942,0,1,1,NA,2,064,I-405 S/B (SAN DIEGO FWY),BEL AIR CREST RD,500,S,N,A,-,Y,LA,NA,405,NA,NA,35.934,H,NA,L,Y,4,0,1,5,A,-,08,22107,NA,N,B,C,A,A,H,-,A,D,0,NA,NA,NA,NA,Y,NA,A,01,0,0,1,0,0,0,0,0,0,-,-,34.11204147338867,-118.48219299316406,LOS ANGELES,LOS ANGELES,-118.48224639892578,34.112037658691406
92294694,2024,2024-01-23,9565,2024-01-11,1955,022057,NA,4,2,9,1900,0,1,1,NA,2,010,I-105 E/B (CENTURY FREEWAY),HAWTHORNE BLVD,600,W,N,A,-,Y,LA,NA,105,NA,R,2.927,H,NA,R,N,4,0,1,2,A,-,03,22350,NA,N,C,C,A,A,H,-,C,D,0,NA,NA,NA,NA,Y,NA,A,01,0,0,1,0,0,0,0,0,0,-,-,33.93336868286133,-118.354736328125,LOS ANGELES,UNINCORPORATED,-118.35475158691406,33.93343734741211
92294808,2024,2024-01-23,9565,2024-01-06,1611,022692,NA,6,2,7,1942,0,1,1,NA,2,063,I-405 N/B (SAN DIEGO FWY.),OHIO AVE.,315,S,N,A,-,Y,LA,NA,405,NA,NA,30.995,H,NA,R,N,4,0,1,2,A,-,03,22350,NA,N,C,C,A,A,H,-,B,D,0,NA,NA,NA,NA,Y,NA,D,22,0,0,1,0,0,0,0,0,0,-,-,34.048561096191406,-118.44780731201172,LOS ANGELES,LOS ANGELES,-118.44785308837892,34.04853820800781
92294812,2024,2024-01-23,9565,2024-01-05,1714,022878,NA,5,2,9,1900,0,2,4,NA,2,021,VERMONT AVENUE (SOUTHBOUND),108TH STREET,0,NA,Y,A,-,N,NA,NA,NA,NA,NA,NA,NA,NA,NA,Y,4,0,3,2,A,-,12,21453,A,N,D,3,A,A,H,-,B,A,0,NA,NA,NA,NA,Y,NA,A,07,0,0,3,0,0,0,0,0,0,-,-,33.938201904296875,-118.2919464111328,LOS ANGELES,UNINCORPORATED,-118.29193115234376,33.93819046020508
92294826,2024,2024-01-23,9535,2024-01-11,1745,023022,NA,4,2,6,1922,0,1,1,NA,2,401,I-10 W/B (SAN BERNARDINO FREEWAY),COGSWELL RD,170,E,N,A,-,Y,LA,NA,10,NA,NA,30.173,H,NA,L,Y,4,0,3,3,A,-,03,22350,NA,N,C,C,A,A,H,-,D,D,0,NA,NA,NA,NA,Y,NA,A,01,0,0,3,0,0,0,0,0,0,-,-,34.06589126586914,-118.01680755615234,LOS ANGELES,EL MONTE,-118.01680755615234,34.06589889526367
92294830,2024,2024-01-23,9565,2024-01-12,750,022902,NA,5,1,7,1942,0,1,1,NA,2,060,I-405 N/B (SAN DIEGO FREEWAY),LA TIJERA BLVD,1475,S,N,A,-,Y,LA,NA,405,NA,NA,23.945,H,NA,R,N,4,0,1,2,A,-,03,22350,NA,N,C,C,A,A,H,-,A,D,0,NA,NA,NA,NA,Y,NA,A,01,0,0,1,0,0,0,0,0,0,-,-,33.96944046020508,-118.3730926513672,LOS ANGELES,LOS ANGELES,-118.3730926513672,33.96943664550781
92294890,2024,2024-02-07,9590,2024-01-09,2235,023549,NA,2,3,7,1942,0,1,3,NA,2,031,SR-60 WB TO US-101 N/B,MARIETTA ST.,450,W,N,A,-,Y,LA,NA,60,NA,R,0.58,H,NA,L,N,3,0,1,1,A,-,08,22107,NA,N,F,A,A,A,H,-,C,D,0,NA,NA,Y,NA,Y,NA,C,02,0,1,0,0,0,0,0,0,1,-,-,34.029930114746094,-118.21444702148438,LOS ANGELES,LOS ANGELES,-118.21446990966795,34.02976989746094
92294896,2024,2024-01-23,9565,2024-01-12,820,023150,NA,5,1,9,1900,0,2,4,NA,2,042,LENNOX BLVD,GREVILLEA AVE,125,W,N,A,-,N,NA,NA,NA,NA,NA,NA,NA,NA,NA,N,4,0,1,2,A,-,03,22350,NA,N,C,C,A,A,H,-,A,D,0,NA,NA,NA,NA,Y,NA,D,22,0,0,1,0,0,0,0,0,0,-,-,33.9382209777832,-118.35533142089844,LOS ANGELES,UNINCORPORATED,-118.3552703857422,33.93818664550781