CASE_ID,ACCIDENT_YEAR,PROC_DATE,JURIS,COLLISION_DATE,COLLISION_TIME,OFFICER_ID,REPORTING_DISTRICT,DAY_OF_WEEK,CHP_SHIFT,POPULATION,CNTY_CITY_LOC,SPECIAL_COND,BEAT_TYPE,CHP_BEAT_TYPE,CITY_DIVISION_LAPD,CHP_BEAT_CLASS,BEAT_NUMBER,PRIMARY_RD,SECONDARY_RD,DISTANCE,DIRECTION,INTERSECTION,WEATHER_1,WEATHER_2,STATE_HWY_IND,CALTRANS_COUNTY,CALTRANS_DISTRICT,STATE_ROUTE,ROUTE_SUFFIX,POSTMILE_PREFIX,POSTMILE,LOCATION_TYPE,RAMP_INTERSECTION,SIDE_OF_HWY,TOW_AWAY,COLLISION_SEVERITY,NUMBER_KILLED,NUMBER_INJURED,PARTY_COUNT,PRIMARY_COLL_FACTOR,PCF_CODE_OF_VIOL,PCF_VIOL_CATEGORY,PCF_VIOLATION,PCF_VIOL_SUBSECTION,HIT_AND_RUN,TYPE_OF_COLLISION,MVIW,PED_ACTION,ROAD_SURFACE,ROAD_COND_1,ROAD_COND_2,LIGHTING,CONTROL_DEVICE,CHP_ROAD_TYPE,PEDESTRIAN_ACCIDENT,BICYCLE_ACCIDENT,MOTORCYCLE_ACCIDENT,TRUCK_ACCIDENT,NOT_PRIVATE_PROPERTY,ALCOHOL_INVOLVED,STWD_VEHTYPE_AT_FAULT,CHP_VEHTYPE_AT_FAULT,COUNT_SEVERE_INJ,COUNT_VISIBLE_INJ,COUNT_COMPLAINT_PAIN,COUNT_PED_KILLED,COUNT_PED_INJURED,COUNT_BICYCLIST_KILLED,COUNT_BICYCLIST_INJURED,COUNT_MC_KILLED,COUNT_MC_INJURED,PRIMARY_RAMP,SECONDARY_RAMP,LATITUDE,LONGITUDE,COUNTY,CITY,POINT_X,POINT_Y
92295354,2023,2024-01-24,9550,2023-12-08,1547,022631,NA,5,2,9,1900,0,1,3,NA,2,092,SR-91 WB,BLOOMFIELD AVE,300,W,N,A,-,Y,LA,NA,91,NA,R,19.138,H,NA,L,Y,4,0,1,2,A,-,03,22350,NA,N,C,C,A,A,H,-,A,D,0,NA,NA,NA,NA,Y,NA,A,01,0,0,1,0,0,0,0,0,0,-,-,33.87567138671875,-118.06439971923828,LOS ANGELES,UNINCORPORATED,-118.0644073486328,33.87565994262695
92295359,2024,2024-01-24,9590,2024-01-15,1700,022102,NA,1,2,7,1942,0,1,1,NA,2,060,I-10 E/B (SANTA MONICA FREEWAY),NORMANDIE AVE,1056,W,N,A,-,Y,LA,NA,10,NA,R,13.105,H,NA,R,N,4,0,1,2,A,-,01,23152,A,N,C,C,A,A,H,-,C,D,0,NA,NA,NA,NA,Y,Y,A,01,0,0,1,0,0,0,0,0,0,-,-,34.036991119384766,-118.30406188964844,LOS ANGELES,LOS ANGELES,-118.30406188964844,34.03697204589844
92295367,2024,2024-01-24,9525,2024-01-23,1320,020216,NA,2,1,4,1946,0,1,1,NA,2,212,I-210 E/B (FOOTHILL FWY),HUNTINGTON DR.,2112,E,N,B,-,Y,LA,NA,210,NA,R,33.39,H,NA,R,Y,4,0,1,3,A,-,07,21658,A,N,B,2,A,A,H,-,A,D,0,NA,NA,NA,NA,Y,NA,D,22,0,0,1,0,0,0,0,0,0,-,-,34.13639831542969,-118.00985717773438,LOS ANGELES,MONROVIA,-118.00988006591795,34.136348724365234
92295372,2023,2024-01-24,9590,2023-10-24,1000,023319,NA,2,1,7,1942,0,1,1,NA,2,061,I-10 W/B (SANTA MONICA FREEWAY),CRENSHAW BLVD.,1060,W,N,A,-,Y,LA,NA,10,NA,R,11.183,H,NA,L,N,4,0,1,2,A,-,07,21658,A,N,B,C,A,A,H,-,A,D,0,NA,NA,NA,NA,Y,NA,A,01,0,0,1,0,0,0,0,0,0,-,-,34.03504943847656,-118.3373565673828,LOS ANGELES,LOS ANGELES,-118.3373565673828,34.03498840332031
92295387,2024,2024-01-24,9590,2024-01-20,2150,023252,NA,6,2,7,1942,0,1,2,NA,2,072,US-101 N/B (HOLLYWOOD FREEWAY),LANKERSHIM BOULEVARD,1315,S,N,C,-,Y,LA,NA,101,NA,NA,10.095,H,NA,R,N,4,0,1,2,A,-,03,22350,NA,N,B,C,A,B,H,-,C,D,0,NA,NA,NA,NA,Y,NA,A,01,0,0,1,0,0,0,0,0,0,-,-,34.13547897338867,-118.35945892333984,LOS ANGELES,LOS ANGELES,-118.35945129394533,34.13549041748047
92295391,2024,2024-01-24,9575,2024-01-16,1042,023016,NA,2,1,7,1942,0,1,1,NA,2,052,I-5 N/B (GOLDEN STATE FREEWAY),PENROSE ST,845,N,N,A,-,Y,LA,NA,5,NA,NA,34.444,H,NA,R,N,4,0,1,2,A,-,03,22350,NA,M,C,C,A,A,H,-,A,D,0,NA,NA,NA,NA,Y,NA,-,99,0,0,1,0,0,0,0,0,0,-,-,34.22686004638672,-118.37837982177734,LOS ANGELES,LOS ANGELES,-118.37837982177734,34.22684860229492
92295395,2024,2024-01-24,9590,2024-01-18,2110,021757,NA,4,2,7,1942,0,1,2,NA,2,071,US-101 S/B (HOLLYWOOD FREEWAY),GLENDALE BLVD,70,S,N,A,-,Y,LA,NA,101,NA,NA,2.494,H,NA,L,N,4,0,1,3,A,-,03,22350,NA,N,C,C,A,A,H,-,D,D,0,NA,NA,NA,NA,Y,NA,A,01,0,0,1,0,0,0,0,0,0,-,-,34.069549560546875,-118.2610321044922,LOS ANGELES,LOS ANGELES,-118.2610321044922,34.06955337524414
92295404,2024,2024-01-24,9590,2024-01-22,1310,019958,NA,1,1,7,1942,0,1,1,NA,2,013,SR-110 SOUTHBOUND (ASP) TO I-5 (GOLDEN STATE FREEW,SR-110 SOUTHBOUND (ARROYO SECO PARKWAY) EAST ROADW,30,E,N,B,C,Y,LA,NA,110,NA,NA,26.12,H,NA,L,N,4,0,1,1,A,-,08,22107,NA,N,E,8,A,A,H,-,A,D,0,NA,NA,NA,NA,Y,NA,A,07,0,0,1,0,0,0,0,0,0,-,-,34.08515930175781,-118.21868133544922,LOS ANGELES,LOS ANGELES,-118.21868133544922,34.08515548706055
9229557,2021,2021-03-20,1955,2021-01-26,0405,42612,83,2,5,6,1955,0,0,0,NA,0,005,RIO RANCHO,RT-71,0,NA,Y,A,-,N,NA,NA,NA,NA,NA,NA,NA,NA,NA,N,4,0,1,2,A,-,03,22350,NA,F,C,C,A,A,H,-,C,D,0,NA,NA,NA,NA,Y,NA,D,22,0,0,1,0,0,0,0,0,0,-,-,NA,NA,LOS ANGELES,POMONA,NA,NA
92295644,2024,2024-01-24,9590,2024-01-22,845,019134,NA,1,1,7,1942,0,1,1,NA,2,013,SR-110 S/B (ASP) TO I-5 S/B (GSF),AVENUE 26,1000,N,N,B,C,Y,LA,NA,110,NA,NA,26.115,H,NA,L,Y,4,0,1,2,A,-,03,22350,NA,F,C,C,A,B,H,-,A,D,0,NA,NA,NA,NA,Y,NA,-,99,0,0,1,0,0,0,0,0,0,-,-,34.08509826660156,-118.21875,LOS ANGELES,LOS ANGELES,-118.21876525878906,34.085121154785156
92295649,2024,2024-01-24,9590,2024-01-22,915,016230,NA,1,1,7,1942,0,1,2,NA,2,071,US-101 SB TO I-10 EB,CESAR CHAVEZ AVENUE,219,N,N,B,C,Y,LA,NA,10,NA,S,0.058,H,NA,R,N,4,0,1,1,A,-,08,22107,NA,N,E,I,A,B,H,-,A,D,0,NA,NA,NA,NA,Y,NA,A,01,0,0,1,0,0,0,0,0,0,-,-,34.05268859863281,-118.22353363037108,LOS ANGELES,LOS ANGELES,-118.22354125976564,34.05270767211914
92295653,2023,2024-01-24,9535,2023-08-20,1330,023244,NA,7,1,9,1900,0,1,1,NA,2,650,I-605 N/B (SAN GABRIEL RIVER FREEWAY),VALLEY BLVD,1320,S,N,B,C,Y,LA,NA,605,NA,R,19.099,H,NA,R,N,2,0,1,2,A,-,03,22350,NA,N,A,C,A,B,H,-,A,D,0,NA,NA,NA,NA,Y,NA,A,01,1,0,0,0,0,0,0,0,0,-,-,34.05023956298828,-118.00655364990234,LOS ANGELES,UNINCORPORATED,-118.00643157958984,34.05018997192383
9229566,2021,2021-03-23,1976,2021-02-10,1629,550,1976,3,5,5,1976,0,0,0,NA,0,004,SANTA GERTRUDES AV,LEFFINGWELL RD,102,N,N,A,-,N,NA,NA,NA,NA,NA,NA,NA,NA,NA,N,4,0,1,2,A,-,09,21804,A,N,D,C,A,A,H,-,A,D,0,NA,NA,NA,NA,Y,NA,A,07,0,0,1,0,0,0,0,0,0,-,-,NA,NA,LOS ANGELES,WHITTIER,-117.99315643310548,33.931461334228516
92295662,2024,2024-01-24,9590,2024-01-22,630,019958,NA,1,1,7,1942,0,1,2,NA,2,072,US-101 NORTHBOUND (HOLLYWOOD FREEWAY),UNIVERSAL STUDIOS BLVD,350,S,N,B,C,Y,LA,NA,101,NA,NA,9.58,H,NA,R,Y,4,0,1,2,A,-,21,22106,NA,N,B,C,A,B,H,-,C,D,0,NA,NA,NA,NA,Y,NA,A,01,0,0,1,0,0,0,0,0,0,-,-,34.13267135620117,-118.35124969482422,LOS ANGELES,LOS ANGELES,-118.35118865966795,34.13275146484375
92295664,2024,2024-01-24,9590,2024-01-21,1355,023397,NA,7,1,7,1942,0,1,1,NA,2,083,I-5 S/B (GSF),FLETCHER DRIVE,380,S,N,A,-,Y,LA,NA,5,NA,NA,22.907,H,NA,L,Y,4,0,1,3,A,-,03,22350,NA,M,C,C,A,A,H,-,A,D,0,NA,NA,NA,NA,Y,NA,-,99,0,0,1,0,0,0,0,0,0,-,-,34.10588073730469,-118.25479125976564,LOS ANGELES,LOS ANGELES,-118.25478363037108,34.10588836669922
92295673,2024,2024-01-24,9550,2024-01-10,2302,022722,NA,3,3,9,1900,0,1,3,NA,2,602,SR 60 WB TO AZUSA AVE,AZUSA AVENUE,450,E,N,A,-,Y,LA,NA,60,NA,NA,18.065,H,NA,L,N,4,0,1,1,A,-,03,22350,NA,N,E,I,A,A,H,-,D,D,0,NA,NA,NA,NA,Y,NA,A,01,0,0,1,0,0,0,0,0,0,-,-,33.9970817565918,-117.92952728271484,LOS ANGELES,UNINCORPORATED,-117.92957305908205,33.99684524536133
92295683,2024,2024-01-24,9580,2024-01-22,1605,022831,NA,1,2,9,1900,0,2,4,NA,1,128,KANAN RD,TRIUNFO CANYON RD,5280,S,N,C,-,N,NA,NA,NA,NA,NA,NA,NA,NA,NA,N,3,0,2,2,A,-,08,22107,NA,N,B,C,A,B,H,-,A,D,0,NA,NA,NA,NA,Y,NA,A,01,0,1,1,0,0,0,0,0,0,-,-,34.11745071411133,-118.7994384765625,LOS ANGELES,UNINCORPORATED,-118.77703094482422,34.127037048339844
92295688,2024,2024-01-24,9580,2024-01-22,1700,023213,NA,1,2,7,1942,0,1,2,NA,2,102,US-101 N/B (VENTURA FREEWAY),WHITE OAK AVE,1200,S,N,C,-,Y,LA,NA,101,NA,NA,19.991,H,NA,R,Y,4,0,1,2,A,-,03,22350,NA,N,C,C,A,B,H,-,A,D,0,NA,NA,NA,NA,Y,NA,A,01,0,0,1,0,0,0,0,0,0,-,-,34.17134094238281,-118.51429748535156,LOS ANGELES,LOS ANGELES,-118.51429748535156,34.17127990722656
92295690,2024,2024-01-24,9580,2024-01-15,1656,021966,NA,1,2,7,1942,0,1,1,NA,2,404,I-405 NB TO SHERMAN WAY WB,SHERMAN WAY,8,N,N,A,-,Y,NA,NA,NA,NA,NA,NA,NA,NA,NA,N,4,0,1,2,A,-,08,22107,NA,N,B,C,A,A,H,-,A,A,0,NA,NA,NA,Y,Y,Y,G,25,0,0,1,0,0,0,0,0,0,-,-,34.20133972167969,-118.47248077392578,LOS ANGELES,LOS ANGELES,-118.47248077392578,34.20133972167969
92295710,2024,2024-01-24,9580,2024-01-17,700,019451,NA,3,1,7,1942,0,1,2,NA,2,104,US-101 N/B (VENTURA FREEWAY),RESEDA BLVD,300,N,N,B,-,Y,LA,NA,101,NA,NA,21.459,H,NA,R,Y,4,0,2,4,A,-,03,22350,NA,N,C,C,A,A,H,-,A,D,0,NA,NA,NA,NA,Y,NA,A,01,0,0,2,0,0,0,0,0,0,-,-,34.173370361328125,-118.53942108154295,LOS ANGELES,LOS ANGELES,-118.53941345214844,34.17345428466797
92295712,2024,2024-01-24,9580,2024-01-17,910,019451,NA,3,1,7,1942,0,1,2,NA,2,103,US-101 S/B (VENTURA FREEWAY),BALBOA BLVD,100,N,N,B,-,Y,LA,NA,101,NA,NA,19.276,H,NA,L,N,4,0,1,2,A,-,03,22350,NA,N,C,C,A,A,H,-,A,D,0,NA,NA,NA,NA,Y,NA,A,01,0,0,1,0,0,0,0,0,0,-,-,34.17060089111328,-118.50182342529295,LOS ANGELES,LOS ANGELES,-118.50180816650392,34.170623779296875
92295721,2024,2024-01-24,9580,2024-01-17,1712,021966,NA,3,2,7,1942,0,1,1,NA,2,404,I-405 N/B (SAN DIEGO FWY),BURBANK BLVD,2100,S,N,A,-,Y,LA,NA,405,NA,NA,39.876,H,NA,R,N,4,0,1,2,A,-,03,22350,NA,N,C,C,A,A,H,-,A,D,0,NA,NA,NA,NA,Y,NA,A,07,0,0,1,0,0,0,0,0,0,-,-,34.16643142700195,-118.46929168701172,LOS ANGELES,LOS ANGELES,-118.46934509277344,34.166439056396484
92295723,2024,2024-01-24,9580,2024-01-23,2255,022158,NA,2,3,7,1942,0,1,3,NA,2,170,SR-170 N/B (HOLLYWOOD FWY.),WHITSETT AVE,1200,N,N,A,-,Y,LA,NA,170,NA,R,18.889,H,NA,R,Y,4,0,1,2,A,-,08,22107,NA,N,B,2,A,A,H,-,D,D,0,NA,NA,NA,NA,Y,NA,A,01,0,0,1,0,0,0,0,0,0,-,-,34.20975875854492,-118.40689849853516,LOS ANGELES,LOS ANGELES,-118.40680694580078,34.20977783203125
92295725,2024,2024-01-24,9580,2024-01-22,1458,023395,NA,1,2,7,1942,0,1,3,NA,2,170,SR-170 N/B (HOLLYWOOD FWY.),MAGNOLIA BLVD,150,N,N,C,-,Y,LA,NA,170,NA,R,15.421,H,NA,R,Y,4,0,1,1,A,-,07,21658,A,N,E,I,A,A,H,-,A,D,0,NA,NA,NA,NA,Y,NA,A,01,0,0,1,0,0,0,0,0,0,-,-,34.16537094116211,-118.38289642333984,LOS ANGELES,LOS ANGELES,-118.3827896118164,34.1654052734375
92295738,2024,2024-01-24,9580,2024-01-20,1643,022663,NA,6,2,7,1942,0,1,2,NA,2,103,US-101 S/B (VENTURA FREEWAY),WINNETKA AVE,1320,S,N,A,-,Y,LA,NA,101,NA,NA,23.008,H,NA,L,N,4,0,1,2,A,-,03,22350,NA,M,C,C,A,A,H,-,B,D,0,NA,NA,NA,NA,Y,NA,-,99,0,0,1,0,0,0,0,0,0,-,-,34.17298126220703,-118.56639099121094,LOS ANGELES,LOS ANGELES,-118.56639099121094,34.1729736328125
92295778,2023,2024-01-24,9545,2023-10-02,2303,020140,NA,1,3,9,1900,0,3,5,NA,2,004,95TH STREET EAST,AVENUE Q-10,100,S,N,A,-,N,NA,NA,NA,NA,NA,NA,NA,NA,NA,N,1,1,0,2,D,-,00,NA,NA,F,G,B,E,A,H,-,C,D,0,Y,NA,NA,NA,Y,Y,-,-,0,0,0,1,0,0,0,0,0,-,-,34.57761001586914,-117.96079254150392,LOS ANGELES,UNINCORPORATED,-117.96030426025392,34.586814880371094
92295780,2024,2024-01-24,9530,2024-01-16,1240,020956,NA,2,1,7,1942,0,1,3,NA,2,310,SR-91 W/B TO I-110 SB,FIGUEROA STREET,1056,W,N,B,-,Y,LA,NA,110,NA,NA,9.84,H,NA,R,N,4,0,1,1,C,-,18,NA,NA,N,E,I,A,A,H,-,A,D,0,NA,NA,NA,NA,Y,NA,-,-,0,0,1,0,0,0,0,0,0,-,-,33.87234878540039,-118.2847137451172,LOS ANGELES,LOS ANGELES,-118.28482055664064,33.87234878540039
92295785,2024,2024-01-24,9530,2024-01-12,1100,022687,NA,5,1,9,1900,0,3,5,NA,2,001,COMPTON AVENUE,E 62ND STREET,0,NA,Y,A,-,N,NA,NA,NA,NA,NA,NA,NA,NA,NA,N,4,0,1,2,A,-,05,21460,A,N,D,B,A,A,H,-,A,D,0,NA,NA,NA,NA,Y,NA,M,94,0,0,1,0,0,0,0,0,0,-,-,33.98339080810547,-118.24781799316406,LOS ANGELES,UNINCORPORATED,-118.24774169921876,33.98342514038086
92295793,2024,2024-01-24,9530,2024-01-10,1902,023590,NA,3,2,9,1900,0,3,5,NA,2,001,90TH ST.,COMPTON AVE.,0,NA,Y,A,-,N,NA,NA,NA,NA,NA,NA,NA,NA,NA,N,2,0,1,2,A,-,10,21954,B,F,G,B,D,A,H,-,C,D,0,Y,NA,NA,NA,Y,NA,-,99,1,0,0,0,1,0,0,0,0,-,-,33.9551887512207,-118.24745941162108,LOS ANGELES,UNINCORPORATED,-118.24740600585938,33.95520782470703
92295795,2024,2024-01-24,9535,2024-01-05,630,023567,NA,5,1,9,1900,0,3,5,NA,2,002,ARIZONA AVE,6TH ST,0,NA,Y,A,-,N,NA,NA,NA,NA,NA,NA,NA,NA,NA,N,3,0,1,2,A,-,09,21804,A,N,D,J,A,A,H,-,C,A,0,NA,NA,NA,NA,Y,NA,M,94,0,1,0,0,0,0,0,0,0,-,-,34.026981353759766,-118.16538238525392,LOS ANGELES,UNINCORPORATED,-118.49488830566406,34.0192985534668
92295829,2023,2024-01-24,9535,2023-12-01,222,023462,NA,5,3,9,1900,0,1,1,NA,2,420,I-10 E/B (SAN BERNARDINO FREEWAY),EASTERN AVENUE,500,W,N,A,-,Y,LA,NA,10,NA,NA,20.691,H,NA,R,Y,2,0,5,3,A,-,08,22107,NA,F,D,C,A,A,H,-,C,D,0,NA,NA,NA,NA,Y,NA,A,07,1,1,3,0,0,0,0,0,0,-,-,34.05942916870117,-118.17587280273438,LOS ANGELES,UNINCORPORATED,-118.17581939697266,34.05936050415039
92295830,2024,2024-01-24,9565,2024-01-12,1610,022878,NA,5,2,9,1900,0,2,4,NA,2,023,WESTERN AVENUE,110TH STREET,0,NA,Y,A,-,N,NA,NA,NA,NA,NA,NA,NA,NA,NA,N,3,0,1,2,A,-,10,21950,A,N,G,B,B,A,H,-,A,A,0,Y,NA,NA,NA,Y,NA,A,07,0,1,0,0,1,0,0,0,0,-,-,33.93519973754883,-118.30909729003906,LOS ANGELES,UNINCORPORATED,-118.3090591430664,33.93525695800781
92295862,2024,2024-01-24,9540,2024-01-18,1310,021118,NA,4,1,7,1942,0,1,1,NA,2,406,I-405 N/B,RINALDI ST,4224,N,N,A,-,Y,LA,NA,405,NA,NA,48.619,H,NA,R,Y,2,0,1,1,A,-,08,22107,NA,N,E,8,A,A,H,-,A,D,0,NA,NA,NA,NA,Y,NA,A,07,1,0,0,0,0,0,0,0,0,-,-,34.291080474853516,-118.4676513671875,LOS ANGELES,LOS ANGELES,-118.4677505493164,34.291053771972656
92295881,2024,2024-01-24,9530,2024-01-18,835,022696,NA,4,1,7,1941,0,1,1,NA,2,430,I-405 S/B (SAN DIEGO FREEWAY),BELLFLOWER BLVD.,792,N,N,A,-,Y,LA,NA,405,NA,NA,2.427,H,NA,L,Y,4,0,1,2,A,-,07,21658,A,N,B,C,A,A,H,-,A,D,0,NA,NA,NA,NA,Y,NA,A,01,0,0,1,0,0,0,0,0,0,-,-,33.80268859863281,-118.12802124023438,LOS ANGELES,LONG BEACH,-118.12802124023438,33.80266571044922
92295885,2024,2024-01-24,9545,2024-01-17,1315,017305,NA,3,1,9,1900,0,3,5,NA,2,004,170TH STREET EAST,AVENUE O,300,S,N,A,-,N,NA,NA,NA,NA,NA,NA,NA,NA,NA,N,4,0,1,2,A,-,00,21650,A,N,D,C,A,A,H,-,A,D,0,NA,NA,Y,NA,Y,NA,C,06,0,0,1,0,0,0,0,0,1,-,-,34.61558151245117,-117.8267822265625,LOS ANGELES,UNINCORPORATED,-117.82689666748048,34.615718841552734
92295923,2024,2024-05-08,9535,2024-01-12,1420,023022,NA,5,2,6,1922,0,1,1,NA,2,400,I-10 E/B (SAN BERNARDINO FREEWAY),DURFEE AVE,1056,E,N,A,-,Y,LA,NA,10,NA,NA,30.758,H,NA,R,N,4,0,1,2,A,-,03,22350,NA,F,C,C,A,A,H,-,A,D,0,NA,NA,NA,NA,Y,NA,A,08,0,0,1,0,0,0,0,0,0,-,-,34.063961029052734,-118.00701904296876,LOS ANGELES,EL MONTE,-118.0070343017578,34.064056396484375
92295932,2023,2024-01-24,9590,2023-10-29,1320,022698,NA,7,1,7,1942,0,1,1,NA,2,053,I-110 SOUTHBOUND (HARBOR FREEWAY),1ST STREET,100,S,N,A,-,Y,LA,NA,110,NA,NA,23.323,H,NA,L,N,4,0,1,3,A,-,03,22350,NA,N,C,C,A,A,H,-,A,D,0,NA,NA,NA,NA,Y,NA,A,07,0,0,1,0,0,0,0,0,0,-,-,34.05841827392578,-118.25376129150392,LOS ANGELES,LOS ANGELES,-118.25376892089844,34.05842971801758
92295935,2024,2024-01-24,9565,2024-01-05,320,023555,NA,5,3,7,1942,0,1,1,NA,2,060,I-405 S/B TO I-105 W/B TRANSITIONAL ROAD,LA CIENEGA BLVD,200,W,N,A,-,Y,NA,NA,NA,NA,NA,NA,NA,NA,NA,Y,3,0,1,1,A,-,01,23152,A,M,E,I,A,A,H,-,D,D,0,NA,NA,NA,NA,Y,Y,A,01,0,1,0,0,0,0,0,0,0,-,-,33.930721282958984,-118.37094879150392,LOS ANGELES,LOS ANGELES,-118.37094879150392,33.930721282958984
92295951,2024,2024-01-24,9535,2024-01-12,1755,023384,NA,5,2,9,1900,0,1,3,NA,2,620,SAN GABRIEL BLVD TO EB SR-60,SAN GABRIEL BLVD.,530,E,N,A,-,Y,NA,NA,NA,NA,NA,NA,NA,NA,NA,N,4,0,1,2,A,-,21,22106,NA,N,C,C,A,A,H,-,C,D,0,NA,NA,NA,NA,Y,NA,A,07,0,0,1,0,0,0,0,0,0,-,-,34.03828811645508,-118.08210754394533,LOS ANGELES,UNINCORPORATED,-118.09043121337892,34.04941940307617
92295954,2023,2024-01-24,9590,2023-10-29,1110,023445,NA,7,1,7,1942,0,1,1,NA,2,063,INTERSTATE 10 WESTBOUND (SMF),OLIVE STREET,100,E,N,A,-,Y,LA,NA,10,NA,NA,15.39,H,NA,L,Y,4,0,1,3,A,-,07,21658,A,F,B,C,A,A,H,-,A,D,0,NA,NA,NA,NA,Y,NA,-,99,0,0,1,0,0,0,0,0,0,-,-,34.03401184082031,-118.26576995849608,LOS ANGELES,LOS ANGELES,-118.26580047607422,34.03397750854492
92295955,2024,2024-01-24,9530,2024-01-18,1800,023590,NA,4,2,9,1900,0,3,5,NA,2,001,HOOPER AVE.,62ND ST.,0,NA,Y,A,-,N,NA,NA,NA,NA,NA,NA,NA,NA,NA,Y,3,0,3,2,A,-,01,23152,A,N,C,C,A,A,H,-,C,A,0,NA,NA,NA,NA,Y,Y,A,01,0,3,0,0,0,0,0,0,0,-,-,33.9835205078125,-118.25212097167967,LOS ANGELES,UNINCORPORATED,-118.25211334228516,33.9833869934082
92295968,2023,2024-01-24,9530,2023-12-21,1915,022079,NA,4,2,7,1942,0,1,1,NA,2,110,I-110 N/B (HARBOR FREEWAY),ROSECRANS AVE.,1450,N,N,C,-,Y,LA,NA,110,NA,NA,12.161,H,NA,R,Y,4,0,3,3,A,-,03,22350,NA,F,C,D,A,B,H,-,C,D,0,NA,NA,NA,NA,Y,NA,A,01,0,0,3,0,0,0,0,0,0,-,-,33.90612030029297,-118.28643798828124,LOS ANGELES,LOS ANGELES,-118.2864990234375,33.90612030029297
92296000,2023,2024-01-24,9590,2023-10-29,1430,023269,NA,7,2,7,1942,0,1,3,NA,2,031,SR-60 WESTBOUND (POF),LORENA ST,500,W,N,A,-,Y,LA,NA,60,NA,R,1.37,H,NA,L,Y,3,0,1,2,A,-,08,22107,NA,N,B,C,A,A,H,-,A,D,0,NA,NA,Y,NA,Y,NA,C,02,0,1,0,0,0,0,0,0,1,-,-,34.029170989990234,-118.20171356201172,LOS ANGELES,LOS ANGELES,-118.20172119140624,34.02921676635742
92296004,2024,2024-01-24,9550,2024-01-18,915,020025,NA,4,1,9,1900,0,3,5,NA,2,006,BREA CANYON CUT OFF ROAD,PATHFINDER ROAD,0,NA,Y,A,-,N,NA,NA,NA,NA,NA,NA,NA,NA,NA,N,4,0,1,2,A,-,03,22350,NA,N,C,C,A,A,H,-,A,A,0,NA,NA,NA,NA,Y,NA,A,01,0,0,1,0,0,0,0,0,0,-,-,33.97536087036133,-117.85807800292967,LOS ANGELES,UNINCORPORATED,-117.85822296142578,33.97537612915039
92296016,2024,2024-03-26,9565,2024-01-13,248,023518,NA,6,3,9,1900,0,2,4,NA,1,032,SLAUSON AVENUE,OVERHILL DRIVE,349,W,N,A,-,N,NA,NA,NA,NA,NA,NA,NA,NA,NA,N,4,0,2,2,A,-,03,22350,NA,N,C,C,A,A,H,-,C,D,0,NA,NA,NA,NA,Y,NA,A,01,0,0,2,0,0,0,0,0,0,-,-,33.98878860473633,-118.35547637939452,LOS ANGELES,UNINCORPORATED,-118.35523223876952,33.98883819580078
92296053,2023,2024-01-24,9590,2023-10-29,525,023252,NA,7,3,7,1942,0,1,2,NA,2,072,US-101 N/B (HOLLYWOOD FREEWAY),MULHOLLAND DRIVE,1637,S,N,A,-,Y,LA,NA,101,NA,NA,8.429,H,NA,R,N,4,0,1,3,A,-,03,22350,NA,N,C,C,A,A,H,-,C,D,0,NA,NA,NA,NA,Y,NA,A,01,0,0,1,0,0,0,0,0,0,-,-,34.11983108520508,-118.33824920654295,LOS ANGELES,LOS ANGELES,-118.33829498291016,34.119808197021484
92296062,2024,2024-01-24,9565,2024-01-13,1200,023150,NA,6,1,9,1900,0,2,4,NA,2,024,IMPERIAL HWY,NORMANDIE AVE,105,W,N,A,-,N,NA,NA,NA,NA,NA,NA,NA,NA,NA,Y,3,0,1,2,A,-,08,22107,NA,N,C,E,A,A,H,-,A,D,0,NA,NA,NA,Y,Y,NA,A,08,0,1,0,0,0,0,0,0,0,-,-,33.9310417175293,-118.30079650878906,LOS ANGELES,UNINCORPORATED,-118.30066680908205,33.9309196472168
92296079,2024,2024-01-24,9565,2024-01-13,1350,022761,NA,6,1,7,1942,0,1,1,NA,2,061,I-405 NORTHBOUND,CENTINELA AVE,1000,S,N,A,-,Y,LA,NA,405,NA,NA,25.052,H,NA,R,N,4,0,3,3,A,-,03,22350,NA,N,C,C,A,A,H,-,A,A,0,NA,NA,NA,NA,Y,NA,A,01,0,0,3,0,0,0,0,0,0,-,-,33.977760314941406,-118.38955688476564,LOS ANGELES,LOS ANGELES,-118.38953399658205,33.97780227661133
92296084,2024,2024-01-24,9590,2024-01-14,125,023232,NA,7,3,7,1942,0,1,1,NA,2,065,I-10 W/B (SANTA MONICA FREEWAY),LONG BEACH AVE,215,W,N,A,-,Y,LA,NA,10,NA,NA,16.889,H,NA,L,Y,4,0,1,3,A,-,01,23152,A,N,C,C,A,A,H,-,C,D,0,NA,NA,NA,NA,Y,Y,A,01,0,0,1,0,0,0,0,0,0,-,-,34.02376174926758,-118.24297332763672,LOS ANGELES,LOS ANGELES,-118.24297332763672,34.02378463745117