CASE_ID,ACCIDENT_YEAR,PROC_DATE,JURIS,COLLISION_DATE,COLLISION_TIME,OFFICER_ID,REPORTING_DISTRICT,DAY_OF_WEEK,CHP_SHIFT,POPULATION,CNTY_CITY_LOC,SPECIAL_COND,BEAT_TYPE,CHP_BEAT_TYPE,CITY_DIVISION_LAPD,CHP_BEAT_CLASS,BEAT_NUMBER,PRIMARY_RD,SECONDARY_RD,DISTANCE,DIRECTION,INTERSECTION,WEATHER_1,WEATHER_2,STATE_HWY_IND,CALTRANS_COUNTY,CALTRANS_DISTRICT,STATE_ROUTE,ROUTE_SUFFIX,POSTMILE_PREFIX,POSTMILE,LOCATION_TYPE,RAMP_INTERSECTION,SIDE_OF_HWY,TOW_AWAY,COLLISION_SEVERITY,NUMBER_KILLED,NUMBER_INJURED,PARTY_COUNT,PRIMARY_COLL_FACTOR,PCF_CODE_OF_VIOL,PCF_VIOL_CATEGORY,PCF_VIOLATION,PCF_VIOL_SUBSECTION,HIT_AND_RUN,TYPE_OF_COLLISION,MVIW,PED_ACTION,ROAD_SURFACE,ROAD_COND_1,ROAD_COND_2,LIGHTING,CONTROL_DEVICE,CHP_ROAD_TYPE,PEDESTRIAN_ACCIDENT,BICYCLE_ACCIDENT,MOTORCYCLE_ACCIDENT,TRUCK_ACCIDENT,NOT_PRIVATE_PROPERTY,ALCOHOL_INVOLVED,STWD_VEHTYPE_AT_FAULT,CHP_VEHTYPE_AT_FAULT,COUNT_SEVERE_INJ,COUNT_VISIBLE_INJ,COUNT_COMPLAINT_PAIN,COUNT_PED_KILLED,COUNT_PED_INJURED,COUNT_BICYCLIST_KILLED,COUNT_BICYCLIST_INJURED,COUNT_MC_KILLED,COUNT_MC_INJURED,PRIMARY_RAMP,SECONDARY_RAMP,LATITUDE,LONGITUDE,COUNTY,CITY,POINT_X,POINT_Y
92297695,2024,2024-01-26,9575,2024-01-16,2158,023236,NA,2,2,7,1942,0,1,3,NA,2,070,SR-118 W/B (RONALD REAGAN FREEWAY),LAUREL CANYON BOULEVARD,739,E,N,A,-,Y,LA,NA,118,NA,R,11.745,H,NA,L,N,4,0,1,2,A,-,01,23152,A,N,C,C,A,A,H,-,C,D,0,NA,NA,NA,NA,Y,Y,A,01,0,0,1,0,0,0,0,0,0,-,-,34.267730712890625,-118.43850708007813,LOS ANGELES,LOS ANGELES,-118.43851470947266,34.26773452758789
92297696,2024,2024-01-26,9580,2024-01-16,1835,022799,NA,2,2,7,1942,0,1,2,NA,2,100,US-101 N/B (VENTURA FREEWAY),WOODMAN AVE,215,S,N,A,-,Y,LA,NA,101,NA,NA,14.851,H,NA,R,Y,4,0,1,4,A,-,01,23152,F,M,B,C,A,A,H,-,C,D,0,NA,NA,NA,NA,Y,NA,A,01,0,0,1,0,0,0,0,0,0,-,-,34.15568923950195,-118.43045043945313,LOS ANGELES,LOS ANGELES,-118.43045043945313,34.15571975708008
92297697,2024,2024-04-08,9575,2024-01-16,400,023243,NA,2,3,7,1942,0,1,1,NA,2,052,I-5 N/B (GOLDEN STATE FREEWAY),TUXFORD STREET,392,S,N,A,-,Y,LA,NA,5,NA,NA,34.562,H,NA,R,Y,3,0,1,2,C,-,18,NA,NA,N,D,4,A,A,H,-,E,A,0,NA,NA,NA,Y,Y,NA,-,-,0,1,0,0,0,0,0,0,0,-,-,34.22682189941406,-118.3803482055664,LOS ANGELES,LOS ANGELES,-118.3803482055664,34.226783752441406
92297703,2024,2024-01-26,9575,2024-01-14,5,022876,NA,7,3,6,1953,0,1,1,NA,2,065,I-210 E/B (FOOTHILL FREEWAY),SIERRA MADRE VILLA AVENUE,739,W,N,A,-,Y,LA,NA,210,NA,R,29.144,H,NA,R,N,3,0,2,2,A,-,08,22107,NA,F,E,J,A,A,H,-,C,D,0,NA,NA,NA,NA,Y,Y,-,99,0,1,1,0,0,0,0,0,0,-,-,34.147789001464844,-118.08495330810548,LOS ANGELES,PASADENA,-118.0849151611328,34.14788818359375
92297723,2024,2024-01-26,9550,2024-01-19,1610,022778,NA,5,2,7,1941,0,1,1,NA,2,653,INTERSTATE 605 SOUTHBOUND,SPRING ST,500,S,N,A,-,Y,LA,NA,605,NA,R,0.188,H,NA,L,Y,3,0,1,1,A,-,08,22107,NA,N,F,A,A,A,H,-,A,D,0,NA,NA,Y,NA,Y,NA,C,02,0,1,0,0,0,0,0,0,1,-,-,33.808929443359375,-118.08155059814452,LOS ANGELES,LONG BEACH,-118.08158111572266,33.808929443359375
92297770,2024,2024-01-26,9550,2024-01-19,1555,022234,NA,5,2,9,1900,0,2,4,NA,1,042,COLIMA RD. (17300 BLOCK),ALBATROSS RD.,676,W,N,A,-,N,NA,NA,NA,NA,NA,NA,NA,NA,NA,Y,4,0,2,3,A,-,09,21801,A,N,D,C,A,A,H,-,A,D,0,NA,NA,NA,NA,Y,NA,A,01,0,0,2,0,0,0,0,0,0,-,-,33.99066162109375,-117.92672729492188,LOS ANGELES,UNINCORPORATED,-117.9265365600586,33.990657806396484
92297796,2023,2024-01-26,9550,2023-12-10,1115,022167,NA,7,1,6,1920,0,1,1,NA,2,500,I-5 N/B,LAKEWOOD BOUEVARD,30,N,N,A,-,Y,LA,NA,5,NA,NA,8.325,H,NA,R,N,4,0,1,2,A,-,03,22350,NA,N,C,C,A,A,H,-,A,D,0,NA,NA,NA,NA,Y,NA,D,22,0,0,1,0,0,0,0,0,0,-,-,33.95814895629883,-118.1119384765625,LOS ANGELES,DOWNEY,-118.11197662353516,33.9581184387207
9229781,2021,2021-03-27,1900,2021-02-06,1100,519546,2310,6,5,5,1919,0,0,0,NA,0,230T,ARTESIA BL,STUDEBAKER RD,35,W,N,A,-,N,NA,NA,NA,NA,NA,NA,NA,NA,NA,Y,3,0,2,3,A,-,03,22350,NA,N,C,C,A,A,H,-,A,A,0,NA,NA,NA,NA,Y,NA,A,01,0,1,1,0,0,0,0,0,0,-,-,NA,NA,LOS ANGELES,CERRITOS,-118.09994506835938,33.8728141784668
92297817,2024,2024-01-26,9580,2024-01-24,1730,022663,NA,3,2,7,1942,0,1,3,NA,2,170,SR-170 N/B (HOLLYWOOD FWY.),ROSCOE BLVD,100,N,N,B,-,Y,LA,NA,170,NA,R,19.762,H,NA,R,N,4,0,1,2,A,-,08,22107,NA,M,B,C,A,A,H,-,B,D,0,NA,NA,NA,NA,Y,NA,-,99,0,0,1,0,0,0,0,0,0,-,-,34.22201919555664,-118.41017150878906,LOS ANGELES,LOS ANGELES,-118.4101333618164,34.22202682495117
9229782,2021,2021-03-27,1900,2021-02-06,0930,519546,NA,6,5,5,1919,0,0,0,NA,0,230T,PALO VERDE AV,SOUTH ST,250,N,N,A,-,N,NA,NA,NA,NA,NA,NA,NA,NA,NA,N,3,0,1,2,A,-,08,22107,NA,N,C,E,A,A,H,-,A,D,0,NA,Y,NA,NA,Y,NA,L,04,0,1,0,0,0,0,1,0,0,-,-,NA,NA,LOS ANGELES,CERRITOS,-118.10833740234376,33.85896682739258
92297821,2024,2024-01-26,9580,2024-01-24,1720,022663,NA,3,2,7,1942,0,1,2,NA,2,101,US-101 S/B TO SR-134,TUJUNGA AVE,581,S,N,B,-,Y,LA,NA,170,NA,R,14.52,H,NA,L,N,4,0,1,2,A,-,07,21658,A,N,B,C,A,A,H,-,B,D,0,NA,NA,NA,NA,Y,NA,D,22,0,0,1,0,0,0,0,0,0,-,-,34.153350830078125,-118.37706756591795,LOS ANGELES,LOS ANGELES,-118.37687683105467,34.15345764160156
9229783,2021,2021-04-01,1900,2021-02-03,2032,552335,2314,3,5,5,1919,0,0,0,NA,0,230T1,CARMENITA RD,SOUTH ST,0,NA,Y,A,-,N,NA,NA,NA,NA,NA,NA,NA,NA,NA,Y,3,0,1,2,A,-,12,21453,A,F,D,C,A,A,H,-,C,A,0,NA,NA,NA,NA,Y,NA,A,01,0,1,0,0,0,0,0,0,0,-,-,33.858741760253906,-118.04630279541016,LOS ANGELES,CERRITOS,-118.04627990722656,33.85875701904297
92297830,2024,2024-01-26,9580,2024-01-23,1728,022663,NA,2,2,7,1942,0,1,1,NA,2,405,I-405 S/B (SAN DIEGO FWY),SEPULVEDA BLVD,1320,N,N,A,-,Y,LA,NA,405,NA,NA,38.882,H,NA,L,N,4,0,1,2,A,-,03,22350,NA,M,C,C,A,A,H,-,B,D,0,NA,NA,NA,NA,Y,NA,-,99,0,0,1,0,0,0,0,0,0,-,-,34.152259826660156,-118.46822357177734,LOS ANGELES,LOS ANGELES,-118.4682159423828,34.152259826660156
92297831,2024,2024-01-26,9580,2024-01-22,2010,021966,NA,1,2,7,1942,0,1,1,NA,2,404,I-405 SB TO US-101,US-101,305,N,N,B,-,Y,NA,NA,NA,NA,NA,NA,NA,NA,NA,N,4,0,1,1,A,-,03,22350,NA,N,F,I,A,B,H,-,C,D,0,NA,NA,NA,NA,Y,NA,A,01,0,0,1,0,0,0,0,0,0,-,-,34.163169860839844,-118.47048950195313,LOS ANGELES,LOS ANGELES,-118.47048950195313,34.163169860839844
92297834,2024,2024-01-26,9580,2024-01-20,810,022572,NA,6,1,7,1942,0,1,2,NA,2,106,US-101 S/B (VENTURA FREEWAY),PARKWAY CALABASAS,150,N,N,C,-,Y,LA,NA,101,NA,NA,28.314,H,NA,L,N,4,0,1,1,A,-,03,22350,NA,N,E,I,A,B,H,-,A,D,0,NA,NA,NA,NA,Y,NA,A,07,0,0,1,0,0,0,0,0,0,-,-,34.1531982421875,-118.65248870849608,LOS ANGELES,LOS ANGELES,-118.65245819091795,34.15313720703125
9229784,2021,2021-03-27,1900,2021-02-02,1030,506163,2313,2,5,5,1919,0,0,0,NA,0,230T1,SOUTH ST,GRIDLEY RD,480,W,N,A,-,N,NA,NA,NA,NA,NA,NA,NA,NA,NA,N,4,0,1,3,A,-,03,22350,NA,M,B,C,A,A,H,-,A,A,0,NA,NA,NA,NA,Y,NA,A,01,0,0,1,0,0,0,0,0,0,-,-,NA,NA,LOS ANGELES,CERRITOS,-118.09254455566406,33.858482360839844
92297846,2024,2024-01-26,9575,2024-01-20,825,023410,NA,6,1,7,1942,0,1,1,NA,2,060,I-210 E/B (FOOTHILL FREEWAY),PAXTON STREET,355,E,N,B,C,Y,LA,NA,210,NA,R,6.108,H,NA,R,Y,4,0,1,1,A,-,03,22350,NA,N,E,I,A,B,H,-,A,D,0,NA,NA,NA,NA,Y,NA,A,01,0,0,1,0,0,0,0,0,0,-,-,34.28668975830078,-118.40619659423828,LOS ANGELES,LOS ANGELES,-118.40621185302734,34.28668212890625
9229786,2021,2021-03-27,1900,2021-02-04,1629,610418,1104,4,5,6,1992,0,0,0,NA,0,111T1,60TH ST WEST,AVENUE M,0,NA,Y,A,-,N,NA,NA,NA,NA,NA,NA,NA,NA,NA,Y,4,0,2,2,A,-,12,22450,A,N,B,C,A,A,H,-,A,A,0,NA,NA,NA,NA,Y,NA,A,01,0,0,2,0,0,0,0,0,0,-,-,NA,NA,LOS ANGELES,LANCASTER,-118.2360610961914,34.645599365234375
92297868,2024,2024-01-26,9575,2024-01-04,112,022084,NA,4,3,7,1942,0,1,S,NA,2,841,I-5 S/B (GOLDEN STATE FREEWAY),SUNLAND BLVD.,1235,N,N,A,-,Y,LA,NA,5,NA,NA,33.923,H,NA,L,Y,2,0,2,2,A,-,01,23152,A,N,A,C,A,A,H,-,C,D,0,NA,NA,NA,NA,Y,Y,A,01,2,0,0,0,0,0,0,0,0,-,-,34.2227783203125,-118.37081146240234,LOS ANGELES,LOS ANGELES,-118.37083435058594,34.22274398803711
9229787,2021,2021-03-27,1900,2021-02-02,1824,644792,1132,2,5,6,1992,0,0,0,NA,0,112T1,CHALLENGER WY,E KETTERING ST,0,NA,Y,A,-,N,NA,NA,NA,NA,NA,NA,NA,NA,NA,Y,4,0,2,2,A,-,09,21801,A,N,A,C,A,A,H,-,C,D,0,NA,NA,NA,NA,Y,NA,A,01,0,0,2,0,0,0,0,0,0,-,-,NA,NA,LOS ANGELES,LANCASTER,-118.11265563964844,34.700416564941406
9229788,2021,2021-03-27,1900,2021-02-05,1645,610418,1149,5,5,6,1992,0,0,0,NA,0,111T1,30TH ST WEST,AVENUE N,652,N,N,A,-,N,NA,NA,NA,NA,NA,NA,NA,NA,NA,Y,4,0,1,4,A,-,03,22350,NA,N,C,C,A,A,H,-,A,A,0,NA,NA,NA,NA,Y,NA,A,07,0,0,1,0,0,0,0,0,0,-,-,NA,NA,LOS ANGELES,LANCASTER,-118.183349609375,34.63291931152344
92297885,2024,2024-01-26,9575,2024-01-18,840,023227,NA,4,1,7,1942,0,1,1,NA,2,053,I-5 S/B (GOLDEN STATE FREEWAY),LAUREL CANYON BOULEVARD,80,S,N,A,-,Y,LA,NA,5,NA,NA,35.917,H,NA,L,Y,4,0,3,2,A,-,07,21658,A,M,B,2,A,A,H,-,A,D,0,NA,NA,NA,NA,Y,NA,-,99,0,0,3,0,0,0,0,0,0,-,-,34.23133850097656,-118.40261840820313,LOS ANGELES,LOS ANGELES,-118.4026336669922,34.23127365112305
9229789,2021,2021-03-27,1900,2021-02-04,2350,625432,1134,4,5,6,1992,0,0,0,NA,0,112T2,AVENUE K,DIVISION ST,0,NA,Y,A,-,N,NA,NA,NA,NA,NA,NA,NA,NA,NA,N,4,0,1,2,A,-,12,21453,A,M,D,C,A,A,H,-,C,A,0,NA,NA,NA,NA,Y,NA,-,NA,0,0,1,0,0,0,0,0,0,-,-,NA,NA,LOS ANGELES,LANCASTER,-118.1301727294922,34.674991607666016
9229790,2021,2021-03-27,1900,2021-02-11,1741,644792,1137,4,5,6,1992,0,0,0,NA,0,112T1,AVENUE J-8,20TH ST EAST,0,NA,Y,A,-,N,NA,NA,NA,NA,NA,NA,NA,NA,NA,Y,4,0,1,2,A,-,12,21453,A,N,D,C,A,A,H,-,C,A,0,NA,NA,NA,NA,Y,NA,A,01,0,0,1,0,0,0,0,0,0,-,-,NA,NA,LOS ANGELES,LANCASTER,-118.09471130371094,34.68232727050781
9229791,2021,2021-03-27,1900,2021-02-11,1337,510509,1124,4,5,6,1992,0,0,0,NA,0,112T4,SIERRA HWY,AVENUE L,0,NA,Y,A,-,N,NA,NA,NA,NA,NA,NA,NA,NA,NA,Y,3,0,3,2,D,-,00,NA,NA,N,F,C,A,A,H,-,A,A,0,NA,NA,NA,NA,Y,NA,-,-,0,1,2,0,0,0,0,0,0,-,-,NA,NA,LOS ANGELES,LANCASTER,-118.13066864013672,34.6605224609375
9229792,2021,2021-03-27,1900,2021-02-10,1810,610418,1127,3,5,6,1992,0,0,0,NA,0,111T1,20TH ST WEST,AVENUE K,55,N,N,A,-,N,NA,NA,NA,NA,NA,NA,NA,NA,NA,Y,4,0,1,2,A,-,21,22106,NA,N,C,C,A,A,H,-,C,A,0,NA,NA,NA,NA,Y,NA,A,01,0,0,1,0,0,0,0,0,0,-,-,NA,NA,LOS ANGELES,LANCASTER,-118.16573333740234,34.67515182495117
92297923,2024,2024-01-26,9525,2024-01-17,1835,023586,NA,3,2,9,1900,0,3,5,NA,2,003,NOGALES ST.,NORTHAM ST.,0,NA,Y,A,-,N,NA,NA,NA,NA,NA,NA,NA,NA,NA,Y,4,0,1,2,A,-,09,21801,A,N,D,C,A,A,H,-,C,A,0,NA,NA,NA,NA,Y,NA,A,01,0,0,1,0,0,0,0,0,0,-,-,34.008270263671875,-117.8870086669922,LOS ANGELES,UNINCORPORATED,-117.88713073730467,34.00828170776367
9229793,2021,2021-03-27,1900,2021-02-12,0830,647475,1127,5,5,6,1992,0,0,0,NA,0,111T2,25TH ST WEST,AVENUE J,32,S,N,A,-,N,NA,NA,NA,NA,NA,NA,NA,NA,NA,Y,4,0,2,3,A,-,03,22350,NA,N,D,C,A,B,H,-,A,A,0,NA,NA,NA,NA,Y,NA,A,01,0,0,2,0,0,0,0,0,0,-,-,NA,NA,LOS ANGELES,LANCASTER,-118.17475128173828,34.68924331665039
92297930,2024,2024-01-26,9525,2024-01-18,1430,023586,NA,4,2,1,1934,0,1,1,NA,2,652,I-605 N/B (SAN GABRIEL RIVER FWY),ARROW HWY.,3696,N,N,A,-,Y,LA,NA,605,NA,NA,24.743,H,NA,R,Y,4,0,1,2,A,-,03,22350,NA,N,C,C,A,A,H,-,A,D,0,NA,NA,NA,NA,Y,NA,A,01,0,0,1,0,0,0,0,0,0,-,-,34.12186050415039,-117.96868133544922,LOS ANGELES,IRWINDALE,-117.96869659423828,34.12187194824219
92297947,2024,2024-01-26,9525,2024-01-18,1700,021393,NA,4,2,9,1900,0,3,5,NA,2,002,ARROW HIGHWAY,GLENDORA AVE,50,E,N,A,-,N,NA,NA,NA,NA,NA,NA,NA,NA,NA,N,4,0,1,2,A,-,08,22107,NA,N,D,C,A,A,H,-,A,D,0,NA,NA,Y,NA,Y,NA,A,01,0,0,1,0,0,0,0,0,1,-,-,34.10660171508789,-117.8635482788086,LOS ANGELES,UNINCORPORATED,-117.86363983154295,34.10663604736328
92297948,2024,2024-01-26,9590,2024-01-14,1205,021823,NA,7,1,7,1942,0,1,1,NA,2,061,I-10 W/B (SANTA MONICA FREEWAY),WEST BLVD,200,W,N,A,-,Y,LA,NA,10,NA,R,10.981,H,NA,L,N,4,0,3,2,A,-,03,22350,NA,N,C,C,A,A,H,-,A,D,0,NA,NA,NA,NA,Y,NA,A,01,0,0,3,0,0,0,0,0,0,-,-,34.0347785949707,-118.3408203125,LOS ANGELES,LOS ANGELES,-118.3408203125,34.03482437133789
92297957,2024,2024-01-26,9575,2024-01-19,830,022918,NA,5,1,7,1942,0,1,3,NA,2,043,SR-134 E/B (VENTURA FREEWAY),RIVERSIDE DR.,1040,W,N,A,-,Y,LA,NA,134,NA,NA,4.609,H,NA,R,Y,4,0,1,3,A,-,03,22350,NA,N,C,C,A,A,H,-,A,D,0,NA,NA,NA,NA,Y,NA,A,01,0,0,1,0,0,0,0,0,0,-,-,34.15570831298828,-118.29741668701172,LOS ANGELES,LOS ANGELES,-118.29743194580078,34.155662536621094
92297978,2024,2024-01-26,9535,2024-01-16,900,021657,NA,2,1,9,1900,0,1,1,NA,2,651,I-605 S/B (SAN GABRIEL RIVER FWY),SR-60 W/B (POMONA FREEWAY),600,N,N,A,-,Y,LA,NA,605,NA,R,17.851,H,NA,L,N,4,0,2,2,A,-,04,21703,NA,N,C,C,A,A,H,-,A,D,0,NA,NA,NA,NA,Y,NA,A,08,0,0,2,0,0,0,0,0,0,-,-,34.03858947753906,-118.02130126953124,LOS ANGELES,UNINCORPORATED,-118.02124786376952,34.038516998291016
92297988,2024,2024-01-26,9525,2024-01-19,755,020552,NA,5,1,5,1926,0,1,1,NA,2,205,I-210 W/B (FOOTHILL FWY),LONE HILL AVE,1056,E,N,B,-,Y,LA,NA,210,NA,R,44.4,H,NA,L,Y,4,0,1,6,A,-,03,22350,NA,N,B,C,A,A,H,-,A,D,0,NA,NA,NA,NA,Y,NA,A,01,0,0,1,0,0,0,0,0,0,-,-,34.1207389831543,-117.82562255859376,LOS ANGELES,GLENDORA,-117.82561492919922,34.12077331542969
9229800,2021,2021-03-27,1942,2021-02-08,2145,41911,0356,1,5,7,1942,0,0,0,C,0,3A55,S NORMANDIE AV,W 36TH ST,75,N,N,A,-,N,NA,NA,NA,NA,NA,NA,NA,NA,NA,N,2,0,1,2,A,-,11,21954,A,N,G,B,C,A,H,-,C,A,0,Y,NA,NA,NA,Y,NA,N,60,1,0,0,0,1,0,0,0,0,-,-,NA,NA,LOS ANGELES,LOS ANGELES,-118.30020904541016,34.023006439208984
92298008,2024,2024-01-26,9530,2024-01-24,629,017755,NA,3,1,5,1977,0,1,1,NA,2,410,I-405 N/B (SAN DIEGO FREEWAY),DEL AMO BLVD.,250,S,N,B,-,Y,LA,NA,405,NA,NA,11.818,H,NA,R,Y,3,0,3,2,A,-,03,22350,NA,N,C,C,A,A,H,-,C,D,0,NA,NA,NA,NA,Y,NA,A,07,0,2,1,0,0,0,0,0,0,-,-,33.845760345458984,-118.26986694335938,LOS ANGELES,CARSON,-118.26973724365234,33.84585952758789
92298011,2024,2024-01-26,9530,2024-01-19,1715,023030,NA,5,2,9,1900,0,3,5,NA,2,001,92ND ST. (1200 BLOCK),HOOPER AVE.,5,E,N,B,-,N,NA,NA,NA,NA,NA,NA,NA,NA,NA,N,4,0,1,2,A,-,03,22350,NA,N,C,C,A,A,H,-,B,D,0,NA,NA,NA,NA,Y,NA,D,22,0,0,1,0,0,0,0,0,0,-,-,33.953269958496094,-118.25389862060548,LOS ANGELES,UNINCORPORATED,-118.25404357910156,33.95328903198242
92298028,2024,2024-01-26,9525,2024-01-21,300,023049,NA,7,3,5,1926,0,1,1,NA,2,206,I-210 E/B TO SR-57 S/B,I-210,5280,S,N,A,-,Y,LA,NA,57,NA,R,11.683,H,NA,L,Y,4,0,1,2,A,-,03,22350,NA,N,D,2,A,B,H,-,C,D,0,NA,NA,NA,NA,Y,NA,D,22,0,0,1,0,0,0,0,0,0,-,-,34.11880111694336,-117.8251495361328,LOS ANGELES,GLENDORA,-117.82511901855467,34.11881637573242
9229803,2021,2021-03-23,1976,2021-02-13,1850,474,NA,6,5,5,1976,0,0,0,NA,0,001,NORWALK BL,INDIANA ST,27,S,N,A,-,N,NA,NA,NA,NA,NA,NA,NA,NA,NA,Y,4,0,2,3,A,-,09,21801,A,N,A,C,A,A,H,-,C,D,0,NA,NA,NA,NA,Y,NA,A,01,0,0,2,0,0,0,0,0,0,-,-,NA,NA,LOS ANGELES,WHITTIER,-118.05753326416016,33.99653244018555
92298054,2024,2024-01-26,9550,2024-01-26,742,019808,NA,5,1,9,1900,0,1,1,NA,2,650,I-605 NORTHBOUND,ROSE HILLS ROAD,1500,S,N,A,-,Y,LA,NA,605,NA,R,15.112,H,NA,R,N,3,0,1,2,A,-,03,22350,NA,N,C,C,A,A,H,-,A,D,0,NA,NA,NA,NA,Y,NA,A,01,0,1,0,0,0,0,0,0,0,-,-,34.01451873779297,-118.05584716796876,LOS ANGELES,UNINCORPORATED,-118.05582427978516,34.01451110839844
92298057,2024,2024-01-26,9545,2024-01-22,2030,021361,NA,1,2,9,1900,0,1,3,NA,1,012,SR-138 (AVENUE D),170TH ST  W,3696,E,N,A,-,Y,LA,NA,138,NA,NA,22.704,H,NA,R,Y,3,0,1,2,A,-,08,22107,NA,N,B,C,A,A,H,-,D,D,0,NA,NA,NA,Y,Y,NA,A,07,0,1,0,0,0,0,0,0,0,-,-,34.77518844604492,-118.41979217529295,LOS ANGELES,UNINCORPORATED,-118.41979217529295,34.775184631347656
92298069,2024,2024-01-26,9575,2024-01-19,2122,022939,NA,5,2,9,1900,0,1,3,NA,2,081,ROSEMEAD BOULEVARD (3600 BLOCK),WALNUT DRIVE,300,S,N,A,-,N,NA,NA,NA,NA,NA,NA,NA,NA,NA,N,4,0,1,2,A,-,07,21658,A,M,C,C,A,A,H,-,C,D,0,NA,NA,NA,NA,Y,NA,A,01,0,0,1,0,0,0,0,0,0,-,-,34.13922119140625,-118.07327270507813,LOS ANGELES,UNINCORPORATED,-118.07322692871094,34.13926696777344
92298070,2024,2024-01-26,9540,2024-01-13,2215,023145,NA,6,3,6,1985,0,1,1,NA,2,506,I-5 N/B (GOLDEN STATE FREEWAY),LYONS AVE,2640,S,N,A,-,Y,LA,NA,5,NA,R,49.804,H,NA,R,Y,4,0,2,3,A,-,03,22350,NA,N,C,2,A,A,H,-,D,D,0,NA,NA,NA,Y,Y,NA,A,01,0,0,2,0,0,0,0,0,0,-,-,34.372039794921875,-118.56111907958984,LOS ANGELES,SANTA CLARITA,-118.56109619140624,34.37205123901367
9229810,2021,2021-03-23,1972,2021-02-10,1716,14629,NA,3,5,6,1972,0,0,0,NA,0,NA,CARSON,ABALONE,223,E,N,A,-,N,NA,NA,NA,NA,NA,NA,NA,NA,NA,N,4,0,1,2,A,-,09,21801,A,N,D,G,A,A,H,-,A,D,0,NA,Y,NA,NA,Y,NA,A,NA,0,0,1,0,0,0,1,0,0,-,-,NA,NA,LOS ANGELES,TORRANCE,-118.3109893798828,33.831478118896484
92298105,2024,2024-01-26,9590,2024-01-16,2310,023252,NA,2,3,7,1942,0,1,1,NA,2,501,I-110 S/B (HARBOR FREEWAY),GAGE AVENUE,25,N,N,A,-,Y,LA,NA,110,NA,NA,17.532,H,NA,L,N,4,0,1,1,A,-,08,22107,NA,N,E,I,A,A,H,-,C,D,0,NA,NA,Y,NA,Y,NA,C,02,0,0,1,0,0,0,0,0,1,-,-,33.982540130615234,-118.2807388305664,LOS ANGELES,LOS ANGELES,-118.28073120117188,33.982540130615234
9229811,2021,2021-03-23,1900,2021-02-09,1720,652731,1327,2,5,5,1935,0,0,0,NA,0,132T2,DEL AMO BL,MAPES AV,40,W,N,A,-,N,NA,NA,NA,NA,NA,NA,NA,NA,NA,Y,4,0,1,5,A,-,01,23152,G,M,B,C,A,A,H,-,A,A,0,NA,NA,NA,NA,Y,Y,A,01,0,0,1,0,0,0,0,0,0,-,-,NA,NA,LOS ANGELES,LAKEWOOD,-118.08916473388672,33.84590148925781
9229812,2021,2021-03-23,1900,2021-02-03,0809,436136,1327,3,5,5,1935,0,0,0,NA,0,132T2,NECTAR AV,CARSON ST,20,N,N,A,-,N,NA,NA,NA,NA,NA,NA,NA,NA,NA,Y,3,0,1,4,A,-,03,22350,NA,F,C,E,A,A,H,-,A,A,0,NA,NA,NA,NA,Y,NA,A,01,0,1,0,0,0,0,0,0,0,-,-,NA,NA,LOS ANGELES,LAKEWOOD,-118.08796691894533,33.831565856933594
9229820,2021,2021-04-12,1942,2021-02-02,1840,43791,1232,2,5,7,1942,0,0,0,L,0,25T35W,S VAN NESS AV,59TH ST,0,NA,Y,A,-,N,NA,NA,NA,NA,NA,NA,NA,NA,NA,Y,4,0,2,2,A,-,01,23152,A,N,D,C,A,A,H,-,C,A,0,NA,NA,NA,NA,Y,Y,A,01,0,0,2,0,0,0,0,0,0,-,-,NA,NA,LOS ANGELES,LOS ANGELES,-118.31768035888672,33.9872932434082
92298207,2024,2024-01-26,9525,2024-01-21,1110,020552,NA,7,1,9,1900,0,3,5,NA,2,002,CYPRESS ST,IRWINDALE AVE,528,E,N,B,-,N,NA,NA,NA,NA,NA,NA,NA,NA,NA,N,4,0,1,2,A,-,08,22107,NA,N,C,E,A,B,H,-,A,D,0,NA,Y,NA,NA,Y,NA,M,91,0,0,1,0,0,0,1,0,0,-,-,34.09593963623047,-117.9321517944336,LOS ANGELES,UNINCORPORATED,-117.93247222900392,34.09604263305664
92298212,2023,2024-01-26,9590,2023-10-24,210,023035,NA,2,3,7,1942,0,1,1,NA,2,050,I-110 N/B (HARBOR FREEWAY),88TH PLACE,610,S,N,A,-,Y,LA,NA,110,NA,NA,15.643,H,NA,R,N,3,0,1,2,A,-,07,21658,A,F,B,C,A,A,H,-,D,D,0,NA,NA,Y,NA,Y,Y,-,99,0,1,0,0,0,0,0,0,1,-,-,33.95502853393555,-118.28053283691406,LOS ANGELES,LOS ANGELES,-118.28069305419922,33.955020904541016
92298220,2023,2024-01-26,9550,2023-12-11,1110,015449,NA,1,1,6,1949,0,1,1,NA,2,500,I-5 N/B (SANTA ANA FREEWAY),FLORENCE AVE.,4224,S,N,A,-,Y,LA,NA,5,NA,NA,5.551,H,NA,R,N,4,0,3,2,A,-,04,21703,NA,N,C,C,A,A,H,-,A,D,0,NA,NA,NA,NA,Y,NA,A,07,0,0,3,0,0,0,0,0,0,-,-,33.92499923706055,-118.08529663085938,LOS ANGELES,NORWALK,-118.08531951904295,33.924991607666016