CASE_ID,ACCIDENT_YEAR,PROC_DATE,JURIS,COLLISION_DATE,COLLISION_TIME,OFFICER_ID,REPORTING_DISTRICT,DAY_OF_WEEK,CHP_SHIFT,POPULATION,CNTY_CITY_LOC,SPECIAL_COND,BEAT_TYPE,CHP_BEAT_TYPE,CITY_DIVISION_LAPD,CHP_BEAT_CLASS,BEAT_NUMBER,PRIMARY_RD,SECONDARY_RD,DISTANCE,DIRECTION,INTERSECTION,WEATHER_1,WEATHER_2,STATE_HWY_IND,CALTRANS_COUNTY,CALTRANS_DISTRICT,STATE_ROUTE,ROUTE_SUFFIX,POSTMILE_PREFIX,POSTMILE,LOCATION_TYPE,RAMP_INTERSECTION,SIDE_OF_HWY,TOW_AWAY,COLLISION_SEVERITY,NUMBER_KILLED,NUMBER_INJURED,PARTY_COUNT,PRIMARY_COLL_FACTOR,PCF_CODE_OF_VIOL,PCF_VIOL_CATEGORY,PCF_VIOLATION,PCF_VIOL_SUBSECTION,HIT_AND_RUN,TYPE_OF_COLLISION,MVIW,PED_ACTION,ROAD_SURFACE,ROAD_COND_1,ROAD_COND_2,LIGHTING,CONTROL_DEVICE,CHP_ROAD_TYPE,PEDESTRIAN_ACCIDENT,BICYCLE_ACCIDENT,MOTORCYCLE_ACCIDENT,TRUCK_ACCIDENT,NOT_PRIVATE_PROPERTY,ALCOHOL_INVOLVED,STWD_VEHTYPE_AT_FAULT,CHP_VEHTYPE_AT_FAULT,COUNT_SEVERE_INJ,COUNT_VISIBLE_INJ,COUNT_COMPLAINT_PAIN,COUNT_PED_KILLED,COUNT_PED_INJURED,COUNT_BICYCLIST_KILLED,COUNT_BICYCLIST_INJURED,COUNT_MC_KILLED,COUNT_MC_INJURED,PRIMARY_RAMP,SECONDARY_RAMP,LATITUDE,LONGITUDE,COUNTY,CITY,POINT_X,POINT_Y
92309306,2024,2024-02-08,9550,2024-02-02,700,023193,NA,5,1,7,1941,0,1,3,NA,2,090,SR-91 EASTBOUND,PARAMOUNT BOULEVARD,1060,W,N,B,-,Y,LA,NA,91,NA,R,13.399,H,NA,R,N,4,0,2,3,A,-,03,22350,NA,N,C,C,A,B,H,-,A,D,0,NA,NA,NA,NA,Y,NA,A,01,0,0,2,0,0,0,0,0,0,-,-,33.87596130371094,-118.16371917724608,LOS ANGELES,LONG BEACH,-118.16371917724608,33.875972747802734
92309314,2023,2024-02-08,9590,2023-10-28,1510,023269,NA,6,2,7,1942,0,1,1,NA,2,065,I-10 WESTBOUND (SMF) TO SANTA FE AVENUE,SANTA FE AVE,360,W,N,A,-,Y,NA,NA,NA,NA,NA,NA,NA,NA,NA,Y,3,0,1,1,A,-,08,22107,NA,N,E,I,A,A,H,-,A,D,0,NA,NA,Y,NA,Y,NA,C,02,0,1,0,0,0,0,0,0,1,-,-,34.028709411621094,-118.2312469482422,LOS ANGELES,LOS ANGELES,-118.2312469482422,34.028709411621094
92309327,2023,2024-02-08,9590,2023-10-15,1915,023232,NA,7,2,7,1942,0,1,2,NA,2,073,US-101 S/B (HOLLYWOOD FREEWAY),PILGRIMAGE BRIDGE,1600,N,N,A,-,Y,LA,NA,101,NA,NA,8.374,H,NA,L,N,3,0,2,3,A,-,03,22350,NA,N,C,C,A,A,H,-,A,D,0,NA,NA,NA,NA,Y,NA,A,07,0,1,1,0,0,0,0,0,0,-,-,34.118980407714844,-118.3381805419922,LOS ANGELES,LOS ANGELES,-118.338134765625,34.118995666503906
92309368,2024,2024-02-08,9525,2024-01-31,650,018997,NA,3,1,6,1955,0,1,3,NA,2,071,SR-71 S/B (CHINO VALLEY FWY),MISSION RD,1800,N,N,A,-,Y,LA,NA,71,NA,NA,1.416,H,NA,L,Y,3,0,1,3,A,-,03,22350,NA,N,C,C,A,A,H,-,A,D,0,NA,NA,NA,NA,Y,NA,D,22,0,1,0,0,0,0,0,0,0,-,-,34.05577850341797,-117.78354644775392,LOS ANGELES,POMONA,-117.78348541259766,34.055824279785156
92309375,2024,2024-02-08,9590,2024-02-02,30,023548,NA,5,3,7,1942,0,1,2,NA,2,072,US-101 N/B (HOLLYWOOD FREEWAY),NORMANDIE AVENUE,50,S,N,A,-,Y,LA,NA,101,NA,NA,4.999,H,NA,R,N,4,0,1,2,A,-,03,22350,NA,M,C,C,A,A,H,-,C,D,0,NA,NA,NA,NA,Y,NA,A,01,0,0,1,0,0,0,0,0,0,-,-,34.084861755371094,-118.30030822753906,LOS ANGELES,LOS ANGELES,-118.30035400390624,34.08481979370117
92309394,2024,2024-02-08,9540,2024-02-01,415,019061,NA,4,3,6,1985,0,1,3,NA,1,145,SR-14 S/B,SANTA CLARA RIVER TRL,1584,N,N,C,-,Y,LA,NA,14,NA,R,31.383,H,NA,L,Y,4,0,1,1,A,-,03,22350,NA,N,E,I,A,B,H,-,D,D,0,NA,NA,NA,NA,Y,NA,A,01,0,0,1,0,0,0,0,0,0,-,-,34.40658950805664,-118.4481964111328,LOS ANGELES,SANTA CLARITA,-118.44837188720705,34.40670394897461
92309395,2024,2024-02-08,9590,2024-01-28,425,023252,NA,7,3,7,1942,0,1,1,NA,2,052,I-110 N/B (HAF) TO US-101 N/B (HOF),TEMPLE STREET,400,N,N,A,-,Y,LA,NA,110,NA,NA,23.697,H,NA,R,N,4,0,1,2,A,-,07,21658,A,M,B,C,A,A,H,-,C,D,0,NA,NA,NA,NA,Y,NA,-,99,0,0,1,0,0,0,0,0,0,-,-,34.062198638916016,-118.24896240234376,LOS ANGELES,LOS ANGELES,-118.24908447265624,34.06229782104492
92309399,2024,2024-02-08,9540,2024-02-01,1640,022492,NA,4,2,9,1900,0,1,3,NA,2,147,SR-14 S/B,ESCONDIDO CANYON RD,6600,S,N,C,-,Y,LA,NA,14,NA,NA,41.88,H,NA,L,Y,4,0,1,3,A,-,03,22350,NA,M,E,8,A,B,H,-,A,D,0,NA,NA,NA,NA,Y,NA,A,01,0,0,1,0,0,0,0,0,0,-,-,34.47911071777344,-118.29879760742188,LOS ANGELES,UNINCORPORATED,-118.29884338378906,34.47916793823242
92309401,2024,2024-02-08,9535,2024-01-29,905,022842,NA,1,1,5,1943,0,1,1,NA,2,074,I-710 N/B (LONG BEACH FREEWAY),IMPERIAL HWY,180,S,N,A,-,Y,LA,NA,710,NA,NA,16.943,H,NA,R,Y,3,0,2,2,A,-,03,22350,NA,N,C,C,A,A,H,-,A,D,0,NA,NA,NA,NA,Y,NA,A,01,0,2,0,0,0,0,0,0,0,-,-,33.930240631103516,-118.17872619628906,LOS ANGELES,LYNWOOD,-118.17874145507813,33.930240631103516
92309409,2024,2024-02-08,9550,2024-02-01,1450,022081,NA,4,2,5,1919,0,1,3,NA,2,092,SR-91 W/B TO I-605 N/B,I-605,300,E,N,A,-,Y,LA,NA,91,NA,R,17.456,H,NA,L,N,3,0,1,2,A,-,03,22350,NA,N,C,C,A,B,H,-,A,D,0,NA,NA,NA,NA,Y,NA,A,01,0,1,0,0,0,0,0,0,0,-,-,33.876609802246094,-118.0935287475586,LOS ANGELES,CERRITOS,-118.0935287475586,33.876461029052734
92309418,2024,2024-02-08,9540,2024-02-02,924,023613,NA,5,1,6,1985,0,1,1,NA,1,502,I-5 N/B (GOLDEN STATE FREEWAY),CALGROVE BLVD,2053,S,N,A,-,Y,LA,NA,5,NA,R,48.608,H,NA,R,Y,3,0,2,4,A,-,03,22350,NA,N,C,C,A,A,D,-,A,D,0,NA,NA,NA,Y,Y,NA,A,01,0,2,0,0,0,0,0,0,0,-,-,34.35662078857422,-118.55197143554688,LOS ANGELES,SANTA CLARITA,-118.55193328857422,34.35664749145508
92309420,2024,2024-02-08,9575,2024-01-28,1355,023029,NA,7,1,6,1912,0,1,1,NA,2,051,I-5 N/B (GOLDEN STATE FREEWAY),BUENA VISTA STREET,272,S,N,A,-,Y,LA,NA,5,NA,NA,31.196,H,NA,R,N,3,0,2,3,A,-,08,22107,NA,N,B,C,A,A,H,-,A,D,0,NA,NA,NA,NA,Y,NA,A,01,0,1,1,0,0,0,0,0,0,-,-,34.19839096069336,-118.337158203125,LOS ANGELES,BURBANK,-118.337158203125,34.19839096069336
92309435,2024,2024-02-08,9540,2024-02-02,1405,023613,NA,5,2,6,1985,0,1,3,NA,1,144,SR-14 N/B (ANTELOPE VALLEY FREEWAY),NEWHALL AVE,1882,N,N,A,-,Y,LA,NA,14,NA,R,27.415,H,NA,R,Y,3,0,2,3,A,-,03,22350,NA,N,C,C,A,A,H,-,A,D,0,NA,NA,NA,NA,Y,NA,D,22,0,2,0,0,0,0,0,0,0,-,-,34.36983871459961,-118.50071716308594,LOS ANGELES,SANTA CLARITA,-118.5007781982422,34.3698616027832
92309447,2024,2024-02-08,9565,2024-02-05,1050,023150,NA,1,1,9,1900,0,3,5,NA,2,004,LA CIENEGA BLVD. S/B,120TH ST,528,N,N,C,-,N,NA,NA,NA,NA,NA,NA,NA,NA,NA,N,4,0,1,4,A,-,03,22350,NA,N,C,C,A,B,H,-,A,D,0,NA,NA,NA,NA,Y,NA,A,07,0,0,1,0,0,0,0,0,0,-,-,33.925411224365234,-118.3701400756836,LOS ANGELES,UNINCORPORATED,-118.37007904052734,33.92506790161133
92309455,2024,2024-02-08,9590,2024-02-02,245,018529,NA,5,3,7,1942,0,1,1,NA,2,021,I-10 W/B,SOTO ST.,700,W,N,B,C,Y,LA,NA,10,NA,NA,18.896,H,NA,L,N,4,0,1,1,C,-,18,NA,NA,N,E,J,A,B,H,-,C,D,0,NA,NA,NA,NA,Y,NA,-,-,0,0,1,0,0,0,0,0,0,-,-,34.05400085449219,-118.20571136474608,LOS ANGELES,LOS ANGELES,-118.20567321777344,34.05378341674805
92309469,2024,2024-02-08,9590,2024-02-01,2155,018529,NA,4,2,7,1942,0,1,1,NA,2,014,SR-110,AVE. 52,100,S,N,B,C,Y,LA,NA,110,NA,NA,28.03,H,NA,R,N,4,0,1,1,A,-,08,22107,NA,N,E,I,A,B,H,-,C,D,0,NA,NA,NA,NA,Y,NA,A,01,0,0,1,0,0,0,0,0,0,-,-,34.10295104980469,-118.19664001464844,LOS ANGELES,LOS ANGELES,-118.19664001464844,34.1028938293457
92309490,2024,2024-02-08,9530,2024-01-27,2145,023030,NA,6,2,9,1900,0,3,5,NA,2,001,HOLMES AVE.,FLORENCE AVE.,0,NA,Y,A,-,N,NA,NA,NA,NA,NA,NA,NA,NA,NA,Y,4,0,1,1,A,-,03,22350,NA,N,E,8,A,A,H,-,C,A,0,NA,NA,NA,NA,Y,NA,D,22,0,0,1,0,0,0,0,0,0,-,-,33.974639892578125,-118.24111938476564,LOS ANGELES,UNINCORPORATED,-118.24126434326172,33.9747314453125
92309510,2023,2024-02-08,9530,2023-12-20,542,022702,NA,3,3,7,1941,0,1,1,NA,2,420,I-405 SOUTHBOUND TO I-710 NORTHBOUND,CARSON STREET,730,N,N,C,-,Y,LA,NA,710,NA,NA,9.919,H,NA,R,N,1,1,0,2,A,-,00,21960,A,N,G,B,E,B,H,-,C,D,0,Y,NA,NA,Y,Y,NA,N,60,0,0,0,1,0,0,0,0,0,-,-,33.83375930786133,-118.20864105224608,LOS ANGELES,LONG BEACH,-118.20873260498048,33.83376693725586
92309540,2024,2024-02-08,9535,2024-01-30,715,017943,NA,2,1,3,1968,0,1,3,NA,2,621,SR-60 (POMONA FREEWAY) WESTBOUND,SANTA ANITA AVE.,375,E,N,A,-,Y,LA,NA,60,NA,NA,10.323,H,NA,L,Y,4,0,1,3,A,-,03,22350,NA,N,C,C,A,A,H,-,A,D,0,NA,NA,NA,NA,Y,NA,A,01,0,0,1,0,0,0,0,0,0,-,-,34.039669036865234,-118.0502471923828,LOS ANGELES,SOUTH EL MONTE,-118.0502700805664,34.039588928222656
9230956,2021,2021-03-15,1941,2021-01-18,1552,11126,NA,1,5,7,1941,0,0,0,NA,0,NA,60TH ST,BRAYTON AV,0,NA,Y,A,-,N,NA,NA,NA,NA,NA,NA,NA,NA,NA,N,3,0,1,2,A,-,11,21950,B,N,A,B,B,A,H,-,A,D,0,Y,NA,NA,NA,Y,NA,N,NA,0,1,0,0,1,0,0,0,0,-,-,NA,NA,LOS ANGELES,LONG BEACH,-118.17633819580078,33.864173889160156
92309563,2024,2024-02-08,9550,2024-01-02,1953,022498,NA,2,2,9,1900,0,3,5,NA,2,002,SHOEMAKER AVE S/B,IMPERIAL HIGHWAY,95,N,N,A,-,N,NA,NA,NA,NA,NA,NA,NA,NA,NA,N,4,0,1,2,A,-,05,21650,NA,N,D,G,A,A,H,-,C,D,0,NA,Y,NA,NA,Y,NA,L,04,0,0,1,0,0,0,1,0,0,-,-,33.91749954223633,-118.05512237548828,LOS ANGELES,UNINCORPORATED,-118.05522918701172,33.91709899902344
92309568,2024,2024-02-08,9535,2024-01-20,1535,023443,NA,6,2,5,1901,0,1,1,NA,2,420,I-10 E/B (SAN BERNARDINO FREEWAY),GARFIELD AVE.,48,W,N,B,-,Y,LA,NA,10,NA,NA,23.974,H,NA,R,N,4,0,1,2,A,-,03,22350,NA,N,C,C,A,B,H,-,A,D,0,NA,NA,NA,NA,Y,NA,A,07,0,0,1,0,0,0,0,0,0,-,-,34.0715217590332,-118.12325286865234,LOS ANGELES,ALHAMBRA,-118.1232452392578,34.071449279785156
9230957,2021,2021-03-15,1941,2021-01-19,1038,10913,NA,2,5,7,1941,0,0,0,NA,0,NA,PACIFIC AV,6TH ST,0,NA,Y,-,-,N,NA,NA,NA,NA,NA,NA,NA,NA,NA,Y,2,0,2,3,A,-,12,21453,A,N,D,C,A,A,H,-,A,A,0,NA,NA,NA,NA,Y,NA,A,NA,2,0,0,0,0,0,0,0,0,-,-,NA,NA,LOS ANGELES,LONG BEACH,-118.19371795654295,33.774139404296875
9230958,2021,2021-03-15,1941,2021-01-17,1017,11012,NA,7,5,7,1941,0,0,0,NA,0,NA,MARTIN LUTHER KING JR AV,8TH ST,31,N,N,A,-,N,NA,NA,NA,NA,NA,NA,NA,NA,NA,Y,4,0,1,4,A,-,09,21804,A,F,D,C,A,A,H,-,A,D,0,NA,NA,NA,NA,Y,NA,A,NA,0,0,1,0,0,0,0,0,0,-,-,NA,NA,LOS ANGELES,LONG BEACH,-118.18067932128906,33.776634216308594
92309583,2023,2024-02-08,9550,2023-12-19,1610,022631,NA,2,2,9,1900,0,1,1,NA,2,500,I-5 NORTHBOUND,FLORENCE AVE,1000,S,N,B,-,Y,LA,NA,5,NA,NA,6.346,H,NA,R,Y,4,0,2,3,A,-,03,22350,NA,N,C,C,A,B,H,-,A,D,0,NA,NA,NA,NA,Y,NA,A,01,0,0,2,0,0,0,0,0,0,-,-,33.934940338134766,-118.09210968017578,LOS ANGELES,UNINCORPORATED,-118.09227752685548,33.93485641479492
9230959,2021,2021-03-18,1941,2021-01-20,1748,10028,NA,3,5,7,1941,0,0,0,NA,0,NA,2ND ST,SANTA ANA AV,2,E,N,A,-,N,NA,NA,NA,NA,NA,NA,NA,NA,NA,Y,4,0,3,2,A,-,09,21801,A,N,D,C,A,A,H,-,C,A,0,NA,NA,NA,NA,Y,NA,A,NA,0,0,3,0,0,0,0,0,0,-,-,NA,NA,LOS ANGELES,LONG BEACH,-118.13146209716795,33.758766174316406
92309592,2024,2024-02-08,9530,2024-01-27,2323,022995,NA,6,3,7,1941,0,1,1,NA,2,420,I-405 N/B,I-710 (LONG BEACH FREEWAY),80,S,N,A,-,Y,LA,NA,405,NA,NA,7.593,H,NA,R,Y,2,0,1,1,A,-,08,22107,NA,N,E,I,A,A,H,-,C,D,0,NA,NA,Y,NA,Y,NA,C,02,1,0,0,0,0,0,0,0,1,-,-,33.826629638671875,-118.20742034912108,LOS ANGELES,LONG BEACH,-118.20742797851564,33.82654571533203
9230961,2021,2021-04-06,1942,2021-02-25,1430,39473,1701,4,5,7,1942,0,0,0,Q,0,17A23,TAMPA AV,PINE VALLEY AV,0,NA,Y,A,-,N,NA,NA,NA,NA,NA,NA,NA,NA,NA,Y,2,0,2,2,A,-,09,21802,A,N,D,C,A,A,H,-,A,A,0,NA,NA,NA,NA,Y,NA,A,01,1,0,1,0,0,0,0,0,0,-,-,NA,NA,LOS ANGELES,LOS ANGELES,-118.56185150146484,34.2821159362793
9230962,2021,2021-04-05,1942,2021-02-24,0930,34420,1654,3,5,7,1942,0,0,0,P,0,16A23,OSBORNE PL,GLENOAKS BL,0,NA,Y,A,-,N,NA,NA,NA,NA,NA,NA,NA,NA,NA,Y,2,0,3,2,A,-,09,21801,A,N,A,C,A,A,H,-,A,A,0,NA,NA,NA,NA,Y,NA,A,01,1,1,1,0,0,0,0,0,0,-,-,NA,NA,LOS ANGELES,LOS ANGELES,-118.39895629882813,34.26182174682617
9230963,2021,2021-04-06,1942,2021-02-17,1555,36406,1701,3,5,7,1942,0,0,0,Q,0,17A23,RINALDI ST,PORTER RANCH DR,500,E,N,A,-,N,NA,NA,NA,NA,NA,NA,NA,NA,NA,Y,2,0,1,2,A,-,09,21804,A,N,D,C,A,A,H,-,A,A,0,NA,NA,Y,NA,Y,NA,A,01,1,0,0,0,0,0,0,0,1,-,-,NA,NA,LOS ANGELES,LOS ANGELES,-118.56858825683594,34.27559280395508
92309636,2024,2024-02-08,9525,2024-02-02,1820,022770,NA,5,2,4,1946,0,1,1,NA,2,202,I-210 E/B (FOOTHILL FWY),HUNTINGTON DR,528,W,N,B,-,Y,LA,NA,210,NA,R,32.98,H,NA,R,N,4,0,1,2,A,-,03,22350,NA,M,C,C,A,A,H,-,D,D,0,NA,NA,NA,NA,Y,NA,D,22,0,0,1,0,0,0,0,0,0,-,-,34.139488220214844,-118.01593017578124,LOS ANGELES,MONROVIA,-118.01595306396484,34.13947296142578
92309638,2024,2024-02-08,9590,2024-02-02,1720,022102,NA,5,2,7,1942,0,1,1,NA,2,085,I-5 S/B (GOLDEN STATE FREEWAY),COLORADO ST,1003,S,N,A,-,Y,LA,NA,5,NA,NA,25.574,H,NA,L,N,4,0,2,2,A,-,03,22350,NA,N,C,C,A,A,H,-,C,D,0,NA,NA,NA,NA,Y,NA,A,01,0,0,2,0,0,0,0,0,0,-,-,34.137939453125,-118.27678680419922,LOS ANGELES,LOS ANGELES,-118.27667999267578,34.137962341308594
9230964,2021,2021-04-06,1942,2021-02-19,1925,44210,2128,5,5,7,1942,0,0,0,NA,0,21X44,SATICOY AV,WINNETKA AV,595,W,N,A,-,N,NA,NA,NA,NA,NA,NA,NA,NA,NA,N,2,0,1,2,A,-,11,21956,A,N,G,B,D,A,H,-,D,D,0,Y,NA,NA,NA,Y,NA,N,60,1,0,0,0,1,0,0,0,0,-,-,NA,NA,LOS ANGELES,LOS ANGELES,-118.57300567626952,34.20835876464844
9230965,2021,2021-04-05,1942,2021-02-20,1720,31392,2187,6,5,7,1942,0,0,0,NA,0,21A97,VENTURA BL,TOPANGA CANYON BL,200,W,N,A,-,N,NA,NA,NA,NA,NA,NA,NA,NA,NA,N,2,0,1,2,A,-,06,21755,A,N,D,C,A,A,H,-,A,D,0,NA,NA,Y,NA,Y,NA,C,02,1,0,0,0,0,0,0,0,1,-,-,NA,NA,LOS ANGELES,LOS ANGELES,-118.6065673828125,34.16853332519531
92309651,2023,2024-02-09,9550,2023-12-10,455,023157,NA,7,3,6,1920,0,1,1,NA,2,150,INTERSTATE 105 WESTBOUND,BELLFLOWER BOULEVARD,150,E,N,A,-,Y,LA,NA,105,NA,R,16.685,H,NA,L,N,3,0,1,2,A,-,08,22107,NA,N,C,C,A,A,H,-,C,D,0,NA,NA,NA,NA,Y,NA,A,01,0,1,0,0,0,0,0,0,0,-,-,33.913368225097656,-118.12461090087892,LOS ANGELES,DOWNEY,-118.12461090087892,33.913368225097656
92309656,2024,2024-02-09,9525,2024-02-01,1920,019491,NA,4,2,5,1926,0,1,1,NA,2,205,I-210 W/B (FOOTHILL FWY),GRAND AVENUE,3000,E,N,B,-,Y,LA,NA,210,NA,R,42.284,H,NA,L,Y,4,0,1,2,A,-,07,21658,A,F,B,2,A,B,H,-,D,D,0,NA,NA,NA,NA,Y,NA,A,01,0,0,1,0,0,0,0,0,0,-,-,34.117340087890625,-117.86177825927734,LOS ANGELES,GLENDORA,-117.86178588867188,34.1172981262207
9230966,2021,2021-04-06,1942,2021-02-24,1510,38687,2105,3,5,7,1942,0,0,0,NA,0,21A5,CANOGA AV,PARTHENIA ST,71,S,N,A,-,N,NA,NA,NA,NA,NA,NA,NA,NA,NA,N,2,0,3,2,A,-,09,21804,B,N,D,C,A,A,H,-,A,A,0,NA,NA,Y,NA,Y,NA,C,02,2,1,0,0,0,0,0,0,2,-,-,NA,NA,LOS ANGELES,LOS ANGELES,-118.59754180908205,34.228004455566406
92309665,2024,2024-02-09,9525,2024-02-07,1740,019491,NA,3,2,4,1960,0,1,1,NA,2,218,SR-210 E/B (FOOTHILL FWY),SAN DIMAS AVENUE,2000,W,N,B,-,Y,LA,NA,210,NA,R,45.137,H,NA,R,N,2,0,1,1,A,-,03,22350,NA,N,F,A,A,A,H,-,A,D,0,NA,NA,Y,NA,Y,NA,C,02,1,0,0,0,0,0,0,0,1,-,-,34.1197395324707,-117.81298828125,LOS ANGELES,SAN DIMAS,-117.81298828125,34.119712829589844
92309668,2024,2024-02-09,9525,2024-01-30,1954,020719,NA,2,2,6,1955,0,1,1,NA,2,110,I-10 E/B (SAN BERNARDINO FWY),WHITE AVE.,1056,W,N,B,-,Y,LA,NA,10,NA,NA,44.982,H,NA,R,N,2,0,1,1,A,-,01,23152,A,N,E,I,A,A,H,-,D,D,0,NA,NA,NA,NA,Y,Y,A,07,1,0,0,0,0,0,0,0,0,-,-,34.071048736572266,-117.76468658447266,LOS ANGELES,POMONA,-117.76470947265624,34.070960998535156
9230967,2021,2021-04-06,1942,2021-02-17,1545,38947,1635,3,5,7,1942,0,0,0,P,0,16A35,WENTWORTH ST,COTTONWOOD AV,72,W,N,A,-,N,NA,NA,NA,NA,NA,NA,NA,NA,NA,Y,3,0,1,1,A,-,03,22350,NA,N,F,I,A,A,H,-,A,A,0,NA,NA,NA,NA,Y,NA,A,07,0,1,0,0,0,0,0,0,0,-,-,NA,NA,LOS ANGELES,LOS ANGELES,-118.34583282470705,34.26456069946289
92309674,2024,2024-02-09,9525,2024-01-30,1700,019491,NA,2,2,4,1913,0,1,1,NA,2,220,SR-210 E/B (FOOTHILL FWY),BASELINE ROAD,1000,W,N,B,-,Y,LA,NA,210,NA,R,50.971,H,NA,R,Y,3,0,1,1,A,-,01,23152,A,N,E,I,A,A,H,-,A,D,0,NA,NA,NA,NA,Y,Y,D,22,0,1,0,0,0,0,0,0,0,-,-,34.12002182006836,-117.7113800048828,LOS ANGELES,CLAREMONT,-117.7113800048828,34.119911193847656
9230968,2021,2021-04-05,1942,2021-02-17,1630,41859,0906,3,5,7,1942,0,0,0,I,0,902,VAN NUYS BL,VALERIO ST,110,S,N,A,-,N,NA,NA,NA,NA,NA,NA,NA,NA,NA,N,4,0,1,2,A,-,03,22350,NA,N,D,G,A,A,H,-,A,D,0,NA,Y,NA,NA,Y,NA,L,04,0,0,1,0,0,0,1,0,0,-,-,NA,NA,LOS ANGELES,LOS ANGELES,-118.4487533569336,34.20452880859375
9230969,2021,2021-04-06,1942,2021-02-21,0915,38191,1613,7,5,7,1942,0,0,0,P,0,16A11,VAN NUYS BL,DRONFIELD AV,0,NA,Y,A,-,N,NA,NA,NA,NA,NA,NA,NA,NA,NA,Y,4,0,2,2,A,-,12,21453,A,N,D,C,A,A,H,-,A,A,0,NA,NA,NA,NA,Y,NA,A,01,0,0,2,0,0,0,0,0,0,-,-,NA,NA,LOS ANGELES,LOS ANGELES,-118.4051513671875,34.27846145629883
9230970,2021,2021-04-05,1942,2021-02-20,2125,43703,RD169,6,5,7,1942,0,0,0,NA,0,16A23,SATICOY ST,VINE LAND AV,450,E,N,A,-,N,NA,NA,NA,NA,NA,NA,NA,NA,NA,Y,3,0,1,2,A,-,03,22350,NA,N,C,C,A,A,H,-,C,D,0,NA,NA,NA,NA,Y,NA,A,01,0,1,0,0,0,0,0,0,0,-,-,NA,NA,LOS ANGELES,LOS ANGELES,-118.36884307861328,34.20844650268555
9230971,2021,2021-04-06,1942,2021-02-12,2055,37676,0905,5,5,7,1942,0,0,0,I,0,26MX10,VAN NUYS BL,VALERIO ST,350,S,N,A,-,N,NA,NA,NA,NA,NA,NA,NA,NA,NA,N,2,0,1,2,A,-,03,22350,A,F,H,G,A,A,H,-,C,D,0,NA,Y,NA,NA,Y,NA,-,99,1,0,0,0,0,0,1,0,0,-,-,NA,NA,LOS ANGELES,LOS ANGELES,-118.4487533569336,34.2038688659668
9230972,2021,2021-04-06,1942,2021-02-19,1910,42460,1906,5,5,7,1942,0,0,0,NA,0,19A7,POLK ST,ELDRIDGE AV,50,N,N,A,-,N,NA,NA,NA,NA,NA,NA,NA,NA,NA,Y,3,0,1,1,A,-,08,22107,NA,F,E,I,A,A,H,-,C,A,0,NA,NA,NA,NA,Y,NA,A,01,0,1,0,0,0,0,0,0,0,-,-,NA,NA,LOS ANGELES,LOS ANGELES,-118.43171691894533,34.323612213134766
9230973,2021,2021-04-05,1942,2021-02-19,1300,43473,1681,5,5,7,1942,0,0,0,P,0,16X22,SHELDON ST,LAUREL CANYON BL,100,W,N,A,-,N,NA,NA,NA,NA,NA,NA,NA,NA,NA,N,4,0,1,2,A,-,11,21954,A,F,B,B,E,A,H,-,A,D,0,Y,NA,NA,NA,Y,NA,N,60,0,0,1,0,1,0,0,0,0,-,-,NA,NA,LOS ANGELES,LOS ANGELES,-118.40398406982422,34.23178482055664
9230974,2021,2021-04-06,1942,2021-02-18,1030,39907,2137,4,5,7,1942,0,0,0,NA,0,2137,DE SOTO AV,SATICOY ST,0,NA,Y,A,-,N,NA,NA,NA,NA,NA,NA,NA,NA,NA,Y,4,0,1,2,A,-,05,21650,NA,F,A,D,A,-,H,-,C,A,0,NA,NA,NA,NA,Y,NA,A,01,0,0,1,0,0,0,0,0,0,-,-,NA,NA,LOS ANGELES,LOS ANGELES,-118.58848571777344,34.208335876464844
9230975,2021,2021-04-06,1942,2021-02-22,1255,41316,1747,1,5,7,1942,0,0,0,Q,0,17A49,BALBOA BL,SAN JOSE ST,20,S,N,A,-,N,NA,NA,NA,NA,NA,NA,NA,NA,NA,Y,3,0,2,2,A,-,01,23152,A,M,C,C,A,A,H,-,A,A,0,NA,NA,NA,NA,Y,Y,A,01,0,2,0,0,0,0,0,0,0,-,-,NA,NA,LOS ANGELES,LOS ANGELES,-118.50228881835938,34.2610969543457
9230976,2021,2021-04-05,1942,2021-02-10,2320,35017,1177,3,5,7,1942,0,0,0,K,0,11A89,N FIGUEROA,AVENUE 22,0,NA,Y,A,-,N,NA,NA,NA,NA,NA,NA,NA,NA,NA,Y,4,0,1,2,A,-,12,21453,A,F,A,C,A,A,H,-,C,A,0,NA,NA,NA,NA,Y,NA,A,01,0,0,1,0,0,0,0,0,0,-,-,NA,NA,LOS ANGELES,LOS ANGELES,-118.22389221191406,34.08272933959961
9230977,2021,2021-04-06,1942,2021-02-10,1545,38171,1112,3,5,7,1942,0,0,0,K,0,11A17,W AVENUE 41,YORK RD,15,S,N,A,-,N,NA,NA,NA,NA,NA,NA,NA,NA,NA,N,2,0,1,1,A,-,03,22350,NA,N,E,I,A,A,H,-,A,D,0,NA,NA,NA,NA,Y,NA,A,01,1,0,0,0,0,0,0,0,0,-,-,NA,NA,LOS ANGELES,LOS ANGELES,-118.22962951660156,34.12525939941406
9230978,2021,2021-04-06,1942,2021-02-06,1438,40275,1145,6,5,7,1942,0,0,0,K,0,11A71,RIVERSIDE DR,FLETCHER DR,130,E,N,A,-,N,NA,NA,NA,NA,NA,NA,NA,NA,NA,Y,4,0,1,2,A,-,09,21801,A,F,A,C,A,A,H,-,A,D,0,NA,NA,NA,NA,Y,NA,-,99,0,0,1,0,0,0,0,0,0,-,-,NA,NA,LOS ANGELES,LOS ANGELES,-118.25624084472656,34.105743408203125