CASE_ID,ACCIDENT_YEAR,PROC_DATE,JURIS,COLLISION_DATE,COLLISION_TIME,OFFICER_ID,REPORTING_DISTRICT,DAY_OF_WEEK,CHP_SHIFT,POPULATION,CNTY_CITY_LOC,SPECIAL_COND,BEAT_TYPE,CHP_BEAT_TYPE,CITY_DIVISION_LAPD,CHP_BEAT_CLASS,BEAT_NUMBER,PRIMARY_RD,SECONDARY_RD,DISTANCE,DIRECTION,INTERSECTION,WEATHER_1,WEATHER_2,STATE_HWY_IND,CALTRANS_COUNTY,CALTRANS_DISTRICT,STATE_ROUTE,ROUTE_SUFFIX,POSTMILE_PREFIX,POSTMILE,LOCATION_TYPE,RAMP_INTERSECTION,SIDE_OF_HWY,TOW_AWAY,COLLISION_SEVERITY,NUMBER_KILLED,NUMBER_INJURED,PARTY_COUNT,PRIMARY_COLL_FACTOR,PCF_CODE_OF_VIOL,PCF_VIOL_CATEGORY,PCF_VIOLATION,PCF_VIOL_SUBSECTION,HIT_AND_RUN,TYPE_OF_COLLISION,MVIW,PED_ACTION,ROAD_SURFACE,ROAD_COND_1,ROAD_COND_2,LIGHTING,CONTROL_DEVICE,CHP_ROAD_TYPE,PEDESTRIAN_ACCIDENT,BICYCLE_ACCIDENT,MOTORCYCLE_ACCIDENT,TRUCK_ACCIDENT,NOT_PRIVATE_PROPERTY,ALCOHOL_INVOLVED,STWD_VEHTYPE_AT_FAULT,CHP_VEHTYPE_AT_FAULT,COUNT_SEVERE_INJ,COUNT_VISIBLE_INJ,COUNT_COMPLAINT_PAIN,COUNT_PED_KILLED,COUNT_PED_INJURED,COUNT_BICYCLIST_KILLED,COUNT_BICYCLIST_INJURED,COUNT_MC_KILLED,COUNT_MC_INJURED,PRIMARY_RAMP,SECONDARY_RAMP,LATITUDE,LONGITUDE,COUNTY,CITY,POINT_X,POINT_Y
92314348,2024,2024-02-15,9550,2024-01-06,1900,023064,NA,6,2,9,1900,0,3,5,NA,2,003,ANGELCREST DRIVE SOUTHBOUND,TETLEY STREET,20,N,N,B,-,N,NA,NA,NA,NA,NA,NA,NA,NA,NA,Y,4,0,1,2,C,-,18,NA,NA,N,A,E,A,A,H,-,C,D,0,NA,NA,NA,NA,Y,NA,-,-,0,0,1,0,0,0,0,0,0,-,-,33.995548248291016,-117.97760009765624,LOS ANGELES,UNINCORPORATED,-117.9775161743164,33.99569320678711
92314349,2024,2024-02-15,9575,2024-02-04,1702,023204,NA,7,2,6,1912,0,1,1,NA,2,051,I-5 N/B (GOLDEN STATE FREEWAY),E OLIVE AVENUE,248,S,N,B,C,Y,LA,NA,5,NA,NA,29.109,H,NA,R,Y,3,0,1,2,A,-,07,21658,A,M,B,2,A,B,H,-,C,D,0,NA,NA,NA,NA,Y,NA,-,99,0,1,0,0,0,0,0,0,0,-,-,34.17842102050781,-118.31021881103516,LOS ANGELES,BURBANK,-118.31021881103516,34.17842102050781
92314363,2024,2024-02-15,9575,2024-02-05,1545,023413,NA,1,2,7,1942,0,1,1,NA,2,061,I-210 E/B (FOOTHILL FREEWAY),SUNLAND BLVD,1320,E,N,B,C,Y,LA,NA,210,NA,R,10.837,H,NA,R,Y,3,0,2,1,A,-,03,22350,NA,N,E,J,A,B,H,-,A,D,0,NA,NA,NA,NA,Y,NA,A,01,0,2,0,0,0,0,0,0,0,-,-,34.26280975341797,-118.33287048339844,LOS ANGELES,LOS ANGELES,-118.3329849243164,34.262733459472656
92314372,2024,2024-02-15,9575,2024-02-05,2325,023284,NA,1,3,7,1942,0,1,1,NA,2,061,I-210 W/B (FOOTHILL FREEWAY),LA TUNA CYN RD,4488,W,N,C,-,Y,LA,NA,210,NA,R,13.334,H,NA,L,Y,4,0,1,1,A,-,08,22107,NA,N,E,8,A,B,H,-,D,D,0,NA,NA,NA,NA,Y,NA,A,01,0,0,1,0,0,0,0,0,0,-,-,34.23759078979492,-118.30465698242188,LOS ANGELES,LOS ANGELES,-118.30461120605467,34.237632751464844
9231451,2021,2021-03-18,1942,2021-02-09,1047,32973,1317,2,5,7,1942,0,0,0,M,0,13A9,HOOPER AVE,12TH ST,0,NA,Y,B,-,N,NA,NA,NA,NA,NA,NA,NA,NA,NA,N,4,0,2,2,A,-,08,22107,NA,N,D,C,A,A,H,-,A,D,0,NA,NA,NA,NA,Y,NA,A,01,0,0,2,0,0,0,0,0,0,-,-,NA,NA,LOS ANGELES,LOS ANGELES,-118.24227905273438,34.02766036987305
9231453,2021,2021-03-16,1942,2021-02-24,0835,39192,1934,3,5,7,1942,0,0,0,NA,0,19A43,SEPULVEDA BL,SAN FERNANDO MISSION BL,0,NA,Y,A,-,N,NA,NA,NA,NA,NA,NA,NA,NA,NA,Y,4,0,1,2,A,-,09,21801,A,N,D,C,A,A,H,-,A,A,0,NA,NA,NA,NA,Y,NA,A,01,0,0,1,0,0,0,0,0,0,-,-,NA,NA,LOS ANGELES,LOS ANGELES,-118.46745300292967,34.272117614746094
92314614,2024,2024-02-15,9575,2024-02-05,620,021410,NA,1,1,7,1942,0,1,3,NA,2,043,SR-134 E/B (VENTURA FREEWAY),RIVERSIDE DR.,350,E,N,B,C,Y,LA,NA,134,NA,NA,4.882,H,NA,R,N,4,0,1,1,A,-,03,22350,NA,N,E,I,A,B,H,-,B,D,0,NA,NA,NA,NA,Y,NA,A,01,0,0,1,0,0,0,0,0,0,-,-,34.15517044067383,-118.29273986816406,LOS ANGELES,LOS ANGELES,-118.29273986816406,34.155235290527344
92314632,2024,2024-02-15,9575,2024-02-03,1414,023204,NA,6,2,7,1942,0,1,1,NA,2,053,I-5 N/B (GOLDEN STATE FREEWAY),VAN NUYS BOULEVARD,641,S,N,B,-,Y,LA,NA,5,NA,NA,38.388,H,NA,R,Y,3,0,4,3,A,-,03,22350,NA,N,C,C,A,A,H,-,A,D,0,NA,NA,NA,NA,Y,NA,A,01,0,4,0,0,0,0,0,0,0,-,-,34.255401611328125,-118.4333724975586,LOS ANGELES,LOS ANGELES,-118.43347930908205,34.25532150268555
92314638,2024,2024-02-15,9575,2024-02-03,118,022953,NA,6,3,9,1900,0,3,5,NA,2,003,LOPEZ CANYON RD.,BAILEY ROAD,2798,N,N,A,-,N,NA,NA,NA,NA,NA,NA,NA,NA,NA,N,4,0,1,1,A,-,03,22350,NA,N,E,8,A,A,H,-,D,D,0,NA,NA,NA,NA,Y,NA,A,01,0,0,1,0,0,0,0,0,0,-,-,34.302040100097656,-118.3966827392578,LOS ANGELES,UNINCORPORATED,-118.39730834960938,34.30168533325195
92314641,2024,2024-02-15,9575,2024-02-09,105,022084,NA,5,3,6,1925,0,1,3,NA,2,090,SR-2 W/B (GLENDALE FREEWAY),HOLLY DR.,37,E,N,A,-,Y,NA,NA,NA,NA,NA,NA,NA,NA,NA,N,4,0,2,2,A,-,03,22350,NA,N,C,C,A,A,H,-,C,A,0,NA,NA,NA,NA,Y,NA,A,07,0,0,2,0,0,0,0,0,0,-,-,34.150360107421875,-118.22569274902344,LOS ANGELES,GLENDALE,-118.22534942626952,34.15026092529297
92314647,2024,2024-02-15,9525,2024-02-07,2202,020636,NA,3,3,5,1990,0,1,3,NA,2,603,SR-60 W/B (POMONA FWY),DIAMOND BAR,150,E,N,C,-,Y,LA,NA,60,NA,R,25.65,H,NA,L,Y,4,0,1,1,A,-,03,22350,NA,N,E,I,A,B,H,-,C,D,0,NA,NA,NA,NA,Y,NA,A,07,0,0,1,0,0,0,0,0,0,-,-,34.023948669433594,-117.81060028076172,LOS ANGELES,DIAMOND BAR,-117.81065368652344,34.02402114868164
92314650,2024,2024-02-15,9530,2024-02-05,1649,023580,NA,1,2,7,1942,0,1,1,NA,2,110,I-110 S/B (HARBOR FREEWAY),108TH ST.,70,N,N,C,-,Y,LA,NA,110,NA,NA,14.486,H,NA,L,Y,3,0,1,3,A,-,07,21658,A,F,B,C,A,B,H,-,C,D,0,NA,NA,NA,NA,Y,NA,-,99,0,1,0,0,0,0,0,0,0,-,-,33.938358306884766,-118.2802963256836,LOS ANGELES,LOS ANGELES,-118.28018188476564,33.938358306884766
9231466,2021,2021-03-17,1900,2021-02-26,0950,609942,0644,5,5,6,1985,0,0,0,NA,0,64T1,BOUQUET CANYON RD,CINEMA DR,898,S,N,A,-,N,NA,NA,NA,NA,NA,NA,NA,NA,NA,Y,3,0,1,3,A,-,09,21804,A,N,D,C,A,A,H,-,A,D,0,NA,NA,NA,NA,Y,NA,A,07,0,1,0,0,0,0,0,0,0,-,-,34.41756057739258,-118.54189300537108,LOS ANGELES,SANTA CLARITA,-118.54160308837892,34.416805267333984
92314682,2024,2024-02-15,9525,2024-02-09,706,018992,NA,5,1,4,1946,0,1,1,NA,2,203,I-210 W/B (FOOTHILL FWY),MOUNTAIN AVE,300,W,N,A,-,Y,LA,NA,210,NA,R,34.688,H,NA,L,Y,4,0,1,1,A,-,08,22107,NA,N,F,I,A,A,H,-,A,D,0,NA,NA,NA,NA,Y,NA,A,01,0,0,1,0,0,0,0,0,0,-,-,34.135738372802734,-117.98744201660156,LOS ANGELES,MONROVIA,-117.98744201660156,34.13554000854492
92314686,2023,2024-02-15,9545,2023-07-26,1535,022910,NA,3,2,6,1992,0,1,3,NA,2,011,SR-14 NORTHBOUND,AVENUE K,1320,S,N,A,-,Y,LA,NA,14,NA,R,66.409,H,NA,R,Y,1,2,0,1,A,-,08,22107,NA,N,E,8,A,A,H,-,A,D,0,NA,NA,NA,NA,Y,NA,D,22,0,0,0,0,0,0,0,0,0,-,-,34.67081069946289,-118.15416717529295,LOS ANGELES,LANCASTER,-118.1542510986328,34.670780181884766
92314694,2024,2024-02-15,9550,2024-02-04,540,023656,NA,7,3,6,1920,0,1,1,NA,2,651,I-605 NB TO I-5,FLORENCE AVE,390,N,N,B,-,Y,NA,NA,NA,NA,NA,NA,NA,NA,NA,Y,4,0,1,1,A,-,01,23152,A,N,E,J,A,B,H,-,B,D,0,NA,NA,NA,NA,Y,Y,A,01,0,0,1,0,0,0,0,0,0,-,-,33.93867874145508,-118.09700775146484,LOS ANGELES,DOWNEY,-118.09700775146484,33.93867874145508
92314699,2024,2024-02-15,9525,2024-02-07,2120,022097,NA,3,2,4,1946,0,1,1,NA,2,202,I-210 E/B (FOOTHILL FWY),MAGNOLIA AVE,200,E,N,C,-,Y,LA,NA,210,NA,R,33.526,H,NA,R,N,3,0,1,2,A,-,08,22107,NA,F,B,C,A,B,H,-,D,D,0,NA,NA,NA,NA,Y,NA,-,99,0,1,0,0,0,0,0,0,0,-,-,34.13549041748047,-118.00773620605467,LOS ANGELES,MONROVIA,-118.00767517089844,34.135658264160156
92314703,2024,2024-02-15,9580,2024-02-07,1637,021966,NA,3,2,7,1942,0,1,1,NA,2,404,I-405 SB FROM BURBANK BLVD.,BURBANK BLVD,250,S,N,B,-,Y,NA,NA,NA,NA,NA,NA,NA,NA,NA,N,4,0,1,2,A,-,03,22350,NA,M,C,C,A,A,H,-,A,D,0,NA,NA,NA,NA,Y,NA,A,01,0,0,1,0,0,0,0,0,0,-,-,34.171321868896484,-118.46817779541016,LOS ANGELES,LOS ANGELES,-118.46817779541016,34.171321868896484
92314706,2024,2024-02-15,9580,2024-02-07,1755,022746,NA,3,2,7,1942,0,1,3,NA,2,116,SR-118 E/B (RONALD REAGAN FWY.) FROM RESEDA BLVD.,RESEDA BLVD,20,E,N,C,-,Y,NA,NA,NA,NA,NA,NA,NA,NA,NA,N,4,0,1,2,A,-,08,22107,NA,N,B,C,A,B,H,-,D,D,0,NA,NA,NA,NA,Y,NA,I,09,0,0,1,0,0,0,0,0,0,-,-,34.27471160888672,-118.53594207763672,LOS ANGELES,LOS ANGELES,-118.53594207763672,34.27471160888672
92314711,2024,2024-02-15,9580,2024-02-07,1800,022573,NA,3,2,7,1942,0,1,2,NA,2,104,US-101 N/B (VENTURA FREEWAY),TOPANGA CANYON BLVD,1320,S,N,C,-,Y,LA,NA,101,NA,NA,25.089,H,NA,R,N,4,0,1,2,A,-,03,22350,NA,N,C,C,A,B,H,-,D,D,0,NA,NA,NA,NA,Y,NA,A,01,0,0,1,0,0,0,0,0,0,-,-,34.170188903808594,-118.60137939453124,LOS ANGELES,LOS ANGELES,-118.60138702392578,34.17015838623047
92314715,2024,2024-02-15,9580,2024-02-08,1126,023500,NA,4,1,7,1942,0,1,2,NA,2,102,US-101 N/B (VENTURA FREEWAY),HAYVENHURST AVE,350,S,N,A,-,Y,LA,NA,101,NA,NA,18.534,H,NA,R,N,4,0,1,1,A,-,08,22107,NA,N,F,I,A,A,H,-,A,D,0,NA,NA,NA,Y,Y,NA,F,26,0,0,1,0,0,0,0,0,0,-,-,34.16537857055664,-118.49095153808594,LOS ANGELES,LOS ANGELES,-118.49095916748048,34.165306091308594
92314720,2024,2024-02-15,9530,2024-02-05,1610,023590,NA,1,2,9,1900,0,3,5,NA,2,002,ALAMEDA ST. (12300 BLOCK),E 124TH ST,0,NA,Y,A,-,N,NA,NA,NA,NA,NA,NA,NA,NA,NA,N,4,0,1,2,A,-,09,21801,A,N,A,C,A,B,H,-,A,A,0,NA,NA,NA,NA,Y,NA,A,01,0,0,1,0,0,0,0,0,0,-,-,33.919830322265625,-118.22409057617188,LOS ANGELES,UNINCORPORATED,-118.22413635253906,33.91975784301758
92314725,2024,2024-02-15,9565,2024-02-13,2020,021706,NA,2,2,7,1942,0,1,1,NA,2,064,I-405 N/B (SAN DIEGO FREEWAY),CHURCH LN,1000,N,N,A,-,Y,LA,NA,405,NA,NA,33.412,H,NA,R,Y,3,0,2,2,A,-,03,22350,NA,N,C,C,A,A,H,-,C,D,0,NA,NA,NA,NA,Y,NA,A,01,0,2,0,0,0,0,0,0,0,-,-,34.07796859741211,-118.47042846679688,LOS ANGELES,LOS ANGELES,-118.47048950195313,34.07793426513672
92314728,2024,2024-02-15,9565,2024-02-09,850,021372,NA,5,1,7,1942,0,1,1,NA,2,063,I-405 NORTHBOUND (SAN DIEGO FREEWAY),MONTANA AVENUE,95,S,N,A,-,Y,LA,NA,405,NA,NA,32.484,H,NA,R,N,4,0,2,2,D,-,00,NA,NA,N,C,2,A,A,H,-,A,D,0,NA,NA,NA,NA,Y,NA,-,-,0,0,2,0,0,0,0,0,0,-,-,34.06690979003906,-118.46121978759766,LOS ANGELES,LOS ANGELES,-118.4613037109375,34.066856384277344
92314731,2024,2024-02-15,9565,2024-02-13,1410,021706,NA,2,2,7,1942,0,1,1,NA,2,064,I-405 S/B (SAN DIEGO FREEWAY),SKIRBALL CENTER DR,50,S,N,A,-,Y,LA,NA,405,NA,NA,36.698,H,NA,L,Y,4,0,1,2,A,-,03,22350,NA,N,C,C,A,A,H,-,A,D,0,NA,NA,NA,NA,Y,NA,A,07,0,0,1,0,0,0,0,0,0,-,-,34.12248992919922,-118.47881317138672,LOS ANGELES,LOS ANGELES,-118.4788055419922,34.12248992919922
92314733,2024,2024-02-15,9550,2024-01-25,2100,022631,NA,4,2,9,1900,0,2,4,NA,1,031,HACIENDA BLVD. SB,TETLEY ST.,25,N,N,B,-,N,NA,NA,NA,NA,NA,NA,NA,NA,NA,N,4,0,1,2,A,-,03,22350,NA,F,C,C,A,A,H,-,C,A,0,NA,NA,NA,NA,Y,NA,-,99,0,0,1,0,0,0,0,0,0,-,-,33.99312973022461,-117.96875,LOS ANGELES,UNINCORPORATED,-117.96875762939452,33.993038177490234
92314738,2024,2024-02-15,9575,2024-02-06,520,023236,NA,2,3,7,1942,0,1,1,NA,2,061,I-210 W/B (FOOTHILL FREEWAY),CHRISTY AVENUE,865,W,N,B,C,Y,LA,NA,210,NA,R,8.929,H,NA,L,N,4,0,2,2,A,-,03,22350,NA,N,E,8,A,B,H,-,D,D,0,NA,NA,NA,NA,Y,NA,A,07,0,0,2,0,0,0,0,0,0,-,-,34.27333068847656,-118.36189270019533,LOS ANGELES,LOS ANGELES,-118.36187744140624,34.27342987060547
92314779,2024,2024-07-18,9535,2024-01-12,715,022719,NA,5,1,9,1900,0,1,1,NA,2,072,I-710 N/B (LONG BEACH FREEWAY),OLYMPIC BLVD.,859,S,N,A,-,Y,LA,NA,710,NA,NA,23.027,H,NA,R,N,4,0,1,7,A,-,04,21703,NA,N,C,C,A,A,H,-,A,D,0,NA,NA,NA,NA,Y,NA,A,07,0,0,1,0,0,0,0,0,0,-,-,34.012908935546875,-118.17227172851564,LOS ANGELES,UNINCORPORATED,-118.17225646972656,34.012908935546875
92314794,2024,2024-02-15,9540,2024-02-03,1455,023400,NA,6,2,9,1900,0,2,4,NA,1,201,SIERRA HWY S/B,ROWHER CANYON RD,1700,N,N,B,-,N,NA,NA,NA,NA,NA,NA,NA,NA,NA,Y,4,0,1,1,A,-,08,22107,NA,N,E,J,A,A,H,-,A,D,0,NA,NA,NA,NA,Y,NA,A,01,0,0,1,0,0,0,0,0,0,-,-,34.50373077392578,-118.37592315673828,LOS ANGELES,UNINCORPORATED,NA,NA
92314797,2024,2024-02-15,9530,2024-02-06,2350,023511,NA,2,3,7,1941,0,1,1,NA,2,071,I-710 S/B (LONG BEACH FREEWAY),DEL AMO BLVD.,2957,N,N,A,-,Y,LA,NA,710,NA,NA,11.398,H,NA,L,Y,3,0,3,4,A,-,03,22350,NA,N,C,C,A,B,H,-,C,D,0,NA,NA,NA,Y,Y,NA,D,22,0,2,1,0,0,0,0,0,0,-,-,33.85477828979492,-118.20423889160156,LOS ANGELES,LONG BEACH,-118.20424652099608,33.85478210449219
92314801,2024,2024-02-15,9540,2024-02-05,1715,022492,NA,1,2,6,1985,0,1,3,NA,2,147,SR-14 SB,AGUA DULCE CYN RD,1300,N,N,C,-,Y,LA,NA,14,NA,NA,40.128,H,NA,L,Y,4,0,1,2,A,-,03,22350,NA,N,B,2,A,B,H,-,B,D,0,NA,NA,NA,NA,Y,NA,A,01,0,0,1,0,0,0,0,0,0,-,-,34.467018127441406,-118.32530212402344,LOS ANGELES,SANTA CLARITA,-118.32530212402344,34.467018127441406
92314803,2024,2024-02-15,9540,2024-02-07,200,023639,NA,3,3,7,1942,0,1,1,NA,2,500,I-5 NB,SAN FERNANDO MISSION BLVD,100,S,N,B,-,Y,LA,NA,5,NA,NA,40.184,H,NA,R,N,3,0,1,2,A,-,08,22107,NA,N,C,C,A,A,H,-,E,D,0,NA,NA,NA,NA,Y,NA,A,01,0,1,0,0,0,0,0,0,0,-,-,34.2761116027832,-118.4521484375,LOS ANGELES,LOS ANGELES,-118.45213317871094,34.276123046875
92314806,2024,2024-02-15,9530,2024-02-04,2120,023030,NA,7,2,7,1941,0,1,1,NA,2,430,I-405 N/B (SAN DIEGO FREEWAY),I-605,1110,N,N,B,C,Y,LA,NA,405,NA,NA,0.1,H,NA,R,Y,4,0,1,2,A,-,03,22350,NA,N,E,I,A,B,H,-,C,D,0,NA,NA,NA,NA,Y,NA,A,01,0,0,1,0,0,0,0,0,0,-,-,33.78689956665039,-118.09446716308594,LOS ANGELES,LONG BEACH,-118.09441375732422,33.78695297241211
92314814,2024,2024-05-10,9530,2024-02-05,545,023455,NA,1,3,9,1900,0,1,1,NA,2,120,I-110 S/B (HARBOR FREEWAY),CARSON ST,150,S,N,C,-,Y,LA,NA,110,NA,NA,6.982,H,NA,L,Y,4,0,1,2,A,-,03,22350,NA,N,D,C,A,B,F,-,D,D,0,NA,NA,NA,Y,Y,NA,A,07,0,0,1,0,0,0,0,0,0,-,-,33.83110809326172,-118.28751373291016,LOS ANGELES,UNINCORPORATED,-118.28749084472656,33.83110809326172
92314822,2024,2024-02-15,9575,2024-02-06,1024,023227,NA,2,1,6,1925,0,1,1,NA,2,062,I-210 E/B (FOOTHILL FREEWAY),NEW YORK AVE,550,W,N,B,C,Y,LA,NA,210,NA,R,16.371,H,NA,R,Y,4,0,2,1,A,-,03,22350,NA,N,E,8,A,B,H,-,A,D,0,NA,NA,NA,NA,Y,NA,A,07,0,0,2,0,0,0,0,0,0,-,-,34.226680755615234,-118.25456237792967,LOS ANGELES,GLENDALE,-118.25462341308594,34.22660446166992
92314856,2024,2024-02-15,9565,2024-02-13,1250,015275,NA,2,1,7,1942,0,1,1,NA,2,064,I-405 N/B,BEL AIR CREST ROAD,528,S,N,A,-,Y,LA,NA,405,NA,NA,35.669,H,NA,R,N,4,0,1,3,A,-,03,22350,NA,N,C,C,A,A,H,-,A,D,0,NA,NA,NA,Y,Y,NA,F,26,0,0,1,0,0,0,0,0,0,-,-,34.1086311340332,-118.4801788330078,LOS ANGELES,LOS ANGELES,-118.480224609375,34.10860824584961
92314878,2024,2024-02-15,9530,2024-02-05,150,023235,NA,1,3,7,1941,0,1,1,NA,2,071,I-710 N/B (LONG BEACH FREEWAY),DEL AMO BLVD.,300,N,N,C,-,Y,LA,NA,710,NA,NA,11.098,H,NA,R,Y,4,0,2,2,A,-,03,22350,NA,F,C,2,A,B,H,-,D,D,0,NA,NA,NA,NA,Y,NA,-,99,0,0,2,0,0,0,0,0,0,-,-,33.850440979003906,-118.20510864257813,LOS ANGELES,LONG BEACH,-118.20510864257813,33.850440979003906
92314920,2024,2024-02-15,9540,2024-02-05,230,022674,NA,1,3,9,1900,0,1,3,NA,2,146,STATE ROUTE 14,SOLEDAD CANYON RD,6811,N,N,C,-,Y,LA,NA,14,NA,NA,37.008,H,NA,R,Y,3,0,1,1,C,-,18,NA,NA,N,E,9,A,B,H,-,D,D,0,NA,NA,NA,Y,Y,NA,-,-,0,1,0,0,0,0,0,0,0,-,-,34.44147872924805,-118.36576080322266,LOS ANGELES,UNINCORPORATED,-118.3657684326172,34.44148635864258
92314923,2024,2024-02-15,9530,2024-02-03,100,022852,NA,6,3,7,1941,0,1,1,NA,2,072,I-710 S/B (LONG BEACH FREEWAY),UNION PACIFIC RAILROAD,10,S,N,B,-,Y,NA,NA,NA,NA,NA,NA,NA,NA,NA,Y,3,0,1,2,A,-,01,23152,A,N,C,C,A,A,H,-,C,D,0,NA,NA,NA,NA,Y,Y,A,07,0,1,0,0,0,0,0,0,0,-,-,NA,NA,LOS ANGELES,LONG BEACH,NA,NA
92314940,2024,2024-02-15,9580,2024-02-13,734,023607,NA,2,1,7,1942,0,1,2,NA,2,104,US-101 N/B (VENTURA FREEWAY),SR-27 (TOPANGA CANYON BLVD.),900,E,N,A,-,Y,LA,NA,101,NA,NA,25.165,H,NA,R,N,4,0,4,3,A,-,03,22350,NA,N,C,C,A,A,H,-,A,D,0,NA,NA,NA,NA,Y,NA,D,22,0,0,4,0,0,0,0,0,0,-,-,34.17039108276367,-118.60267639160156,LOS ANGELES,LOS ANGELES,-118.60268402099608,34.17035675048828
92314969,2024,2024-02-15,9535,2024-02-05,2200,021381,NA,1,3,9,1900,0,2,4,NA,2,024,WHITTIER BLVD.,DITMAN AVE.,0,NA,Y,C,-,N,NA,NA,NA,NA,NA,NA,NA,NA,NA,N,2,0,1,2,A,-,11,21954,A,N,G,B,B,B,H,-,C,A,0,Y,NA,NA,NA,Y,NA,N,60,1,0,0,0,1,0,0,0,0,-,-,34.023868560791016,-118.1894073486328,LOS ANGELES,UNINCORPORATED,-118.18927764892578,34.02392578125
92314981,2024,2024-02-15,9575,2024-02-04,735,023072,NA,7,1,7,1942,0,1,1,NA,2,052,I-5 S/B (GOLDEN STATE FREEWAY),SUNLAND BOULEVARD,70,N,N,B,-,Y,LA,NA,5,NA,NA,33.701,H,NA,L,N,4,0,1,2,A,-,08,22107,NA,N,B,C,A,A,H,-,A,D,0,NA,NA,NA,NA,Y,NA,A,07,0,0,1,0,0,0,0,0,0,-,-,34.22201156616211,-118.36710357666016,LOS ANGELES,LOS ANGELES,-118.36710357666016,34.22195816040039
92315003,2024,2024-02-15,9575,2024-02-04,1840,023413,NA,7,2,6,1953,0,1,1,NA,2,063,I-210 W/B (FOOTHILL FREEWAY),ARROYO BLVD,65,W,N,B,C,Y,LA,NA,210,NA,R,22.468,H,NA,L,Y,3,0,2,1,A,-,03,22350,NA,N,E,9,A,B,H,-,C,D,0,NA,NA,NA,NA,Y,NA,A,01,0,2,0,0,0,0,0,0,0,-,-,34.18159103393555,-118.16931915283205,LOS ANGELES,PASADENA,-118.16935729980467,34.18153762817383
92315016,2023,2024-02-15,9545,2023-12-06,645,021360,NA,3,1,9,1900,0,3,5,NA,2,003,SANTIAGO ROAD,STALLION MEADOW TRAIL,235,N,N,A,-,N,NA,NA,NA,NA,NA,NA,NA,NA,NA,Y,1,1,0,1,A,-,03,22350,NA,N,E,9,A,A,H,-,A,D,0,NA,NA,NA,NA,Y,NA,D,22,0,0,0,0,0,0,0,0,0,-,-,34.485321044921875,-118.16423797607422,LOS ANGELES,UNINCORPORATED,-118.164306640625,34.485321044921875
92315046,2024,2024-02-15,9525,2024-02-13,1050,015445,NA,2,1,9,1900,0,3,5,NA,2,004,FRANCISQUITO AVE.,ORANGE AVE.,0,NA,Y,A,-,N,NA,NA,NA,NA,NA,NA,NA,NA,NA,Y,4,0,1,2,A,-,09,21801,A,N,A,C,A,A,H,-,A,A,0,NA,NA,NA,NA,Y,NA,A,01,0,0,1,0,0,0,0,0,0,-,-,34.057308197021484,-117.95892333984376,LOS ANGELES,UNINCORPORATED,-117.95883178710938,34.05733108520508
92315074,2024,2024-02-15,9575,2024-02-08,1015,023016,NA,4,1,6,1912,0,1,1,NA,2,052,I-5 S/B (GOLDEN STATE FREEWAY),COHASSET ST,735,N,N,A,-,Y,LA,NA,5,NA,NA,32.017,H,NA,L,N,4,0,2,3,A,-,03,22350,NA,M,C,C,A,A,H,-,A,D,0,NA,NA,NA,NA,Y,NA,-,99,0,0,2,0,0,0,0,0,0,-,-,34.20835876464844,-118.34465789794922,LOS ANGELES,BURBANK,-118.34461212158205,34.2083854675293
92315092,2024,2024-02-15,9530,2024-01-31,1501,023652,NA,3,2,9,1900,0,3,5,NA,2,001,58TH PLACE (1300 BLOCK),HOOPER,360,E,N,A,-,N,NA,NA,NA,NA,NA,NA,NA,NA,NA,N,3,0,1,3,A,-,08,22107,NA,N,A,E,A,A,H,-,A,D,0,NA,NA,NA,NA,Y,NA,A,01,0,1,0,0,0,0,0,0,0,-,-,33.98857879638672,-118.2507095336914,LOS ANGELES,UNINCORPORATED,-118.25093841552734,33.98860168457031
92315105,2024,2024-02-15,9535,2024-01-13,1210,019857,NA,6,1,9,1900,0,1,1,NA,2,500,I-5,EASTMAN AVE. PED OVERCOSSING,322,N,N,A,-,Y,LA,NA,5,NA,NA,14.628,H,NA,R,N,3,0,1,2,A,-,08,22107,NA,N,E,I,A,A,H,-,A,D,0,NA,NA,NA,NA,Y,NA,A,01,0,1,0,0,0,0,0,0,0,-,-,34.02019119262695,-118.18656158447266,LOS ANGELES,UNINCORPORATED,-118.18656158447266,34.020240783691406
92315109,2024,2024-02-15,9575,2024-02-06,712,022526,NA,2,1,7,1942,0,1,3,NA,2,041,SR-134 W/B (VENTURA FREEWAY) TO SR-2 W/B (GLENDALE,COLORADO STREET,83,S,N,B,C,Y,LA,NA,2,NA,R,18.507,H,NA,L,N,4,0,2,2,A,-,08,22107,NA,N,E,I,A,B,H,-,A,D,0,NA,NA,NA,NA,Y,NA,A,01,0,0,2,0,0,0,0,0,0,-,-,34.14241027832031,-118.22786712646484,LOS ANGELES,LOS ANGELES,-118.22769165039064,34.14237594604492