CASE_ID,ACCIDENT_YEAR,PROC_DATE,JURIS,COLLISION_DATE,COLLISION_TIME,OFFICER_ID,REPORTING_DISTRICT,DAY_OF_WEEK,CHP_SHIFT,POPULATION,CNTY_CITY_LOC,SPECIAL_COND,BEAT_TYPE,CHP_BEAT_TYPE,CITY_DIVISION_LAPD,CHP_BEAT_CLASS,BEAT_NUMBER,PRIMARY_RD,SECONDARY_RD,DISTANCE,DIRECTION,INTERSECTION,WEATHER_1,WEATHER_2,STATE_HWY_IND,CALTRANS_COUNTY,CALTRANS_DISTRICT,STATE_ROUTE,ROUTE_SUFFIX,POSTMILE_PREFIX,POSTMILE,LOCATION_TYPE,RAMP_INTERSECTION,SIDE_OF_HWY,TOW_AWAY,COLLISION_SEVERITY,NUMBER_KILLED,NUMBER_INJURED,PARTY_COUNT,PRIMARY_COLL_FACTOR,PCF_CODE_OF_VIOL,PCF_VIOL_CATEGORY,PCF_VIOLATION,PCF_VIOL_SUBSECTION,HIT_AND_RUN,TYPE_OF_COLLISION,MVIW,PED_ACTION,ROAD_SURFACE,ROAD_COND_1,ROAD_COND_2,LIGHTING,CONTROL_DEVICE,CHP_ROAD_TYPE,PEDESTRIAN_ACCIDENT,BICYCLE_ACCIDENT,MOTORCYCLE_ACCIDENT,TRUCK_ACCIDENT,NOT_PRIVATE_PROPERTY,ALCOHOL_INVOLVED,STWD_VEHTYPE_AT_FAULT,CHP_VEHTYPE_AT_FAULT,COUNT_SEVERE_INJ,COUNT_VISIBLE_INJ,COUNT_COMPLAINT_PAIN,COUNT_PED_KILLED,COUNT_PED_INJURED,COUNT_BICYCLIST_KILLED,COUNT_BICYCLIST_INJURED,COUNT_MC_KILLED,COUNT_MC_INJURED,PRIMARY_RAMP,SECONDARY_RAMP,LATITUDE,LONGITUDE,COUNTY,CITY,POINT_X,POINT_Y
92315826,2024,2024-02-16,9580,2024-02-11,430,022561,NA,7,3,7,1942,0,1,2,NA,2,105,US-101 S/B (VENTURA FREEWAY),DE SOTO AVE,110,N,N,A,-,Y,LA,NA,101,NA,NA,24.348,H,NA,L,Y,2,0,1,1,A,-,01,23152,A,N,E,I,A,A,H,-,C,D,0,NA,NA,NA,NA,Y,Y,A,01,1,0,0,0,0,0,0,0,0,-,-,34.167930603027344,-118.58869934082033,LOS ANGELES,LOS ANGELES,-118.58868408203124,34.16801071166992
92315827,2024,2024-02-16,9550,2024-02-02,925,023172,NA,5,1,9,1900,0,1,3,NA,2,602,STATE ROUTE 60,FAIRWAY DRIVE,1000,W,N,A,-,Y,LA,NA,60,NA,R,21.21,H,NA,R,N,4,0,1,2,A,-,08,22107,NA,F,C,C,A,A,H,-,D,D,0,NA,NA,NA,NA,Y,NA,-,99,0,0,1,0,0,0,0,0,0,-,-,33.99549865722656,-117.87516021728516,LOS ANGELES,UNINCORPORATED,-117.87515258789064,33.99546432495117
92315841,2024,2024-02-16,9580,2024-02-08,130,022566,NA,4,3,7,1942,0,1,3,NA,2,114,SR-118 E/B FROM SEPULVEDA BLVD,SEPULVEDA BLVD,125,E,N,B,-,Y,NA,NA,NA,NA,NA,NA,NA,NA,NA,N,4,0,2,2,A,-,08,22107,NA,M,B,C,A,A,H,-,C,D,0,NA,NA,NA,NA,Y,NA,-,99,0,0,2,0,0,0,0,0,0,-,-,34.2654914855957,-118.46672821044922,LOS ANGELES,LOS ANGELES,-118.46672821044922,34.2654914855957
92315862,2024,2024-02-16,9550,2024-01-24,539,020014,NA,3,3,6,1949,0,1,1,NA,2,500,INTERSTATE 5 SB,NORWALK  BLVD,1700,N,N,C,-,Y,LA,NA,5,NA,NA,4.777,H,NA,L,Y,2,0,1,1,A,-,08,22107,NA,F,E,I,A,B,H,-,D,D,0,NA,NA,NA,NA,Y,NA,-,99,1,0,0,0,0,0,0,0,0,-,-,33.915191650390625,-118.07850646972656,LOS ANGELES,NORWALK,-118.07843017578124,33.915245056152344
92315932,2024,2024-02-16,9530,2024-01-28,1400,023382,NA,7,2,9,1900,0,3,5,NA,2,003,COMPTON AVE.,LIME ST,0,NA,Y,A,-,N,NA,NA,NA,NA,NA,NA,NA,NA,NA,Y,4,0,1,2,D,-,00,NA,NA,N,D,C,A,A,C,-,A,D,0,NA,NA,Y,NA,Y,NA,-,-,0,0,1,0,0,0,0,0,1,-,-,33.89616012573242,-118.19229125976564,LOS ANGELES,UNINCORPORATED,-118.19227600097656,33.89617919921875
92315966,2024,2024-08-12,9565,2024-02-06,1630,016545,NA,2,2,9,1900,0,2,4,NA,1,032,SLAUSON AVENUE,CORNING AVENUE,0,NA,Y,C,-,N,NA,NA,NA,NA,NA,NA,NA,NA,NA,Y,4,0,1,2,A,-,12,21453,A,N,B,C,A,B,H,-,A,A,0,NA,NA,NA,NA,Y,NA,A,01,0,0,1,0,0,0,0,0,0,-,-,33.9880485534668,-118.3732681274414,LOS ANGELES,UNINCORPORATED,-118.37325286865234,33.987762451171875
92315998,2024,2024-02-16,9545,2024-02-08,710,023663,NA,4,1,9,1900,0,2,4,NA,1,025,SAN FRANCISQUITO CANYON RD,CALLE EL PARADO,5500,S,N,A,-,N,NA,NA,NA,NA,NA,NA,NA,NA,NA,Y,3,0,2,2,A,-,03,22350,NA,N,A,C,A,B,H,-,B,D,0,NA,NA,NA,NA,Y,NA,A,01,0,1,1,0,0,0,0,0,0,-,-,34.61117172241211,-118.4385986328125,LOS ANGELES,UNINCORPORATED,-118.43433380126952,34.61310958862305
9231600,2021,2021-03-30,1976,2021-02-19,1143,442,NA,5,5,3,1964,0,0,0,NA,0,003,CARMENITA RD,RT 5 S,0,NA,Y,A,-,Y,LA,7,5,-,-,2.232,R,4,S,Y,3,0,1,2,D,-,00,NA,NA,N,D,C,A,A,H,-,A,A,0,NA,NA,NA,NA,Y,NA,-,-,0,1,0,0,0,0,0,0,0,-,-,NA,NA,LOS ANGELES,SANTA FE SPRINGS,-118.04402160644533,33.892189025878906
92316003,2024,2024-02-16,9565,2024-02-09,810,023660,NA,5,1,9,1900,0,3,5,NA,2,005,VIA MARINA,MARQUESAS WAY,0,NA,Y,B,-,N,NA,NA,NA,NA,NA,NA,NA,NA,NA,Y,3,0,2,2,A,-,09,21801,A,N,D,C,A,A,H,-,A,A,0,NA,NA,NA,NA,Y,NA,A,07,0,2,0,0,0,0,0,0,0,-,-,33.9764518737793,-118.4591064453125,LOS ANGELES,UNINCORPORATED,-118.4591827392578,33.976402282714844
92316029,2024,2024-02-16,9530,2024-02-06,1220,022687,NA,2,1,9,1900,0,1,1,NA,2,120,I-110 S/B (HARBOR FREEWAY),HARRY BRIDGES BLVD.,1056,S,N,B,C,Y,LA,NA,110,NA,NA,2.556,H,NA,L,Y,4,0,1,2,A,-,08,22107,NA,N,D,C,A,B,H,-,A,D,0,NA,NA,NA,NA,Y,NA,A,01,0,0,1,0,0,0,0,0,0,-,-,33.76887130737305,-118.28125762939452,LOS ANGELES,UNINCORPORATED,-118.28125762939452,33.76886749267578
92316033,2024,2024-02-16,9530,2024-02-06,1645,022292,NA,2,2,6,1972,0,1,1,NA,2,400,INTERSTATE 405 S/B FROM ARTESIA BOULEVARD,ARTESIA BOULEVARD,200,S,N,B,-,Y,NA,NA,NA,NA,NA,NA,NA,NA,NA,Y,4,0,1,1,A,-,08,22107,NA,N,E,I,A,B,H,-,A,D,0,NA,NA,NA,NA,Y,NA,D,22,0,0,1,0,0,0,0,0,0,-,-,33.87133026123047,-118.34210205078124,LOS ANGELES,TORRANCE,-118.34210205078124,33.87133026123047
92316037,2024,2024-02-16,9530,2024-02-06,1050,023590,NA,2,1,9,1900,0,3,5,NA,2,001,ALAMEDA ST. (8200 BLOCK),83RD ST,220,N,N,C,-,N,NA,NA,NA,NA,NA,NA,NA,NA,NA,N,4,0,1,2,A,-,07,21658,A,M,B,C,A,B,H,-,A,D,0,NA,NA,NA,NA,Y,NA,-,99,0,0,1,0,0,0,0,0,0,-,-,33.963619232177734,-118.23233032226564,LOS ANGELES,UNINCORPORATED,-118.23235321044922,33.96356201171875
92316038,2024,2024-02-16,9575,2024-02-09,1209,022998,NA,5,1,7,1942,0,1,3,NA,2,043,SR-134 E/B (VENTURA FREEWAY),RIVERSIDE DR.,2114,W,N,A,-,Y,LA,NA,134,NA,NA,4.407,H,NA,R,Y,4,0,1,2,A,-,03,22350,NA,N,C,C,A,A,H,-,A,D,0,NA,NA,NA,NA,Y,NA,A,01,0,0,1,0,0,0,0,0,0,-,-,34.15626907348633,-118.30088043212892,LOS ANGELES,LOS ANGELES,-118.30088806152344,34.156219482421875
92316060,2024,2024-02-16,9530,2024-02-06,1320,020938,NA,2,1,9,1900,0,3,5,NA,2,001,ALAMEDA ST.,MANCHESTER AVE,0,NA,Y,C,-,N,NA,NA,NA,NA,NA,NA,NA,NA,NA,Y,3,0,2,2,A,-,12,21453,A,N,D,C,A,A,H,-,A,A,0,NA,NA,NA,NA,Y,NA,A,01,0,1,1,0,0,0,0,0,0,-,-,33.960289001464844,-118.23168182373048,LOS ANGELES,UNINCORPORATED,-118.23159790039064,33.960121154785156
92316087,2023,2024-02-16,9530,2023-12-26,855,018270,NA,2,1,9,1900,0,3,5,NA,2,006,NORMANDIE AVE,228TH ST.,0,NA,Y,B,-,N,NA,NA,NA,NA,NA,NA,NA,NA,NA,Y,4,0,1,2,A,-,12,21453,A,N,D,C,A,A,H,-,A,A,0,NA,NA,NA,NA,Y,NA,A,01,0,0,1,0,0,0,0,0,0,-,-,33.819061279296875,-118.29827880859376,LOS ANGELES,UNINCORPORATED,-118.29817199707033,33.8189582824707
92316101,2024,2024-02-16,9525,2024-02-14,1427,022569,NA,3,2,6,1955,0,1,1,NA,2,110,I-10 E/B (SAN BERNARDINO FWY),TOWNE AVE,500,W,N,A,-,Y,LA,NA,10,NA,NA,46.155,H,NA,R,N,4,0,1,2,A,-,03,22350,NA,N,C,C,A,A,H,-,A,D,0,NA,NA,NA,Y,Y,NA,F,26,0,0,1,0,0,0,0,0,0,-,-,34.076419830322266,-117.74571990966795,LOS ANGELES,POMONA,-117.74574279785156,34.07645797729492
92316138,2024,2024-02-16,9530,2024-02-07,920,021310,NA,3,1,7,1942,0,1,1,NA,2,110,I-110 N/B,ROSECRANS AVE,11088,N,N,A,-,Y,LA,NA,110,NA,NA,12.299,H,NA,R,Y,4,0,1,2,A,-,03,22350,NA,N,C,C,A,A,H,-,A,D,0,NA,NA,NA,NA,Y,NA,A,07,0,0,1,0,0,0,0,0,0,-,-,33.90795135498047,-118.28636169433594,LOS ANGELES,LOS ANGELES,-118.2864990234375,33.90795135498047
92316154,2024,2024-02-16,9530,2024-02-07,1640,021490,NA,3,2,7,1941,0,1,1,NA,2,071,I-710 S/B,DEL AMO BOULEVARD,3168,S,N,A,-,Y,LA,NA,710,NA,NA,10.211,H,NA,L,Y,4,0,1,2,A,-,07,21658,A,N,B,C,A,A,H,-,A,D,0,NA,NA,Y,NA,Y,NA,A,01,0,0,1,0,0,0,0,0,1,-,-,33.83802032470703,-118.20780181884766,LOS ANGELES,LONG BEACH,-118.20783996582033,33.83802795410156
92316163,2024,2024-02-16,9530,2024-02-07,1925,021490,NA,3,2,9,1900,0,3,5,NA,2,002,EL SEGUNDO BOULEVARD,BROADWAY,0,NA,Y,C,-,N,NA,NA,NA,NA,NA,NA,NA,NA,NA,Y,4,0,1,2,A,-,12,21453,A,N,D,C,A,B,H,-,C,A,0,NA,NA,NA,NA,Y,NA,A,07,0,0,1,0,0,0,0,0,0,-,-,33.916439056396484,-118.27838134765624,LOS ANGELES,UNINCORPORATED,-118.27835845947266,33.916419982910156
92316167,2023,2024-02-16,9590,2023-10-22,2008,023266,NA,7,2,7,1942,0,1,1,NA,2,064,I-10 E/B (SANTA MONICA FREEWAY),CENTRAL AVE,500,W,N,A,-,Y,LA,NA,10,NA,NA,16.401,H,NA,R,N,4,0,1,2,A,-,08,22107,NA,M,B,2,A,A,H,-,C,D,0,NA,NA,NA,NA,Y,NA,A,07,0,0,1,0,0,0,0,0,0,-,-,34.02661895751953,-118.25063323974608,LOS ANGELES,LOS ANGELES,-118.25067138671876,34.02656555175781
92316169,2024,2024-02-16,9530,2024-02-07,1725,020548,NA,3,2,9,1900,0,3,5,NA,2,006,VERMONT AVE. (19000 BLOCK),190TH ST,70,S,N,A,-,N,NA,NA,NA,NA,NA,NA,NA,NA,NA,N,4,0,1,3,A,-,03,22350,NA,N,C,C,A,A,H,-,B,A,0,NA,NA,NA,NA,Y,NA,D,22,0,0,1,0,0,0,0,0,0,-,-,33.85853958129883,-118.29051208496094,LOS ANGELES,UNINCORPORATED,-118.29054260253906,33.858638763427734
92316182,2024,2024-02-16,9530,2024-02-07,1525,023643,NA,3,2,9,1900,0,3,5,NA,2,002,E REDONDO BEACH BLVD (15000 BLOCK),SAN PEDRO ST,30,W,N,B,-,N,NA,NA,NA,NA,NA,NA,NA,NA,NA,N,4,0,1,3,A,-,03,22350,NA,N,C,C,A,A,H,-,A,A,0,NA,NA,NA,NA,Y,NA,A,07,0,0,1,0,0,0,0,0,0,-,-,33.893089294433594,-118.26724243164064,LOS ANGELES,UNINCORPORATED,-118.26712036132813,33.8931770324707
92316204,2024,2024-02-16,9530,2024-02-07,520,021310,NA,3,3,5,1977,0,1,1,NA,2,410,I-405 N/B (SAN DIEGO FREEWAY),ALAMEDA STREET,5808,N,N,C,-,Y,LA,NA,405,NA,NA,9.017,H,NA,R,Y,4,0,1,2,A,-,08,22107,NA,N,B,C,A,B,H,-,D,D,0,NA,NA,NA,NA,Y,NA,A,01,0,0,1,0,0,0,0,0,0,-,-,33.825828552246094,-118.23198699951172,LOS ANGELES,CARSON,-118.23198699951172,33.82585144042969
92316235,2024,2024-02-16,9530,2024-02-07,640,023652,NA,3,1,9,1900,0,3,5,NA,2,004,DEL AMO BOULEVARD (700 BLOCK),SUSANA ROAD,140,W,N,A,-,N,NA,NA,NA,NA,NA,NA,NA,NA,NA,N,3,0,1,3,A,-,07,21658,A,N,B,2,A,A,H,-,B,D,0,NA,NA,NA,NA,Y,NA,A,01,0,1,0,0,0,0,0,0,0,-,-,33.84669876098633,-118.20742034912108,LOS ANGELES,UNINCORPORATED,-118.20680236816406,33.8465690612793
92316236,2024,2024-02-16,9575,2024-02-06,1820,022651,NA,2,2,7,1942,0,1,1,NA,2,052,I-5 S/B (GOLDEN STATE FREEWAY),SUNLAND BLVD.,130,N,N,B,C,Y,LA,NA,5,NA,NA,33.714,H,NA,L,Y,3,0,1,1,A,-,03,22350,NA,N,F,I,A,B,H,-,C,D,0,NA,NA,NA,NA,Y,NA,A,07,0,1,0,0,0,0,0,0,0,-,-,34.22187042236328,-118.36734008789064,LOS ANGELES,LOS ANGELES,-118.36733245849608,34.22197341918945
92316242,2024,2024-02-16,9530,2024-02-07,15,022380,NA,3,3,9,1900,0,3,5,NA,2,001,SLAUSON AVE. (1300 BLOCK),HOOPER AVE.,90,E,N,A,-,N,NA,NA,NA,NA,NA,NA,NA,NA,NA,Y,3,0,1,2,A,-,09,21801,A,N,D,C,A,A,H,-,C,D,0,NA,NA,NA,NA,Y,NA,D,22,0,1,0,0,0,0,0,0,0,-,-,33.98929977416992,-118.25174713134766,LOS ANGELES,UNINCORPORATED,-118.25182342529295,33.98931884765625
92316243,2024,2024-02-16,9550,2024-02-08,725,018187,NA,4,1,9,1900,0,2,4,NA,1,012,SLAUSON AVE,ALBURTIS AVE,0,NA,Y,B,-,N,NA,NA,NA,NA,NA,NA,NA,NA,NA,N,2,0,1,2,A,-,03,22350,NA,N,D,B,B,A,H,-,A,A,0,Y,NA,NA,NA,Y,NA,A,08,1,0,0,0,1,0,0,0,0,-,-,33.965511322021484,-118.07585144042967,LOS ANGELES,UNINCORPORATED,-118.07592010498048,33.96554946899414
92316252,2024,2024-02-16,9530,2024-02-07,315,022454,NA,3,3,9,1900,0,3,5,NA,2,001,FLORENCE AVE. (2400 BLOCK),SANTA FE AVE.,200,E,N,B,-,N,NA,NA,NA,NA,NA,NA,NA,NA,NA,Y,4,0,1,2,A,-,01,23152,A,M,B,E,A,B,H,-,C,D,0,NA,NA,NA,NA,Y,Y,A,07,0,0,1,0,0,0,0,0,0,-,-,33.97459030151367,-118.2294921875,LOS ANGELES,UNINCORPORATED,-118.22963714599608,33.97466278076172
9231626,2021,2021-03-26,1942,2021-03-15,1650,42364,1257,1,5,7,1942,0,0,0,L,0,12A57,77TH ST,BROADWAY,307,W,N,A,-,N,NA,NA,NA,NA,NA,NA,NA,NA,NA,N,3,0,1,2,-,-,-,NA,NA,N,D,C,A,A,H,-,A,D,0,NA,NA,Y,NA,Y,NA,C,06,0,1,0,0,0,0,0,0,1,-,-,NA,NA,LOS ANGELES,LOS ANGELES,-118.27931213378906,33.96982955932617
92316264,2024,2024-02-16,9535,2024-02-07,1805,023443,NA,3,2,3,1914,0,1,1,NA,2,500,I-5 N/B (SANTA ANA FREEWAY),I-710 (LONG BEACH FREEWAY),1289,S,N,B,-,Y,LA,NA,5,NA,NA,13.483,H,NA,R,N,4,0,1,2,A,-,03,22350,NA,N,C,C,A,A,H,-,C,D,0,NA,NA,NA,NA,Y,NA,A,07,0,0,1,0,0,0,0,0,0,-,-,34.014530181884766,-118.16819763183594,LOS ANGELES,COMMERCE,-118.16817474365234,34.01457595825195
92316267,2024,2024-02-16,9550,2024-02-11,1145,022167,NA,7,1,6,1920,0,1,1,NA,2,500,I-5 N/B,LAKEWOOD BOULEVARD,615,S,N,A,-,Y,LA,NA,5,NA,NA,8.177,H,NA,R,N,4,0,1,2,A,-,03,22350,NA,N,C,C,A,A,H,-,A,D,0,NA,NA,NA,NA,Y,NA,A,01,0,0,1,0,0,0,0,0,0,-,-,33.95671844482422,-118.11000061035156,LOS ANGELES,DOWNEY,-118.11001586914064,33.956703186035156
9231627,2021,2021-03-26,1942,2021-03-16,1924,37618,0526,2,5,7,1942,0,0,0,E,0,25T33,N FRIES AV,ANAHEIM ST,13,E,N,A,-,N,NA,NA,NA,NA,NA,NA,NA,NA,NA,N,4,0,1,2,A,-,21,22106,NA,N,G,B,A,A,H,-,C,D,0,NA,Y,NA,NA,Y,NA,J,48,0,0,1,0,0,0,1,0,0,-,-,NA,NA,LOS ANGELES,LOS ANGELES,-118.26508331298828,33.77978515625
92316272,2024,2024-02-16,9525,2024-02-01,835,018997,NA,4,1,4,1913,0,1,1,NA,2,109,I-10 W/B (SAN BERNARDINO FWY),INDIAN HILL BLVD,1800,W,N,C,-,Y,LA,NA,10,NA,NA,47.407,H,NA,L,N,3,0,1,3,A,-,08,22107,NA,N,B,2,A,B,H,-,A,D,0,NA,NA,NA,NA,Y,NA,A,07,0,1,0,0,0,0,0,0,0,-,-,34.08185958862305,-117.72518157958984,LOS ANGELES,CLAREMONT,-117.72517395019533,34.08174514770508
92316291,2024,2024-02-16,9530,2024-02-08,650,017755,NA,4,1,9,1900,0,3,5,NA,2,001,I-110 N/B TO I-405 S/B,DEL AMO BLVD.,1729,N,N,A,-,Y,LA,NA,110,NA,NA,8.384,H,NA,R,N,4,0,1,1,A,-,08,22107,NA,N,E,I,A,A,H,-,B,D,0,NA,NA,NA,NA,Y,NA,A,01,0,0,1,0,0,0,0,0,0,-,-,33.85123062133789,-118.28475189208984,LOS ANGELES,UNINCORPORATED,-118.28487396240234,33.85123062133789
9231630,2021,2021-03-29,1900,2021-02-24,0830,519546,2319,3,5,5,1919,0,0,0,NA,0,230T,MOORE ST,SHOEMAKER AVE,1000,E,N,A,-,N,NA,NA,NA,NA,NA,NA,NA,NA,NA,N,4,0,1,2,A,-,08,22102,NA,N,C,C,A,A,H,-,A,D,0,NA,NA,NA,NA,Y,NA,A,07,0,0,1,0,0,0,0,0,0,-,-,NA,NA,LOS ANGELES,CERRITOS,-118.05206298828124,33.88235855102539
9231634,2021,2021-04-06,1900,2021-02-25,1137,609611,1320,4,5,5,1935,0,0,0,NA,0,130W11,DEL AMO BL,RT 19,0,NA,Y,A,-,N,NA,NA,NA,NA,NA,NA,NA,NA,NA,Y,4,0,1,2,A,-,-,NA,NA,N,D,C,A,A,H,-,A,A,0,NA,NA,NA,NA,Y,NA,J,48,0,0,1,0,0,0,0,0,0,-,-,NA,NA,LOS ANGELES,LAKEWOOD,-118.14241790771484,33.84718322753906
92316357,2024,2024-02-16,9550,2024-02-12,1320,018187,NA,1,1,9,1900,0,3,5,NA,2,001,SLAUSON AVE (EASTBOUND),I-605,130,W,N,A,-,N,NA,NA,NA,NA,NA,NA,NA,NA,NA,Y,4,0,1,2,A,-,03,22350,NA,N,C,C,A,A,H,-,A,A,0,NA,NA,NA,NA,Y,NA,A,08,0,0,1,0,0,0,0,0,0,-,-,33.967220306396484,-118.08409881591795,LOS ANGELES,UNINCORPORATED,-118.08370208740234,33.96723175048828
9231636,2021,2021-03-29,1900,2021-02-23,1220,642584,2821,2,5,5,1915,0,0,0,NA,0,283T3,WILLOWBROOK AVE EAST,ROSECRANS AVE,0,NA,Y,A,-,N,NA,NA,NA,NA,NA,NA,NA,NA,NA,Y,4,0,2,2,A,-,12,21453,A,N,D,C,A,A,H,-,A,A,0,NA,NA,NA,NA,Y,NA,A,01,0,0,2,0,0,0,0,0,0,-,-,33.903228759765625,-118.22461700439452,LOS ANGELES,COMPTON,-118.22509002685548,33.90339660644531
92316365,2023,2024-02-16,9535,2023-10-16,1,023351,NA,1,3,6,1922,0,1,1,NA,2,401,I-10 W/B (SAN BERNARDINO FREEWAY),SANTA ANITA AVE,695,E,N,A,-,Y,LA,NA,10,NA,NA,28.822,H,NA,L,Y,2,0,2,2,C,-,18,NA,NA,N,D,C,A,A,H,-,C,D,0,NA,NA,NA,NA,Y,Y,-,-,1,0,1,0,0,0,0,0,0,-,-,34.06861877441406,-118.0397720336914,LOS ANGELES,EL MONTE,-118.03978729248048,34.06855010986328
92316369,2024,2024-02-16,9550,2024-02-12,1255,020025,NA,1,1,9,1900,0,2,4,NA,1,052,COLIMA RD,BANIDA AVE,120,E,N,A,-,N,NA,NA,NA,NA,NA,NA,NA,NA,NA,N,3,0,2,3,A,-,03,22350,NA,N,C,C,A,A,H,-,A,D,0,NA,NA,NA,NA,Y,NA,A,01,0,1,1,0,0,0,0,0,0,-,-,33.98701858520508,-117.88023376464844,LOS ANGELES,UNINCORPORATED,-117.8811264038086,33.98703384399414
92316375,2024,2024-02-16,9550,2024-01-13,1230,022105,NA,6,1,9,1900,0,1,3,NA,2,600,SR-60 W/B (POMONA FWY),HACIENDA BLVD,200,E,N,A,-,Y,LA,NA,60,NA,NA,16.056,H,NA,L,Y,4,0,1,2,A,-,07,21658,A,N,B,2,A,A,H,-,A,D,0,NA,NA,NA,NA,Y,NA,A,01,0,0,1,0,0,0,0,0,0,-,-,34.00642013549805,-117.96254730224608,LOS ANGELES,UNINCORPORATED,-117.96254730224608,34.006431579589844
92316376,2024,2024-02-16,9535,2024-01-02,1355,023354,NA,2,1,5,1943,0,1,1,NA,2,074,I-710 N/B (LONG BEACH FREEWAY),I-105 (CENTURY FREEWAY),149,S,N,A,-,Y,LA,NA,710,NA,R,15.643,H,NA,L,Y,4,0,1,3,A,-,03,22350,NA,N,C,C,A,A,H,-,A,D,0,NA,NA,NA,NA,Y,NA,A,01,0,0,1,0,0,0,0,0,0,-,-,33.912200927734375,-118.1803970336914,LOS ANGELES,LYNWOOD,-118.18031311035156,33.91218566894531
92316377,2024,2024-02-16,9535,2024-01-29,1850,023244,NA,1,2,6,1922,0,1,1,NA,2,400,I-10 E/B (SAN BERNARDINO FREEWAY),SANTA ANITA AVE,500,W,N,A,-,Y,LA,NA,10,NA,NA,28.414,H,NA,R,N,4,0,1,3,A,-,03,22350,NA,N,C,C,A,A,H,-,C,D,0,NA,NA,NA,NA,Y,NA,A,07,0,0,1,0,0,0,0,0,0,-,-,34.069740295410156,-118.04676055908205,LOS ANGELES,EL MONTE,-118.04669189453124,34.06985092163086
92316379,2024,2024-02-16,9535,2024-01-27,1829,023420,NA,6,2,9,1900,0,1,1,NA,2,500,I-5 N/B (SANTA ANA FREEWAY),I-710,915,S,N,A,-,Y,LA,NA,5,NA,NA,13.577,H,NA,R,N,4,0,1,2,A,-,03,22350,NA,N,C,C,A,A,H,-,C,D,0,NA,NA,NA,NA,Y,NA,D,22,0,0,1,0,0,0,0,0,0,-,-,34.01512145996094,-118.16969299316406,LOS ANGELES,UNINCORPORATED,-118.16970825195313,34.015071868896484
92316387,2024,2024-02-19,9535,2024-02-08,940,023465,NA,4,1,3,1914,0,1,1,NA,2,501,I-5 S/B (SANTA ANA FREEWAY),GARFIELD AVE,125,N,N,A,-,Y,LA,NA,5,NA,NA,10.907,H,NA,L,N,4,0,1,2,A,-,03,22350,NA,N,C,C,A,A,H,-,A,D,0,NA,NA,NA,NA,Y,NA,D,22,0,0,1,0,0,0,0,0,0,-,-,33.987709045410156,-118.13778686523438,LOS ANGELES,COMMERCE,-118.13777160644533,33.98772048950195
92316392,2024,2024-02-19,9535,2024-02-09,314,022285,NA,5,3,4,1907,0,1,1,NA,2,073,I-710 (LONG BEACH FREEWAY) S/B,FLORENCE AVE,1500,N,N,B,C,Y,LA,NA,710,NA,NA,19.961,H,NA,L,Y,4,0,1,1,A,-,01,23152,A,N,E,I,A,B,H,-,C,D,0,NA,NA,NA,NA,Y,Y,A,01,0,0,1,0,0,0,0,0,0,-,-,33.97153854370117,-118.16790771484376,LOS ANGELES,BELL,-118.1679229736328,33.97153854370117
92316397,2024,2024-02-19,9535,2024-02-09,335,023286,NA,5,3,3,1914,0,1,1,NA,2,071,I-710 S/B TO I-5 S/B,I-5 (SANTA ANA FREEWAY) S/B,60,N,N,B,C,Y,LA,NA,710,NA,NA,23.27,H,NA,R,Y,4,0,1,1,A,-,03,22350,NA,N,E,I,A,B,H,-,D,D,0,NA,NA,NA,NA,Y,NA,A,01,0,0,1,0,0,0,0,0,0,-,-,34.015968322753906,-118.1725616455078,LOS ANGELES,COMMERCE,-118.17242431640624,34.01600646972656
92316399,2024,2024-02-19,9535,2024-02-09,1200,023462,NA,5,1,9,1900,0,2,4,NA,2,024,WHITTIER BOULEVARD (3800 BLOCK),DITMAN AVENUE,95,W,N,A,-,N,NA,NA,NA,NA,NA,NA,NA,NA,NA,N,4,0,1,2,A,-,08,22107,NA,N,B,C,A,A,H,-,A,D,0,NA,NA,NA,NA,Y,NA,A,07,0,0,1,0,0,0,0,0,0,-,-,34.02396011352539,-118.189697265625,LOS ANGELES,UNINCORPORATED,-118.18959045410156,34.02391815185547
9231640,2021,2021-03-29,1942,2021-03-10,1415,38326,1063,3,5,7,1942,0,0,0,J,0,10A83,CLARK ST,RESEDA BL,0,NA,Y,A,-,N,NA,NA,NA,NA,NA,NA,NA,NA,NA,N,4,0,1,2,A,-,09,21802,A,N,D,C,A,B,H,-,A,A,0,NA,NA,NA,NA,Y,NA,A,01,0,0,1,0,0,0,0,0,0,-,-,NA,NA,LOS ANGELES,LOS ANGELES,-118.5360107421875,34.169776916503906