CASE_ID,ACCIDENT_YEAR,PROC_DATE,JURIS,COLLISION_DATE,COLLISION_TIME,OFFICER_ID,REPORTING_DISTRICT,DAY_OF_WEEK,CHP_SHIFT,POPULATION,CNTY_CITY_LOC,SPECIAL_COND,BEAT_TYPE,CHP_BEAT_TYPE,CITY_DIVISION_LAPD,CHP_BEAT_CLASS,BEAT_NUMBER,PRIMARY_RD,SECONDARY_RD,DISTANCE,DIRECTION,INTERSECTION,WEATHER_1,WEATHER_2,STATE_HWY_IND,CALTRANS_COUNTY,CALTRANS_DISTRICT,STATE_ROUTE,ROUTE_SUFFIX,POSTMILE_PREFIX,POSTMILE,LOCATION_TYPE,RAMP_INTERSECTION,SIDE_OF_HWY,TOW_AWAY,COLLISION_SEVERITY,NUMBER_KILLED,NUMBER_INJURED,PARTY_COUNT,PRIMARY_COLL_FACTOR,PCF_CODE_OF_VIOL,PCF_VIOL_CATEGORY,PCF_VIOLATION,PCF_VIOL_SUBSECTION,HIT_AND_RUN,TYPE_OF_COLLISION,MVIW,PED_ACTION,ROAD_SURFACE,ROAD_COND_1,ROAD_COND_2,LIGHTING,CONTROL_DEVICE,CHP_ROAD_TYPE,PEDESTRIAN_ACCIDENT,BICYCLE_ACCIDENT,MOTORCYCLE_ACCIDENT,TRUCK_ACCIDENT,NOT_PRIVATE_PROPERTY,ALCOHOL_INVOLVED,STWD_VEHTYPE_AT_FAULT,CHP_VEHTYPE_AT_FAULT,COUNT_SEVERE_INJ,COUNT_VISIBLE_INJ,COUNT_COMPLAINT_PAIN,COUNT_PED_KILLED,COUNT_PED_INJURED,COUNT_BICYCLIST_KILLED,COUNT_BICYCLIST_INJURED,COUNT_MC_KILLED,COUNT_MC_INJURED,PRIMARY_RAMP,SECONDARY_RAMP,LATITUDE,LONGITUDE,COUNTY,CITY,POINT_X,POINT_Y
92325013,2024,2024-02-28,9525,2024-02-25,2320,022605,NA,7,3,9,1900,0,1,1,NA,2,105,I-10 W/B (SAN BERNARDINO FWY),VIA VERDE,1056,W,N,A,-,Y,LA,NA,10,NA,NA,40.269,H,NA,L,N,3,0,1,1,A,-,08,22107,NA,N,E,I,A,A,H,-,D,D,0,NA,NA,NA,NA,Y,NA,A,01,0,1,0,0,0,0,0,0,0,-,-,34.068870544433594,-117.84294128417967,LOS ANGELES,UNINCORPORATED,-117.84294128417967,34.06886291503906
92325035,2024,2024-02-28,9580,2024-02-19,750,019952,NA,1,1,3,1989,0,1,2,NA,2,106,US-101 N/B (VENTURA FREEWAY),LAS VIRGENES RD,1320,S,N,C,-,Y,LA,NA,101,NA,NA,30.207,H,NA,R,N,3,0,1,1,A,-,03,22350,NA,N,E,J,A,B,H,-,A,D,0,NA,NA,NA,NA,Y,NA,A,01,0,1,0,0,0,0,0,0,0,-,-,34.15126037597656,-118.68447113037108,LOS ANGELES,CALABASAS,-118.6844482421875,34.15116882324219
9232504,2021,2021-04-15,1942,2021-02-18,1630,43648,1842,4,5,7,1942,0,0,0,R,0,18A41,GRAND,111TH PL,1,S,N,A,-,N,NA,NA,NA,NA,NA,NA,NA,NA,NA,N,2,0,1,2,A,-,10,21950,A,N,G,B,B,A,H,-,A,A,0,Y,NA,NA,NA,Y,NA,D,22,1,0,0,0,1,0,0,0,0,-,-,NA,NA,LOS ANGELES,LOS ANGELES,-118.28115081787108,33.93389892578125
92325047,2024,2024-02-28,9525,2024-02-16,550,021074,NA,5,3,1,1934,0,1,1,NA,2,652,I-605 N/B (SAN GABRIEL RIVER FWY),ARROW HWY,500,N,N,A,-,Y,LA,NA,605,NA,NA,24.192,H,NA,R,Y,4,0,1,3,A,-,03,22350,NA,N,C,C,A,A,H,-,D,D,0,NA,NA,NA,Y,Y,NA,A,01,0,0,1,0,0,0,0,0,0,-,-,34.11663055419922,-117.97557067871094,LOS ANGELES,IRWINDALE,-117.97563934326172,34.11670684814453
92325060,2023,2024-02-28,9545,2023-12-18,1150,019414,NA,1,1,9,1900,0,3,5,NA,2,003,ANGELES FOREST HIGHWAY,COUNTY FIRE MARKER 15.74,400,N,N,B,-,N,NA,NA,NA,NA,NA,NA,NA,NA,NA,Y,1,1,0,1,A,-,08,22107,NA,N,E,I,A,A,H,-,A,A,0,NA,NA,NA,NA,Y,NA,A,07,0,0,0,0,0,0,0,0,0,-,-,34.336151123046875,-118.10935974121094,LOS ANGELES,UNINCORPORATED,-118.26025390625,34.034645080566406
92325067,2024,2024-02-28,9545,2024-02-25,1828,023153,NA,7,2,9,1900,0,3,5,NA,2,004,70TH STREET EAST,PALMDALE BLVD,3696,N,N,A,-,N,NA,NA,NA,NA,NA,NA,NA,NA,NA,N,2,0,1,2,A,-,03,22350,NA,M,C,G,A,A,H,-,D,D,0,NA,Y,NA,NA,Y,NA,A,01,1,0,0,0,0,0,1,0,0,-,-,34.589908599853516,-118.00505065917967,LOS ANGELES,UNINCORPORATED,-118.00502777099608,34.589664459228516
92325068,2024,2024-02-28,9545,2024-02-26,708,018058,NA,1,1,6,1950,0,1,3,NA,2,021,SR-14 N/B AEROSPACE HIGHWAY,AVENUE M,1584,S,N,A,-,Y,LA,NA,14,NA,R,64.366,H,NA,R,Y,3,0,1,3,A,-,08,22107,NA,N,C,C,A,A,H,-,A,D,0,NA,NA,NA,NA,Y,NA,A,01,0,1,0,0,0,0,0,0,0,-,-,34.64120101928711,-118.15302276611328,LOS ANGELES,PALMDALE,-118.15308380126952,34.64120101928711
92325069,2024,2024-02-28,9590,2024-02-16,2055,023269,NA,5,2,7,1942,0,1,1,NA,2,082,I-5 NORTHBOUND (GSF) TO SR-110 NORTHBOUND (ASF),BROADWAY,580,N,N,A,-,Y,LA,NA,5,NA,NA,19.847,H,NA,R,N,3,0,1,1,A,-,08,22107,NA,N,E,I,A,A,H,-,C,D,0,NA,NA,NA,NA,Y,NA,A,01,0,1,0,0,0,0,0,0,0,-,-,34.0748291015625,-118.21916198730467,LOS ANGELES,LOS ANGELES,-118.21924591064452,34.074832916259766
9232508,2021,2021-03-26,1942,2021-02-18,1800,41977,1245,4,5,7,1942,0,0,0,L,0,12A45,NORMANDIE AV,65TH ST,0,NA,Y,A,-,N,NA,NA,NA,NA,NA,NA,NA,NA,NA,Y,2,0,4,2,A,-,09,21802,A,N,D,C,A,A,H,-,C,A,0,NA,NA,NA,Y,Y,NA,F,26,3,0,1,0,0,0,0,0,0,-,-,NA,NA,LOS ANGELES,LOS ANGELES,-118.30027770996094,33.98059844970703
92325084,2024,2024-02-28,9550,2024-02-22,840,022952,NA,4,1,6,1949,0,1,1,NA,2,150,105 EB TO STUDEBAKER RD,STUDEBAKER RD,100,W,N,A,-,Y,LA,NA,105,NA,R,18.125,H,NA,R,Y,4,0,1,2,A,-,03,22350,NA,N,C,C,A,A,H,-,A,A,0,NA,NA,NA,NA,Y,NA,A,01,0,0,1,0,0,0,0,0,0,-,-,33.91429138183594,-118.09957122802734,LOS ANGELES,NORWALK,-118.09957122802734,33.91426467895508
92325089,2024,2024-02-28,9550,2024-02-22,820,023157,NA,4,1,5,1919,0,1,1,NA,2,651,INTERSTATE 605 SOUTHBOUND,ALONDRA BOULEVARD,200,S,N,A,-,Y,LA,NA,605,NA,R,5.782,H,NA,L,N,4,0,2,3,A,-,08,22107,NA,N,B,C,A,A,H,-,A,D,0,NA,NA,NA,NA,Y,NA,A,01,0,0,2,0,0,0,0,0,0,-,-,33.88690948486328,-118.10443878173828,LOS ANGELES,CERRITOS,-118.10454559326172,33.886905670166016
92325096,2024,2024-02-28,9545,2024-02-27,640,016124,NA,2,1,9,1900,0,1,3,NA,1,042,STATE ROUTE 138,75TH ST EAST,0,NA,Y,A,-,Y,LA,NA,138,NA,NA,53.949,H,NA,R,Y,4,0,1,2,A,-,09,21802,A,N,D,C,A,A,H,-,A,A,0,NA,NA,NA,NA,Y,NA,A,01,0,0,1,0,0,0,0,0,0,-,-,34.52109146118164,-117.99691009521484,LOS ANGELES,UNINCORPORATED,-117.99691009521484,34.5209846496582
92325103,2024,2024-02-28,9530,2024-02-19,1012,023673,NA,1,1,5,1943,0,1,1,NA,2,200,I-105 W/B (GLENN ANDERSON FWY),LONG BEACH BLVD.,1710,W,N,C,-,Y,LA,NA,105,NA,R,11.213,H,NA,L,Y,4,0,1,1,A,-,03,22350,NA,N,E,I,A,B,H,-,A,D,0,NA,NA,NA,NA,Y,NA,A,01,0,0,1,0,0,0,0,0,0,-,-,33.92729949951172,-118.2152099609375,LOS ANGELES,LYNWOOD,-118.21515655517578,33.9273796081543
92325107,2024,2024-02-28,9580,2024-02-26,1320,023440,NA,1,1,7,1942,0,1,2,NA,2,102,US-101 N/B (VENTURA FREEWAY),SEPULVEDA BLVD,1056,N,N,A,-,Y,LA,NA,101,NA,NA,17.302,H,NA,R,N,4,0,1,2,A,-,03,22350,NA,N,C,C,A,A,H,-,A,D,0,NA,NA,NA,NA,Y,NA,A,01,0,0,1,0,0,0,0,0,0,-,-,34.162498474121094,-118.47109222412108,LOS ANGELES,LOS ANGELES,-118.4711456298828,34.16246795654297
92325108,2024,2024-02-28,9550,2024-02-12,140,022789,NA,1,3,3,1964,0,1,1,NA,2,500,I-5 SB,FLORENCE AVE.,75,S,N,A,-,Y,LA,NA,5,NA,NA,6.356,H,NA,L,Y,3,0,1,2,A,-,03,22350,NA,N,C,C,A,A,H,-,C,D,0,NA,NA,NA,NA,Y,NA,A,07,0,1,0,0,0,0,0,0,0,-,-,33.93498992919922,-118.09264373779295,LOS ANGELES,SANTA FE SPRINGS,-118.09258270263672,33.935020446777344
92325110,2024,2024-02-28,9530,2024-02-19,745,023643,NA,1,1,7,1942,0,1,1,NA,2,400,I-405 N/B (SAN DIEGO FREEWAY),WESTERN AVE,108,S,N,C,-,Y,LA,NA,405,NA,NA,14.091,H,NA,R,N,4,0,1,3,A,-,03,22350,NA,N,C,C,A,B,H,-,A,D,0,NA,NA,NA,NA,Y,NA,A,07,0,0,1,0,0,0,0,0,0,-,-,33.859981536865234,-118.303466796875,LOS ANGELES,LOS ANGELES,-118.303466796875,33.85991287231445
92325119,2024,2024-02-28,9580,2024-02-16,2258,023101,NA,5,3,7,1942,0,1,1,NA,2,404,I-405 N/B (SAN DIEGO FWY) TO VENTURA BLVD,SEPULVEDA BLVD,18,W,N,A,-,Y,NA,NA,NA,NA,NA,NA,NA,NA,NA,Y,4,0,2,1,B,-,22,NA,NA,N,E,I,A,A,H,-,C,A,0,NA,NA,NA,NA,Y,NA,B,01,0,0,2,0,0,0,0,0,0,-,-,34.15180969238281,-118.46730041503906,LOS ANGELES,LOS ANGELES,-118.46730041503906,34.15180969238281
9232512,2021,2021-03-26,1942,2021-02-24,2310,40602,0529,3,5,7,1942,0,0,0,E,0,5A15,ANAHEIM ST,HENRY FORD AV,0,NA,Y,A,-,N,NA,NA,NA,NA,NA,NA,NA,NA,NA,N,4,0,1,2,D,-,00,NA,NA,N,-,C,A,A,H,-,C,A,0,NA,NA,NA,Y,Y,NA,-,-,0,0,1,0,0,0,0,0,0,-,-,NA,NA,LOS ANGELES,LOS ANGELES,-118.24173736572266,33.7811393737793
92325131,2024,2024-02-28,9530,2024-02-20,420,022454,NA,2,3,5,1977,0,1,1,NA,2,410,I-405 N/B (SAN DIEGO FREEWAY),DEL AMO BLVD.,739,N,N,B,C,Y,LA,NA,405,NA,NA,12.034,H,NA,R,Y,3,0,2,2,A,-,03,22350,NA,N,E,8,A,B,H,-,C,D,0,NA,NA,NA,NA,Y,NA,A,07,0,1,1,0,0,0,0,0,0,-,-,33.84785842895508,-118.27263641357422,LOS ANGELES,CARSON,-118.27251434326172,33.847991943359375
92325137,2024,2024-02-28,9530,2024-01-23,39,021902,NA,2,3,7,1941,0,1,1,NA,2,430,SB I-405,ATHERTON ST.,300,S,N,A,-,Y,NA,NA,NA,NA,NA,NA,NA,NA,NA,Y,3,0,1,1,A,-,08,22107,NA,F,E,I,A,B,H,-,C,D,0,NA,NA,NA,NA,Y,NA,A,01,0,1,0,0,0,0,0,0,0,-,-,NA,NA,LOS ANGELES,LONG BEACH,-118.0959701538086,33.78813171386719
92325146,2024,2024-02-28,9580,2024-02-16,2259,023101,NA,5,3,7,1942,0,1,1,NA,2,404,I-405 N/B (SAN DIEGO FWY) TO VENTURA BLVD,SEPULVEDA BLVD,36,W,N,A,-,Y,NA,NA,NA,NA,NA,NA,NA,NA,NA,Y,2,0,2,1,B,-,22,NA,NA,N,E,I,A,A,H,-,C,A,0,NA,NA,NA,NA,Y,NA,J,48,1,1,0,0,0,0,0,0,0,-,-,34.15184020996094,-118.46736907958984,LOS ANGELES,LOS ANGELES,-118.46736907958984,34.15184020996094
92325153,2024,2024-02-28,9545,2024-02-20,1418,015826,NA,2,2,9,1900,0,3,5,NA,2,002,SIERRA HWY,PEARBLOSSOM HWY,200,S,N,C,-,N,NA,NA,NA,NA,NA,NA,NA,NA,NA,Y,4,0,1,4,A,-,03,22350,NA,N,A,C,A,B,H,-,A,A,0,NA,NA,NA,NA,Y,NA,A,01,0,0,1,0,0,0,0,0,0,-,-,34.521541595458984,-118.09793090820313,LOS ANGELES,UNINCORPORATED,-118.09786224365234,34.52155685424805
92325177,2024,2024-02-28,9530,2024-02-20,1705,022292,NA,2,2,9,1900,0,1,1,NA,2,120,I-110 NORTHBOUND,GAFFEY ST.,500,N,N,C,-,Y,LA,NA,110,NA,R,0.888,H,NA,R,Y,3,0,1,1,A,-,03,22350,NA,N,F,A,A,B,H,-,A,D,0,NA,NA,NA,NA,Y,NA,D,22,0,1,0,0,0,0,0,0,0,-,-,33.748268127441406,-118.29071044921876,LOS ANGELES,UNINCORPORATED,-118.29084014892578,33.74828338623047
92325182,2024,2024-02-28,9530,2024-02-20,2340,023562,NA,2,3,5,1943,0,1,1,NA,2,210,I-105 W/B (GLENN ANDERSON FWY),LONG BEACH BLVD.,230,W,N,C,-,Y,LA,NA,105,NA,R,11.488,H,NA,L,Y,4,0,1,2,A,-,03,22350,NA,N,E,I,A,B,H,-,C,D,0,NA,NA,NA,Y,Y,NA,A,01,0,0,1,0,0,0,0,0,0,-,-,33.92536163330078,-118.21083068847656,LOS ANGELES,LYNWOOD,-118.21076202392578,33.925472259521484
92325184,2024,2024-02-28,9530,2024-02-20,1305,023399,NA,2,1,5,1943,0,1,1,NA,2,210,I-105 W/B (GLENN ANDERSON FWY),LONG BEACH BLVD.,75,W,N,B,C,Y,LA,NA,105,NA,R,11.505,H,NA,L,N,4,0,1,1,A,-,08,22107,NA,N,E,I,A,B,H,-,A,D,0,NA,NA,NA,Y,Y,NA,F,25,0,0,1,0,0,0,0,0,0,-,-,33.925411224365234,-118.21045684814452,LOS ANGELES,LYNWOOD,-118.2104949951172,33.92535400390625
92325198,2024,2024-02-28,9565,2024-02-21,745,018193,NA,3,1,9,1900,0,2,4,NA,2,031,LA CIENEGA BLVD,SLAUSON AVE,135,N,N,B,-,N,NA,NA,NA,NA,NA,NA,NA,NA,NA,Y,4,0,4,2,A,-,03,22350,NA,N,B,C,A,B,H,-,A,D,0,NA,NA,NA,NA,Y,NA,D,22,0,0,4,0,0,0,0,0,0,-,-,33.98830032348633,-118.37001037597656,LOS ANGELES,UNINCORPORATED,-118.3708038330078,33.988128662109375
9232520,2021,2021-04-07,1942,2021-03-01,1910,42364,1203,1,5,7,1942,0,0,0,L,0,12A3,S WESTERN AV,W 45TH ST,0,N,N,A,-,N,NA,NA,NA,NA,NA,NA,NA,NA,NA,N,2,0,1,2,A,-,10,21950,A,N,G,B,E,A,H,-,C,D,0,Y,NA,NA,NA,Y,NA,D,22,1,0,0,0,1,0,0,0,0,-,-,NA,NA,LOS ANGELES,LOS ANGELES,-118.30892944335938,34.002784729003906
92325201,2024,2024-02-28,9525,2024-02-21,2225,023586,NA,3,3,6,1955,0,1,1,NA,2,110,I-10 E/B (SAN BERNARDINO FWY),WHITE AVE.,2640,W,N,B,-,Y,LA,NA,10,NA,NA,44.723,H,NA,R,Y,4,0,1,3,A,-,03,22350,NA,N,C,C,A,A,D,-,C,D,0,NA,NA,NA,NA,Y,NA,A,07,0,0,1,0,0,0,0,0,0,-,-,34.07170104980469,-117.76920318603516,LOS ANGELES,POMONA,-117.76920318603516,34.07168960571289
92325209,2024,2024-02-28,9550,2024-02-10,2350,023600,NA,6,3,5,1919,0,1,1,NA,2,652,INTERSTATE 605 SOUTHBOUND,SR-91 OVERCROSSING,1056,S,N,A,-,Y,LA,NA,605,NA,R,4.538,H,NA,L,Y,3,0,1,1,A,-,08,22107,NA,N,E,8,A,A,H,-,D,D,0,NA,NA,NA,NA,Y,NA,B,07,0,1,0,0,0,0,0,0,0,-,-,33.86920928955078,-118.10016632080078,LOS ANGELES,CERRITOS,-118.10005950927734,33.86923599243164
92325218,2024,2024-02-28,9530,2024-02-20,720,023652,NA,2,1,7,1941,0,1,3,NA,2,320,SR-91 E/B TO I-710 N/B,SR-91 E/B (ARTESIA FREEWAY),330,S,N,C,-,Y,NA,NA,NA,NA,NA,NA,NA,NA,NA,Y,3,0,1,2,A,-,03,22350,NA,N,E,8,A,B,H,-,A,D,0,NA,NA,NA,NA,Y,NA,A,01,0,1,0,0,0,0,0,0,0,-,-,33.87533950805664,-118.19142150878906,LOS ANGELES,LONG BEACH,-118.19142150878906,33.87533950805664
9232523,2021,2021-03-19,1942,2021-01-11,1310,39583,NA,1,5,7,1942,0,0,0,NA,0,11X48,LOS FELIZ BL,HILLHURST AV,50,E,N,A,-,N,NA,NA,NA,NA,NA,NA,NA,NA,NA,N,4,0,1,2,A,-,08,22107,NA,F,B,C,A,A,H,-,A,A,0,NA,NA,NA,NA,Y,NA,-,99,0,0,1,0,0,0,0,0,0,-,-,NA,NA,LOS ANGELES,LOS ANGELES,-118.28727722167967,34.11191940307617
9232524,2021,2021-04-07,1942,2021-03-01,0045,40602,0532,1,5,7,1942,0,0,0,E,0,5A15,PCH,RONAN AV,250,E,N,A,-,N,NA,NA,NA,NA,NA,NA,NA,NA,NA,N,3,0,1,2,A,-,03,22350,A,N,C,C,A,A,H,-,C,A,0,NA,NA,NA,NA,Y,Y,A,01,0,1,0,0,0,0,0,0,0,-,-,NA,NA,LOS ANGELES,LOS ANGELES,-118.27210235595705,33.79070281982422
9232527,2021,2021-03-19,1942,2021-01-13,1513,40275,1132,3,5,7,1942,0,0,0,K,0,11A1,N COMMONWEALTH AV,CROMWELL AV,20,N,N,A,-,N,NA,NA,NA,NA,NA,NA,NA,NA,NA,Y,4,0,3,2,A,-,01,23152,A,N,C,C,A,A,H,-,A,D,0,NA,NA,NA,NA,Y,Y,D,22,0,0,3,0,0,0,0,0,0,-,-,NA,NA,LOS ANGELES,LOS ANGELES,-118.2856674194336,34.114505767822266
92325328,2024,2024-02-28,9565,2024-02-21,1523,021171,NA,3,2,9,1900,0,1,1,NA,2,063,I-405 S/B FROM WILSHIRE BLVD W/B,WILSHIRE BLVD,20,S,N,A,-,Y,LA,NA,405,NA,NA,31.533,H,NA,L,N,4,0,2,3,A,-,03,22350,NA,N,C,C,A,A,H,-,A,D,0,NA,NA,NA,NA,Y,NA,A,08,0,0,2,0,0,0,0,0,0,-,-,34.055328369140625,-118.45220947265624,LOS ANGELES,UNINCORPORATED,-118.45201873779295,34.055442810058594
92325341,2024,2024-02-28,9575,2024-02-16,1624,023204,NA,5,2,9,1900,0,2,4,NA,2,024,WOODBURY ROAD,LOS ROBLES AVENUE,0,NA,Y,A,-,N,NA,NA,NA,NA,NA,NA,NA,NA,NA,N,3,0,1,2,A,-,11,21950,B,N,G,B,B,A,H,-,A,A,0,Y,NA,NA,NA,Y,NA,N,60,0,1,0,0,1,0,0,0,0,-,-,34.181358337402344,-118.14157104492188,LOS ANGELES,UNINCORPORATED,-118.14170074462892,34.181270599365234
9232536,2021,2021-04-12,1942,2021-02-27,1510,35936,1215,6,5,7,1942,0,0,0,L,0,12A15,S NORMANDIE AV,W 56TH ST,0,NA,Y,A,-,N,NA,NA,NA,NA,NA,NA,NA,NA,NA,Y,4,0,1,2,A,-,12,22450,A,F,D,C,A,A,H,-,A,A,0,NA,NA,NA,NA,Y,NA,A,01,0,0,1,0,0,0,0,0,0,-,-,NA,NA,LOS ANGELES,LOS ANGELES,-118.30020904541016,33.991451263427734
92325367,2024,2024-02-28,9530,2024-02-22,1820,022454,NA,4,2,7,1942,0,1,1,NA,2,400,I-405 S/B (SAN DIEGO FREEWAY),NORMANDIE AVE.,100,S,N,A,-,Y,LA,NA,405,NA,NA,13.825,H,NA,L,N,4,0,1,2,A,-,07,21658,A,F,D,C,A,A,H,-,C,D,0,NA,NA,Y,NA,Y,NA,-,99,0,0,1,0,0,0,0,0,1,-,-,33.859798431396484,-118.29882049560548,LOS ANGELES,LOS ANGELES,-118.29882049560548,33.85972595214844
92325389,2023,2024-02-28,9565,2023-12-08,1218,022764,NA,5,1,9,1900,0,2,4,NA,2,022,NORMANDIE AVE,127TH ST,0,NA,Y,A,-,N,NA,NA,NA,NA,NA,NA,NA,NA,NA,N,2,0,1,2,A,-,09,21801,A,N,D,C,A,A,H,-,A,D,0,NA,NA,Y,NA,Y,NA,A,01,1,0,0,0,0,0,0,0,0,-,-,33.91741180419922,-118.3004913330078,LOS ANGELES,UNINCORPORATED,-118.30039978027344,33.917381286621094
92325391,2024,2024-02-28,9540,2024-01-12,1810,022533,NA,5,2,9,1900,0,1,3,NA,2,147,SR-14 S/B,AGUA DULCE CYN RD,6864,N,N,A,-,Y,LA,NA,14,NA,NA,41.226,H,NA,L,Y,4,0,1,2,A,-,06,21750,NA,F,B,2,A,A,H,-,D,D,0,NA,NA,Y,NA,Y,NA,-,99,0,0,1,0,0,0,0,0,1,-,-,34.474281311035156,-118.30866241455078,LOS ANGELES,UNINCORPORATED,-118.30866241455078,34.474281311035156
92325411,2024,2024-02-28,9535,2024-02-17,35,022017,NA,6,3,5,1906,0,1,1,NA,2,650,I-605 N/B TO I-10 E/B,INTERSTATE 605,500,E,N,A,-,Y,NA,NA,NA,NA,NA,NA,NA,NA,NA,Y,4,0,1,2,A,-,07,21658,A,M,B,C,A,A,H,-,D,D,0,NA,NA,NA,NA,Y,NA,-,99,0,0,1,0,0,0,0,0,0,-,-,34.06494140625,-117.99816131591795,LOS ANGELES,BALDWIN PARK,-117.99816131591795,34.06494140625
92325419,2024,2024-02-28,9535,2024-02-17,254,023355,NA,6,3,5,1943,0,1,1,NA,2,104,I-105 E/B (CENTURY FREEWAY),I-710 S/B (LONG BEACH FREEWAY),1131,N,N,A,-,Y,NA,NA,NA,NA,NA,NA,NA,NA,NA,N,4,0,1,1,A,-,03,22350,NA,N,E,I,A,A,H,-,D,D,0,NA,NA,NA,NA,Y,NA,A,01,0,0,1,0,0,0,0,0,0,-,-,33.91088104248047,-118.18154907226564,LOS ANGELES,LYNWOOD,-118.18368530273438,33.91390609741211
92325425,2024,2024-02-28,9590,2024-02-19,1220,016230,NA,1,1,7,1942,0,1,1,NA,2,020,1-10 E/B (SBF),EVERGREEN PEDESTRIAN OVERCROSSING,425,W,N,B,C,Y,LA,NA,10,NA,NA,19.441,H,NA,R,Y,4,0,2,3,A,-,08,22107,NA,N,B,C,A,B,H,-,A,D,0,NA,NA,NA,NA,Y,NA,A,07,0,0,2,0,0,0,0,0,0,-,-,34.0554313659668,-118.19644927978516,LOS ANGELES,LOS ANGELES,-118.19644927978516,34.05540466308594
92325430,2024,2024-02-28,9565,2024-02-16,1714,021759,NA,5,2,7,1942,0,1,1,NA,2,063,I-405 N/B,SANTA MONICA BOULEVARD,1109,S,N,A,-,Y,LA,NA,405,NA,NA,30.653,H,NA,R,Y,2,0,1,2,A,-,07,21658,A,N,B,C,A,A,H,-,B,D,0,NA,NA,NA,NA,Y,NA,A,01,1,0,0,0,0,0,0,0,0,-,-,34.044471740722656,-118.44442749023438,LOS ANGELES,LOS ANGELES,-118.44439697265624,34.044490814208984
92325444,2024,2024-02-28,9535,2024-02-17,500,022650,NA,6,3,6,1922,0,1,1,NA,2,400,I-10 E/B (SAN BERNARDINO FREEWAY),BALDWIN AVE.,680,W,N,B,-,Y,LA,NA,10,NA,NA,27.833,H,NA,R,Y,2,0,2,2,A,-,01,23152,A,N,C,C,A,A,H,-,C,D,0,NA,NA,NA,Y,Y,Y,A,01,1,0,1,0,0,0,0,0,0,-,-,34.07228088378906,-118.05599975585938,LOS ANGELES,EL MONTE,-118.05599975585938,34.07227325439453
92325454,2024,2024-09-04,9565,2024-02-02,1111,022764,NA,5,1,9,1900,0,3,5,NA,2,004,IMPERIAL HWY,SUNDALE AVE,0,NA,Y,A,-,N,NA,NA,NA,NA,NA,NA,NA,NA,NA,Y,2,0,2,2,A,-,12,21453,A,N,D,C,A,A,H,-,A,A,0,NA,NA,NA,NA,Y,NA,A,01,1,0,1,0,0,0,0,0,0,-,-,33.930850982666016,-118.36479949951172,LOS ANGELES,UNINCORPORATED,-118.36480712890624,33.93086242675781
92325473,2024,2024-02-28,9565,2024-02-21,1510,022728,NA,3,2,5,1928,0,1,1,NA,2,012,I-105 E/B (CENTURY FREEWAY),CRENSHAW BOULEVARD,1500,W,N,B,-,Y,LA,NA,105,NA,R,4.432,H,NA,R,N,4,0,1,2,A,-,03,22350,NA,N,C,C,A,A,H,-,A,D,0,NA,NA,NA,NA,Y,NA,A,07,0,0,1,0,0,0,0,0,0,-,-,33.92477035522461,-118.33164978027344,LOS ANGELES,HAWTHORNE,-118.33164978027344,33.924747467041016
92325486,2024,2024-09-18,9530,2024-02-13,1210,018745,NA,2,1,9,1900,0,3,5,NA,2,005,CRENSHAW BLVD. (14400 BLOCK),DOMINGUEZ CHANNEL,200,S,N,B,-,N,NA,NA,NA,NA,NA,NA,NA,NA,NA,N,4,0,1,2,A,-,03,22350,NA,N,D,C,A,A,H,-,A,D,0,NA,NA,NA,NA,Y,NA,M,94,0,0,1,0,0,0,0,0,0,-,-,33.900718688964844,-118.3266830444336,LOS ANGELES,UNINCORPORATED,-118.32874298095705,33.84040069580078
92325493,2024,2024-02-28,9565,2024-02-26,1440,021171,NA,1,2,7,1942,0,1,1,NA,2,062,I-405 N/B (SAN DIEGO FREEWAY),I-10,50,S,N,B,-,Y,LA,NA,405,NA,NA,29.51,H,NA,R,Y,4,0,1,3,A,-,03,22350,NA,N,C,C,A,A,H,-,A,D,0,NA,NA,NA,NA,Y,NA,D,22,0,0,1,0,0,0,0,0,0,-,-,34.03086853027344,-118.4331512451172,LOS ANGELES,LOS ANGELES,-118.43311309814452,34.030887603759766
92325499,2024,2024-02-28,9565,2024-02-22,657,015587,NA,4,1,7,1942,0,1,1,NA,2,062,I-405 N/B (SAN DIEGO FREEWAY),PALMS BLVD.,310,S,N,A,-,Y,LA,NA,405,NA,NA,28.441,H,NA,R,Y,4,0,1,2,A,-,03,22350,NA,N,C,C,A,A,H,-,A,D,0,NA,NA,NA,NA,Y,NA,A,01,0,0,1,0,0,0,0,0,0,-,-,34.018028259277344,-118.42295837402344,LOS ANGELES,LOS ANGELES,-118.42294311523438,34.01803970336914
92325549,2024,2024-02-28,9580,2024-02-22,1800,022535,NA,4,2,3,1989,0,1,2,NA,2,107,US-101 S/B (VENTURA FREEWAY),LAS VIRGENES RD,1850,N,N,A,-,Y,LA,NA,101,NA,NA,31.397,H,NA,L,Y,3,0,1,2,A,-,01,23152,A,N,C,C,A,A,H,-,B,D,0,NA,NA,NA,NA,Y,Y,A,07,0,1,0,0,0,0,0,0,0,-,-,34.14472961425781,-118.70204925537108,LOS ANGELES,CALABASAS,-118.70201110839844,34.144683837890625