CASE_ID,ACCIDENT_YEAR,PROC_DATE,JURIS,COLLISION_DATE,COLLISION_TIME,OFFICER_ID,REPORTING_DISTRICT,DAY_OF_WEEK,CHP_SHIFT,POPULATION,CNTY_CITY_LOC,SPECIAL_COND,BEAT_TYPE,CHP_BEAT_TYPE,CITY_DIVISION_LAPD,CHP_BEAT_CLASS,BEAT_NUMBER,PRIMARY_RD,SECONDARY_RD,DISTANCE,DIRECTION,INTERSECTION,WEATHER_1,WEATHER_2,STATE_HWY_IND,CALTRANS_COUNTY,CALTRANS_DISTRICT,STATE_ROUTE,ROUTE_SUFFIX,POSTMILE_PREFIX,POSTMILE,LOCATION_TYPE,RAMP_INTERSECTION,SIDE_OF_HWY,TOW_AWAY,COLLISION_SEVERITY,NUMBER_KILLED,NUMBER_INJURED,PARTY_COUNT,PRIMARY_COLL_FACTOR,PCF_CODE_OF_VIOL,PCF_VIOL_CATEGORY,PCF_VIOLATION,PCF_VIOL_SUBSECTION,HIT_AND_RUN,TYPE_OF_COLLISION,MVIW,PED_ACTION,ROAD_SURFACE,ROAD_COND_1,ROAD_COND_2,LIGHTING,CONTROL_DEVICE,CHP_ROAD_TYPE,PEDESTRIAN_ACCIDENT,BICYCLE_ACCIDENT,MOTORCYCLE_ACCIDENT,TRUCK_ACCIDENT,NOT_PRIVATE_PROPERTY,ALCOHOL_INVOLVED,STWD_VEHTYPE_AT_FAULT,CHP_VEHTYPE_AT_FAULT,COUNT_SEVERE_INJ,COUNT_VISIBLE_INJ,COUNT_COMPLAINT_PAIN,COUNT_PED_KILLED,COUNT_PED_INJURED,COUNT_BICYCLIST_KILLED,COUNT_BICYCLIST_INJURED,COUNT_MC_KILLED,COUNT_MC_INJURED,PRIMARY_RAMP,SECONDARY_RAMP,LATITUDE,LONGITUDE,COUNTY,CITY,POINT_X,POINT_Y
92333323,2024,2024-03-08,9580,2024-03-03,2140,022762,NA,7,2,7,1942,0,1,2,NA,2,100,US-101 N/B (HOLLYWOOD FREEWAY),CAMPO DE CAHUENGA,1320,N,N,A,-,Y,LA,NA,101,NA,NA,10.812,H,NA,R,N,2,0,1,2,A,-,03,22350,NA,N,C,C,A,A,H,-,C,D,0,NA,NA,Y,NA,Y,NA,C,02,1,0,0,0,0,0,0,0,1,-,-,34.14311981201172,-118.36734008789064,LOS ANGELES,LOS ANGELES,-118.36722564697266,34.143157958984375
92333371,2024,2024-03-08,9575,2024-03-01,410,022477,NA,5,3,6,1912,0,1,1,NA,2,051,INTERSTATE 5 S/B (GOLDEN STATE FWY),ALAMEDA AVE.,110,S,N,B,-,Y,LA,NA,5,NA,NA,28.41,H,NA,L,Y,4,0,1,2,A,-,07,21658,A,M,B,2,A,B,H,-,C,D,0,NA,NA,NA,NA,Y,NA,-,99,0,0,1,0,0,0,0,0,0,-,-,34.16992950439453,-118.3040008544922,LOS ANGELES,BURBANK,-118.3040008544922,34.169925689697266
92333430,2024,2024-03-08,9580,2024-03-07,640,022753,NA,4,1,7,1942,0,1,2,NA,2,100,US-101 N/B (VENTURA FREEWAY),COLDWATER CANYON AVE,154,N,N,A,-,Y,LA,NA,101,NA,NA,13.848,H,NA,R,Y,4,0,1,2,A,-,03,22350,NA,N,C,C,A,A,H,-,A,D,0,NA,NA,NA,NA,Y,NA,A,01,0,0,1,0,0,0,0,0,0,-,-,34.15678024291992,-118.41313934326172,LOS ANGELES,LOS ANGELES,-118.41313934326172,34.15682601928711
92333433,2024,2024-03-08,9575,2024-02-29,1829,023029,NA,4,2,9,1900,0,1,3,NA,2,300,SR-2 (ANGELES CREST HIGHWAY),MILE POST MARKER 27.28,31,E,N,A,-,Y,LA,NA,2,NA,NA,27.258,H,NA,R,Y,2,0,1,1,A,-,03,22350,NA,N,E,8,A,A,H,-,D,D,0,NA,NA,NA,NA,Y,NA,A,07,1,0,0,0,0,0,0,0,0,-,-,34.2294807434082,-118.18276977539064,LOS ANGELES,UNINCORPORATED,-118.18267059326172,34.22947311401367
92333448,2024,2024-03-08,9535,2024-02-26,1235,023635,NA,1,1,5,1948,0,1,1,NA,2,070,I-710 N/B (LONG BEACH FREEWAY) TO I-10 (SAN BERNAR,RAMONA BLVD,270,S,N,B,C,Y,LA,NA,710,NA,NA,26.339,H,NA,R,N,4,0,1,2,A,-,03,22350,NA,N,C,C,A,B,H,-,A,D,0,NA,NA,NA,NA,Y,NA,A,07,0,0,1,0,0,0,0,0,0,-,-,34.05889892578125,-118.16516876220705,LOS ANGELES,MONTEREY PARK,-118.1653289794922,34.05889892578125
92333477,2024,2024-03-08,9565,2024-02-28,1344,021706,NA,3,1,7,1942,0,1,1,NA,2,064,I-405 S/B (SAN DIEGO FREEWAY),BEL AIR CREST RD,1600,S,N,A,-,Y,LA,NA,405,NA,NA,35.505,H,NA,L,N,3,0,4,5,A,-,03,22350,NA,N,C,C,A,A,H,-,A,D,0,NA,NA,NA,NA,Y,NA,A,01,0,1,3,0,0,0,0,0,0,-,-,34.10654067993164,-118.47891998291016,LOS ANGELES,LOS ANGELES,-118.4789581298828,34.10652160644531
92333488,2024,2024-03-08,9535,2024-02-26,1136,023604,NA,1,1,9,1900,0,3,5,NA,2,006,PECK ROAD,ROOKS RD,0,NA,Y,A,-,N,NA,NA,NA,NA,NA,NA,NA,NA,NA,N,4,0,1,2,A,-,17,21451,A,N,A,C,A,A,H,-,A,A,0,NA,NA,NA,Y,Y,NA,A,01,0,0,1,0,0,0,0,0,0,-,-,34.0301513671875,-118.03742218017578,LOS ANGELES,UNINCORPORATED,-118.03726196289064,34.03014373779297
92333490,2023,2024-03-08,9590,2023-12-11,953,023549,NA,1,1,7,1942,0,1,1,NA,2,085,INTERSTATE 5 S/B (GOLDEN STATE FREEWAY),SUNNYNOOK PEDESTRIAN BRIDGE,175,N,N,A,-,N,NA,NA,NA,NA,NA,NA,NA,NA,NA,N,4,0,1,2,A,-,03,22350,NA,F,C,C,A,A,H,-,A,D,0,NA,NA,NA,NA,Y,NA,-,99,0,0,1,0,0,0,0,0,0,-,-,34.1160888671875,-118.26889038085938,LOS ANGELES,LOS ANGELES,-118.26895141601564,34.116058349609375
92333500,2023,2024-03-08,9590,2023-11-26,1744,023563,NA,7,2,7,1942,0,1,1,NA,2,013,SR-110 S/B (ARROYO SECO FREEWAY),AVENUE 52,100,S,N,A,-,Y,LA,NA,110,NA,NA,27.981,H,NA,L,N,3,0,1,2,A,-,08,22107,NA,N,C,C,A,A,H,-,C,A,0,NA,NA,NA,NA,Y,NA,A,01,0,1,0,0,0,0,0,0,0,-,-,34.10287094116211,-118.19760894775392,LOS ANGELES,LOS ANGELES,-118.19758605957033,34.102821350097656
92333506,2024,2024-03-08,9580,2024-03-03,650,023097,NA,7,1,7,1942,0,1,2,NA,2,103,US-101 S/B (VENTURA FREEWAY),HAYVENHURST AVE,53,S,N,C,-,Y,LA,NA,101,NA,NA,18.457,H,NA,L,Y,4,0,6,5,A,-,03,22350,NA,N,B,C,A,B,H,-,A,D,0,NA,NA,NA,NA,Y,NA,A,01,0,0,6,0,0,0,0,0,0,-,-,34.16518020629883,-118.48961639404295,LOS ANGELES,LOS ANGELES,-118.48961639404295,34.165103912353516
92333547,2024,2024-03-08,9530,2024-02-29,945,022438,NA,4,1,6,1972,0,1,1,NA,2,400,I-405 N/B (SAN DIEGO FREEWAY),ARTESIA BLVD.,450,S,N,B,-,Y,LA,NA,405,NA,NA,16.473,H,NA,R,N,4,0,1,2,A,-,03,22350,NA,N,C,C,A,A,H,-,A,D,0,NA,NA,NA,Y,Y,NA,F,26,0,0,1,0,0,0,0,0,0,-,-,33.871639251708984,-118.34117126464844,LOS ANGELES,TORRANCE,-118.3411865234375,33.87163162231445
92333570,2023,2024-03-08,9540,2023-12-24,135,022182,NA,7,3,6,1985,0,1,3,NA,1,145,SR-14 S/B,MILEPOST MARKER LA14-27.50,420,N,N,A,-,Y,LA,NA,14,NA,R,27.601,H,NA,L,Y,1,1,1,1,A,-,01,23152,A,N,E,8,A,A,H,-,D,D,0,NA,NA,NA,NA,Y,Y,A,01,1,0,0,0,0,0,0,0,0,-,-,34.372589111328125,-118.49949645996094,LOS ANGELES,SANTA CLARITA,-118.49940490722656,34.37253952026367
92333578,2024,2024-04-24,9540,2024-02-22,515,023613,NA,4,3,9,1900,0,3,5,NA,2,200,PLUM CANYON RD,GOLDEN VALLEY RD,0,NA,Y,A,-,N,NA,NA,NA,NA,NA,NA,NA,NA,NA,Y,3,0,1,2,A,-,09,21453,C,N,A,C,A,A,H,-,C,A,0,NA,NA,NA,NA,Y,NA,-,-,0,1,0,0,0,0,0,0,0,-,-,34.44607162475586,-118.48358917236328,LOS ANGELES,UNINCORPORATED,-118.48356628417967,34.446067810058594
92333587,2024,2024-03-08,9540,2024-03-05,210,021151,NA,2,3,6,1985,0,1,3,NA,1,145,SR-14 S/B,SAND CANYON RD,1584,S,N,A,-,Y,LA,NA,14,NA,NA,32.588,H,NA,L,Y,3,0,1,1,A,-,08,22107,NA,N,E,I,A,A,H,-,D,D,0,NA,NA,NA,NA,Y,NA,A,07,0,1,0,0,0,0,0,0,0,-,-,34.4193000793457,-118.4365005493164,LOS ANGELES,SANTA CLARITA,-118.4365463256836,34.41937255859375
92333589,2024,2024-03-08,9540,2024-03-04,530,023606,NA,1,3,9,1900,0,2,4,NA,1,201,SIERRA HWY,EASTERN AVE,100,W,N,A,-,N,NA,NA,NA,NA,NA,NA,NA,NA,NA,Y,4,0,1,2,A,-,08,22107,NA,N,C,4,A,A,H,-,A,D,0,NA,NA,NA,NA,Y,NA,D,22,0,0,1,0,0,0,0,0,0,-,-,34.50904083251953,-118.36415863037108,LOS ANGELES,UNINCORPORATED,-118.3630142211914,34.509605407714844
92333596,2024,2024-03-08,9540,2024-03-02,930,021744,NA,6,1,9,1900,0,1,3,NA,2,147,SR-14 S/B,AGUA DULCE CANYON ROAD,7392,S,N,C,-,Y,LA,NA,14,NA,NA,38.312,H,NA,L,N,3,0,4,2,A,-,03,22350,NA,N,B,I,A,B,H,-,A,D,0,NA,NA,NA,NA,Y,NA,A,01,0,1,3,0,0,0,0,0,0,-,-,34.454830169677734,-118.35043334960938,LOS ANGELES,UNINCORPORATED,-118.35049438476564,34.45484924316406
92333604,2024,2024-03-08,9540,2024-03-02,835,021124,NA,6,1,6,1985,0,1,3,NA,1,145,SR-14 S/B (ANTELOPE VALLEY FREEWAY),CEADAR VALLEY WAY,60,S,N,C,-,Y,LA,NA,14,NA,R,30.537,H,NA,L,Y,4,0,1,1,A,-,03,22350,NA,N,E,8,A,B,H,-,A,D,0,NA,NA,NA,NA,Y,NA,A,01,0,0,1,0,0,0,0,0,0,-,-,34.39984130859375,-118.46050262451172,LOS ANGELES,SANTA CLARITA,-118.46039581298828,34.399715423583984
92333605,2024,2024-03-08,9575,2024-03-07,1810,021538,NA,4,2,6,1925,0,1,3,NA,2,090,SR-2 E/B (GLENDALE FREEWAY),FERN LN.,2075,E,N,B,-,Y,LA,NA,2,NA,R,21.999,H,NA,R,Y,3,0,3,3,A,-,03,22350,NA,N,B,C,A,B,H,-,D,D,0,NA,NA,NA,NA,Y,NA,A,01,0,2,1,0,0,0,0,0,0,-,-,34.191280364990234,-118.2193603515625,LOS ANGELES,GLENDALE,-118.2192840576172,34.191307067871094
92333608,2024,2024-03-08,9540,2024-03-02,710,021124,NA,6,1,6,1985,0,1,3,NA,1,145,SR-14 S/B (ANTELOPE VALLEY FREEWAY),PLACERITA CANYON ROAD,500,N,N,C,-,Y,LA,NA,14,NA,R,28.426,H,NA,L,Y,4,0,1,1,A,-,03,22350,NA,N,E,8,A,B,H,-,A,D,0,NA,NA,NA,NA,Y,NA,D,22,0,0,1,0,0,0,0,0,0,-,-,34.38125991821289,-118.4897918701172,LOS ANGELES,SANTA CLARITA,-118.48971557617188,34.38119888305664
92333616,2024,2024-03-08,9525,2024-03-08,945,019966,NA,5,1,5,1990,0,1,3,NA,2,603,SR-60 W/B (POMONA FWY),DIAMOND BAR BLVD.,5800,E,N,A,-,Y,LA,NA,60,NA,R,26.67,H,NA,L,N,4,0,1,2,A,-,03,22350,NA,N,C,C,A,A,H,-,A,D,0,NA,NA,NA,NA,Y,NA,A,01,0,0,1,0,0,0,0,0,0,-,-,34.027610778808594,-117.79380035400392,LOS ANGELES,DIAMOND BAR,-117.79381561279295,34.02756881713867
92333646,2024,2024-03-08,9540,2024-02-19,2055,021955,NA,1,2,9,1900,0,1,1,NA,2,507,I-5 SOUTHBOUND FROM THE OLD ROAD,RYE CANYON RD.,945,N,N,C,-,Y,LA,NA,5,NA,R,54.338,H,NA,L,Y,4,0,2,2,A,-,03,22350,NA,N,B,C,A,B,H,-,C,D,0,NA,NA,NA,Y,Y,NA,J,48,0,0,2,0,0,0,0,0,0,-,-,34.43294906616211,-118.59056854248048,LOS ANGELES,UNINCORPORATED,-118.59052276611328,34.432987213134766
92333669,2024,2024-03-08,9525,2024-03-04,1055,022655,NA,1,1,9,1900,0,2,4,NA,2,022,(19000 BLOCK) ARROW HIGHWAY,BARRANCA ST.,1000,E,N,A,-,N,NA,NA,NA,NA,NA,NA,NA,NA,NA,Y,3,0,1,1,A,-,03,22350,NA,N,F,A,A,A,H,-,A,D,0,NA,NA,Y,NA,Y,NA,C,02,0,1,0,0,0,0,0,0,1,-,-,34.10588836669922,-117.8789520263672,LOS ANGELES,UNINCORPORATED,-117.87841033935548,34.10574722290039
92333703,2024,2024-03-08,9525,2024-03-05,1430,022772,NA,2,2,1,1934,0,1,1,NA,2,651,I-605 S/B (SAN GABRIEL RIVER FWY),LOS ANGELES ST.,2640,N,N,A,-,Y,LA,NA,605,NA,NA,22.712,H,NA,L,Y,4,0,1,2,A,-,17,23114,A,M,E,I,A,A,H,-,B,D,0,NA,NA,NA,NA,Y,NA,D,22,0,0,1,0,0,0,0,0,0,-,-,34.098079681396484,-117.98561096191406,LOS ANGELES,IRWINDALE,-117.98567962646484,34.09809494018555
92333713,2024,2024-03-08,9550,2024-03-01,725,022037,NA,5,1,9,1900,0,2,4,NA,1,041,STIMSON AVENUE,GARO STREET,0,NA,Y,A,-,N,NA,NA,NA,NA,NA,NA,NA,NA,NA,N,4,0,3,3,A,-,09,21801,A,N,D,C,A,A,H,-,A,A,0,NA,NA,NA,NA,Y,NA,A,07,0,0,3,0,0,0,0,0,0,-,-,34.00437927246094,-117.95870208740234,LOS ANGELES,UNINCORPORATED,-117.9586944580078,34.00434875488281
92333718,2024,2024-03-08,9525,2024-02-23,1818,022770,NA,5,2,9,1900,0,2,4,NA,2,032,VALLELY BLVD,YORBITA AVE,0,NA,Y,A,-,N,NA,NA,NA,NA,NA,NA,NA,NA,NA,N,4,0,1,2,A,-,17,21235,G,N,G,C,A,A,H,-,C,A,0,NA,NA,NA,NA,Y,NA,M,94,0,0,1,0,0,0,0,0,0,-,-,34.005741119384766,-117.90386199951172,LOS ANGELES,UNINCORPORATED,-117.90374755859376,34.005672454833984
92333729,2024,2024-03-08,9550,2024-01-11,1025,022167,NA,4,1,9,1900,0,3,5,NA,2,002,CARMENITA ROAD,LANETT AVENUE,70,N,N,A,-,N,NA,NA,NA,NA,NA,NA,NA,NA,NA,N,4,0,3,3,A,-,03,22350,NA,F,C,C,A,A,H,-,A,D,0,NA,NA,NA,NA,Y,NA,A,01,0,0,3,0,0,0,0,0,0,-,-,33.93661880493164,-118.04653930664064,LOS ANGELES,UNINCORPORATED,-118.04657745361328,33.94191360473633
92333741,2024,2024-03-08,9550,2024-03-01,1650,022900,NA,5,2,9,1900,0,3,5,NA,2,003,TURNBULL CANYON ROAD,WALBROOK DRIVE,0,NA,Y,A,-,N,NA,NA,NA,NA,NA,NA,NA,NA,NA,Y,3,0,2,2,A,-,09,21802,A,N,D,2,A,A,H,-,D,D,0,NA,NA,NA,NA,Y,NA,A,01,0,2,0,0,0,0,0,0,0,-,-,34.015830993652344,-117.97522735595705,LOS ANGELES,UNINCORPORATED,-117.97525024414064,34.015804290771484
92333746,2024,2024-03-08,9550,2024-03-01,955,023157,NA,5,1,6,1949,0,1,1,NA,2,501,INTERSTATE 5 NORTHBOUND,SHOEMAKER AVENUE,450,S,N,B,-,Y,NA,NA,NA,NA,NA,NA,NA,NA,NA,N,4,0,1,2,A,-,08,22107,NA,N,B,C,A,A,H,-,A,D,0,NA,NA,NA,NA,Y,NA,A,07,0,0,1,0,0,0,0,0,0,-,-,33.89833068847656,-118.0544662475586,LOS ANGELES,NORWALK,-118.05461883544922,33.89806365966797
92333747,2024,2024-03-08,9550,2024-03-01,1606,023539,NA,5,2,5,1919,0,1,3,NA,2,092,SR-91 W/B,ARTESIA BLVD O/C,50,W,N,A,-,Y,LA,NA,91,NA,R,19.42,H,NA,L,N,4,0,1,2,A,-,03,22350,NA,N,C,C,A,A,H,-,A,D,0,NA,NA,NA,NA,Y,NA,A,01,0,0,1,0,0,0,0,0,0,-,-,33.8734016418457,-118.06028747558594,LOS ANGELES,CERRITOS,-118.06036376953124,33.87332534790039
92333752,2024,2024-03-08,9430,2024-02-28,1335,018627,NA,3,1,9,1900,0,1,1,NA,2,051,I-5 N/B,GORMAN SCHOOL ROAD,315,S,N,A,-,Y,LA,NA,5,NA,R,84.121,H,NA,R,Y,4,0,1,1,A,-,08,22107,NA,N,E,I,A,A,H,-,A,D,0,NA,NA,NA,NA,Y,NA,A,01,0,0,1,0,0,0,0,0,0,-,-,34.78593826293945,-118.82607269287108,LOS ANGELES,UNINCORPORATED,-118.82601928710938,34.78600311279297
92333769,2024,2024-03-08,9535,2024-02-28,812,017943,NA,3,1,5,1906,0,1,1,NA,2,401,I-10 W/B (SAN BERNARDINO FREEWAY),SAN GABRIEL RIVER,120,E,N,A,-,Y,LA,NA,10,NA,NA,30.869,H,NA,L,N,4,0,1,2,A,-,07,21658,A,N,B,C,A,A,H,-,A,D,0,NA,NA,NA,NA,Y,NA,-,-,0,0,1,0,0,0,0,0,0,-,-,34.064640045166016,-118.00507354736328,LOS ANGELES,BALDWIN PARK,-118.00505065917967,34.06452178955078
92333782,2024,2024-03-08,9575,2024-02-25,1143,023410,NA,7,1,7,1942,0,1,1,NA,2,052,I-5 N/B FROM HOLLYWOOD WAY,HOLLYWOOD WAY,391,N,N,A,-,Y,LA,NA,5,NA,NA,32.46,H,NA,R,Y,4,0,1,1,A,-,01,23152,F,N,E,I,A,A,H,-,A,D,0,NA,NA,NA,NA,Y,NA,A,01,0,0,1,0,0,0,0,0,0,-,-,34.21342086791992,-118.34954833984376,LOS ANGELES,LOS ANGELES,-118.34970092773438,34.21329879760742
92333792,2024,2024-03-08,9550,2024-02-29,1454,023539,NA,4,2,6,1920,0,1,1,NA,2,650,INTERSTATE 605 SOUTHBOUND,WADDELL STREET,200,S,N,B,-,Y,LA,NA,605,NA,R,11.79,H,NA,L,N,4,0,3,3,A,-,03,22350,NA,N,C,C,A,A,H,-,A,D,0,NA,NA,NA,NA,Y,NA,A,01,0,0,3,0,0,0,0,0,0,-,-,33.97024917602539,-118.08177947998048,LOS ANGELES,DOWNEY,-118.0818328857422,33.97026824951172
92333795,2024,2024-03-08,9575,2024-03-07,900,015204,NA,4,1,9,1900,1,3,5,NA,2,008,LOTUS AVE,SAN PASQUAL ST,0,NA,Y,A,-,N,NA,NA,NA,NA,NA,NA,NA,NA,NA,N,3,0,1,2,A,-,09,21802,A,N,D,C,A,A,H,-,A,A,0,NA,NA,NA,NA,Y,NA,A,01,0,1,0,0,0,0,0,0,0,-,-,34.13787078857422,-118.07640838623048,LOS ANGELES,UNINCORPORATED,-118.07633972167967,34.13783645629883
92333816,2024,2024-03-08,9550,2024-03-01,1805,023004,NA,5,2,3,1964,0,1,1,NA,2,650,I-605 N/B,TELEGRAPH RD,500,N,N,A,-,Y,LA,NA,605,NA,R,10.513,H,NA,R,N,4,0,2,2,A,-,03,22350,NA,N,C,C,A,A,H,-,D,D,0,NA,NA,NA,NA,Y,NA,D,22,0,0,2,0,0,0,0,0,0,-,-,33.95317077636719,-118.08992004394533,LOS ANGELES,SANTA FE SPRINGS,-118.08981323242188,33.953125
92333824,2024,2024-03-08,9590,2024-02-27,2235,022720,NA,2,3,7,1942,0,1,1,NA,2,062,I-10 E/B (SMF) TO I-110 N/B (HAF),L.A. LIVE WAY,220,E,N,A,-,Y,NA,NA,NA,NA,NA,NA,NA,NA,NA,Y,4,0,1,2,A,-,08,22107,NA,N,E,I,A,A,H,-,C,D,0,NA,NA,NA,NA,Y,NA,A,01,0,0,1,0,0,0,0,0,0,-,-,34.04003143310547,-118.2723388671875,LOS ANGELES,LOS ANGELES,-118.2723388671875,34.04003143310547
92333839,2024,2024-03-11,9550,2024-03-02,100,023073,NA,6,3,6,1920,0,1,1,NA,2,651,I-605 SB,IMPERIAL HWY,1500,S,N,C,-,Y,LA,NA,605,NA,R,7.585,H,NA,L,Y,4,0,1,1,A,-,03,22350,NA,N,E,I,A,B,H,-,C,D,0,NA,NA,NA,NA,Y,NA,A,01,0,0,1,0,0,0,0,0,0,-,-,33.91304016113281,-118.10488128662108,LOS ANGELES,DOWNEY,-118.10498046875,33.91304397583008
92333840,2024,2024-03-11,9525,2024-02-28,1455,021542,NA,3,2,1,1934,0,1,1,NA,2,652,I-605 N/B (SAN GABRIEL RIVER FWY),I-210 E/B (FOOTHILL FWY),200,S,N,A,-,Y,LA,NA,605,NA,NA,25.494,H,NA,R,N,4,0,4,2,A,-,03,22350,NA,F,C,C,A,A,H,-,A,D,0,NA,NA,NA,NA,Y,NA,A,01,0,0,4,0,0,0,0,0,0,-,-,34.13016128540039,-117.96044158935548,LOS ANGELES,IRWINDALE,-117.96022033691406,34.13003158569336
92333855,2024,2024-03-11,9550,2024-03-08,45,023212,NA,5,3,9,1900,0,1,1,NA,2,501,I-5 N/B,IMPERIAL HWY,200,N,N,A,-,Y,LA,NA,5,NA,NA,4.979,H,NA,R,Y,2,0,3,2,A,-,01,23152,A,N,C,E,A,A,H,-,D,D,0,NA,NA,NA,NA,Y,Y,A,07,2,1,0,0,0,0,0,0,0,-,-,33.917728424072266,-118.0802764892578,LOS ANGELES,UNINCORPORATED,-118.08022308349608,33.91775894165039
92334033,2023,2024-03-11,9590,2023-11-25,1445,023563,NA,6,2,7,1942,0,1,1,NA,2,081,I-5 S/B (GOLDEN STATE FREEWAY),4TH ST,100,S,N,A,-,Y,LA,NA,5,NA,NA,17.115,H,NA,L,Y,4,0,2,4,A,-,03,22350,NA,N,C,C,A,A,H,-,A,D,0,NA,NA,NA,NA,Y,NA,A,07,0,0,2,0,0,0,0,0,0,-,-,34.037269592285156,-118.22023010253906,LOS ANGELES,LOS ANGELES,-118.22029876708984,34.037288665771484
92334034,2023,2024-03-11,9590,2023-11-26,314,022497,NA,7,3,7,1942,0,1,1,NA,2,500,I-110 N/B (HARBOR FREEWAY),CENTURY BOULEVARD,1104.04,N,N,A,-,Y,LA,NA,110,NA,NA,15.201,H,NA,R,N,2,0,3,2,A,-,01,23152,A,N,A,C,A,A,H,-,C,D,0,NA,NA,NA,NA,Y,Y,A,01,2,1,0,0,0,0,0,0,0,-,-,33.94868087768555,-118.279541015625,LOS ANGELES,LOS ANGELES,-118.27944183349608,33.94868850708008
92334042,2024,2024-04-03,9590,2024-02-28,135,023252,NA,3,3,7,1942,0,1,1,NA,2,062,I-10 E/B (SANTA MONICA FREEWAY),TOBERMAN STREET,405,E,N,A,-,Y,LA,NA,10,NA,NA,14.625,H,NA,R,N,4,0,2,2,A,-,07,21658,A,F,C,C,A,A,H,-,C,D,0,NA,NA,NA,NA,Y,NA,-,-,0,0,2,0,0,0,0,0,0,-,-,34.03797149658203,-118.27764129638672,LOS ANGELES,LOS ANGELES,-118.27764129638672,34.03797912597656
92334043,2024,2024-03-11,9590,2024-02-28,730,023563,NA,3,1,7,1942,0,1,1,NA,2,051,I-110 SOUTHBOUND (HARBOR FREEWAY),GAGE AVE,370,S,N,A,-,Y,LA,NA,110,NA,NA,17.448,H,NA,L,N,3,0,1,3,A,-,03,22350,NA,N,C,C,A,A,H,-,A,D,0,NA,NA,NA,NA,Y,NA,A,01,0,1,0,0,0,0,0,0,0,-,-,33.98128128051758,-118.28089904785156,LOS ANGELES,LOS ANGELES,-118.28086090087892,33.98127746582031
92334051,2024,2024-03-11,9575,2024-03-08,1820,021932,NA,5,2,6,1953,0,1,1,NA,2,065,I-210 E/B (FOOTHILL FREEWAY),SIERRA MADRE VILLA AVENUE,200,W,N,A,-,Y,LA,NA,210,NA,R,29.263,H,NA,R,N,4,0,1,2,A,-,03,22350,NA,N,C,C,A,A,H,-,C,D,0,NA,NA,NA,NA,Y,NA,A,07,0,0,1,0,0,0,0,0,0,-,-,34.14759826660156,-118.08277893066406,LOS ANGELES,PASADENA,-118.0827865600586,34.147552490234375
92334053,2024,2024-03-11,9590,2024-02-29,1010,023548,NA,4,1,7,1942,0,1,1,NA,2,051,I-110 S/B (HARBOR FREEWAY),CENTURY BOULEVARD,1000,N,N,A,-,Y,LA,NA,110,NA,NA,15.203,H,NA,L,N,3,0,1,1,A,-,08,22107,NA,N,E,I,A,A,H,-,A,D,0,NA,NA,NA,NA,Y,NA,A,01,0,1,0,0,0,0,0,0,0,-,-,33.948699951171875,-118.27996826171876,LOS ANGELES,LOS ANGELES,-118.27977752685548,33.94872283935547
92334075,2024,2024-03-11,9525,2024-03-02,600,023144,NA,6,1,1,1934,0,1,1,NA,2,651,I-605 S/B (SAN GABRIEL RIVER FWY),LIVE OAK AVE.,2429,S,N,B,C,Y,LA,NA,605,NA,NA,23.045,H,NA,L,Y,4,0,1,1,A,-,08,22107,NA,N,E,J,A,B,H,-,B,D,0,NA,NA,NA,NA,Y,NA,A,01,0,0,1,0,0,0,0,0,0,-,-,34.10280990600586,-117.98419952392578,LOS ANGELES,IRWINDALE,-117.98413848876952,34.1027946472168
92334076,2024,2024-03-11,9525,2024-03-02,1425,022959,NA,6,2,1,1934,0,1,1,NA,2,652,I-605 N/B TO I-210 E/B,I-210 E/B (FOOTHILL FWY),1500,S,N,C,-,Y,LA,NA,605,NA,NA,25.542,H,NA,R,Y,4,0,1,1,A,-,03,22350,NA,N,E,I,A,B,H,-,A,D,0,NA,NA,NA,NA,Y,NA,A,01,0,0,1,0,0,0,0,0,0,-,-,34.13058853149414,-117.95970153808594,LOS ANGELES,IRWINDALE,-117.95973205566406,34.13060760498047
92334082,2024,2024-03-11,9575,2024-03-02,930,023229,NA,6,1,7,1942,0,1,1,NA,2,053,I-5 S/B (GOLDEN STATE FREEWAY),SHELDON ST,11,N,N,B,C,Y,LA,NA,5,NA,NA,36.024,H,NA,L,Y,4,0,1,1,A,-,03,22350,NA,N,E,I,A,B,H,-,A,D,0,NA,NA,NA,NA,Y,NA,A,07,0,0,1,0,0,0,0,0,0,-,-,34.23155975341797,-118.4046630859375,LOS ANGELES,LOS ANGELES,-118.40464782714844,34.231605529785156
92334086,2024,2024-03-11,9575,2024-03-02,1500,023205,NA,6,2,9,1900,0,1,1,NA,2,062,I-210 W/B (FOOTHILL FREEWAY),OCEAN VIEW BOULEVARD,180,W,N,B,C,Y,LA,NA,210,NA,R,18.164,H,NA,L,Y,3,0,1,1,A,-,03,22350,NA,N,E,8,A,B,H,-,A,D,0,NA,NA,NA,NA,Y,NA,A,01,0,1,0,0,0,0,0,0,0,-,-,34.212398529052734,-118.22860717773438,LOS ANGELES,UNINCORPORATED,-118.22869873046876,34.21227264404297