CASE_ID,ACCIDENT_YEAR,PROC_DATE,JURIS,COLLISION_DATE,COLLISION_TIME,OFFICER_ID,REPORTING_DISTRICT,DAY_OF_WEEK,CHP_SHIFT,POPULATION,CNTY_CITY_LOC,SPECIAL_COND,BEAT_TYPE,CHP_BEAT_TYPE,CITY_DIVISION_LAPD,CHP_BEAT_CLASS,BEAT_NUMBER,PRIMARY_RD,SECONDARY_RD,DISTANCE,DIRECTION,INTERSECTION,WEATHER_1,WEATHER_2,STATE_HWY_IND,CALTRANS_COUNTY,CALTRANS_DISTRICT,STATE_ROUTE,ROUTE_SUFFIX,POSTMILE_PREFIX,POSTMILE,LOCATION_TYPE,RAMP_INTERSECTION,SIDE_OF_HWY,TOW_AWAY,COLLISION_SEVERITY,NUMBER_KILLED,NUMBER_INJURED,PARTY_COUNT,PRIMARY_COLL_FACTOR,PCF_CODE_OF_VIOL,PCF_VIOL_CATEGORY,PCF_VIOLATION,PCF_VIOL_SUBSECTION,HIT_AND_RUN,TYPE_OF_COLLISION,MVIW,PED_ACTION,ROAD_SURFACE,ROAD_COND_1,ROAD_COND_2,LIGHTING,CONTROL_DEVICE,CHP_ROAD_TYPE,PEDESTRIAN_ACCIDENT,BICYCLE_ACCIDENT,MOTORCYCLE_ACCIDENT,TRUCK_ACCIDENT,NOT_PRIVATE_PROPERTY,ALCOHOL_INVOLVED,STWD_VEHTYPE_AT_FAULT,CHP_VEHTYPE_AT_FAULT,COUNT_SEVERE_INJ,COUNT_VISIBLE_INJ,COUNT_COMPLAINT_PAIN,COUNT_PED_KILLED,COUNT_PED_INJURED,COUNT_BICYCLIST_KILLED,COUNT_BICYCLIST_INJURED,COUNT_MC_KILLED,COUNT_MC_INJURED,PRIMARY_RAMP,SECONDARY_RAMP,LATITUDE,LONGITUDE,COUNTY,CITY,POINT_X,POINT_Y
92335291,2024,2024-03-11,9550,2024-02-26,1520,022769,NA,1,2,9,1900,0,3,5,NA,2,005,18626 MARIMBA ST,LOS PADRES DR,270,E,N,B,-,N,NA,NA,NA,NA,NA,NA,NA,NA,NA,N,2,0,1,2,B,-,22,NA,NA,N,G,B,F,B,H,-,A,D,0,Y,NA,NA,NA,Y,NA,A,01,1,0,0,0,1,0,0,0,0,-,-,33.974700927734375,-117.89803314208984,LOS ANGELES,UNINCORPORATED,-117.89804077148438,33.97475051879883
92335297,2024,2024-03-11,9550,2024-02-06,1450,023539,NA,2,2,5,1954,0,1,1,NA,2,650,I-605 S/B,ROSE HILLS ROAD,85,N,N,B,-,Y,LA,NA,605,NA,R,15.588,H,NA,L,N,4,0,1,2,A,-,07,21658,A,F,C,C,A,B,H,-,A,D,0,NA,NA,NA,NA,Y,NA,A,01,0,0,1,0,0,0,0,0,0,-,-,34.0181884765625,-118.05254364013672,LOS ANGELES,PICO RIVERA,-118.05255889892578,34.018211364746094
92335321,2024,2024-03-11,9565,2024-03-02,1259,022692,NA,6,1,7,1942,0,1,1,NA,2,064,I-405 S/B (SAN DIEGO FWY.),CHURCH LN.,330,N,N,A,-,Y,NA,NA,NA,NA,NA,NA,NA,NA,NA,Y,4,0,1,4,A,-,03,22350,NA,N,C,C,A,B,H,-,A,D,0,NA,NA,NA,NA,Y,NA,A,07,0,0,1,0,0,0,0,0,0,-,-,34.07337188720703,-118.46788024902344,LOS ANGELES,LOS ANGELES,-118.46745300292967,34.073692321777344
92335335,2024,2024-03-11,9550,2024-03-02,1950,023329,NA,6,2,9,1900,0,1,3,NA,2,600,SR-60 WESTBOUND,HACIENDA BOULEVARD,1373,E,N,A,-,Y,LA,NA,60,NA,NA,16.21,H,NA,L,N,4,0,1,2,A,-,08,22107,NA,F,B,C,A,A,H,-,D,D,0,NA,NA,NA,NA,Y,NA,-,99,0,0,1,0,0,0,0,0,0,-,-,34.005638122558594,-117.96002960205078,LOS ANGELES,UNINCORPORATED,-117.96002960205078,34.00564193725586
92335351,2024,2024-03-11,9575,2024-03-03,1203,023009,NA,7,1,6,1953,0,1,1,NA,2,064,I-210 W/B (FOOTHILL FREEWAY),ALTADENA DR.,423,E,N,A,-,Y,LA,NA,210,NA,R,28.345,H,NA,L,N,3,0,2,2,C,-,18,NA,NA,M,E,J,A,A,H,-,A,D,0,NA,NA,NA,NA,Y,NA,-,-,0,1,1,0,0,0,0,0,0,-,-,34.15266036987305,-118.09716033935548,LOS ANGELES,PASADENA,-118.09716033935548,34.15270233154297
92335359,2024,2024-03-11,9550,2024-03-03,1435,023099,NA,7,2,7,1942,0,1,1,NA,2,501,I-5 SOUTHBOUND,ARTESIA BOULEVARD,2032,N,N,B,-,Y,LA,NA,5,NA,NA,0.328,H,NA,L,Y,4,0,1,1,A,-,08,22107,NA,N,E,8,A,A,H,-,A,D,0,NA,NA,NA,NA,Y,NA,A,07,0,0,1,0,0,0,0,0,0,-,-,33.87710189819336,-118.01624298095705,LOS ANGELES,LOS ANGELES,-118.01618957519533,33.877166748046875
92335361,2024,2024-03-11,9565,2024-03-02,400,022646,NA,6,3,7,1942,0,1,1,NA,2,064,I-405 S/B,GETTY CENTER DRIVE,1000,N,N,C,-,Y,LA,NA,405,NA,NA,34.413,H,NA,L,Y,4,0,1,1,A,-,03,22350,NA,N,E,I,A,B,H,-,C,D,0,NA,NA,NA,NA,Y,NA,A,01,0,0,1,0,0,0,0,0,0,-,-,34.09138870239258,-118.47576904296876,LOS ANGELES,LOS ANGELES,-118.47589111328124,34.09137725830078
92335364,2024,2024-05-07,9540,2024-02-28,1935,023525,NA,3,2,7,1942,0,1,1,NA,1,502,I-5 N/B (GOLDEN STATE FREEWAY),SR-14 (ANTELOPE VALLEY FREEWAY),1320,S,N,A,-,Y,LA,NA,5,NA,R,45.214,H,NA,R,Y,4,0,2,2,A,-,03,22350,NA,N,C,C,A,A,H,-,D,D,0,NA,NA,NA,NA,Y,NA,A,01,0,0,2,0,0,0,0,0,0,-,-,34.32904815673828,-118.50536346435548,LOS ANGELES,LOS ANGELES,-118.5054168701172,34.32903289794922
92335368,2024,2024-03-11,9540,2024-01-08,2252,021434,NA,1,3,9,1900,0,1,3,NA,2,147,SR-14 S/B,AGUA DULCE CANYON ROAD,3168,S,N,A,-,Y,LA,NA,14,NA,NA,39.294,H,NA,L,Y,3,0,2,2,A,-,03,22350,NA,N,B,2,A,A,H,-,D,D,0,NA,NA,NA,NA,Y,NA,A,01,0,1,1,0,0,0,0,0,0,-,-,34.46549987792969,-118.33969879150392,LOS ANGELES,UNINCORPORATED,-118.33969116210938,34.46548843383789
92335394,2024,2024-03-11,9535,2024-03-01,1144,023604,NA,5,1,9,1900,0,1,1,NA,2,073,I-710 S/B (LONG BEACH FREEWAY),WHITTIER BLVD,355,N,N,A,-,Y,LA,NA,710,NA,NA,23.851,H,NA,L,N,4,0,1,2,A,-,03,22350,NA,N,C,C,A,A,H,-,A,D,0,NA,NA,NA,NA,Y,NA,A,01,0,0,1,0,0,0,0,0,0,-,-,34.02471160888672,-118.17243957519533,LOS ANGELES,UNINCORPORATED,-118.17250823974608,34.024715423583984
92335401,2024,2024-03-11,9550,2024-03-04,800,015449,NA,1,1,4,1936,0,1,1,NA,2,501,I-5 S/B (SANTA ANA FREEWAY),VALLEY VIEW AVE.,2376,S,N,B,-,Y,LA,NA,5,NA,NA,0.734,H,NA,L,N,4,0,2,3,A,-,03,22350,NA,N,C,C,A,A,H,-,A,D,0,NA,NA,NA,NA,Y,NA,A,01,0,0,2,0,0,0,0,0,0,-,-,33.88010025024414,-118.022216796875,LOS ANGELES,LA MIRADA,-118.02205657958984,33.880313873291016
92335407,2024,2024-03-11,9535,2024-03-01,1650,023244,NA,5,2,9,1900,0,1,1,NA,2,651,I-605 S/B (SAN GABRIEL RIVER FREEWAY) TO SR-60,SR-60 W/B (POMONA FREEWAY),2640,N,N,B,-,Y,LA,NA,605,NA,R,17.598,H,NA,L,Y,4,0,2,2,A,-,03,22350,NA,N,C,C,A,A,H,-,A,D,0,NA,NA,NA,NA,Y,NA,D,22,0,0,2,0,0,0,0,0,0,-,-,34.03614044189453,-118.02474975585938,LOS ANGELES,UNINCORPORATED,-118.02465057373048,34.03605270385742
92335411,2024,2024-03-11,9550,2024-03-04,1345,020025,NA,1,1,9,1900,0,3,5,NA,2,003,HACIENDA BLVD,LOS ALTOS DR,170,N,N,A,-,N,NA,NA,NA,NA,NA,NA,NA,NA,NA,Y,3,0,1,2,A,-,03,22350,NA,N,C,C,A,A,H,-,A,D,0,NA,NA,NA,NA,Y,NA,D,22,0,1,0,0,0,0,0,0,0,-,-,33.986610412597656,-117.97102355957033,LOS ANGELES,UNINCORPORATED,-117.97122192382813,33.98658752441406
9233542,2021,2021-03-22,1923,2021-02-10,1055,459,305,3,5,3,1923,0,0,0,NA,0,3M5,PACIFIC COAST HWY,GRAND AV,50,N,N,B,-,Y,LA,7,1,-,-,25.17,H,-,S,N,4,0,2,2,A,-,03,22350,NA,N,C,C,A,A,H,-,A,A,0,NA,NA,NA,NA,Y,NA,I,11,0,0,2,0,0,0,0,0,0,-,-,33.919429779052734,-118.3960189819336,LOS ANGELES,EL SEGUNDO,-118.39617156982422,33.91961669921875
92335427,2024,2024-03-12,9535,2024-03-05,1600,022142,NA,2,2,3,1914,0,1,1,NA,2,501,I-5 S/B (SANTA ANA FREEWAY),GREENWOOD AVE. POC,50,N,N,A,-,Y,LA,NA,5,NA,NA,10.086,H,NA,L,N,4,0,5,2,A,-,03,22350,NA,N,C,C,A,A,H,-,A,D,0,NA,NA,NA,NA,Y,NA,A,01,0,0,5,0,0,0,0,0,0,-,-,33.979000091552734,-118.12808227539064,LOS ANGELES,COMMERCE,-118.12809753417967,33.97898864746094
92335444,2024,2024-03-12,9550,2024-03-02,159,023321,NA,6,3,5,1919,0,1,3,NA,2,091,SR-91 WESTBOUND,PIONEER BOULEVARD,1000,W,N,C,-,Y,LA,NA,91,NA,R,17.833,H,NA,L,Y,3,0,3,2,A,-,03,22350,NA,N,B,2,A,B,H,-,C,D,0,NA,NA,NA,NA,Y,NA,A,01,0,1,2,0,0,0,0,0,0,-,-,33.87656021118164,-118.08698272705078,LOS ANGELES,CERRITOS,-118.08697509765624,33.87647247314453
92335455,2024,2024-03-12,9535,2024-02-07,2050,022861,NA,3,2,4,1907,0,1,1,NA,2,072,I-710 N/B (LONG BEACH FREEWAY),FLORENCE AVE,120,N,N,C,-,Y,LA,NA,710,NA,NA,19.903,H,NA,R,Y,3,0,1,2,A,-,03,22350,NA,N,B,C,A,B,H,-,C,D,0,NA,NA,NA,NA,Y,NA,A,01,0,1,0,0,0,0,0,0,0,-,-,33.97071075439453,-118.16751861572266,LOS ANGELES,BELL,-118.16761016845705,33.970703125
92335458,2024,2024-04-10,9535,2024-02-15,1940,023448,NA,4,2,5,1943,0,1,1,NA,2,074,I-710 N/B (LONG BEACH FREEWAY),ROSECRANS AVE,475,S,N,A,-,Y,LA,NA,710,NA,NA,14.87,H,NA,R,Y,4,0,1,2,A,-,08,22107,NA,N,B,C,A,A,H,-,C,D,0,NA,NA,NA,Y,Y,NA,-,-,0,0,1,0,0,0,0,0,0,-,-,33.902320861816406,-118.18599700927734,LOS ANGELES,LYNWOOD,-118.18601989746094,33.90232849121094
9233564,2021,2021-03-29,1955,2021-02-23,0922,41897,5,2,5,6,1955,0,0,0,NA,0,083,RT 71,RIO RANCHO RD,0,NA,Y,A,-,Y,LA,7,71,-,R,3.951,R,1,N,N,4,0,1,2,A,-,03,22350,NA,N,C,C,A,A,H,-,A,A,0,NA,NA,NA,Y,Y,NA,F,26,0,0,1,0,0,0,0,0,0,NF,-,NA,NA,LOS ANGELES,POMONA,-117.75423431396484,34.02821731567383
9233572,2021,2021-04-15,1955,2021-02-02,1753,42609,48,2,5,6,1955,0,0,0,NA,0,001,ORANGE GROVE AV,PARK AV,2,E,N,A,-,N,NA,NA,NA,NA,NA,NA,NA,NA,NA,Y,4,0,1,3,A,-,08,22107,NA,N,B,C,A,A,H,-,C,A,0,NA,NA,NA,NA,Y,NA,D,22,0,0,1,0,0,0,0,0,0,-,-,34.071468353271484,-117.75501251220705,LOS ANGELES,POMONA,-117.75501251220705,34.07145309448242
92335728,2024,2024-03-12,9590,2024-02-25,42,022552,NA,7,3,7,1942,0,1,1,NA,2,082,I-5 N/B,PASADENA AVENUE,185,S,N,A,-,Y,LA,NA,5,NA,NA,19.824,H,NA,R,Y,4,0,1,2,A,-,01,23152,A,F,C,C,A,A,H,-,C,D,0,NA,NA,NA,NA,Y,Y,D,22,0,0,1,0,0,0,0,0,0,-,-,34.074501037597656,-118.21920013427734,LOS ANGELES,LOS ANGELES,-118.21927642822266,34.07450485229492
92335738,2024,2024-03-12,9590,2024-03-01,114,023035,NA,5,3,7,1942,0,1,2,NA,2,073,US-101 S/B (HOLLYWOOD FREEWAY),BARHAM BOULEVARD,310,N,N,A,-,Y,LA,NA,101,NA,NA,9.289,H,NA,L,N,4,0,2,2,A,-,01,23152,A,N,C,C,A,A,H,-,C,D,0,NA,NA,NA,NA,Y,Y,D,22,0,0,2,0,0,0,0,0,0,-,-,34.129459381103516,-118.34780883789064,LOS ANGELES,LOS ANGELES,-118.3478546142578,34.129425048828125
92335765,2024,2024-03-12,9545,2024-02-29,1745,022678,NA,4,2,9,1900,0,3,5,NA,1,005,AVE P,240TH ST E,4401,E,N,A,-,N,NA,NA,NA,NA,NA,NA,NA,NA,NA,N,4,0,1,1,C,-,18,NA,NA,N,H,H,A,A,H,-,D,D,0,NA,NA,NA,NA,Y,NA,-,-,0,0,1,0,0,0,0,0,0,-,-,34.60190963745117,-117.68772888183594,LOS ANGELES,UNINCORPORATED,-117.70243072509766,34.60179901123047
92335770,2024,2024-03-12,9545,2024-03-04,1733,023619,NA,1,2,9,1900,0,3,5,NA,2,004,87TH ST  E,AVENUE T,254,N,N,A,-,Y,NA,NA,NA,NA,NA,NA,NA,NA,NA,N,4,0,2,2,A,-,08,22107,NA,N,D,C,A,A,H,-,C,D,0,NA,NA,NA,NA,Y,NA,D,22,0,0,2,0,0,0,0,0,0,-,-,34.54365921020508,-117.97483825683594,LOS ANGELES,UNINCORPORATED,-117.97483825683594,34.54360580444336
92335784,2024,2024-03-12,9580,2024-03-05,1700,021966,NA,2,2,7,1942,0,1,1,NA,2,404,I-405 N/B (SAN DIEGO FWY),BURBANK BLVD,1190,N,N,A,-,Y,LA,NA,405,NA,NA,40.52,H,NA,R,N,4,0,2,2,A,-,03,22350,NA,N,C,C,A,A,H,-,A,D,0,NA,NA,NA,Y,Y,NA,D,22,0,0,2,0,0,0,0,0,0,-,-,34.175540924072266,-118.46769714355467,LOS ANGELES,LOS ANGELES,-118.46775817871094,34.175533294677734
92335785,2024,2024-03-12,9580,2024-03-06,1345,023395,NA,3,1,7,1942,0,1,3,NA,2,171,SR-170 S/B (HOLLYWOOD FWY.),SHERMAN WAY,1584,N,N,C,-,Y,LA,NA,170,NA,R,18.613,H,NA,L,N,4,0,1,3,A,-,03,22350,NA,N,D,2,A,B,H,-,A,D,0,NA,NA,NA,NA,Y,NA,D,22,0,0,1,0,0,0,0,0,0,-,-,34.205650329589844,-118.4058837890625,LOS ANGELES,LOS ANGELES,-118.40585327148438,34.205657958984375
92335787,2024,2024-03-12,9580,2024-03-06,1943,023395,NA,3,2,7,1942,0,1,3,NA,2,170,SR-170 N/B (HOLLYWOOD FWY.) FROM BURBANK BLVD,BURBANK BLVD,528,N,N,C,-,Y,LA,NA,170,NA,R,16.102,H,NA,R,N,4,0,1,1,A,-,08,22107,NA,N,E,I,A,B,H,-,D,D,0,NA,NA,NA,NA,Y,NA,A,01,0,0,1,0,0,0,0,0,0,-,-,34.17314147949219,-118.38971710205078,LOS ANGELES,LOS ANGELES,-118.38992309570313,34.17292785644531
9233579,2021,2021-04-19,1900,2021-03-01,1210,602404,2224,1,5,3,1994,0,0,0,NA,0,222T1,AGOURA RD,LEWIS RD,64,E,N,A,-,N,NA,NA,NA,NA,NA,NA,NA,NA,NA,Y,3,0,2,3,A,-,09,21804,A,N,D,C,A,A,H,-,A,D,0,NA,NA,NA,NA,Y,NA,-,-,0,1,1,0,0,0,0,0,0,-,-,34.14073181152344,-118.7416534423828,LOS ANGELES,AGOURA HILLS,-118.7426986694336,34.14094924926758
9233580,2021,2021-04-12,1955,2021-02-24,0442,42305,028,3,5,6,1955,0,0,0,NA,0,002,TOWNE AV,BONITA AV,0,NA,Y,A,-,N,NA,NA,NA,NA,NA,NA,NA,NA,NA,Y,4,0,1,3,A,-,03,22350,NA,F,C,C,A,A,H,-,C,A,0,NA,NA,NA,Y,Y,NA,A,01,0,0,1,0,0,0,0,0,0,-,-,NA,NA,LOS ANGELES,POMONA,-117.73678588867188,34.0962028503418
92335801,2024,2024-03-12,9530,2024-03-01,1428,022438,NA,5,2,4,1939,0,1,1,NA,2,400,I-405 N/B (SAN DIEGO FREEWAY),MANHATTAN BEACH BLVD.,150,N,N,A,-,Y,LA,NA,405,NA,NA,17.921,H,NA,R,N,4,0,1,3,A,-,03,22350,NA,N,C,C,A,A,H,-,A,D,0,NA,NA,NA,NA,Y,NA,A,07,0,0,1,0,0,0,0,0,0,-,-,33.88777160644531,-118.35682678222656,LOS ANGELES,LAWNDALE,-118.35678100585938,33.8878173828125
92335802,2024,2024-03-12,9535,2024-03-01,1330,023448,NA,5,1,9,1900,0,2,4,NA,2,025,ATLANTIC BLVD.,REPETTO AVE,0,NA,Y,A,-,N,NA,NA,NA,NA,NA,NA,NA,NA,NA,N,3,0,1,2,A,-,09,21804,A,N,D,G,A,A,H,-,A,A,0,NA,Y,NA,NA,Y,NA,M,91,0,1,0,0,0,0,1,0,0,-,-,34.030521392822266,-118.15435791015624,LOS ANGELES,UNINCORPORATED,-118.15424346923828,34.03044891357422
92335819,2024,2024-03-12,9530,2024-03-01,1425,023313,NA,5,2,9,1900,0,1,1,NA,2,120,I-110 S/B (HARBOR FREEWAY),SEPULVEDA BLVD.,1320,N,N,A,-,Y,LA,NA,110,NA,NA,5.742,H,NA,L,Y,4,0,1,2,A,-,07,21658,A,N,B,C,A,A,H,-,A,D,0,NA,NA,NA,NA,Y,NA,D,22,0,0,1,0,0,0,0,0,0,-,-,33.8132209777832,-118.28752136230467,LOS ANGELES,UNINCORPORATED,-118.28742218017578,33.8132209777832
92335824,2024,2024-03-12,9535,2024-02-21,609,023462,NA,3,1,9,1900,0,1,3,NA,2,621,SR-60 W/B (POMONA FREEWAY),I-605 S/B,1050,W,N,C,-,Y,LA,NA,60,NA,NA,11.529,H,NA,L,Y,4,0,5,4,A,-,08,22107,NA,N,B,C,A,B,H,-,A,D,0,NA,NA,NA,Y,Y,NA,A,01,0,0,5,0,0,0,0,0,0,-,-,34.035400390625,-118.02983856201172,LOS ANGELES,UNINCORPORATED,-118.02986907958984,34.03535079956055
92335846,2024,2024-03-12,9525,2024-03-10,1342,023661,NA,7,1,4,1960,0,1,3,NA,2,572,SR-57 N/B (ORANGE FWY),I-10 W/B (SAN BERNARDINO FWY),2534,N,N,A,-,Y,LA,NA,57,NA,R,8.229,H,NA,R,N,4,0,1,2,A,-,07,21658,A,N,B,C,A,A,H,-,A,D,0,NA,NA,NA,NA,Y,NA,A,01,0,0,1,0,0,0,0,0,0,-,-,34.07231140136719,-117.80876159667967,LOS ANGELES,SAN DIMAS,-117.80882263183594,34.072288513183594
92335866,2024,2024-03-12,9535,2024-03-02,50,022808,NA,6,3,5,1948,0,1,3,NA,2,601,SR 60 WB (POMONA FREEWAY),ATLANTIC BLVD.,255,W,N,C,-,Y,LA,NA,60,NA,R,4.384,H,NA,L,N,4,0,1,2,A,-,03,22350,NA,M,C,C,A,B,H,-,C,D,0,NA,NA,NA,NA,Y,NA,-,99,0,0,1,0,0,0,0,0,0,-,-,34.03567886352539,-118.1508331298828,LOS ANGELES,MONTEREY PARK,-118.1508331298828,34.035667419433594
92335870,2024,2024-03-12,9530,2024-03-01,745,022986,NA,5,1,7,1941,0,1,1,NA,2,420,I-405 S/B (SAN DIEGO FREEWAY),WALNUT AVE.,200,N,N,B,-,Y,LA,NA,405,NA,NA,5.07,H,NA,L,Y,4,0,4,3,A,-,03,22350,NA,N,C,C,A,A,H,-,A,D,0,NA,NA,NA,NA,Y,NA,A,01,0,0,4,0,0,0,0,0,0,-,-,33.8142204284668,-118.17080688476564,LOS ANGELES,LONG BEACH,-118.17081451416016,33.81416320800781
92335871,2024,2024-03-12,9565,2024-02-25,230,023564,NA,7,3,5,1928,0,1,1,NA,2,012,I-105 W/B,NORMANDIE AVENUE,500,E,N,A,-,Y,LA,NA,105,NA,R,6.36,H,NA,L,Y,3,0,1,2,A,-,01,23152,A,N,C,C,A,A,H,-,C,D,0,NA,NA,NA,NA,Y,Y,A,01,0,1,0,0,0,0,0,0,0,-,-,33.92805862426758,-118.2985382080078,LOS ANGELES,HAWTHORNE,-118.29854583740234,33.92807388305664
92335874,2024,2024-03-12,9545,2024-03-02,1700,023663,NA,6,2,9,1900,0,3,5,NA,2,004,162ND ST EAST,E AVE O,0,NA,Y,A,-,N,NA,NA,NA,NA,NA,NA,NA,NA,NA,Y,4,0,1,2,A,-,09,21802,A,N,D,C,A,A,H,-,A,A,0,NA,NA,Y,NA,Y,NA,A,01,0,0,1,0,0,0,0,0,1,-,-,34.61650848388672,-117.84033966064452,LOS ANGELES,UNINCORPORATED,-117.84032440185548,34.616485595703125
92335890,2024,2024-03-12,9530,2024-01-25,600,022986,NA,4,1,7,1941,0,1,1,NA,2,420,I-405 N/B (SAN DIEGO FREEWAY),I-710,500,S,N,C,-,Y,LA,NA,405,NA,NA,7.419,H,NA,R,Y,4,0,2,3,A,-,03,22350,NA,N,C,C,A,B,H,-,B,D,0,NA,NA,NA,NA,Y,NA,D,22,0,0,2,0,0,0,0,0,0,-,-,33.8259391784668,-118.2044677734375,LOS ANGELES,LONG BEACH,-118.20445251464844,33.82597351074219
92335896,2024,2024-03-12,9530,2024-03-01,830,022687,NA,5,1,9,1900,0,3,5,NA,2,001,FIRESTONE BLVD.,ZAMORA AVE.,0,NA,Y,B,-,N,NA,NA,NA,NA,NA,NA,NA,NA,NA,Y,4,0,2,3,A,-,09,21801,A,N,D,C,A,A,H,-,A,A,0,NA,NA,NA,NA,Y,NA,A,01,0,0,2,0,0,0,0,0,0,-,-,33.960121154785156,-118.25142669677734,LOS ANGELES,UNINCORPORATED,-118.25136566162108,33.960121154785156
92335914,2024,2024-03-12,9530,2024-03-02,200,022805,NA,6,3,7,1941,0,1,1,NA,2,420,I-405 (SOUTHBOUND),SANTA FE AVE.,150,N,N,C,-,Y,LA,NA,405,NA,NA,8.26,H,NA,R,Y,4,0,1,2,A,-,07,21658,A,M,B,C,A,B,H,-,C,D,0,NA,NA,NA,NA,Y,NA,-,99,0,0,1,0,0,0,0,0,0,-,-,33.82511901855469,-118.21885681152344,LOS ANGELES,LONG BEACH,-118.21886444091795,33.82534408569336
9233592,2021,2021-03-25,1953,2021-01-26,0648,7724,LACOU,2,5,6,1953,0,0,0,NA,0,001,ORANGE GROVE BL,COLUMBIA ST,0,NA,Y,A,-,N,NA,NA,NA,NA,NA,NA,NA,NA,NA,Y,3,0,2,2,A,-,12,21453,A,N,D,C,A,A,H,-,A,A,0,NA,NA,NA,NA,Y,NA,D,22,0,1,1,0,0,0,0,0,0,-,-,NA,NA,LOS ANGELES,PASADENA,-118.15798950195313,34.12403869628906
92335934,2024,2024-03-12,9575,2024-03-03,1345,022513,NA,7,1,5,1902,0,1,1,NA,2,065,I-210 E/B (FOOTHILL FREEWAY) TO MICHILINDA AVE.,MICHILLINDA AVE.,634,W,N,B,-,Y,NA,NA,NA,NA,NA,NA,NA,NA,NA,N,4,0,1,2,A,-,21,22106,NA,N,C,C,A,A,H,-,A,A,0,NA,NA,NA,NA,Y,NA,D,22,0,0,1,0,0,0,0,0,0,-,-,34.14719009399414,-118.06983184814452,LOS ANGELES,ARCADIA,-118.06983184814452,34.14719009399414
9233594,2021,2021-04-06,1928,2021-02-22,0958,50324,520,1,5,5,1928,0,0,0,NA,0,503,ROSECRANS AV,CERISE AV,80,E,N,A,-,N,NA,NA,NA,NA,NA,NA,NA,NA,NA,Y,4,0,1,2,A,-,04,21703,NA,N,C,C,A,A,H,-,A,A,0,NA,NA,NA,NA,Y,NA,D,22,0,0,1,0,0,0,0,0,0,-,-,33.901878356933594,-118.33299255371094,LOS ANGELES,HAWTHORNE,-118.33277893066406,33.90193176269531
9233596,2021,2021-03-25,1953,2021-01-26,1212,3133,1953,2,5,6,1953,0,0,0,NA,0,005,MARENGO AV,UNION ST,0,NA,Y,A,-,N,NA,NA,NA,NA,NA,NA,NA,NA,NA,Y,4,0,1,2,-,-,-,NA,A,N,D,C,A,A,H,-,A,A,0,NA,NA,NA,NA,Y,NA,D,23,0,0,1,0,0,0,0,0,0,-,-,NA,NA,LOS ANGELES,PASADENA,-118.14598083496094,34.14678192138672
92335964,2024,2024-03-12,9550,2024-03-05,535,016237,NA,2,3,9,1900,0,1,3,NA,2,600,SR-60 WESTBOUND,SEVENTH AVE.,1500,W,N,A,-,Y,LA,NA,60,NA,NA,13.868,H,NA,L,N,4,0,1,2,A,-,03,22350,NA,F,C,C,A,A,H,-,C,D,0,NA,NA,NA,NA,Y,NA,-,99,0,0,1,0,0,0,0,0,0,-,-,34.02431869506836,-117.99252319335938,LOS ANGELES,UNINCORPORATED,-117.99263763427734,34.02422332763672
92335997,2024,2024-03-12,9535,2024-03-02,1420,023437,NA,6,2,9,1900,0,1,1,NA,2,072,I-710 N/B (LONG BEACH FREEWAY),ATLANTIC BLVD.,2517,S,N,B,-,Y,LA,NA,710,NA,NA,21.41,H,NA,R,Y,3,0,2,2,A,-,08,22107,NA,N,B,C,A,B,H,-,A,D,0,NA,NA,NA,NA,Y,NA,A,01,0,2,0,0,0,0,0,0,0,-,-,33.9912109375,-118.17347717285156,LOS ANGELES,UNINCORPORATED,-118.17354583740234,33.99114990234375
92335999,2024,2024-03-12,9530,2024-03-04,2045,021842,NA,1,2,9,1900,0,3,5,NA,2,006,VERMONT AVE. (20500 BLOCK),TORRANCE BLVD.,400,N,N,A,-,N,NA,NA,NA,NA,NA,NA,NA,NA,NA,Y,4,0,1,2,A,-,08,22107,NA,N,D,E,A,A,H,-,C,D,0,NA,NA,NA,NA,Y,Y,A,01,0,0,1,0,0,0,0,0,0,-,-,33.842960357666016,-118.29033660888672,LOS ANGELES,UNINCORPORATED,-118.29024505615234,33.84311294555664
92336015,2024,2024-03-12,9550,2024-03-05,645,022298,NA,2,1,5,1919,0,1,1,NA,2,652,I-605 NORTHBOUND (SAN GABRIEL RIVER FREEWAY),ARTESIA BOULEVARD,470,S,N,A,-,Y,LA,NA,605,NA,R,4.707,H,NA,R,Y,3,0,1,1,A,-,08,22107,NA,N,E,I,A,A,H,-,A,D,0,NA,NA,NA,NA,Y,NA,A,01,0,1,0,0,0,0,0,0,0,-,-,33.871559143066406,-118.10073852539064,LOS ANGELES,CERRITOS,-118.10064697265624,33.87158203125