CASE_ID,ACCIDENT_YEAR,PROC_DATE,JURIS,COLLISION_DATE,COLLISION_TIME,OFFICER_ID,REPORTING_DISTRICT,DAY_OF_WEEK,CHP_SHIFT,POPULATION,CNTY_CITY_LOC,SPECIAL_COND,BEAT_TYPE,CHP_BEAT_TYPE,CITY_DIVISION_LAPD,CHP_BEAT_CLASS,BEAT_NUMBER,PRIMARY_RD,SECONDARY_RD,DISTANCE,DIRECTION,INTERSECTION,WEATHER_1,WEATHER_2,STATE_HWY_IND,CALTRANS_COUNTY,CALTRANS_DISTRICT,STATE_ROUTE,ROUTE_SUFFIX,POSTMILE_PREFIX,POSTMILE,LOCATION_TYPE,RAMP_INTERSECTION,SIDE_OF_HWY,TOW_AWAY,COLLISION_SEVERITY,NUMBER_KILLED,NUMBER_INJURED,PARTY_COUNT,PRIMARY_COLL_FACTOR,PCF_CODE_OF_VIOL,PCF_VIOL_CATEGORY,PCF_VIOLATION,PCF_VIOL_SUBSECTION,HIT_AND_RUN,TYPE_OF_COLLISION,MVIW,PED_ACTION,ROAD_SURFACE,ROAD_COND_1,ROAD_COND_2,LIGHTING,CONTROL_DEVICE,CHP_ROAD_TYPE,PEDESTRIAN_ACCIDENT,BICYCLE_ACCIDENT,MOTORCYCLE_ACCIDENT,TRUCK_ACCIDENT,NOT_PRIVATE_PROPERTY,ALCOHOL_INVOLVED,STWD_VEHTYPE_AT_FAULT,CHP_VEHTYPE_AT_FAULT,COUNT_SEVERE_INJ,COUNT_VISIBLE_INJ,COUNT_COMPLAINT_PAIN,COUNT_PED_KILLED,COUNT_PED_INJURED,COUNT_BICYCLIST_KILLED,COUNT_BICYCLIST_INJURED,COUNT_MC_KILLED,COUNT_MC_INJURED,PRIMARY_RAMP,SECONDARY_RAMP,LATITUDE,LONGITUDE,COUNTY,CITY,POINT_X,POINT_Y
9234245,2021,2021-03-17,1900,2021-01-20,0840,629227,1417,3,5,1,1932,0,0,0,NA,0,14LT4,TEMPLE AV,AZUSA AV,0,NA,Y,B,-,N,NA,NA,NA,NA,NA,NA,NA,NA,NA,Y,3,0,2,2,A,-,09,21801,A,N,D,C,A,A,H,-,A,A,0,NA,NA,NA,NA,Y,NA,A,01,0,2,0,0,0,0,0,0,0,-,-,34.024600982666016,-117.9176025390625,LOS ANGELES,INDUSTRY,-117.9177017211914,34.024681091308594
9234246,2021,2021-03-17,1900,2021-01-23,1140,600059,1418,6,5,1,1932,0,0,0,NA,0,141T2,COLIMA RD,STONER CREEK RD,0,NA,Y,B,C,N,NA,NA,NA,NA,NA,NA,NA,NA,NA,N,4,0,1,2,A,-,09,21801,A,N,D,C,A,B,H,-,A,A,0,NA,NA,NA,NA,Y,NA,A,01,0,0,1,0,0,0,0,0,0,-,-,33.989959716796875,-117.91338348388672,LOS ANGELES,INDUSTRY,-117.91342163085938,33.989959716796875
9234252,2021,2021-03-17,1942,2021-01-31,1720,43480,0314,7,5,7,1942,0,0,0,C,0,3A54,ADAMS BL,ARLINGTON AV,0,NA,Y,B,-,N,NA,NA,NA,NA,NA,NA,NA,NA,NA,Y,4,0,1,2,A,-,09,21801,A,F,D,C,A,A,H,-,C,A,0,NA,NA,NA,NA,Y,NA,A,07,0,0,1,0,0,0,0,0,0,-,-,NA,NA,LOS ANGELES,LOS ANGELES,-118.31768035888672,34.03263473510742
9234253,2021,2021-03-23,1942,2021-01-09,0750,42539,0528,6,5,7,1942,0,0,0,E,0,5A17,PCH,BLINN AV,0,NA,Y,E,-,N,NA,NA,NA,NA,NA,NA,NA,NA,NA,Y,4,0,2,2,D,-,00,NA,NA,N,A,C,A,A,H,-,B,A,0,NA,NA,NA,NA,Y,NA,-,-,0,0,2,0,0,0,0,0,0,-,-,NA,NA,LOS ANGELES,LOS ANGELES,-118.24542236328124,33.79106521606445
9234254,2021,2021-03-17,1942,2021-01-08,2250,42731,1395,5,5,7,1942,0,0,0,M,0,13A95,SAN PEDRO,63RD AV,100,S,N,A,-,NA,NA,NA,NA,NA,NA,NA,NA,NA,NA,N,4,0,1,2,D,-,00,NA,NA,F,G,B,E,A,H,-,C,-,0,Y,NA,NA,NA,Y,NA,-,-,0,0,1,0,1,0,0,0,0,-,-,NA,NA,LOS ANGELES,LOS ANGELES,NA,NA
9234255,2021,2021-03-17,1942,2021-01-06,1540,44124,1395,3,5,7,1942,0,0,0,M,0,13X45,MCKINLEY AV,GAGE AV,215,S,N,A,-,N,NA,NA,NA,NA,NA,NA,NA,NA,NA,N,4,0,1,2,A,-,10,21950,A,F,G,B,D,A,H,-,A,D,0,Y,NA,NA,NA,Y,NA,-,99,0,0,1,0,1,0,0,0,0,-,-,NA,NA,LOS ANGELES,LOS ANGELES,-118.26143646240234,33.98126983642578
92342550,2024,2024-03-20,9590,2024-03-08,2205,023642,NA,5,3,7,1942,0,1,1,NA,2,061,I-10 WESTBOUND (SANTA MONICA FREEWAY),HARCOURT AVE,495,W,N,A,-,Y,LA,NA,10,NA,R,10.639,H,NA,L,Y,4,0,1,2,A,-,07,21658,A,N,C,C,A,A,H,-,C,D,0,NA,NA,NA,NA,Y,NA,A,01,0,0,1,0,0,0,0,0,0,-,-,34.03450012207031,-118.34677124023438,LOS ANGELES,LOS ANGELES,-118.34677124023438,34.034542083740234
9234256,2021,2021-03-17,1942,2021-01-01,0820,43139,1323,5,5,7,1942,0,0,0,M,0,13X21,GRIFFITH AV,27TH ST,0,NA,Y,A,-,N,NA,NA,NA,NA,NA,NA,NA,NA,NA,N,4,0,1,2,A,-,12,22450,NA,F,B,C,A,A,H,-,A,A,0,NA,NA,NA,NA,Y,NA,-,99,0,0,1,0,0,0,0,0,0,-,-,NA,NA,LOS ANGELES,LOS ANGELES,-118.25804901123048,34.01900100708008
92342566,2024,2024-03-20,9590,2024-03-08,1526,023259,NA,5,2,7,1942,0,1,2,NA,2,073,US-101 S/B (HOLLYWOOD FREEWAY),VERMONT AVE,950,N,N,A,-,Y,LA,NA,101,NA,NA,4.567,H,NA,L,N,4,0,1,2,A,-,03,22350,NA,N,C,C,A,A,H,-,A,D,0,NA,NA,NA,NA,Y,NA,A,01,0,0,1,0,0,0,0,0,0,-,-,34.080848693847656,-118.29441833496094,LOS ANGELES,LOS ANGELES,-118.2944564819336,34.0807991027832
9234257,2021,2021-03-17,1942,2021-01-18,2200,32973,0212,1,5,7,1942,0,0,0,B,0,2A1,VERMONT AV,N OAKWOOD AV,20,N,N,A,-,N,NA,NA,NA,NA,NA,NA,NA,NA,NA,N,4,0,1,2,A,-,07,21658,A,N,B,G,A,A,H,-,C,D,0,NA,Y,NA,NA,Y,NA,-,99,0,0,1,0,0,0,1,0,0,-,-,NA,NA,LOS ANGELES,LOS ANGELES,-118.2917022705078,34.07780456542969
9234258,2021,2021-03-17,1942,2021-01-11,1150,40008,0251,1,5,7,1942,0,0,0,B,0,2A45,S CORONADO ST,W  4TH ST,0,NA,Y,A,-,N,NA,NA,NA,NA,NA,NA,NA,NA,NA,N,4,0,1,2,A,-,08,22107,NA,F,D,C,A,A,H,-,A,A,0,NA,NA,NA,NA,Y,NA,-,99,0,0,1,0,0,0,0,0,0,-,-,NA,NA,LOS ANGELES,LOS ANGELES,-118.27879333496094,34.06448745727539
92342586,2024,2024-03-20,9565,2024-03-11,1120,018193,NA,1,1,7,1942,0,1,3,NA,2,070,SR-90 E/B FROM CENTINELA AVE,CENTINELA AVE,495,E,N,A,-,Y,LA,NA,90,NA,R,1.842,H,NA,R,Y,4,0,1,2,A,-,03,22350,NA,N,C,C,A,A,H,-,A,D,0,NA,NA,NA,NA,Y,NA,A,01,0,0,1,0,0,0,0,0,0,-,-,33.98619079589844,-118.412353515625,LOS ANGELES,LOS ANGELES,-118.41249084472656,33.98633575439453
92342587,2024,2024-03-20,9525,2024-03-15,2020,018651,NA,5,2,5,1990,0,1,3,NA,2,574,BREA CANYON RD.,SR-57 FREEWAY FROM BREA CANYON RD.,0,NA,Y,A,-,N,NA,NA,NA,NA,NA,NA,NA,NA,NA,Y,4,0,2,2,A,-,09,21801,A,N,D,C,A,A,H,-,C,D,0,NA,NA,NA,NA,Y,NA,A,07,0,0,2,0,0,0,0,0,0,-,-,33.958351135253906,-117.8583984375,LOS ANGELES,DIAMOND BAR,NA,NA
9234259,2021,2021-03-17,1942,2021-01-10,2035,43151,NA,7,5,7,1942,0,0,0,NA,0,2XL11,SUNSET,MICHAELTORRE AV,10,E,N,A,-,N,NA,NA,NA,NA,NA,NA,NA,NA,NA,N,3,0,1,2,A,-,00,23103,NA,N,G,B,F,A,H,-,C,D,0,Y,NA,NA,NA,Y,NA,A,07,0,1,0,0,1,0,0,0,0,-,-,NA,NA,LOS ANGELES,LOS ANGELES,NA,NA
92342592,2024,2024-03-20,9590,2024-03-18,1020,015575,NA,1,1,7,1942,0,1,3,NA,2,095,SR-2 W/B (GLF) TO I-5 S/B (GSF),RIPPLE STREET,1108,W,N,A,-,Y,LA,NA,5,NA,NA,22.473,H,NA,L,N,4,0,1,3,A,-,03,22350,NA,N,C,C,A,A,H,-,A,D,0,NA,NA,NA,NA,Y,NA,A,01,0,0,1,0,0,0,0,0,0,-,-,34.10145950317383,-118.24938201904295,LOS ANGELES,LOS ANGELES,-118.24916839599608,34.10157775878906
9234260,2021,2021-03-17,1942,2021-01-29,1930,42520,0217,5,5,7,1942,0,0,0,B,0,2A17,GLENDALE BL,PARK ADELFA,30,S,N,A,-,N,NA,NA,NA,NA,NA,NA,NA,NA,NA,Y,2,0,1,2,A,-,03,22350,NA,N,C,C,A,A,H,-,C,A,0,NA,NA,NA,NA,Y,NA,A,01,1,0,0,0,0,0,0,0,0,-,-,NA,NA,LOS ANGELES,LOS ANGELES,-118.26151275634766,34.07585144042969
92342609,2024,2024-03-20,9550,2024-03-10,350,022909,NA,7,3,6,1920,0,1,1,NA,2,151,I-105 W/B,LAKEWOOD BOULEVARD,250,W,N,A,-,Y,LA,NA,105,NA,R,15.698,H,NA,L,N,4,0,2,1,A,-,01,23152,A,N,E,I,A,A,H,-,C,D,0,NA,NA,NA,NA,Y,Y,A,01,0,0,2,0,0,0,0,0,0,-,-,33.91334915161133,-118.14157104492188,LOS ANGELES,DOWNEY,-118.14157104492188,33.91322326660156
92342611,2024,2025-05-19,9545,2024-03-08,725,022844,NA,5,1,9,1900,0,1,3,NA,1,042,SR-138,130TH ST  E,65,W,N,A,-,Y,LA,NA,138,NA,NA,60.071,H,NA,R,Y,2,0,1,4,A,-,09,21804,A,F,C,E,E,A,H,-,A,D,0,Y,NA,NA,NA,Y,NA,-,-,1,0,0,0,1,0,0,0,0,-,-,34.506629943847656,-117.89832305908205,LOS ANGELES,UNINCORPORATED,-117.89832305908205,34.506439208984375
92342622,2024,2024-03-20,9545,2024-03-17,1310,020547,NA,7,1,9,1900,0,3,5,NA,2,004,90TH STREET EAST,AVENUE Q,40,S,N,A,-,N,NA,NA,NA,NA,NA,NA,NA,NA,NA,Y,3,0,2,2,A,-,08,22107,NA,N,A,C,A,A,H,-,A,D,0,NA,NA,NA,NA,Y,NA,A,07,0,1,1,0,0,0,0,0,0,-,-,34.58699035644531,-117.96916198730467,LOS ANGELES,UNINCORPORATED,-117.96916961669922,34.58700180053711
92342638,2024,2024-03-20,9580,2024-03-18,2325,023101,NA,1,3,7,1942,0,1,3,NA,2,171,SR-170 S/B (HOLLYWOOD FWY.) TO ROSCOE BLVD,ROSCOE BLVD,21,N,N,A,-,Y,NA,NA,NA,NA,NA,NA,NA,NA,NA,Y,4,0,6,2,A,-,03,22350,NA,N,C,C,A,A,H,-,C,A,0,NA,NA,NA,NA,Y,NA,A,07,0,0,6,0,0,0,0,0,0,-,-,34.22185134887695,-118.41182708740234,LOS ANGELES,LOS ANGELES,-118.41182708740234,34.22185134887695
92342644,2024,2024-03-20,9580,2024-03-14,1035,018431,NA,4,1,7,1942,0,1,1,NA,2,407,I-405 S/B (SAN DIEGO FWY),NORDHOFF ST.,200,N,N,G,-,Y,LA,NA,405,NA,NA,44.792,H,NA,L,N,4,0,1,2,C,-,18,NA,NA,M,E,J,A,A,H,-,A,D,0,NA,NA,NA,Y,Y,NA,-,-,0,0,1,0,0,0,0,0,0,-,-,34.23624038696289,-118.47321319580078,LOS ANGELES,LOS ANGELES,-118.47317504882813,34.23624038696289
92342661,2024,2024-03-20,9590,2024-03-08,1900,022741,NA,5,2,7,1942,0,1,1,NA,2,060,I-10 E/B (SANTA MONICA FREEWAY),WEST BOULEVARD,215,E,N,A,-,Y,LA,NA,10,NA,R,11.075,H,NA,R,N,4,0,2,2,A,-,07,21658,A,M,B,C,A,A,H,-,D,D,0,NA,NA,NA,NA,Y,NA,-,99,0,0,2,0,0,0,0,0,0,-,-,34.034629821777344,-118.3393325805664,LOS ANGELES,LOS ANGELES,-118.3393325805664,34.03471374511719
92342689,2024,2024-03-20,9540,2024-02-27,400,021190,NA,2,3,9,1900,0,1,3,NA,2,147,SR-14 S/B,SOLEDAD CANYON RD,6970,N,N,A,-,Y,LA,NA,14,NA,NA,37.141,H,NA,L,Y,3,0,1,2,A,-,07,21658,A,F,B,2,A,A,H,-,D,D,0,NA,NA,NA,NA,Y,NA,A,01,0,1,0,0,0,0,0,0,0,-,-,34.44327926635742,-118.36467742919922,LOS ANGELES,UNINCORPORATED,-118.36465454101564,34.44327163696289
92342702,2024,2024-03-20,9540,2024-03-13,315,019061,NA,3,3,9,1900,0,1,1,NA,2,507,I-5 S/B,MCBEAN PARKWAY,5,S,N,A,-,Y,LA,NA,5,NA,R,51.435,H,NA,L,Y,3,0,1,2,A,-,07,21658,A,N,C,C,A,A,H,-,C,D,0,NA,NA,NA,Y,Y,NA,D,22,0,1,0,0,0,0,0,0,0,-,-,34.393978118896484,-118.57141876220705,LOS ANGELES,UNINCORPORATED,-118.57139587402344,34.393985748291016
92342704,2024,2024-03-20,9565,2024-03-10,512,022576,NA,7,3,7,1942,0,1,1,NA,2,064,I-405 S/B (SAN DIEGO FWY),SEPULVEDA BLVD,5,N,N,A,-,Y,LA,NA,405,NA,NA,34.792,H,NA,L,Y,3,0,2,2,A,-,03,22350,NA,N,C,4,A,A,G,-,D,D,0,NA,NA,NA,NA,Y,NA,A,08,0,2,0,0,0,0,0,0,0,-,-,34.096710205078125,-118.4771728515625,LOS ANGELES,LOS ANGELES,-118.47723388671876,34.096683502197266
92342709,2024,2024-03-20,9590,2024-02-15,1530,023259,NA,4,2,7,1942,1,4,S,NA,2,901,MELROSE AVENUE (8300 BLOCK),FLORES ST,20,W,N,A,-,N,NA,NA,NA,NA,NA,NA,NA,NA,NA,N,4,0,6,1,A,-,03,22350,NA,N,H,A,A,A,H,-,A,D,0,NA,NA,NA,NA,Y,NA,H,13,0,0,6,0,0,0,0,0,0,-,-,34.08369827270508,-118.37142944335938,LOS ANGELES,LOS ANGELES,-118.37136840820313,34.08367156982422
92342726,2024,2024-03-20,9590,2024-02-21,2255,023348,NA,3,3,7,1942,0,1,1,NA,2,051,I-110 S/B (HARBOR FREEWAY),51ST STREET,220,N,N,A,-,Y,LA,NA,110,NA,NA,18.557,H,NA,L,N,2,0,2,4,A,-,08,22107,NA,F,G,1,E,A,H,-,C,D,0,Y,NA,NA,NA,Y,NA,-,99,1,1,0,0,2,0,0,0,0,-,-,33.997188568115234,-118.28086090087892,LOS ANGELES,LOS ANGELES,-118.2807159423828,33.99720001220703
92342762,2024,2024-03-20,9565,2024-03-10,100,023173,NA,7,3,7,1942,0,1,1,NA,2,060,I-405 N/B TO LA TIJERA BLVD,LA TIJERA BLVD,75,S,N,A,-,Y,NA,NA,NA,NA,NA,NA,NA,NA,NA,Y,4,0,2,2,A,-,03,22350,NA,N,C,C,A,A,H,-,C,A,0,NA,NA,NA,NA,Y,NA,A,07,0,0,2,0,0,0,0,0,0,-,-,33.97195053100586,-118.37732696533205,LOS ANGELES,LOS ANGELES,-118.37732696533205,33.97195053100586
92342773,2024,2024-03-20,9590,2024-02-23,1627,023266,NA,5,2,7,1942,0,1,1,NA,2,013,SR-110 SB (ARROYO SECO PARKWAY),N SAN FERNANDO ROAD,260,N,N,A,-,Y,LA,NA,110,NA,NA,25.682,H,NA,L,N,3,0,3,3,A,-,03,22350,NA,N,C,2,A,A,H,-,A,D,0,NA,NA,NA,NA,Y,NA,A,01,0,2,1,0,0,0,0,0,0,-,-,34.081451416015625,-118.22471618652344,LOS ANGELES,LOS ANGELES,-118.22474670410156,34.08147048950195
9234279,2021,2021-03-12,1910,2021-01-25,1827,06202,NA,1,5,4,1910,0,0,0,NA,0,009,BEVERLY BL,N PALM DR,0,NA,Y,A,-,N,NA,NA,NA,NA,NA,NA,NA,NA,NA,N,4,0,1,2,A,-,10,21950,A,N,G,B,B,A,H,-,C,D,0,Y,NA,NA,NA,Y,NA,A,01,0,0,1,0,1,0,0,0,0,-,-,NA,NA,LOS ANGELES,BEVERLY HILLS,-118.39561462402344,34.07722091674805
92342797,2024,2024-03-20,9590,2024-02-22,1105,023638,NA,4,1,7,1942,1,4,S,NA,2,901,E 55TH STREET (1500 BLOCK),COMPTON AVE,220,E,N,A,-,N,NA,NA,NA,NA,NA,NA,NA,NA,NA,N,3,0,2,2,A,-,08,22107,NA,N,B,C,A,A,H,-,A,D,0,NA,NA,NA,NA,Y,NA,A,01,0,1,1,0,0,0,0,0,0,-,-,33.99300003051758,-118.24697113037108,LOS ANGELES,LOS ANGELES,-118.2470474243164,33.99300765991211
9234280,2021,2021-03-12,1931,2021-01-26,1531,5661,1931,2,5,5,1931,0,0,0,NA,0,002,GAGE AV,STATE ST,71,NA,N,A,-,N,NA,NA,NA,NA,NA,NA,NA,NA,NA,N,3,0,1,2,A,-,05,21650,1,N,D,G,A,A,H,-,A,A,0,NA,Y,NA,NA,Y,NA,L,04,0,1,0,0,0,0,1,0,0,-,-,NA,NA,LOS ANGELES,HUNTINGTON PARK,-118.21256256103516,33.98073196411133
92342809,2024,2024-03-20,9525,2024-03-18,45,022605,NA,1,3,9,1900,0,3,5,NA,2,004,STICHMAN AVE,RATH ST,500,N,N,A,-,Y,NA,NA,NA,NA,NA,NA,NA,NA,NA,Y,3,0,1,2,A,-,01,23152,A,N,C,E,A,A,H,-,C,D,0,NA,NA,NA,NA,Y,Y,A,01,0,1,0,0,0,0,0,0,0,-,-,34.06248092651367,-117.97727966308594,LOS ANGELES,UNINCORPORATED,-117.97734832763672,34.06245422363281
92342813,2024,2024-03-20,9575,2024-03-14,835,022526,NA,4,1,6,1925,0,1,3,NA,2,042,SR-134 W/B (VENTURA FREEWAY),CENTRAL AVENUE,321,W,N,A,-,Y,LA,NA,134,NA,R,6.893,H,NA,L,N,4,0,1,2,A,-,03,22350,NA,N,C,C,A,A,H,-,A,D,0,NA,NA,NA,NA,Y,NA,A,01,0,0,1,0,0,0,0,0,0,-,-,34.15644836425781,-118.25919342041016,LOS ANGELES,GLENDALE,-118.25919342041016,34.15644836425781
92342841,2024,2024-03-20,9590,2024-03-07,1646,023621,NA,4,2,7,1942,0,1,1,NA,2,061,I-10 W/B (SMF),CRENSHAW BLVD,300,E,N,B,-,Y,LA,NA,10,NA,R,11.472,H,NA,L,N,4,0,1,1,A,-,08,22107,NA,N,F,A,A,A,H,-,A,D,0,NA,NA,NA,NA,Y,NA,A,01,0,0,1,0,0,0,0,0,0,-,-,34.0352897644043,-118.3323211669922,LOS ANGELES,LOS ANGELES,-118.33231353759766,34.03523254394531
92342862,2024,2024-03-20,9540,2024-03-13,545,019444,NA,3,3,9,1900,0,2,4,NA,1,201,SIERRA HIGHWAY S/B,DAVENPORT RD,5280,N,N,A,-,N,NA,NA,NA,NA,NA,NA,NA,NA,NA,Y,4,0,1,1,A,-,03,22350,NA,N,F,I,A,A,H,-,A,D,0,NA,NA,NA,NA,Y,NA,A,01,0,0,1,0,0,0,0,0,0,-,-,34.494590759277344,-118.38555908203124,LOS ANGELES,UNINCORPORATED,-118.38495635986328,34.495723724365234
92342871,2024,2024-03-20,9590,2024-03-01,2225,023084,NA,5,3,7,1942,0,1,2,NA,2,072,US-101 N/B (HOLLYWOOD FREEWAY),LANKERSHIM BOULEVARD,140,S,N,C,-,Y,LA,NA,101,NA,NA,10.319,H,NA,R,N,3,0,1,3,A,-,07,21658,A,F,B,2,A,B,H,-,C,D,0,NA,NA,NA,NA,Y,NA,A,01,0,1,0,0,0,0,0,0,0,-,-,34.13753128051758,-118.36244964599608,LOS ANGELES,LOS ANGELES,-118.36244201660156,34.13753890991211
92342877,2024,2025-04-17,9565,2024-03-10,455,022780,NA,7,3,7,1942,0,1,1,NA,2,064,I-405 N/B (SAN DIEGO FREEWAY),GETTY CENTER DRIVE,2640,N,N,A,-,Y,LA,NA,405,NA,NA,34.816,H,NA,R,Y,2,0,1,1,A,-,08,22107,NA,N,E,I,A,A,H,-,C,A,0,NA,NA,NA,NA,Y,NA,A,01,1,0,0,0,0,0,0,0,0,-,-,34.09693908691406,-118.47725677490234,LOS ANGELES,LOS ANGELES,-118.47715759277344,34.096981048583984
92342883,2024,2024-03-20,9530,2024-03-09,1750,022995,NA,6,2,7,1941,0,1,1,NA,2,072,I-710 N/B (LONG BEACH FREEWAY),WARDLOW RD.,200,S,N,A,-,Y,LA,NA,710,NA,NA,9.051,H,NA,R,N,4,0,2,2,A,-,03,22350,NA,N,C,C,A,A,H,-,A,D,0,NA,NA,NA,NA,Y,NA,A,01,0,0,2,0,0,0,0,0,0,-,-,33.82120895385742,-118.206787109375,LOS ANGELES,LONG BEACH,-118.20687866210938,33.82120895385742
92342885,2024,2024-03-20,9525,2024-03-12,2130,023154,NA,2,2,5,1906,0,1,1,NA,2,103,I-10 W/B (SAN BERNARDINO FWY),PUENTE AVE,1584,E,N,B,-,Y,LA,NA,10,NA,NA,33.685,H,NA,L,Y,3,0,2,5,A,-,03,22350,NA,N,C,C,A,A,H,-,C,D,0,NA,NA,NA,NA,Y,NA,A,01,0,1,1,0,0,0,0,0,0,-,-,34.0709114074707,-117.95645141601564,LOS ANGELES,BALDWIN PARK,-117.95644378662108,34.070865631103516
92342887,2024,2024-03-20,9565,2024-03-09,2150,021951,NA,6,2,7,1942,0,1,1,NA,2,083,I-10 W/B FROM ROBERTSON BLVD.,BAGLEY AVENUE,550,E,N,A,-,Y,LA,NA,10,NA,R,7.702,H,NA,L,N,4,0,1,2,A,-,08,22107,NA,F,B,C,A,A,H,-,C,D,0,NA,NA,NA,NA,Y,NA,D,22,0,0,1,0,0,0,0,0,0,-,-,34.02949142456055,-118.39491271972656,LOS ANGELES,LOS ANGELES,-118.39487457275392,34.02934646606445
92342895,2024,2024-03-20,9530,2024-03-09,1630,023090,NA,6,2,5,1943,0,1,1,NA,2,210,I-105 W/B (GLENN ANDERSON FWY),STATE ST.,810,W,N,A,-,Y,LA,NA,105,NA,R,10.934,H,NA,L,Y,4,0,1,2,A,-,03,22350,NA,N,C,C,A,A,H,-,A,D,0,NA,NA,NA,NA,Y,NA,A,01,0,0,1,0,0,0,0,0,0,-,-,33.92927169799805,-118.21961975097656,LOS ANGELES,LYNWOOD,-118.21963500976564,33.92924118041992
92342897,2024,2024-03-20,9565,2024-03-08,1012,021706,NA,5,1,7,1942,0,1,1,NA,2,083,I-10 W/B (SANTA MONICA FREEWAY),ROBERTSON BLVD,10,W,N,A,-,Y,LA,NA,10,NA,R,7.965,H,NA,L,Y,4,0,1,2,A,-,03,22350,NA,N,C,C,A,A,H,-,A,D,0,NA,NA,NA,NA,Y,NA,A,07,0,0,1,0,0,0,0,0,0,-,-,34.031131744384766,-118.39080047607422,LOS ANGELES,LOS ANGELES,-118.39076232910156,34.03108596801758
92342939,2024,2024-03-20,9550,2024-03-13,2345,022909,NA,3,3,9,1900,0,2,4,NA,1,022,TELEGRAPH RD,MILLS AVE,160,W,N,A,-,N,NA,NA,NA,NA,NA,NA,NA,NA,NA,N,4,0,1,2,A,-,17,21228,A,F,H,C,A,A,H,-,C,D,0,NA,NA,NA,NA,Y,NA,M,94,0,0,1,0,0,0,0,0,0,-,-,33.937320709228516,-118.04203033447266,LOS ANGELES,UNINCORPORATED,-118.04199981689452,33.937232971191406
92342942,2024,2024-03-20,9525,2024-03-19,635,018357,NA,2,1,4,1913,0,1,1,NA,2,209,SR-210 W/B (FOOTHILL FWY),INDIAN HILL BLVD.,35,E,N,A,-,Y,LA,NA,210,NA,R,50.489,H,NA,L,N,4,0,1,2,A,-,03,22350,NA,N,C,C,A,A,H,-,B,D,0,NA,NA,NA,NA,Y,NA,A,01,0,0,1,0,0,0,0,0,0,-,-,34.12028121948242,-117.71981048583984,LOS ANGELES,CLAREMONT,-117.71981048583984,34.120201110839844
92342946,2024,2024-03-20,9590,2024-03-03,2000,022456,NA,7,2,7,1942,0,1,2,NA,2,071,US-101 N/B (HOLLYWOOD FREEWAY),BEAUDRY AVENUE,30,N,N,A,-,Y,LA,NA,101,NA,NA,1.777,H,NA,R,N,4,0,1,2,A,-,03,22350,NA,N,C,C,A,A,H,-,C,D,0,NA,NA,NA,NA,Y,NA,A,01,0,0,1,0,0,0,0,0,0,-,-,34.06427001953125,-118.25058746337892,LOS ANGELES,LOS ANGELES,-118.25048065185548,34.06437683105469
92342967,2024,2024-03-20,9590,2024-03-02,135,023084,NA,6,3,7,1942,0,1,2,NA,2,071,US-101 S/B (SANTA ANA FREEWAY),LOS ANGELES RIVER,630,N,N,A,-,Y,LA,NA,101,NA,NA,0.242,H,NA,L,N,4,0,3,2,A,-,07,21658,A,N,D,C,A,B,H,-,C,D,0,NA,NA,NA,NA,Y,NA,A,01,0,0,3,0,0,0,0,0,0,-,-,34.053321838378906,-118.23065948486328,LOS ANGELES,LOS ANGELES,-118.2306671142578,34.05329132080078
92342988,2024,2024-03-20,9575,2024-03-13,2000,021925,NA,3,2,6,1925,0,1,3,NA,2,042,SR-134 E/B TO CENTRAL AVENUE,CENTRAL AVENUE,52,W,N,A,-,Y,LA,NA,134,NA,R,6.945,H,NA,R,N,4,0,9,3,A,-,03,22350,NA,F,C,C,A,A,H,-,C,A,0,NA,NA,NA,NA,Y,NA,A,01,0,0,9,0,0,0,0,0,0,-,-,34.15610122680664,-118.2582778930664,LOS ANGELES,GLENDALE,-118.2582778930664,34.156272888183594
9234299,2021,2021-03-20,1961,2021-01-09,1430,10387,1961,6,5,3,1961,0,0,0,NA,0,003,SOUTH WORKMAN ST,HEWITT ST,0,NA,Y,A,-,N,NA,NA,NA,NA,NA,NA,NA,NA,NA,Y,4,0,2,3,A,-,12,22450,A,N,D,C,A,A,H,-,A,A,0,NA,NA,NA,NA,Y,NA,A,01,0,0,2,0,0,0,0,0,0,-,-,NA,NA,LOS ANGELES,SAN FERNANDO,-118.44871520996094,34.28413009643555
92342990,2024,2024-03-20,9535,2024-03-12,540,023491,NA,2,3,9,1900,0,3,5,NA,2,002,FAIRFIELD ST,GARFIELD AVE,0,NA,Y,B,-,N,NA,NA,NA,NA,NA,NA,NA,NA,NA,Y,3,0,1,2,A,-,09,21801,A,N,D,C,A,A,H,-,C,D,0,NA,NA,Y,NA,Y,NA,A,07,0,1,0,0,0,0,0,0,1,-,-,34.01070022583008,-118.1310806274414,LOS ANGELES,UNINCORPORATED,-118.13101959228516,34.010658264160156
92342996,2024,2024-03-20,9565,2024-03-09,1135,023560,NA,6,1,9,1900,0,3,5,NA,2,003,WEST SLAUSON AVENUE,SHENANDOAH AVE,120,W,N,A,-,N,NA,NA,NA,NA,NA,NA,NA,NA,NA,N,4,0,1,2,A,-,09,21804,A,F,D,G,A,A,H,-,A,D,0,NA,Y,NA,NA,Y,NA,A,01,0,0,1,0,0,0,1,0,0,-,-,33.989139556884766,-118.37787628173828,LOS ANGELES,UNINCORPORATED,-118.37799835205078,33.98868942260742