CASE_ID,ACCIDENT_YEAR,PROC_DATE,JURIS,COLLISION_DATE,COLLISION_TIME,OFFICER_ID,REPORTING_DISTRICT,DAY_OF_WEEK,CHP_SHIFT,POPULATION,CNTY_CITY_LOC,SPECIAL_COND,BEAT_TYPE,CHP_BEAT_TYPE,CITY_DIVISION_LAPD,CHP_BEAT_CLASS,BEAT_NUMBER,PRIMARY_RD,SECONDARY_RD,DISTANCE,DIRECTION,INTERSECTION,WEATHER_1,WEATHER_2,STATE_HWY_IND,CALTRANS_COUNTY,CALTRANS_DISTRICT,STATE_ROUTE,ROUTE_SUFFIX,POSTMILE_PREFIX,POSTMILE,LOCATION_TYPE,RAMP_INTERSECTION,SIDE_OF_HWY,TOW_AWAY,COLLISION_SEVERITY,NUMBER_KILLED,NUMBER_INJURED,PARTY_COUNT,PRIMARY_COLL_FACTOR,PCF_CODE_OF_VIOL,PCF_VIOL_CATEGORY,PCF_VIOLATION,PCF_VIOL_SUBSECTION,HIT_AND_RUN,TYPE_OF_COLLISION,MVIW,PED_ACTION,ROAD_SURFACE,ROAD_COND_1,ROAD_COND_2,LIGHTING,CONTROL_DEVICE,CHP_ROAD_TYPE,PEDESTRIAN_ACCIDENT,BICYCLE_ACCIDENT,MOTORCYCLE_ACCIDENT,TRUCK_ACCIDENT,NOT_PRIVATE_PROPERTY,ALCOHOL_INVOLVED,STWD_VEHTYPE_AT_FAULT,CHP_VEHTYPE_AT_FAULT,COUNT_SEVERE_INJ,COUNT_VISIBLE_INJ,COUNT_COMPLAINT_PAIN,COUNT_PED_KILLED,COUNT_PED_INJURED,COUNT_BICYCLIST_KILLED,COUNT_BICYCLIST_INJURED,COUNT_MC_KILLED,COUNT_MC_INJURED,PRIMARY_RAMP,SECONDARY_RAMP,LATITUDE,LONGITUDE,COUNTY,CITY,POINT_X,POINT_Y
9234669,2021,2021-03-29,1941,2021-02-13,1034,11266,901T,6,5,7,1941,0,0,0,NA,0,NA,ANAHEIM ST,OBISPO AV,150,E,N,A,-,N,NA,NA,NA,NA,NA,NA,NA,NA,NA,N,4,0,1,2,A,-,09,21801,A,N,D,G,A,A,H,-,A,D,0,NA,Y,NA,NA,Y,NA,A,NA,0,0,1,0,0,0,1,0,0,-,-,NA,NA,LOS ANGELES,LONG BEACH,-118.1540985107422,33.78260040283203
9234670,2021,2021-03-25,1941,2021-02-13,1130,11366,NA,6,5,7,1941,0,0,0,NA,0,NA,100TH AV,MOLINO AV,0,NA,Y,A,-,N,NA,NA,NA,NA,NA,NA,NA,NA,NA,Y,3,0,2,2,A,-,08,22107,NA,N,D,C,A,A,H,-,A,D,0,NA,NA,NA,NA,Y,NA,A,NA,0,1,1,0,0,0,0,0,0,-,-,NA,NA,LOS ANGELES,LONG BEACH,NA,NA
9234671,2021,2021-03-25,1941,2021-02-14,1640,11002,NA,7,5,7,1941,0,0,0,NA,0,NA,ATLANTIC AV,33RD ST,0,NA,Y,A,-,N,NA,NA,NA,NA,NA,NA,NA,NA,NA,Y,4,0,2,2,A,-,08,22107,NA,N,D,C,A,A,H,-,A,A,0,NA,NA,NA,NA,Y,NA,A,NA,0,0,2,0,0,0,0,0,0,-,-,NA,NA,LOS ANGELES,LONG BEACH,-118.18502807617188,33.81710433959961
9234672,2021,2021-03-25,1941,2021-02-14,1900,11263,NA,7,5,7,1941,0,0,0,NA,0,NA,8TH ST,MOLINO AV,145,W,N,A,-,N,NA,NA,NA,NA,NA,NA,NA,NA,NA,Y,4,0,2,4,A,-,08,22107,NA,N,A,C,A,A,H,-,C,D,0,NA,NA,NA,NA,Y,NA,A,NA,0,0,2,0,0,0,0,0,0,-,-,NA,NA,LOS ANGELES,LONG BEACH,-118.16162872314452,33.77715301513672
9234673,2021,2021-03-25,1941,2021-02-17,0704,6017,NA,3,5,7,1941,0,0,0,NA,0,NA,ANAHEIM ST,ALAMITOS AV,0,NA,Y,A,-,N,NA,NA,NA,NA,NA,NA,NA,NA,NA,N,4,0,2,2,-,-,-,NA,NA,N,D,C,A,A,H,-,A,A,0,NA,NA,NA,NA,Y,NA,-,-,0,0,2,0,0,0,0,0,0,-,-,NA,NA,LOS ANGELES,LONG BEACH,-118.17797088623048,33.78260803222656
9234674,2021,2021-03-25,1941,2021-02-14,0900,11366,NA,7,5,7,1941,0,0,0,NA,0,NA,LOS CAYOTES DIAG,XIMENO AV,0,NA,Y,A,-,N,NA,NA,NA,NA,NA,NA,NA,NA,NA,Y,4,0,2,2,A,-,09,21801,A,N,D,C,A,A,H,-,A,A,0,NA,NA,NA,NA,Y,NA,A,NA,0,0,2,0,0,0,0,0,0,-,-,NA,NA,LOS ANGELES,LONG BEACH,-118.139556,33.791943
9234675,2021,2021-03-25,1941,2021-02-13,2047,11223,NA,6,5,7,1941,0,0,0,NA,0,NA,WARDLOW RD,ORANGE AV,0,NA,Y,A,-,N,NA,NA,NA,NA,NA,NA,NA,NA,NA,N,3,0,1,2,A,-,09,21801,A,N,A,C,A,A,H,-,C,A,0,NA,NA,NA,NA,Y,NA,A,NA,0,1,0,0,0,0,0,0,0,-,-,NA,NA,LOS ANGELES,LONG BEACH,-118.17633056640624,33.818931579589844
9234676,2021,2021-03-30,1941,2021-02-13,2008,11271,NA,6,5,7,1941,0,0,0,NA,0,NA,ORANGE AV,WARDLOW RD,40,N,N,A,-,N,NA,NA,NA,NA,NA,NA,NA,NA,NA,Y,4,0,1,2,A,-,09,21800,A,N,B,C,A,A,H,-,C,A,0,NA,NA,NA,NA,Y,NA,A,NA,0,0,1,0,0,0,0,0,0,-,-,NA,NA,LOS ANGELES,LONG BEACH,-118.17633056640624,33.81903839111328
9234677,2021,2021-03-25,1941,2021-02-15,0720,11366,NA,1,5,7,1941,0,0,0,NA,0,NA,7TH ST,N MENO AV,0,NA,Y,A,-,N,NA,NA,NA,NA,NA,NA,NA,NA,NA,N,4,0,1,2,A,-,07,21658,A,N,C,C,A,A,H,-,A,D,0,NA,NA,NA,NA,Y,NA,A,NA,0,0,1,0,0,0,0,0,0,-,-,NA,NA,LOS ANGELES,LONG BEACH,-118.18946075439452,33.77534484863281
9234678,2021,2021-03-25,1941,2021-02-14,1311,10045,NA,7,5,7,1941,0,0,0,NA,0,NA,OUTER TRAFFIC CIR,LIGHT POLE # NA4122,50,E,N,A,-,N,NA,NA,NA,NA,NA,NA,NA,NA,NA,N,4,0,2,2,A,-,09,21804,A,N,D,C,A,A,H,-,A,A,0,NA,NA,NA,NA,Y,NA,A,NA,0,0,2,0,0,0,0,0,0,-,-,NA,NA,LOS ANGELES,LONG BEACH,NA,NA
9234679,2021,2021-03-25,1942,2021-02-22,1915,41239,1913,1,5,7,1942,0,0,0,NA,0,19A1,BRADLEY AV,POLK ST,6,E,N,A,-,N,NA,NA,NA,NA,NA,NA,NA,NA,NA,N,3,0,1,2,A,-,10,21950,A,F,G,B,B,A,H,-,C,A,0,Y,NA,NA,NA,Y,NA,-,99,0,1,0,0,1,0,0,0,0,-,-,NA,NA,LOS ANGELES,LOS ANGELES,-118.45567321777344,34.30228042602539
9234680,2021,2021-03-25,1942,2021-02-22,1840,42309,0909,1,5,7,1942,0,0,0,I,0,9A5,COHASSET ST,MAMMOTH ST,300,W,N,B,-,N,NA,NA,NA,NA,NA,NA,NA,NA,NA,Y,3,0,1,2,A,-,01,23152,A,M,A,E,A,A,H,-,B,D,0,NA,NA,NA,NA,Y,Y,A,01,0,1,0,0,0,0,0,0,0,-,-,NA,NA,LOS ANGELES,LOS ANGELES,-118.43360900878906,34.20664596557617
9234681,2021,2021-03-29,1941,2021-02-15,1629,10953,NA,1,5,7,1941,0,0,0,NA,0,NA,RAYMOND AV,ANAHEIM ST,335,S,N,A,-,N,NA,NA,NA,NA,NA,NA,NA,NA,NA,N,4,0,1,2,D,-,00,NA,NA,N,H,B,E,A,H,-,A,D,0,Y,NA,NA,NA,Y,NA,-,-,0,0,1,0,1,0,0,0,0,-,-,NA,NA,LOS ANGELES,LONG BEACH,-118.16442108154295,33.781681060791016
9234682,2021,2021-03-29,1941,2021-02-15,1909,6145,NA,1,5,7,1941,0,0,0,NA,0,NA,3RD ST,CORONADO ST,0,NA,Y,A,-,N,NA,NA,NA,NA,NA,NA,NA,NA,NA,Y,3,0,1,2,A,-,08,22107,NA,N,D,C,A,A,H,-,C,A,0,NA,NA,NA,NA,Y,NA,A,NA,0,1,0,0,0,0,0,0,0,-,-,NA,NA,LOS ANGELES,LONG BEACH,-118.15352630615234,33.76808166503906
9234684,2021,2021-03-29,1941,2021-02-15,2353,10161,NA,1,5,7,1941,0,0,0,NA,0,NA,ORANGE AV,WESLEY DR,0,NA,Y,B,-,N,NA,NA,NA,NA,NA,NA,NA,NA,NA,Y,3,0,2,3,A,-,09,21802,A,N,B,C,A,A,H,-,C,A,0,NA,NA,NA,NA,Y,NA,A,NA,0,1,1,0,0,0,0,0,0,-,-,NA,NA,LOS ANGELES,LONG BEACH,-118.17633819580078,33.794830322265625
9234685,2021,2021-03-29,1941,2021-02-14,1417,11349,NA,7,5,7,1941,0,0,0,NA,0,NA,4TH ST,JUNIPERO AV,132,W,N,A,-,N,NA,NA,NA,NA,NA,NA,NA,NA,NA,N,4,0,2,2,A,-,03,22350,NA,N,C,C,A,A,H,-,A,D,0,NA,NA,NA,NA,Y,NA,A,NA,0,0,2,0,0,0,0,0,0,-,-,NA,NA,LOS ANGELES,LONG BEACH,-118.16483306884766,33.7717170715332
9234686,2021,2021-03-29,1941,2021-02-20,0443,11401,NA,6,5,7,1941,0,0,0,NA,0,NA,OBISPO AV,17TH ST,0,NA,Y,A,-,N,NA,NA,NA,NA,NA,NA,NA,NA,NA,Y,4,0,2,3,A,-,12,22450,A,N,D,C,A,A,H,-,C,A,0,NA,NA,NA,NA,Y,NA,A,NA,0,0,2,0,0,0,0,0,0,-,-,NA,NA,LOS ANGELES,LONG BEACH,-118.15460205078124,33.7880973815918
9234687,2021,2021-03-29,1941,2021-02-18,1952,5825,NA,4,5,7,1941,0,0,0,NA,0,NA,SERVICE RD E 2ND ST,W SIENA DR,15,W,N,A,-,N,NA,NA,NA,NA,NA,NA,NA,NA,NA,N,3,0,1,2,A,-,11,21954,A,N,G,B,F,A,H,-,C,A,0,Y,NA,NA,NA,Y,NA,N,NA,0,1,0,0,1,0,0,0,0,-,-,NA,NA,LOS ANGELES,LONG BEACH,-118.1277084350586,33.75777053833008
9234688,2021,2021-03-29,1941,2021-02-16,1458,11349,NA,2,5,7,1941,0,0,0,NA,0,NA,REDONDO AV,11TH,0,NA,-,A,-,N,NA,NA,NA,NA,NA,NA,NA,NA,NA,Y,4,0,1,3,A,-,03,22350,NA,N,C,C,A,A,H,-,-,D,0,NA,NA,NA,NA,Y,NA,A,NA,0,0,1,0,0,0,0,0,0,-,-,NA,NA,LOS ANGELES,LONG BEACH,-118.15242004394533,33.78080749511719
9234689,2021,2021-03-29,1941,2021-02-18,1921,11133,NA,4,5,7,1941,0,0,0,NA,0,NA,ATLANTIC AV,36TH ST,0,NA,-,A,-,N,NA,NA,NA,NA,NA,NA,NA,NA,NA,Y,4,0,2,2,A,-,08,22107,NA,N,B,C,A,A,H,-,D,A,0,NA,NA,NA,NA,Y,NA,A,NA,0,0,2,0,0,0,0,0,0,-,-,NA,NA,LOS ANGELES,LONG BEACH,-118.18502807617188,33.8221435546875
9234690,2021,2021-03-29,1941,2021-02-19,1602,11249,NA,5,5,7,1941,0,0,0,NA,0,NA,SOUTH ST,OLIVE AV,17,E,N,A,-,N,NA,NA,NA,NA,NA,NA,NA,NA,NA,Y,3,0,3,2,A,-,09,21801,A,N,D,C,A,A,H,-,A,D,0,NA,NA,NA,NA,Y,NA,A,NA,0,1,2,0,0,0,0,0,0,-,-,NA,NA,LOS ANGELES,LONG BEACH,-118.18296051025392,33.86008834838867
9234694,2021,2021-03-29,1961,2021-02-15,2100,10465,1961,1,5,3,1961,0,0,0,NA,0,003,KALISHER ST,HOLLISTER ST,0,NA,Y,A,-,N,NA,NA,NA,NA,NA,NA,NA,NA,NA,N,4,0,2,2,A,-,12,22450,A,N,D,C,A,A,H,-,D,A,0,NA,NA,NA,NA,Y,NA,A,01,0,0,2,0,0,0,0,0,0,-,-,NA,NA,LOS ANGELES,SAN FERNANDO,-118.4468231201172,34.28342056274414
9234695,2021,2021-03-29,1961,2021-02-01,1450,10206,1961,1,5,3,1961,0,0,0,NA,0,002,TRUMAN ST,TRUMAN ST 1400 BLK,0,NA,N,A,-,N,NA,NA,NA,NA,NA,NA,NA,NA,NA,N,4,0,1,2,A,-,08,22107,NA,N,G,E,A,A,H,-,A,A,0,NA,NA,NA,NA,Y,NA,A,01,0,0,1,0,0,0,0,0,0,-,-,NA,NA,LOS ANGELES,SAN FERNANDO,NA,NA
9234696,2021,2021-03-29,1976,2021-02-10,1554,424,1976,3,5,5,1976,0,0,0,NA,0,002,PAINTER AV,CULLEN ST,82,N,N,A,-,N,NA,NA,NA,NA,NA,NA,NA,NA,NA,N,3,0,1,2,A,-,09,21804,A,F,H,G,A,A,H,-,A,A,0,NA,Y,NA,NA,Y,NA,A,01,0,1,0,0,0,0,1,0,0,-,-,NA,NA,LOS ANGELES,WHITTIER,-118.03482055664064,33.961360931396484
92347032,2024,2024-03-26,9565,2024-03-10,2258,023033,NA,7,3,7,1942,0,1,1,NA,2,083,I-10 EASTBOUND (SANTA MONICA FREEWAY),ROBERTSON BOULEVARD,100,E,N,A,-,Y,LA,NA,10,NA,R,7.977,H,NA,R,Y,4,0,3,5,A,-,08,22107,NA,F,C,C,A,A,H,-,C,D,0,NA,NA,NA,NA,Y,NA,A,01,0,0,3,0,0,0,0,0,0,-,-,34.03097152709961,-118.39071655273438,LOS ANGELES,LOS ANGELES,-118.39068603515624,34.03092575073242
92347035,2024,2024-03-26,9565,2024-03-10,2320,023033,NA,7,3,7,1942,0,1,1,NA,2,083,I-10 EASTBOUND (SANTA MONICA FREEWAY),BAGLEY AVENUE,150,S,N,A,-,Y,LA,NA,10,NA,R,7.558,H,NA,R,Y,4,0,2,2,A,-,03,22350,NA,N,C,C,A,A,H,-,C,D,0,NA,NA,NA,NA,Y,NA,A,01,0,0,2,0,0,0,0,0,0,-,-,34.02901840209961,-118.39739227294922,LOS ANGELES,LOS ANGELES,-118.39738464355467,34.029052734375
92347043,2024,2024-03-26,9550,2024-03-17,650,023157,NA,7,1,3,1964,0,1,1,NA,2,500,INTERSTATE 5 NORTHBOUND,FLORENCE AVENUE,1500,N,N,A,-,Y,NA,NA,NA,NA,NA,NA,NA,NA,NA,N,4,0,1,1,A,-,08,22107,NA,N,E,8,A,A,H,-,A,D,0,NA,NA,NA,NA,Y,NA,D,22,0,0,1,0,0,0,0,0,0,-,-,33.93954086303711,-118.09454345703124,LOS ANGELES,SANTA FE SPRINGS,-118.0951690673828,33.93912124633789
92347049,2024,2024-03-26,9580,2024-03-19,2040,023440,NA,2,2,7,1942,0,1,3,NA,2,170,SR-170 N/B (HOLLYWOOD FWY.),STRATHERN ST,1056,S,N,A,-,Y,LA,NA,170,NA,R,19.058,H,NA,R,N,4,0,1,1,A,-,08,22107,NA,N,E,I,A,A,H,-,C,D,0,NA,NA,NA,NA,Y,NA,A,08,0,0,1,0,0,0,0,0,0,-,-,34.21213912963867,-118.4073486328125,LOS ANGELES,LOS ANGELES,-118.4074478149414,34.212120056152344
92347057,2024,2024-03-26,9530,2024-03-19,1630,023652,NA,2,2,7,1942,0,1,1,NA,2,110,I-110 N/B (HARBOR FREEWAY),SR-91,550,N,N,A,-,Y,LA,NA,110,NA,NA,9.981,H,NA,R,N,3,0,1,2,A,-,03,22350,NA,F,C,C,A,A,H,-,A,D,0,NA,NA,Y,NA,Y,NA,C,02,0,1,0,0,0,0,0,0,1,-,-,33.87437057495117,-118.28491973876952,LOS ANGELES,LOS ANGELES,-118.28482055664064,33.87437057495117
92347061,2024,2024-03-26,9550,2024-03-16,2008,022900,NA,6,2,9,1900,0,3,5,NA,2,005,BATSON AVE,AGUIRO ST,0,NA,Y,A,-,N,NA,NA,NA,NA,NA,NA,NA,NA,NA,N,3,0,1,2,A,-,09,21804,A,N,H,G,A,A,H,-,C,D,0,NA,Y,NA,NA,Y,NA,L,04,0,1,0,0,0,0,1,0,0,-,-,33.972530364990234,-117.90558624267578,LOS ANGELES,UNINCORPORATED,-117.90566253662108,33.97254180908203
92347071,2024,2024-03-26,9530,2024-03-18,1355,021310,NA,1,1,9,1900,0,1,1,NA,2,120,I-110 N/B FROM TORRANCE BLVD,DEL AMO BLVD.,85,S,N,A,-,Y,LA,NA,110,NA,NA,8.011,H,NA,R,N,4,0,2,4,A,-,03,22350,NA,N,C,C,A,A,H,-,A,D,0,NA,NA,NA,NA,Y,NA,A,08,0,0,2,0,0,0,0,0,0,-,-,33.845829010009766,-118.28491973876952,LOS ANGELES,UNINCORPORATED,-118.28500366210938,33.84584045410156
92347076,2024,2024-03-26,9550,2024-03-16,1755,023099,NA,6,2,6,1949,0,1,1,NA,2,651,I-605 N/B,FLORENCE AVE,788,S,N,A,-,Y,LA,NA,605,NA,R,8.953,H,NA,R,Y,4,0,1,3,A,-,03,22350,NA,N,C,C,A,A,H,-,A,D,0,NA,NA,NA,NA,Y,NA,A,01,0,0,1,0,0,0,0,0,0,-,-,33.93244934082031,-118.1010284423828,LOS ANGELES,NORWALK,-118.10099792480467,33.932437896728516
92347078,2024,2024-03-26,9530,2024-03-18,1325,017860,NA,1,1,9,1900,0,3,5,NA,2,004,UNIVERSITY DR.  (2100 BLOCK),WILMINGTON AVE.,2112,E,N,A,-,N,NA,NA,NA,NA,NA,NA,NA,NA,NA,N,4,0,1,2,A,-,21,22106,NA,N,C,E,A,A,H,-,A,D,0,NA,NA,NA,Y,Y,NA,G,27,0,0,1,0,0,0,0,0,0,-,-,33.85818099975586,-118.22736358642578,LOS ANGELES,UNINCORPORATED,-118.24156951904295,33.85796356201172
92347088,2024,2024-03-26,9530,2024-03-18,625,017860,NA,1,1,9,1900,0,3,5,NA,2,004,I-710 S/B TO DEL AMO BLVD.,SUSANA RD.,0,NA,Y,A,-,N,NA,NA,NA,NA,NA,NA,NA,NA,NA,Y,4,0,1,2,C,-,18,NA,NA,N,D,C,A,A,H,-,A,C,0,NA,NA,NA,NA,Y,NA,-,-,0,0,1,0,0,0,0,0,0,-,-,33.848419189453125,-118.206787109375,LOS ANGELES,UNINCORPORATED,NA,NA
92347113,2024,2024-03-26,9590,2024-03-14,1230,019008,NA,4,1,7,1942,0,1,2,NA,2,070,US-101 NORTHBOUND (HOLLYWOOD FREEWAY),GLENDALE BLVD,350,N,N,A,-,Y,LA,NA,101,NA,NA,2.583,H,NA,R,N,4,0,1,3,A,-,03,22350,NA,N,C,C,A,A,H,-,A,D,0,NA,NA,NA,NA,Y,NA,A,01,0,0,1,0,0,0,0,0,0,-,-,34.0701789855957,-118.26251220703124,LOS ANGELES,LOS ANGELES,-118.26248168945313,34.07023620605469
92347119,2024,2024-03-26,9530,2024-03-08,1708,023188,NA,5,2,5,1977,0,1,1,NA,2,410,INTERSTATE 405 SOUTHBOUND (SAN DIEGO FREEWAY),AVALON BOULEVARD,1320,S,N,A,-,Y,LA,NA,405,NA,NA,10.855,H,NA,L,N,4,0,1,2,A,-,03,22350,NA,N,C,C,A,A,H,-,A,D,0,NA,NA,NA,NA,Y,NA,A,07,0,0,1,0,0,0,0,0,0,-,-,33.835018157958984,-118.25924682617188,LOS ANGELES,CARSON,-118.25929260253906,33.834991455078125
92347124,2024,2024-03-26,9535,2024-03-11,1842,023420,NA,1,2,9,1900,0,2,4,NA,2,025,ATLANTIC BLVD,EAGLE ST,0,NA,Y,A,-,N,NA,NA,NA,NA,NA,NA,NA,NA,NA,Y,4,0,1,2,A,-,12,21453,A,N,D,C,A,A,H,-,A,A,0,NA,NA,NA,NA,Y,Y,A,08,0,0,1,0,0,0,0,0,0,-,-,34.02716827392578,-118.1552276611328,LOS ANGELES,UNINCORPORATED,-118.15524291992188,34.02714538574219
92347127,2024,2024-03-26,9530,2024-03-16,1420,023590,NA,6,2,6,1972,0,1,1,NA,2,400,I-405 N/B (SAN DIEGO FREEWAY),WESTERN AVE.,1300,S,N,A,-,Y,LA,NA,405,NA,NA,14.166,H,NA,R,N,4,0,1,2,A,-,03,22350,NA,N,C,C,A,A,H,-,A,D,0,NA,NA,NA,NA,Y,NA,A,01,0,0,1,0,0,0,0,0,0,-,-,33.85990905761719,-118.30477905273438,LOS ANGELES,TORRANCE,-118.30477905273438,33.85991287231445
92347140,2024,2024-03-26,9525,2024-03-23,1555,022509,NA,6,2,5,1906,0,1,1,NA,2,103,I-10 W/B (SAN BERNARDINO FWY),BALDWIN PARK BLVD,1056,W,N,B,-,Y,LA,NA,10,NA,NA,32,H,NA,L,N,4,0,1,2,A,-,03,22350,NA,N,C,C,A,A,H,-,A,D,0,NA,NA,NA,NA,Y,NA,A,08,0,0,1,0,0,0,0,0,0,-,-,34.06719970703125,-117.9853515625,LOS ANGELES,BALDWIN PARK,-117.98533630371094,34.067142486572266
92347169,2024,2024-03-26,9565,2024-03-14,724,021889,NA,4,1,6,1933,0,1,1,NA,2,060,I-405 NB TO MANCHESTER BLVD,HILLCREST BLVD,100,S,N,A,-,Y,LA,NA,405,NA,NA,22.973,H,NA,R,Y,4,0,1,2,A,-,03,22350,NA,N,C,C,A,A,H,-,A,D,0,NA,NA,NA,NA,Y,NA,A,01,0,0,1,0,0,0,0,0,0,-,-,33.95608139038086,-118.3691177368164,LOS ANGELES,INGLEWOOD,-118.36925506591795,33.956077575683594
92347220,2024,2024-03-26,9580,2024-03-21,1450,022663,NA,4,2,7,1942,0,1,2,NA,2,103,US-101 S/B (VENTURA FREEWAY),BALBOA BLVD,1450,N,N,A,-,Y,LA,NA,101,NA,NA,19.513,H,NA,L,N,4,0,2,3,A,-,03,22350,NA,M,C,C,A,A,H,-,A,D,0,NA,NA,NA,NA,Y,NA,-,99,0,0,2,0,0,0,0,0,0,-,-,34.17108917236328,-118.50594329833984,LOS ANGELES,LOS ANGELES,-118.50594329833984,34.17108917236328
92347236,2024,2024-03-26,9590,2024-03-14,738,021346,NA,4,1,7,1942,0,1,1,NA,2,061,I-10 W/B (SMF) COLLECTOR ROAD,NORMANDIE AVENUE,550,W,N,A,-,Y,LA,NA,10,NA,R,13.21,H,NA,L,N,4,0,1,3,A,-,03,22350,NA,N,C,C,A,A,H,-,A,D,0,NA,NA,NA,NA,Y,NA,A,01,0,0,1,0,0,0,0,0,0,-,-,34.03739929199219,-118.3022232055664,LOS ANGELES,LOS ANGELES,-118.3022232055664,34.03718566894531
92347243,2024,2024-03-26,9590,2024-03-14,2055,018538,NA,4,2,7,1942,0,1,1,NA,2,052,I-110 N/B (HARBOR FWY.),TEMPLE ST.,300,N,N,A,-,Y,LA,NA,110,NA,NA,23.685,H,NA,R,Y,4,0,1,2,A,-,03,22350,NA,N,C,C,A,A,H,-,D,D,0,NA,NA,NA,NA,Y,NA,A,01,0,0,1,0,0,0,0,0,0,-,-,34.06217956542969,-118.24925231933594,LOS ANGELES,LOS ANGELES,-118.24922943115234,34.062164306640625
92347259,2024,2024-03-26,9590,2024-03-14,1755,023269,NA,4,2,7,1942,0,1,1,NA,2,063,I-10 WESTBOUND (SANTA MONICA FREEWAY),GRAND AVE,40,E,N,A,-,Y,LA,NA,10,NA,NA,15.318,H,NA,L,N,4,0,1,2,A,-,03,22350,NA,N,C,C,A,A,H,-,A,D,0,NA,NA,NA,NA,Y,NA,A,07,0,0,1,0,0,0,0,0,0,-,-,34.034568786621094,-118.26685333251952,LOS ANGELES,LOS ANGELES,-118.26685333251952,34.034568786621094
92347262,2024,2024-03-26,9580,2024-03-26,715,018185,NA,2,1,7,1942,0,1,3,NA,2,114,SR-118 E/B (RONALD REAGAN FWY.),FOX ST,350,E,N,A,-,Y,LA,NA,118,NA,R,10.908,H,NA,R,N,4,0,1,3,A,-,03,22350,NA,N,C,C,A,A,H,-,A,D,0,NA,NA,NA,NA,Y,NA,D,22,0,0,1,0,0,0,0,0,0,-,-,34.26573944091797,-118.4530029296875,LOS ANGELES,LOS ANGELES,-118.4530029296875,34.26572036743164
92347291,2024,2024-03-26,9530,2024-03-16,1437,023313,NA,6,2,9,1900,0,3,5,NA,2,003,ROSECRANS AVE.,LIME AVE.,80,E,N,A,-,N,NA,NA,NA,NA,NA,NA,NA,NA,NA,Y,4,0,1,4,A,-,03,22350,NA,M,C,C,A,A,H,-,A,A,0,NA,NA,NA,NA,Y,NA,A,07,0,0,1,0,0,0,0,0,0,-,-,33.903648376464844,-118.19252777099608,LOS ANGELES,UNINCORPORATED,-118.1926040649414,33.90359115600586
92347292,2024,2024-03-26,9575,2024-03-18,1655,023126,NA,1,2,9,1900,0,1,1,NA,2,062,I-210 W/B (FOOTHILL FREEWAY),ALTA CANYADA RD,950,W,N,A,-,Y,LA,NA,210,NA,R,19.034,H,NA,L,Y,4,0,1,1,A,-,08,22107,NA,N,E,9,A,A,H,-,A,D,0,NA,NA,NA,NA,Y,NA,A,07,0,0,1,0,0,0,0,0,0,-,-,34.20708084106445,-118.2148208618164,LOS ANGELES,UNINCORPORATED,-118.21481323242188,34.2071418762207
92347317,2024,2024-03-26,9530,2024-03-16,1940,022999,NA,6,2,9,1900,0,3,5,NA,2,001,GAGE AVE,COMPTON AVE.,0,NA,Y,A,-,N,NA,NA,NA,NA,NA,NA,NA,NA,NA,N,4,0,1,2,A,-,09,21801,A,N,D,C,A,A,H,-,C,A,0,NA,NA,NA,NA,Y,NA,A,07,0,0,1,0,0,0,0,0,0,-,-,33.98202896118164,-118.24772644042967,LOS ANGELES,UNINCORPORATED,-118.24774169921876,33.9820556640625
92347321,2024,2024-03-26,9550,2024-03-18,750,015449,NA,1,1,6,1920,0,1,1,NA,2,500,INTERSTATE 5  NORTHBOUND (SANTA ANA FREEWAY),SAN GABRIEL RIVER UNDERCROSSING,528,N,N,A,-,Y,LA,NA,5,NA,NA,7.267,H,NA,R,Y,4,0,1,2,A,-,03,22350,NA,N,C,C,A,A,H,-,A,D,0,NA,NA,NA,NA,Y,NA,A,01,0,0,1,0,0,0,0,0,0,-,-,33.94662857055664,-118.10009002685548,LOS ANGELES,DOWNEY,-118.1001434326172,33.94660568237305
92347341,2024,2024-03-26,9530,2024-03-16,1740,023048,NA,6,2,9,1900,0,3,5,NA,2,001,MIRAMONTES BLVD ( 6900 BLOCK),FLORENCE AVE.,250,N,N,A,-,N,NA,NA,NA,NA,NA,NA,NA,NA,NA,N,3,0,1,2,A,-,08,22107,NA,N,D,G,A,A,H,-,A,D,0,NA,Y,NA,NA,Y,NA,L,04,0,1,0,0,0,0,1,0,0,-,-,33.975318908691406,-118.2453384399414,LOS ANGELES,UNINCORPORATED,-118.24549865722656,33.97475051879883
92347350,2024,2024-03-26,9540,2024-03-23,915,021124,NA,6,1,6,1985,0,1,3,NA,1,145,SR-14 S/B (ANTELOPE VALLEY FREEWAY),PLACERITA CANYON ROAD,1584,N,N,C,-,Y,LA,NA,14,NA,R,28.41,H,NA,L,Y,4,0,2,1,A,-,03,22350,NA,N,E,I,A,B,H,-,A,D,0,NA,NA,NA,NA,Y,NA,A,01,0,0,2,0,0,0,0,0,0,-,-,34.38100051879883,-118.48986053466795,LOS ANGELES,SANTA CLARITA,-118.48990631103516,34.38103485107422
92347373,2024,2024-03-26,9565,2024-03-14,2045,022642,NA,4,2,7,1942,0,1,1,NA,2,062,I-405 N/B  (SAN DIEGO FWY),OLYMPIC BLVD.,615,S,N,A,-,Y,LA,NA,405,NA,NA,30.076,H,NA,R,N,4,0,2,2,A,-,03,22350,NA,N,C,C,A,A,H,-,C,D,0,NA,NA,NA,NA,Y,Y,A,08,0,0,2,0,0,0,0,0,0,-,-,34.037601470947266,-118.43871307373048,LOS ANGELES,LOS ANGELES,-118.43881988525392,34.037559509277344
92347379,2024,2024-03-26,9540,2024-03-23,1135,021744,NA,6,1,9,1900,0,1,1,NA,2,507,I-5 S/B,NEWHALL RANCH ROAD,350,S,N,A,-,Y,LA,NA,5,NA,R,55.218,H,NA,L,Y,4,0,1,3,A,-,03,22350,NA,N,C,C,A,A,H,-,A,D,0,NA,NA,NA,NA,Y,NA,A,01,0,0,1,0,0,0,0,0,0,-,-,34.44258117675781,-118.60443115234376,LOS ANGELES,UNINCORPORATED,-118.6044464111328,34.44255828857422