CASE_ID,ACCIDENT_YEAR,PROC_DATE,JURIS,COLLISION_DATE,COLLISION_TIME,OFFICER_ID,REPORTING_DISTRICT,DAY_OF_WEEK,CHP_SHIFT,POPULATION,CNTY_CITY_LOC,SPECIAL_COND,BEAT_TYPE,CHP_BEAT_TYPE,CITY_DIVISION_LAPD,CHP_BEAT_CLASS,BEAT_NUMBER,PRIMARY_RD,SECONDARY_RD,DISTANCE,DIRECTION,INTERSECTION,WEATHER_1,WEATHER_2,STATE_HWY_IND,CALTRANS_COUNTY,CALTRANS_DISTRICT,STATE_ROUTE,ROUTE_SUFFIX,POSTMILE_PREFIX,POSTMILE,LOCATION_TYPE,RAMP_INTERSECTION,SIDE_OF_HWY,TOW_AWAY,COLLISION_SEVERITY,NUMBER_KILLED,NUMBER_INJURED,PARTY_COUNT,PRIMARY_COLL_FACTOR,PCF_CODE_OF_VIOL,PCF_VIOL_CATEGORY,PCF_VIOLATION,PCF_VIOL_SUBSECTION,HIT_AND_RUN,TYPE_OF_COLLISION,MVIW,PED_ACTION,ROAD_SURFACE,ROAD_COND_1,ROAD_COND_2,LIGHTING,CONTROL_DEVICE,CHP_ROAD_TYPE,PEDESTRIAN_ACCIDENT,BICYCLE_ACCIDENT,MOTORCYCLE_ACCIDENT,TRUCK_ACCIDENT,NOT_PRIVATE_PROPERTY,ALCOHOL_INVOLVED,STWD_VEHTYPE_AT_FAULT,CHP_VEHTYPE_AT_FAULT,COUNT_SEVERE_INJ,COUNT_VISIBLE_INJ,COUNT_COMPLAINT_PAIN,COUNT_PED_KILLED,COUNT_PED_INJURED,COUNT_BICYCLIST_KILLED,COUNT_BICYCLIST_INJURED,COUNT_MC_KILLED,COUNT_MC_INJURED,PRIMARY_RAMP,SECONDARY_RAMP,LATITUDE,LONGITUDE,COUNTY,CITY,POINT_X,POINT_Y
92351758,2024,2024-04-01,9540,2024-03-07,1838,022404,NA,4,2,7,1942,0,1,S,NA,2,904,I-405 S/B TO NORDHOFF ST.,NORDHOFF ST,140,N,N,A,-,Y,NA,NA,NA,NA,NA,NA,NA,NA,NA,N,4,0,1,2,A,-,01,23152,F,M,C,C,A,A,H,-,C,D,0,NA,NA,NA,NA,Y,NA,D,22,0,0,1,0,0,0,0,0,0,-,-,34.236080169677734,-118.47350311279295,LOS ANGELES,LOS ANGELES,-118.47350311279295,34.236080169677734
92351771,2024,2024-04-01,9545,2024-03-28,505,023733,NA,4,3,9,1900,0,1,3,NA,2,031,SR-14 S/B,SIERRA HWY,528,N,N,A,-,Y,LA,NA,14,NA,R,52.283,H,NA,L,Y,4,0,3,3,A,-,03,22350,NA,N,C,C,A,A,H,-,D,D,0,NA,NA,NA,NA,Y,NA,A,01,0,0,3,0,0,0,0,0,0,-,-,34.48870849609375,-118.13851165771484,LOS ANGELES,UNINCORPORATED,-118.13851165771484,34.48871612548828
92351779,2024,2024-04-01,9545,2024-03-28,2250,021497,NA,4,3,9,1900,0,3,5,NA,2,002,AVENUE N,30TH ST  W,0,NA,Y,A,-,N,NA,NA,NA,NA,NA,NA,NA,NA,NA,Y,4,0,3,2,A,-,09,21801,A,N,D,2,A,A,H,-,C,A,0,NA,NA,NA,NA,Y,NA,A,07,0,0,3,0,0,0,0,0,0,-,-,34.631160736083984,-118.1832275390625,LOS ANGELES,UNINCORPORATED,-118.18338012695313,34.631126403808594
92351781,2024,2024-04-01,9540,2024-03-21,1700,021464,NA,4,2,9,1900,0,1,3,NA,1,144,SR-14NB,GOLEDEN VALLEY RD,5280,S,N,A,-,Y,LA,NA,14,NA,R,28.543,H,NA,R,Y,4,0,2,3,A,-,03,22350,NA,M,C,C,A,A,H,-,A,D,0,NA,NA,NA,NA,Y,NA,D,22,0,0,2,0,0,0,0,0,0,-,-,34.38227081298828,-118.4880599975586,LOS ANGELES,UNINCORPORATED,-118.48812103271484,34.38231658935547
92351782,2024,2024-04-01,9540,2024-03-22,1655,023422,NA,5,2,9,1900,0,2,4,NA,2,012,PICO CANYON RD,CHIQUELLA LN,0,NA,Y,A,-,N,NA,NA,NA,NA,NA,NA,NA,NA,NA,Y,4,0,1,2,A,-,12,21453,A,N,D,C,A,A,H,-,A,A,0,NA,NA,NA,NA,Y,NA,-,-,0,0,1,0,0,0,0,0,0,-,-,34.379180908203125,-118.56707000732422,LOS ANGELES,UNINCORPORATED,-118.5669174194336,34.379173278808594
92351789,2024,2024-10-23,9540,2024-03-29,1220,021374,NA,5,1,6,1985,0,1,1,NA,2,506,I-5 N/B (GOLDEN STATE FREEWAY),VALENCIA BLVD,1584,S,N,B,-,Y,LA,NA,5,NA,R,52.156,H,NA,R,N,3,0,3,2,A,-,03,22350,NA,N,C,C,A,A,H,-,A,D,0,NA,NA,NA,NA,Y,NA,A,07,0,3,0,0,0,0,0,0,0,-,-,34.40412902832031,-118.57427215576172,LOS ANGELES,SANTA CLARITA,-118.57429504394533,34.40412139892578
92351804,2024,2024-04-01,9545,2024-03-21,703,019414,NA,4,1,9,1900,0,3,5,NA,1,006,50TH ST  W,AVENUE L,12,S,N,A,-,N,NA,NA,NA,NA,NA,NA,NA,NA,NA,Y,4,0,1,2,A,-,03,22350,NA,N,D,D,A,A,H,-,B,A,0,NA,NA,NA,NA,Y,NA,A,01,0,0,1,0,0,0,0,0,0,-,-,34.66014862060547,-118.21885681152344,LOS ANGELES,UNINCORPORATED,-118.21882629394533,34.66022872924805
92351805,2024,2024-04-01,9545,2024-03-25,634,023770,NA,1,1,6,1950,0,3,5,NA,2,002,AVENUE O,20TH STREET WEST,1021,W,N,A,-,N,NA,NA,NA,NA,NA,NA,NA,NA,NA,Y,3,0,1,1,A,-,08,22107,NA,N,E,I,A,A,H,-,B,D,0,NA,NA,NA,NA,Y,NA,A,07,0,1,0,0,0,0,0,0,0,-,-,34.61635971069336,-118.16864776611328,LOS ANGELES,PALMDALE,-118.16888427734376,34.616397857666016
92351880,2024,2024-04-02,9540,2024-03-28,1715,022385,NA,4,2,7,1942,0,1,1,NA,1,501,I-5 SOUTHBOUND,I-405,1490,N,N,A,-,Y,LA,NA,5,NA,NA,41.891,H,NA,L,N,4,0,2,2,A,-,03,22350,NA,N,C,C,A,A,H,-,A,D,0,NA,NA,NA,NA,Y,NA,A,07,0,0,2,0,0,0,0,0,0,-,-,34.29447937011719,-118.47115325927734,LOS ANGELES,LOS ANGELES,-118.47111511230467,34.29450607299805
9235196,2021,2021-04-21,1975,2021-03-19,1542,998,NA,5,5,6,1975,0,0,0,NA,0,001,SUNSET AV,ROWLAND AV,72,S,N,A,-,N,NA,NA,NA,NA,NA,NA,NA,NA,NA,N,4,0,2,3,A,-,03,22350,NA,N,C,C,A,A,H,-,A,D,0,NA,NA,NA,Y,Y,NA,F,26,0,0,2,0,0,0,0,0,0,-,-,34.07954025268555,-117.93489837646484,LOS ANGELES,WEST COVINA,-117.9350357055664,34.078861236572266
9235201,2021,2021-04-14,1910,2021-03-05,1900,05294,NA,5,5,4,1910,0,0,0,NA,0,009,LA CIENEGA BL,CLIFTON WY,0,NA,Y,A,-,N,NA,NA,NA,NA,NA,NA,NA,NA,NA,N,4,0,2,2,A,-,03,22350,NA,N,C,C,A,A,H,-,C,A,0,NA,NA,NA,NA,Y,NA,A,01,0,0,2,0,0,0,0,0,0,-,-,NA,NA,LOS ANGELES,BEVERLY HILLS,-118.37635040283205,34.06930923461914
9235202,2021,2021-04-14,1956,2021-03-13,1255,1335,76,6,5,5,1956,0,0,0,NA,0,002,CATALINA AV,GARNET ST,300,N,N,A,-,N,NA,NA,NA,NA,NA,NA,NA,NA,NA,NA,4,0,1,2,A,-,03,22350,NA,N,C,C,A,A,H,-,A,A,0,NA,NA,NA,NA,Y,NA,A,07,0,0,1,0,0,0,0,0,0,-,-,33.840049743652344,-118.38825988769533,LOS ANGELES,REDONDO BEACH,-118.38819885253906,33.84088897705078
9235203,2021,2022-05-27,1956,2021-03-23,1642,1183,66,2,5,5,1956,0,0,0,NA,0,004,INGLEWOOD AV,RT 405,5,S,N,A,-,Y,LA,7,405,-,-,18.379,R,4,S,NA,4,0,1,2,D,-,00,NA,NA,N,B,C,A,A,H,-,A,A,0,NA,NA,NA,NA,Y,NA,-,-,0,0,1,0,0,0,0,0,0,-,SF,NA,NA,LOS ANGELES,REDONDO BEACH,-118.363037109375,33.89206314086914
9235204,2021,2021-04-14,1956,2021-03-23,1440,1244,48,2,5,5,1956,0,0,0,NA,0,003,INGLEWOOD AV,182ND ST,0,NA,Y,A,-,N,NA,NA,NA,NA,NA,NA,NA,NA,NA,NA,3,0,1,2,A,-,10,21950,A,N,G,B,B,A,H,-,A,A,0,Y,NA,NA,NA,Y,NA,A,07,0,1,0,0,1,0,0,0,0,-,-,33.86558151245117,-118.36122131347656,LOS ANGELES,REDONDO BEACH,-118.36119079589844,33.86552429199219
9235205,2021,2021-04-14,1956,2021-03-24,2030,1377/128,51,3,5,5,1956,0,0,0,NA,0,003,ARTESIA BL,PHELAN LN,25,E,N,A,-,N,NA,NA,NA,NA,NA,NA,NA,NA,NA,N,3,0,1,2,A,-,11,21956,A,F,G,B,D,A,H,-,C,D,0,Y,NA,NA,NA,Y,Y,N,60,0,1,0,0,1,0,0,0,0,-,-,NA,NA,LOS ANGELES,REDONDO BEACH,-118.36637878417967,33.872798919677734
9235206,2021,2021-04-14,1956,2021-03-24,1834,1370,19,3,5,5,1956,0,0,0,NA,0,002,TORRANCE BL,LUCIA AV,75,W,N,A,-,N,NA,NA,NA,NA,NA,NA,NA,NA,NA,Y,2,0,1,2,A,-,09,21804,A,N,D,C,A,A,H,-,B,D,0,NA,NA,NA,NA,Y,NA,A,01,1,0,0,0,0,0,0,0,0,-,-,33.8386116027832,-118.37774658203124,LOS ANGELES,REDONDO BEACH,-118.37803649902344,33.83844757080078
92352168,2024,2024-04-02,9540,2024-02-04,1930,022567,NA,7,2,6,1985,0,3,5,NA,2,008,SYCAMORE MEADOW DR,VALDERRAMA DR,50,E,N,C,-,N,NA,NA,NA,NA,NA,NA,NA,NA,NA,Y,3,0,2,3,A,-,01,23152,A,N,B,E,A,B,H,-,C,D,0,NA,NA,NA,NA,Y,Y,A,01,0,2,0,0,0,0,0,0,0,-,-,34.413700103759766,-118.58139801025392,LOS ANGELES,SANTA CLARITA,-118.58200073242188,34.41336441040039
92352169,2024,2024-04-02,9550,2024-03-31,2225,023321,NA,7,3,3,1927,0,1,1,NA,2,653,INTERSTATE 605 N/B,SPRING ST,650,S,N,A,-,Y,LA,NA,605,NA,R,0.122,H,NA,R,Y,4,0,2,2,A,-,01,23152,A,N,C,C,A,A,H,-,D,D,0,NA,NA,NA,NA,Y,Y,A,01,0,0,2,0,0,0,0,0,0,-,-,33.80805969238281,-118.08139038085938,LOS ANGELES,HAWAIIAN GARDENS,-118.08132934570313,33.80805969238281
9235219,2021,2021-04-14,1900,2021-03-24,2208,655217,2824,3,5,5,1915,0,0,0,NA,0,281T1,ROSECRANS AV,SLOAN AV,8,W,N,A,-,N,NA,NA,NA,NA,NA,NA,NA,NA,NA,N,4,0,4,3,A,-,08,22107,NA,F,B,C,A,A,H,-,C,A,0,NA,NA,NA,NA,Y,NA,-,-,0,0,4,0,0,0,0,0,0,-,-,33.90338897705078,-118.2105712890625,LOS ANGELES,COMPTON,-118.21097564697266,33.90336990356445
92352192,2024,2024-04-02,9535,2024-03-21,2100,023070,NA,4,2,9,1900,0,2,4,NA,2,024,WHITTIER BLVD,ATLANTIC BLVD,0,NA,Y,A,-,N,NA,NA,NA,NA,NA,NA,NA,NA,NA,Y,4,0,1,3,A,-,09,21801,A,N,D,C,A,A,H,-,C,A,0,NA,NA,NA,NA,Y,NA,A,01,0,0,1,0,0,0,0,0,0,-,-,34.02037811279297,-118.1572723388672,LOS ANGELES,UNINCORPORATED,-118.15729522705078,34.02041244506836
9235220,2021,2021-04-14,1900,2021-03-24,0839,652805,2810,3,5,5,1915,0,0,0,NA,0,282T1,ROSECRANS AV,APRILIA AV,225,E,N,A,-,N,NA,NA,NA,NA,NA,NA,NA,NA,NA,N,4,0,1,3,A,-,08,22107,NA,F,C,C,A,A,H,-,A,D,0,NA,NA,NA,NA,Y,NA,A,01,0,0,1,0,0,0,0,0,0,-,-,33.90272903442383,-118.25673675537108,LOS ANGELES,COMPTON,-118.25672912597656,33.90266036987305
92352206,2024,2024-04-02,9535,2024-02-27,1320,023384,NA,2,1,4,1907,0,1,1,NA,2,072,I-710 N/B (LONG BEACH FREEWAY) TO ATLANIC BLVD.,ATLANTIC BLVD.,280,S,N,B,-,Y,NA,NA,NA,NA,NA,NA,NA,NA,NA,N,4,0,2,2,A,-,21,22106,NA,F,C,C,A,A,H,-,A,A,0,NA,NA,NA,NA,Y,NA,A,01,0,0,2,0,0,0,0,0,0,-,-,33.99774169921875,-118.17616271972656,LOS ANGELES,BELL,-118.17616271972656,33.99774169921875
92352221,2024,2024-04-02,9530,2024-03-21,2500,023652,NA,4,4,9,1900,0,1,1,NA,2,120,I-110 N/B (HARBOR FREEWAY),DEL AMO BLVD.,1000,N,N,A,-,Y,LA,NA,110,NA,NA,8.248,H,NA,R,N,3,0,1,2,A,-,11,21954,A,F,G,B,E,A,H,-,C,D,0,Y,NA,NA,NA,Y,NA,N,60,0,1,0,0,1,0,0,0,0,-,-,33.84926986694336,-118.28476715087892,LOS ANGELES,UNINCORPORATED,-118.28487396240234,33.84926986694336
92352238,2024,2024-04-02,9580,2024-03-30,1300,023129,NA,6,1,7,1942,0,1,3,NA,2,118,SR-118 E/B (RONALD REAGAN FWY.),DE SOTO AVE,1922,W,N,C,-,Y,LA,NA,118,NA,R,2.326,H,NA,R,Y,4,0,2,3,A,-,03,22350,NA,N,B,2,A,B,H,-,A,D,0,NA,NA,NA,NA,Y,NA,A,01,0,0,2,0,0,0,0,0,0,-,-,34.27457809448242,-118.59644317626952,LOS ANGELES,LOS ANGELES,-118.59642791748048,34.27460479736328
92352297,2024,2024-04-02,9530,2024-03-16,2247,023048,NA,6,3,9,1900,0,3,5,NA,2,001,FIRESTONE BLVD.,HOOPER AVE.,0,NA,Y,A,-,N,NA,NA,NA,NA,NA,NA,NA,NA,NA,N,4,0,1,2,A,-,03,22350,NA,N,D,G,A,A,H,-,C,A,0,NA,Y,NA,NA,Y,NA,M,91,0,0,1,0,0,0,1,0,0,-,-,33.960121154785156,-118.25414276123048,LOS ANGELES,UNINCORPORATED,-118.2540283203125,33.96015167236328
92352298,2024,2024-04-02,9525,2024-03-23,50,023049,NA,6,3,9,1900,0,3,5,NA,2,005,GLENDORA MOUNTAIN RD.,GLENDORA RIDGE MTWY.,2640,S,N,E,-,N,NA,NA,NA,NA,NA,NA,NA,NA,NA,Y,3,0,2,1,A,-,03,22350,NA,N,F,8,A,A,H,-,A,D,0,NA,NA,NA,NA,Y,NA,A,01,0,1,1,0,0,0,0,0,0,-,-,34.16672134399414,-117.84773254394533,LOS ANGELES,UNINCORPORATED,-117.80204010009766,34.20658874511719
92352356,2024,2024-04-02,9580,2024-03-31,1100,023761,NA,7,1,7,1942,0,1,2,NA,2,102,US-101 S/B (VENTURA FREEWAY),HASKELL AVENUE,300,S,N,A,-,Y,LA,NA,101,NA,NA,17.554,H,NA,L,N,4,0,1,2,A,-,03,22350,NA,N,C,C,A,A,H,-,A,D,0,NA,NA,NA,NA,Y,NA,A,01,0,0,1,0,0,0,0,0,0,-,-,34.16463088989258,-118.473876953125,LOS ANGELES,LOS ANGELES,-118.47389221191406,34.164615631103516
92352357,2024,2024-04-02,9530,2024-02-23,2350,023038,NA,5,3,9,1900,0,3,5,NA,2,004,SUSANA ROAD (17800 BLOCK),LAS HERMANAS STREET,59,N,N,A,-,N,NA,NA,NA,NA,NA,NA,NA,NA,NA,N,2,0,1,2,A,-,11,21954,A,N,B,B,D,A,H,-,C,D,0,Y,NA,NA,NA,Y,NA,N,60,1,0,0,0,1,0,0,0,0,-,-,33.8697509765625,-118.2061767578125,LOS ANGELES,UNINCORPORATED,-118.2060775756836,33.869667053222656
92352358,2024,2024-04-02,9580,2024-03-28,2255,021461,NA,4,3,9,1900,0,2,4,NA,1,128,KANAN RD,TUNNEL 2,600,N,N,A,-,N,NA,NA,NA,NA,NA,NA,NA,NA,NA,Y,4,0,1,1,A,-,03,22350,NA,N,F,I,A,A,H,-,C,D,0,NA,NA,Y,NA,Y,NA,C,02,0,0,1,0,0,0,0,0,1,-,-,34.106239318847656,-118.80616760253906,LOS ANGELES,UNINCORPORATED,NA,NA
92352373,2024,2024-04-02,9580,2024-03-28,2155,022561,NA,4,2,7,1942,0,1,2,NA,2,104,US-101 N/B TO RESEDA BLVD,RESEDA BLVD,950,S,N,A,-,Y,LA,NA,101,NA,NA,21.082,H,NA,R,Y,4,0,3,2,A,-,03,22350,NA,N,C,C,A,A,H,-,C,D,0,NA,NA,NA,NA,Y,NA,A,07,0,0,3,0,0,0,0,0,0,-,-,34.172550201416016,-118.5329132080078,LOS ANGELES,LOS ANGELES,-118.53297424316406,34.17244338989258
92352387,2024,2024-04-02,9530,2024-03-16,130,022852,NA,6,3,5,1977,0,1,1,NA,2,410,I-405 S/B (SAN DIEGO FREEWAY),AVALON BLVD.,1200,N,N,B,-,Y,LA,NA,405,NA,NA,11.501,H,NA,L,Y,4,0,1,3,A,-,01,23152,A,N,C,C,A,A,H,-,C,D,0,NA,NA,NA,Y,Y,Y,A,07,0,0,1,0,0,0,0,0,0,-,-,33.84217071533203,-118.2664031982422,LOS ANGELES,CARSON,-118.26637268066406,33.84218978881836
92352390,2024,2024-04-02,9580,2024-03-31,710,023761,NA,7,1,7,1942,0,1,1,NA,2,405,I-405 S/B (SAN DIEGO FREEWAY),US-101 S/B (VENTURA FREEWAY),360,S,N,B,-,Y,LA,NA,405,NA,NA,39.348,H,NA,L,Y,4,0,1,3,A,-,08,22107,NA,N,B,C,A,B,H,-,A,D,0,NA,NA,NA,Y,Y,NA,A,01,0,0,1,0,0,0,0,0,0,-,-,34.158851623535156,-118.46954345703124,LOS ANGELES,LOS ANGELES,-118.46954345703124,34.15884780883789
92352404,2024,2024-04-02,9530,2024-01-14,329,023237,NA,7,3,9,1900,0,3,5,NA,2,002,ROSECRANS AVE.,KEENE AVE.,20,W,N,A,-,N,NA,NA,NA,NA,NA,NA,NA,NA,NA,Y,2,0,4,2,A,-,08,22107,NA,F,A,C,A,A,H,-,C,A,0,NA,NA,NA,NA,Y,NA,D,22,1,2,1,0,0,0,0,0,0,-,-,33.90277862548828,-118.2559814453125,LOS ANGELES,UNINCORPORATED,-118.25575256347656,33.902706146240234
92352422,2024,2024-04-02,9590,2024-03-17,1520,023266,NA,7,2,7,1942,0,1,1,NA,2,040,US-101 NB (SANTA ANA FREEWAY),4TH STREET,35,N,N,A,-,Y,LA,NA,101,NA,S,0.635,H,NA,R,N,4,0,2,2,A,-,03,22350,NA,N,C,C,A,A,H,-,A,D,0,NA,NA,NA,NA,Y,NA,A,01,0,0,2,0,0,0,0,0,0,-,-,34.04315948486328,-118.22100830078124,LOS ANGELES,LOS ANGELES,-118.22100067138672,34.04315948486328
92352450,2024,2024-04-02,9545,2024-03-23,1746,023340,NA,6,2,9,1900,0,1,3,NA,2,021,SR-14 N/B,PALMDALE BLVD,403,N,N,A,-,Y,LA,NA,14,NA,R,59.883,H,NA,R,Y,4,0,1,2,A,-,03,22350,NA,N,E,J,A,A,D,-,A,A,0,NA,NA,NA,Y,Y,NA,D,22,0,0,1,0,0,0,0,0,0,-,-,34.582489013671875,-118.13362884521484,LOS ANGELES,UNINCORPORATED,-118.13370513916016,34.582489013671875
92352459,2024,2024-04-02,9545,2024-03-26,440,023608,NA,2,3,9,1900,0,1,3,NA,2,031,SR-14 S/B,SIERRA HWY,3033,N,N,A,-,Y,LA,NA,14,NA,R,52.69,H,NA,L,Y,4,0,1,3,A,-,03,22350,NA,N,C,C,A,A,H,-,D,D,0,NA,NA,NA,NA,Y,NA,A,01,0,0,1,0,0,0,0,0,0,-,-,34.491111755371094,-118.13208770751952,LOS ANGELES,UNINCORPORATED,-118.13209533691406,34.49113464355469
92352476,2024,2024-04-02,9545,2024-03-22,1647,023608,NA,5,2,9,1900,0,2,4,NA,1,027,BOUQUET CANYON RD,SPUNKY CANYON RD,620,N,N,A,-,N,NA,NA,NA,NA,NA,NA,NA,NA,NA,N,4,0,2,2,A,-,08,22107,NA,N,C,2,A,A,H,-,A,D,0,NA,NA,NA,NA,Y,NA,A,01,0,0,2,0,0,0,0,0,0,-,-,34.583740234375,-118.35669708251952,LOS ANGELES,UNINCORPORATED,-118.36080932617188,34.584320068359375
92352494,2024,2024-04-02,9580,2024-03-23,755,023142,NA,6,1,7,1942,0,1,3,NA,2,171,SR-170 S/B (HOLLYWOOD FWY.),OXNARD ST.,265,N,N,C,-,Y,LA,NA,170,NA,R,16.706,H,NA,L,Y,4,0,2,2,A,-,03,22350,NA,N,D,C,A,B,H,-,A,D,0,NA,NA,NA,NA,Y,NA,A,01,0,0,2,0,0,0,0,0,0,-,-,34.18016815185547,-118.39575958251952,LOS ANGELES,LOS ANGELES,-118.39576721191406,34.1801643371582
92352552,2024,2024-04-02,9550,2024-03-22,2220,023647,NA,5,3,9,1900,0,1,3,NA,2,602,SR-60 E/B,FULLERTON ROAD,1840,E,N,B,-,Y,LA,NA,60,NA,NA,19.838,H,NA,R,N,4,0,1,2,A,-,03,22350,NA,F,C,C,A,A,H,-,C,D,0,NA,NA,NA,NA,Y,NA,-,99,0,0,1,0,0,0,0,0,0,-,-,33.9940185546875,-117.89894104003906,LOS ANGELES,UNINCORPORATED,-117.89894104003906,33.99406433105469
92352559,2024,2024-04-02,9540,2024-03-22,1840,023400,NA,5,2,9,1900,0,1,3,NA,2,146,SR-14 N/B,WARD RD.,7286,S,N,A,-,Y,LA,NA,14,NA,NA,45.353,H,NA,R,Y,4,0,2,2,A,-,03,22350,NA,N,C,C,A,A,H,-,A,D,0,NA,NA,NA,NA,Y,NA,D,22,0,0,2,0,0,0,0,0,0,-,-,34.50458908081055,-118.25196838378906,LOS ANGELES,UNINCORPORATED,-118.25199127197266,34.504638671875
92352562,2024,2024-04-02,9540,2024-03-22,1930,022615,NA,5,2,9,1900,0,1,1,NA,2,507,I-5 SB FROM LYONS AVE WB,LYONS AVE,686,S,N,A,-,Y,LA,NA,5,NA,R,50.488,H,NA,L,N,4,0,1,2,A,-,03,22350,NA,N,C,C,A,A,H,-,C,A,0,NA,NA,NA,NA,Y,NA,A,08,0,0,1,0,0,0,0,0,0,-,-,34.380760192871094,-118.56726837158205,LOS ANGELES,UNINCORPORATED,-118.56696319580078,34.3808479309082
92352576,2024,2024-04-02,9530,2024-03-11,1240,023580,NA,1,1,9,1900,0,3,5,NA,2,006,GLADWICK ST.,WILMINGTON AVE.,150,W,N,A,-,N,NA,NA,NA,NA,NA,NA,NA,NA,NA,N,4,0,1,4,A,-,08,22107,NA,F,C,C,E,A,H,-,A,D,0,Y,NA,NA,NA,Y,NA,-,99,0,0,1,0,1,0,0,0,0,-,-,33.85322189331055,-118.23380279541016,LOS ANGELES,UNINCORPORATED,-118.23455810546876,33.853309631347656
92352581,2024,2024-04-02,9540,2024-03-23,754,022225,NA,6,1,7,1942,0,1,1,NA,1,503,I-5 S/B (GOLDEN STATE FREEWAY),ROXFORD ST,2798,N,N,B,C,Y,LA,NA,5,NA,R,43.412,H,NA,L,Y,4,0,1,2,A,-,03,22350,NA,N,B,C,A,B,H,-,A,D,0,NA,NA,NA,NA,Y,NA,A,07,0,0,1,0,0,0,0,0,0,-,-,34.309410095214844,-118.48544311523438,LOS ANGELES,LOS ANGELES,-118.48552703857422,34.30935287475586
92352615,2024,2024-04-02,9550,2024-03-23,1250,022391,NA,6,1,9,1900,0,1,3,NA,2,601,SR-60 WESTBOUND,HACIENDA BOULEVARD,320,E,N,B,-,Y,LA,NA,60,NA,NA,16.018,H,NA,L,N,4,0,1,2,A,-,03,22350,NA,N,C,C,A,B,H,-,A,D,0,NA,NA,NA,NA,Y,NA,A,07,0,0,1,0,0,0,0,0,0,-,-,34.00661087036133,-117.96318817138672,LOS ANGELES,UNINCORPORATED,-117.9631805419922,34.006629943847656
92352634,2024,2024-04-02,9525,2024-03-23,10,023085,NA,6,3,9,1900,0,3,5,NA,2,003,FRANCISQUITO AVE (15000 BLOCK),MULLENDER AVENUE,55,E,N,A,-,N,NA,NA,NA,NA,NA,NA,NA,NA,NA,Y,4,0,1,3,A,-,01,23152,A,N,C,E,A,A,H,-,C,D,0,NA,NA,NA,NA,Y,Y,D,22,0,0,1,0,0,0,0,0,0,-,-,34.05046081542969,-117.9384307861328,LOS ANGELES,UNINCORPORATED,-117.93849182128906,34.05046463012695
92352636,2024,2024-04-02,9565,2024-03-30,2055,021951,NA,6,2,7,1942,0,1,1,NA,2,064,I-405 N/B (SAN DIEGO FWY),GETTY CENTER DRIVE,65,N,N,C,-,Y,LA,NA,405,NA,NA,34.234,H,NA,R,Y,3,0,2,3,A,-,01,23152,A,N,C,C,A,B,H,-,C,D,0,NA,NA,NA,Y,Y,Y,A,01,0,1,1,0,0,0,0,0,0,-,-,34.08885955810547,-118.47525787353516,LOS ANGELES,LOS ANGELES,-118.47523498535156,34.088863372802734
92352670,2024,2024-04-02,9545,2024-03-29,1538,022558,NA,5,2,9,1900,0,3,5,NA,2,003,SR-14 N/B TO SIERRA HIGHWAY,SIERRA HIGHWAY,0,NA,Y,A,-,N,NA,NA,NA,NA,NA,NA,NA,NA,NA,N,4,0,5,2,A,-,09,21802,A,N,D,C,A,A,H,-,A,A,0,NA,NA,NA,NA,Y,NA,A,07,0,0,5,0,0,0,0,0,0,-,-,34.509220123291016,-118.11107635498048,LOS ANGELES,UNINCORPORATED,-118.13967895507813,34.487548828125
92352720,2024,2024-04-02,9545,2024-03-30,1612,022558,NA,6,2,9,1900,0,3,5,NA,2,004,PALMDALE BLVD,210TH STREET EAST,985,W,N,B,-,N,NA,NA,NA,NA,NA,NA,NA,NA,NA,Y,3,0,2,2,A,-,03,22350,NA,N,D,C,A,B,H,-,A,D,0,NA,NA,NA,NA,Y,NA,A,07,0,1,1,0,0,0,0,0,0,-,-,34.579898834228516,-117.7586669921875,LOS ANGELES,UNINCORPORATED,-117.75908660888672,34.57992172241211
92352769,2024,2024-04-12,9540,2024-03-07,1845,022740,NA,4,2,7,1942,0,1,S,NA,2,904,US 101 S/B,WOODMAN AVENUE,755,N,N,A,-,Y,LA,NA,101,NA,NA,15.046,H,NA,L,Y,4,0,2,2,A,-,01,23152,F,F,B,2,A,B,H,-,C,D,0,NA,NA,NA,NA,Y,NA,D,22,0,0,2,0,0,0,0,0,0,-,-,34.15550994873047,-118.43389129638672,LOS ANGELES,LOS ANGELES,-118.43389129638672,34.155540466308594
92352775,2024,2024-04-02,9530,2024-03-17,420,022716,NA,7,3,7,1942,0,1,1,NA,2,110,I-110 S/B,ROSECRANS BLVD,1056,N,N,A,-,Y,LA,NA,110,NA,NA,12.086,H,NA,L,Y,3,0,2,4,A,-,08,22107,NA,N,B,C,A,A,H,-,C,D,0,NA,NA,NA,NA,Y,NA,A,07,0,1,1,0,0,0,0,0,0,-,-,33.90494918823242,-118.28688049316406,LOS ANGELES,LOS ANGELES,-118.28673553466795,33.90494918823242