CASE_ID,ACCIDENT_YEAR,PROC_DATE,JURIS,COLLISION_DATE,COLLISION_TIME,OFFICER_ID,REPORTING_DISTRICT,DAY_OF_WEEK,CHP_SHIFT,POPULATION,CNTY_CITY_LOC,SPECIAL_COND,BEAT_TYPE,CHP_BEAT_TYPE,CITY_DIVISION_LAPD,CHP_BEAT_CLASS,BEAT_NUMBER,PRIMARY_RD,SECONDARY_RD,DISTANCE,DIRECTION,INTERSECTION,WEATHER_1,WEATHER_2,STATE_HWY_IND,CALTRANS_COUNTY,CALTRANS_DISTRICT,STATE_ROUTE,ROUTE_SUFFIX,POSTMILE_PREFIX,POSTMILE,LOCATION_TYPE,RAMP_INTERSECTION,SIDE_OF_HWY,TOW_AWAY,COLLISION_SEVERITY,NUMBER_KILLED,NUMBER_INJURED,PARTY_COUNT,PRIMARY_COLL_FACTOR,PCF_CODE_OF_VIOL,PCF_VIOL_CATEGORY,PCF_VIOLATION,PCF_VIOL_SUBSECTION,HIT_AND_RUN,TYPE_OF_COLLISION,MVIW,PED_ACTION,ROAD_SURFACE,ROAD_COND_1,ROAD_COND_2,LIGHTING,CONTROL_DEVICE,CHP_ROAD_TYPE,PEDESTRIAN_ACCIDENT,BICYCLE_ACCIDENT,MOTORCYCLE_ACCIDENT,TRUCK_ACCIDENT,NOT_PRIVATE_PROPERTY,ALCOHOL_INVOLVED,STWD_VEHTYPE_AT_FAULT,CHP_VEHTYPE_AT_FAULT,COUNT_SEVERE_INJ,COUNT_VISIBLE_INJ,COUNT_COMPLAINT_PAIN,COUNT_PED_KILLED,COUNT_PED_INJURED,COUNT_BICYCLIST_KILLED,COUNT_BICYCLIST_INJURED,COUNT_MC_KILLED,COUNT_MC_INJURED,PRIMARY_RAMP,SECONDARY_RAMP,LATITUDE,LONGITUDE,COUNTY,CITY,POINT_X,POINT_Y
92353582,2024,2024-04-03,9535,2024-03-22,1404,023349,NA,5,2,6,1922,0,1,1,NA,2,401,I-10 W/B (SAN BERNARDINO FREEWAY),SANTA ANITA AVENUE,1584,W,N,A,-,Y,LA,NA,10,NA,NA,28.349,H,NA,L,Y,4,0,2,4,A,-,03,22350,NA,N,C,C,A,A,H,-,A,D,0,NA,NA,NA,NA,Y,NA,A,01,0,0,2,0,0,0,0,0,0,-,-,34.07040023803711,-118.04750061035156,LOS ANGELES,EL MONTE,-118.04745483398438,34.07046890258789
92353585,2024,2024-04-03,9580,2024-03-30,745,022551,NA,6,1,7,1942,0,1,2,NA,2,104,US-101 N/B (VENTURA FREEWAY),DE SOTO AVE,2000,S,N,C,-,Y,LA,NA,101,NA,NA,23.903,H,NA,R,Y,3,0,1,3,A,-,03,22350,NA,N,E,8,A,B,H,-,A,D,0,NA,NA,NA,NA,Y,NA,A,01,0,1,0,0,0,0,0,0,0,-,-,34.16859817504883,-118.58096313476564,LOS ANGELES,LOS ANGELES,-118.58097839355467,34.16865158081055
92353586,2024,2024-05-16,9580,2024-03-30,615,022551,NA,6,1,3,1989,0,1,2,NA,2,107,US-101 S/B (VENTURA FREEWAY),PARKWAY CALABASAS,65,N,N,C,-,Y,LA,NA,101,NA,NA,28.307,H,NA,L,Y,3,0,2,3,A,-,03,22350,NA,N,B,2,A,B,H,-,D,D,0,NA,NA,NA,NA,Y,NA,A,01,0,2,0,0,0,0,0,0,0,-,-,34.15317153930664,-118.65235137939452,LOS ANGELES,CALABASAS,-118.65235137939452,34.153175354003906
92353596,2024,2024-04-03,9565,2024-03-21,928,021372,NA,4,1,9,1900,0,3,5,NA,2,004,LA CIENEGA BOULEVARD,I-405 SOUTHBOUND FROM LA CIENEGA BOULEVARD,0,NA,Y,A,-,N,NA,NA,NA,NA,NA,NA,NA,NA,NA,Y,4,0,1,2,D,-,00,NA,NA,N,D,C,A,A,H,-,A,A,0,NA,NA,NA,NA,Y,NA,-,-,0,0,1,0,0,0,0,0,0,-,-,33.94295883178711,-118.37000274658205,LOS ANGELES,UNINCORPORATED,-118.37192535400392,34.02989196777344
92353598,2024,2024-04-03,9550,2024-03-25,155,022597,NA,1,3,9,1900,0,1,1,NA,2,500,INTERSTATE-5 NORTHBOUND,IMPERIAL HIGHWAY,3168,N,N,A,-,Y,LA,NA,5,NA,NA,5.556,H,NA,R,N,2,0,1,2,A,-,11,21954,A,N,G,B,E,A,H,-,D,D,0,Y,NA,NA,Y,Y,NA,N,60,1,0,0,0,1,0,0,0,0,-,-,33.92510986328125,-118.08524322509766,LOS ANGELES,UNINCORPORATED,-118.08535766601564,33.925052642822266
92353609,2024,2024-04-03,9545,2024-03-26,1105,019816,NA,2,1,9,1900,0,3,5,NA,2,003,SIERRA HWY,SR-14 S/B FROM SIERRA HIGHWAY,0,NA,Y,A,-,N,NA,NA,NA,NA,NA,NA,NA,NA,NA,N,4,0,1,2,A,-,09,21801,A,N,D,C,A,A,H,-,A,D,0,NA,NA,NA,NA,Y,NA,A,01,0,0,1,0,0,0,0,0,0,-,-,34.48722839355469,-118.14411163330078,LOS ANGELES,UNINCORPORATED,-118.12741088867188,34.64015579223633
92353611,2024,2024-04-03,9545,2024-03-23,1645,022558,NA,6,2,9,1900,0,3,5,NA,2,004,PALMDALE BLVD,170TH STREET EAST,0,NA,Y,A,-,N,NA,NA,NA,NA,NA,NA,NA,NA,NA,N,3,0,1,2,A,-,12,22450,A,N,D,C,A,A,H,-,A,A,0,NA,NA,NA,Y,Y,NA,A,01,0,1,0,0,0,0,0,0,0,-,-,34.579959869384766,-117.82660675048828,LOS ANGELES,UNINCORPORATED,-117.82666778564452,34.579925537109375
92353612,2024,2024-04-03,9590,2024-03-22,1546,023266,NA,5,2,7,1942,0,1,2,NA,2,073,US-101 SB (HOLLYWOOD FREEWAY),GOWER STREET,170,N,N,A,-,Y,LA,NA,101,NA,NA,6.952,H,NA,L,N,4,0,1,2,A,-,03,22350,NA,N,C,C,A,A,H,-,A,D,0,NA,NA,NA,NA,Y,NA,A,01,0,0,1,0,0,0,0,0,0,-,-,34.10430908203125,-118.32303619384766,LOS ANGELES,LOS ANGELES,-118.3230438232422,34.1042594909668
92353614,2024,2024-04-03,9545,2024-03-26,115,021434,NA,2,3,9,1900,0,1,3,NA,2,011,SR-14 S/B FROM AVENUE A,AVENUE A,8,S,N,A,-,Y,NA,NA,NA,NA,NA,NA,NA,NA,NA,Y,2,0,1,1,A,-,03,22350,NA,N,E,8,A,A,D,-,C,A,0,NA,NA,NA,NA,Y,NA,A,01,1,0,0,0,0,0,0,0,0,-,-,34.82044982910156,-118.17169952392578,LOS ANGELES,UNINCORPORATED,-118.17169952392578,34.82044982910156
92353619,2024,2024-04-03,9550,2024-03-23,1330,023689,NA,6,1,5,1954,0,1,1,NA,2,650,I-605 SB FROM WB BEVERLY BLVD,BEVERLY BLVD,100,S,N,B,C,Y,LA,NA,605,NA,R,14.392,H,NA,L,N,4,0,1,1,A,-,03,22350,NA,N,E,I,A,B,H,-,A,D,0,NA,NA,NA,NA,Y,NA,A,01,0,0,1,0,0,0,0,0,0,-,-,34.00442123413086,-118.06421661376952,LOS ANGELES,PICO RIVERA,-118.06407928466795,34.00430679321289
92353624,2024,2024-04-03,9535,2024-02-02,1645,023244,NA,5,2,9,1900,0,1,1,NA,2,421,I-10 W/B (SAN BERNARDINO FREEWAY),HERBERT AVE,500,E,N,A,-,Y,LA,NA,10,NA,NA,20.252,H,NA,L,Y,4,0,2,3,A,-,07,21658,A,N,D,C,A,A,H,-,A,D,0,NA,NA,NA,NA,Y,NA,A,01,0,0,2,0,0,0,0,0,0,-,-,34.056541442871094,-118.18276214599608,LOS ANGELES,UNINCORPORATED,-118.18274688720705,34.056522369384766
92353641,2024,2024-04-03,9530,2024-03-22,420,021108,NA,5,3,9,1900,0,3,5,NA,2,004,GLADWICK ST. (2100 BLOCK),DOMINGUEZ HILLS DR.,257,E,N,A,-,N,NA,NA,NA,NA,NA,NA,NA,NA,NA,Y,3,0,1,3,A,-,03,22350,NA,N,C,C,A,A,H,-,C,D,0,NA,NA,Y,Y,Y,NA,A,01,0,1,0,0,0,0,0,0,1,-,-,33.85342025756836,-118.22891235351564,LOS ANGELES,UNINCORPORATED,-118.22926330566406,33.85346603393555
92353642,2024,2024-04-03,9550,2024-03-27,1614,022631,NA,3,2,9,1900,0,1,3,NA,2,092,SR-91 EASTBOUND,CHERRY AVE,750,W,N,A,-,Y,LA,NA,91,NA,R,12.883,H,NA,R,N,4,0,1,3,A,-,03,22350,NA,N,C,2,A,A,H,-,A,D,0,NA,NA,NA,Y,Y,NA,F,26,0,0,1,0,0,0,0,0,0,-,-,33.876739501953125,-118.17259216308594,LOS ANGELES,UNINCORPORATED,-118.17259216308594,33.876712799072266
92353652,2024,2024-04-03,9580,2024-03-27,900,023758,NA,3,1,7,1942,0,1,2,NA,2,101,US-101 S/B (VENTURA FREEWAY),COLDWATER CANYON AVE,200,S,N,A,-,Y,LA,NA,101,NA,NA,14.713,H,NA,L,N,2,0,1,2,A,-,08,22107,NA,F,C,C,A,A,H,-,A,D,0,NA,NA,Y,NA,Y,NA,-,99,1,0,0,0,0,0,0,0,1,-,-,34.155601501464844,-118.42799377441406,LOS ANGELES,LOS ANGELES,-118.42798614501952,34.15553283691406
92353656,2024,2024-04-03,9580,2024-03-26,2240,017973,NA,2,3,9,1900,0,3,5,NA,1,020,STUNT ROAD,SADDLE PEAK RD,4900,E,N,A,-,N,NA,NA,NA,NA,NA,NA,NA,NA,NA,N,3,0,1,1,A,-,03,22350,NA,N,E,I,A,A,H,-,D,D,0,NA,NA,NA,NA,Y,NA,A,01,0,1,0,0,0,0,0,0,0,-,-,34.08531951904297,-118.6572723388672,LOS ANGELES,UNINCORPORATED,-118.64576721191406,34.08113098144531
92353690,2024,2024-04-03,9530,2024-03-13,825,020816,NA,3,1,9,1900,0,3,5,NA,2,002,REDONDO BEACH BLVD.,AVALON BLVD.,0,NA,Y,A,-,N,NA,NA,NA,NA,NA,NA,NA,NA,NA,Y,4,0,1,2,A,-,09,21801,A,N,D,C,A,A,H,-,A,A,0,NA,NA,NA,NA,Y,NA,A,01,0,0,1,0,0,0,0,0,0,-,-,33.89329147338867,-118.26526641845705,LOS ANGELES,UNINCORPORATED,-118.2654037475586,33.89321517944336
92353711,2024,2024-04-03,9565,2024-01-26,1715,022763,NA,5,2,9,1900,0,2,4,NA,2,021,VERMONT AVE S/B,94TH ST,10,N,N,A,-,N,NA,NA,NA,NA,NA,NA,NA,NA,NA,Y,3,0,1,2,A,-,08,22107,NA,F,B,C,A,A,H,-,D,D,0,NA,NA,Y,NA,Y,NA,-,99,0,1,0,0,0,0,0,0,1,-,-,33.95109176635742,-118.29186248779295,LOS ANGELES,UNINCORPORATED,-118.29189300537108,33.95097732543945
92353716,2024,2024-04-03,9525,2024-03-23,1240,019890,NA,6,1,4,1946,0,1,1,NA,2,201,SR-210 W/B (FOOTHILL FWY),MYRTLE AVE,1584,W,N,B,C,Y,LA,NA,210,NA,R,33.517,H,NA,L,Y,3,0,4,3,A,-,07,21658,A,N,B,C,A,B,H,-,A,D,0,NA,NA,NA,Y,Y,NA,G,25,0,2,2,0,0,0,0,0,0,-,-,34.13587951660156,-118.00782775878906,LOS ANGELES,MONROVIA,-118.00785064697266,34.135841369628906
92353730,2024,2024-04-03,9525,2024-03-26,2330,022609,NA,2,3,9,1900,0,1,3,NA,2,574,SR-57 N/B (ORANGE FWY),BREA CANYON ROAD,200,S,N,A,-,Y,LA,NA,57,NA,R,0.659,H,NA,R,Y,4,0,1,1,A,-,01,23152,A,N,E,I,A,A,D,-,C,D,0,NA,NA,NA,NA,Y,Y,A,01,0,0,1,0,0,0,0,0,0,-,-,33.954341888427734,-117.86224365234376,LOS ANGELES,UNINCORPORATED,-117.86231231689452,33.95437240600586
92353736,2024,2024-04-03,9580,2024-03-22,1845,022717,NA,5,2,9,1900,0,3,5,NA,1,010,CORNELL RD,WAGON RD,1320,E,N,A,-,N,NA,NA,NA,NA,NA,NA,NA,NA,NA,N,3,0,1,1,A,-,03,22350,NA,N,E,J,A,A,H,-,B,D,0,NA,NA,NA,NA,Y,NA,A,01,0,1,0,0,0,0,0,0,0,-,-,34.12316131591797,-118.74984741210938,LOS ANGELES,UNINCORPORATED,-118.7519989013672,34.1306037902832
92353749,2024,2024-04-03,9580,2024-04-02,750,017973,NA,2,1,3,1989,0,1,2,NA,2,106,US-101 N/B (VENTURA FREEWAY),MUREAU ROAD,600,S,N,A,-,Y,LA,NA,101,NA,NA,28.934,H,NA,R,N,3,0,2,2,A,-,03,22350,NA,N,C,C,A,A,H,-,A,D,0,NA,NA,NA,NA,Y,NA,A,01,0,1,1,0,0,0,0,0,0,-,-,34.15018081665039,-118.66274261474608,LOS ANGELES,CALABASAS,-118.66275787353516,34.15022277832031
92353750,2024,2024-04-03,9590,2024-03-21,812,023549,NA,4,1,7,1942,0,1,1,NA,2,012,SR-110 N/B (ARROYO SECO PARKWAY) (ASP),AVENUE 43,215,S,N,A,-,Y,LA,NA,110,NA,NA,27.073,H,NA,R,Y,4,0,1,2,A,-,03,22350,NA,N,D,C,A,A,H,-,A,D,0,NA,NA,NA,NA,Y,NA,A,01,0,0,1,0,0,0,0,0,0,-,-,34.09257888793945,-118.20614624023438,LOS ANGELES,LOS ANGELES,-118.20623779296876,34.092586517333984
92353754,2024,2024-04-03,9590,2024-03-20,2020,022456,NA,3,2,7,1942,0,1,1,NA,2,501,I-110 S/B,42ND STREET,100,S,N,A,-,Y,LA,NA,110,NA,NA,19.234,H,NA,L,N,4,0,2,2,A,-,03,22350,NA,N,C,C,A,A,H,-,B,D,0,NA,NA,NA,NA,Y,NA,D,22,0,0,2,0,0,0,0,0,0,-,-,34.00706100463867,-118.28115844726564,LOS ANGELES,LOS ANGELES,-118.28111267089844,34.00706100463867
92353763,2024,2024-04-03,9550,2024-03-27,1800,020974,NA,3,2,1,1932,0,1,3,NA,2,602,SR-60 E/B,FAIRWAY DR,1700,W,N,A,-,Y,LA,NA,60,NA,R,21.17,H,NA,R,N,4,0,2,3,A,-,03,22350,NA,N,C,C,A,A,H,-,A,D,0,NA,NA,NA,NA,Y,NA,A,01,0,0,2,0,0,0,0,0,0,-,-,33.99531173706055,-117.87581634521484,LOS ANGELES,INDUSTRY,-117.87583160400392,33.995361328125
92353774,2024,2024-04-03,9530,2024-03-24,1000,023562,NA,7,1,5,1943,0,1,1,NA,2,210,I-105 W/B (GLENN ANDERSON FWY),LONG BEACH BLVD.,200,W,N,A,-,Y,LA,NA,105,NA,R,11.421,H,NA,L,Y,3,0,1,2,A,-,03,22350,NA,N,C,C,A,A,H,-,A,D,0,NA,NA,NA,NA,Y,NA,A,01,0,1,0,0,0,0,0,0,0,-,-,33.9258918762207,-118.2118682861328,LOS ANGELES,LYNWOOD,-118.21183776855467,33.92594909667969
92353782,2024,2024-04-03,9530,2024-03-25,2105,023643,NA,1,2,5,1977,0,1,1,NA,2,400,I-405 S/B (SAN DIEGO FREEWAY),VERMONT AVE.,1056,W,N,A,-,Y,LA,NA,405,NA,NA,13.599,H,NA,L,Y,4,0,2,2,D,-,00,NA,NA,N,C,C,A,A,H,-,D,D,0,NA,NA,NA,NA,Y,NA,-,-,0,0,2,0,0,0,0,0,0,-,-,33.85966110229492,-118.29486846923828,LOS ANGELES,CARSON,-118.29486846923828,33.8597297668457
92353805,2024,2024-04-03,9530,2024-03-25,1835,023688,NA,1,2,9,1900,0,3,5,NA,2,001,MOUNTAIN VIEW AVE.,FLOWER ST.,0,NA,Y,A,-,N,NA,NA,NA,NA,NA,NA,NA,NA,NA,N,4,0,2,2,A,-,09,21802,A,N,D,C,A,A,H,-,C,A,0,NA,NA,NA,NA,Y,NA,A,01,0,0,2,0,0,0,0,0,0,-,-,33.97005844116211,-118.21807098388672,LOS ANGELES,UNINCORPORATED,-118.218017578125,33.97007751464844
92353809,2024,2024-04-03,9535,2024-03-18,735,023635,NA,1,1,4,1907,0,1,1,NA,2,072,I-710 N/B (LONG BEACH FREEWAY),FLORENCE AVE,250,S,N,A,-,Y,LA,NA,710,NA,NA,19.672,H,NA,R,Y,2,0,1,2,A,-,07,21658,A,N,B,C,A,A,H,-,A,D,0,NA,NA,Y,NA,Y,NA,A,07,1,0,0,0,0,0,0,0,1,-,-,33.96738815307617,-118.16787719726564,LOS ANGELES,BELL,-118.16783905029295,33.96738052368164
9235381,2021,2021-04-06,1942,2021-02-01,1730,44554,0334,1,5,7,1942,0,0,0,C,0,3A54,S BRONISON AV,29TH ST,0,NA,Y,A,-,N,NA,NA,NA,NA,NA,NA,NA,NA,NA,N,4,0,1,1,A,-,03,22350,NA,N,E,I,A,A,H,-,B,A,0,NA,NA,NA,NA,Y,NA,A,07,0,0,1,0,0,0,0,0,0,-,-,NA,NA,LOS ANGELES,LOS ANGELES,-118.33380126953124,34.029449462890625
92353810,2024,2024-04-03,9525,2024-03-31,2330,022745,NA,7,3,6,1955,0,1,1,NA,2,108,I-10 E/B,FAIRPLEX DRIVE,0.5,W,N,A,-,Y,LA,NA,10,NA,NA,43.122,H,NA,R,Y,3,0,1,1,A,-,08,22107,NA,N,E,I,A,B,H,-,C,D,0,NA,NA,NA,NA,Y,NA,D,22,0,1,0,0,0,0,0,0,0,-,-,34.06985092163086,-117.79596710205078,LOS ANGELES,POMONA,-117.79599761962892,34.06989288330078
92353879,2024,2024-04-03,9530,2024-03-25,920,023797,NA,1,1,5,1943,0,1,1,NA,2,210,I-105 W/B (GLENN ANDERSON FWY),LONG BEACH BLVD,100,W,N,A,-,Y,LA,NA,105,NA,R,11.312,H,NA,L,Y,4,0,1,2,A,-,03,22350,NA,N,C,C,A,A,H,-,A,D,0,NA,NA,NA,NA,Y,NA,A,07,0,0,1,0,0,0,0,0,0,-,-,33.926658630371094,-118.21360778808594,LOS ANGELES,LYNWOOD,-118.21359252929688,33.92668914794922
92353899,2024,2024-04-03,9540,2024-03-28,1620,022385,NA,4,2,7,1942,0,1,1,NA,1,405,I-405 SOUTHBOUND,RINALDI STREET,1150,N,N,A,-,Y,LA,NA,405,NA,NA,47.996,H,NA,L,Y,4,0,2,2,A,-,08,22107,NA,N,E,8,A,A,H,-,A,D,0,NA,NA,NA,NA,Y,NA,D,22,0,0,2,0,0,0,0,0,0,-,-,34.282310485839844,-118.46916961669922,LOS ANGELES,LOS ANGELES,-118.46898651123048,34.28227996826172
92353922,2024,2024-04-03,9525,2024-04-01,1140,020341,NA,1,1,9,1900,0,3,5,NA,2,002,CITRUS AVE,ARMSTEAD ST.,0,NA,Y,A,-,N,NA,NA,NA,NA,NA,NA,NA,NA,NA,N,4,0,4,2,A,-,12,21453,A,N,D,C,A,A,H,-,A,A,0,NA,NA,NA,NA,Y,NA,D,22,0,0,4,0,0,0,0,0,0,-,-,34.11827850341797,-117.89026641845705,LOS ANGELES,UNINCORPORATED,-117.89019012451172,34.118289947509766
92353924,2024,2024-04-16,9530,2024-03-25,145,023313,NA,1,3,9,1900,0,3,5,NA,2,001,HOOPER AVE.,64TH ST,0,NA,Y,A,-,N,NA,NA,NA,NA,NA,NA,NA,NA,NA,Y,4,0,1,1,A,-,03,22350,NA,M,F,A,A,A,H,-,E,A,0,NA,NA,Y,NA,Y,NA,C,02,0,0,1,0,0,0,0,0,1,-,-,33.981590270996094,-118.25205230712892,LOS ANGELES,UNINCORPORATED,-118.25206756591795,33.981605529785156
92353934,2024,2024-04-03,9525,2024-04-01,1300,018505,NA,1,1,5,1926,0,1,1,NA,2,205,I-210 W/B (FOOTHILL FWY),GLENDORA AVE,250,E,N,A,-,Y,LA,NA,210,NA,R,42.71,H,NA,L,Y,4,0,4,3,A,-,03,22350,NA,N,C,C,A,A,H,-,A,D,0,NA,NA,NA,NA,Y,NA,A,01,0,0,4,0,0,0,0,0,0,-,-,34.11779022216797,-117.85443115234376,LOS ANGELES,GLENDORA,-117.85443115234376,34.117706298828125
92353935,2024,2024-04-03,9590,2024-03-19,2015,022136,NA,2,2,7,1942,0,1,1,NA,2,063,I-110 S/B (HAF) TO I-10 W/B (SMF),VENICE BLVD.,389,S,N,A,-,Y,NA,NA,NA,NA,NA,NA,NA,NA,NA,N,4,0,3,5,A,-,07,21658,A,F,B,C,A,A,H,-,C,D,0,NA,NA,NA,NA,Y,NA,-,99,0,0,3,0,0,0,0,0,0,-,-,34.03871154785156,-118.27587890625,LOS ANGELES,LOS ANGELES,-118.27587890625,34.03871154785156
92353961,2024,2024-04-03,9530,2024-03-03,1213,022986,NA,7,1,7,1941,0,1,1,NA,2,421,I-405 N/B (SAN DIEGO FREEWAY),ATLANTIC AVE,80,S,N,A,-,Y,LA,NA,405,NA,NA,6.038,H,NA,R,N,4,0,2,2,A,-,03,22350,NA,M,C,C,A,A,H,-,A,D,0,NA,NA,NA,NA,Y,NA,-,99,0,0,2,0,0,0,0,0,0,-,-,33.815189361572266,-118.18441772460938,LOS ANGELES,LONG BEACH,-118.18439483642578,33.81523513793945
92353974,2024,2024-04-03,9530,2024-03-26,900,023720,NA,2,1,7,1941,0,1,1,NA,2,072,I-710 S/B (LONG BEACH FREEWAY),WARDLOW RD.,700,N,N,A,-,Y,LA,NA,710,NA,NA,9.178,H,NA,L,Y,4,0,1,2,A,-,06,21755,A,F,B,C,A,A,H,-,A,D,0,NA,NA,NA,Y,Y,NA,A,01,0,0,1,0,0,0,0,0,0,-,-,33.82316970825195,-118.20709991455078,LOS ANGELES,LONG BEACH,-118.20704650878906,33.82316970825195
92353994,2024,2024-04-03,9530,2024-03-26,1500,018745,NA,2,2,6,1972,0,1,1,NA,2,400,I-405 N/B TO ARTESIA BLVD.,ARTESIA BLVD.,40,N,N,A,-,Y,NA,NA,NA,NA,NA,NA,NA,NA,NA,N,4,0,1,2,A,-,03,22350,NA,N,C,C,A,A,H,-,A,A,0,NA,NA,NA,NA,Y,NA,D,22,0,0,1,0,0,0,0,0,0,-,-,33.873069763183594,-118.34153747558594,LOS ANGELES,TORRANCE,-118.34153747558594,33.873069763183594
92354012,2024,2024-04-03,9575,2024-03-24,1825,021879,NA,7,2,7,1942,0,1,3,NA,2,043,SR-134 E/B (VENTURA FREEWAY),FOREST LAWN DR.,840,W,N,A,-,Y,LA,NA,134,NA,NA,3.663,H,NA,R,N,3,0,2,2,A,-,08,22107,NA,N,B,2,A,A,H,-,A,D,0,NA,NA,NA,NA,Y,NA,A,01,0,1,1,0,0,0,0,0,0,-,-,34.154441833496094,-118.31368255615234,LOS ANGELES,LOS ANGELES,-118.3136749267578,34.154396057128906
92354024,2024,2024-04-03,9550,2024-03-22,220,022909,NA,5,3,1,1932,0,1,3,NA,2,602,SR-60 W/B,FULLERTON ROAD,1580,E,N,B,-,Y,LA,NA,60,NA,NA,19.796,H,NA,L,Y,4,0,1,2,A,-,03,22350,NA,F,C,C,A,A,H,-,C,D,0,NA,NA,NA,NA,Y,NA,A,01,0,0,1,0,0,0,0,0,0,-,-,33.99428176879883,-117.89964294433594,LOS ANGELES,INDUSTRY,-117.89964294433594,33.99427795410156
92354028,2024,2024-04-03,9590,2024-03-23,815,021762,NA,6,1,7,1942,0,1,2,NA,2,072,US-101 N/B (HOLLYWOOD FREEWAY),UNIVERSAL STUDIOS BLVD,1500,N,N,C,-,Y,LA,NA,101,NA,NA,9.96,H,NA,R,N,4,0,4,2,A,-,07,21658,A,N,B,C,A,B,H,-,A,D,0,NA,NA,NA,NA,Y,NA,A,01,0,0,4,0,0,0,0,0,0,-,-,34.134681701660156,-118.35733795166016,LOS ANGELES,LOS ANGELES,-118.35733795166016,34.134681701660156
92354044,2024,2024-04-03,9540,2024-03-26,1800,023625,NA,2,2,9,1900,0,1,3,NA,2,147,SR-14 S/B ANTELOPE VALLEY FREEWAY,ESCONDIDO CANYON RD,7920,N,N,A,-,Y,LA,NA,14,NA,NA,44.784,H,NA,L,Y,2,0,1,2,C,-,18,NA,NA,N,B,2,A,A,H,-,B,D,0,NA,NA,NA,NA,Y,NA,-,-,1,0,0,0,0,0,0,0,0,-,-,34.499298095703125,-118.25917053222656,LOS ANGELES,UNINCORPORATED,-118.2591552734375,34.49928283691406
92354081,2024,2024-04-03,9530,2024-03-27,1450,020938,NA,3,2,9,1900,0,3,5,NA,2,002,AVALON BLVD (13400 BLOCK),135TH ST,226,N,N,A,-,N,NA,NA,NA,NA,NA,NA,NA,NA,NA,N,4,0,1,1,A,-,03,22350,NA,N,F,A,A,A,H,-,A,D,0,NA,NA,Y,NA,Y,NA,C,02,0,0,1,0,0,0,0,0,1,-,-,33.909950256347656,-118.2654037475586,LOS ANGELES,UNINCORPORATED,-118.26531219482422,33.9098014831543
92354089,2024,2024-04-03,9590,2024-03-25,825,017877,NA,1,1,7,1942,0,1,1,NA,2,050,I-110 N/B (HARBOR FREEWAY),MANCHESTER AVE.,150,N,N,A,-,Y,LA,NA,110,NA,NA,15.958,H,NA,R,N,4,0,1,2,A,-,07,21658,A,N,B,C,A,A,H,-,A,D,0,NA,NA,NA,NA,Y,NA,A,07,0,0,1,0,0,0,0,0,0,-,-,33.9597282409668,-118.28057098388672,LOS ANGELES,LOS ANGELES,-118.2807159423828,33.9597282409668
92354105,2024,2024-04-03,9530,2024-03-27,1855,021842,NA,3,2,9,1900,0,3,5,NA,2,001,GRAHAM AVE. (8500 BLOCK),85TH ST.,20,S,N,A,-,N,NA,NA,NA,NA,NA,NA,NA,NA,NA,N,4,0,1,2,A,-,08,22107,NA,N,B,C,A,A,H,-,C,D,0,NA,NA,NA,NA,Y,NA,-,-,0,0,1,0,0,0,0,0,0,-,-,33.96086883544922,-118.24308776855467,LOS ANGELES,UNINCORPORATED,-118.24310302734376,33.9609260559082
92354120,2024,2024-04-03,9590,2024-03-25,1035,019134,NA,1,1,7,1942,0,1,1,NA,2,084,I-5 N/B (GOLDEN STATE FREEWAY),SR-2 (GLENDALE FREEWAY),750,N,N,A,-,Y,LA,NA,5,NA,NA,22.702,H,NA,R,N,4,0,1,2,A,-,03,22350,NA,F,C,C,A,A,H,-,A,D,0,NA,NA,NA,NA,Y,NA,-,99,0,0,1,0,0,0,0,0,0,-,-,34.104068756103516,-118.25196838378906,LOS ANGELES,LOS ANGELES,-118.25193786621094,34.10409927368164
92354158,2024,2024-04-03,9590,2024-02-10,2301,023348,NA,6,3,7,1942,0,1,2,NA,2,071,UNITED STATES 101 SOUTHBOUND (HOLLYWOOD FREEWAY),VERMONT AVENUE OVERCROSSING,920,S,N,A,-,Y,LA,NA,101,NA,NA,4.196,H,NA,L,N,1,1,0,2,A,-,11,21954,A,N,G,B,E,A,H,-,C,D,0,Y,NA,NA,NA,Y,NA,N,60,0,0,0,1,0,0,0,0,0,-,-,34.078330993652344,-118.28855895996094,LOS ANGELES,LOS ANGELES,-118.28856658935548,34.07828140258789
92354206,2024,2024-04-03,9535,2024-03-25,1815,023448,NA,1,2,5,1959,0,1,1,NA,2,401,I-10 W/B (SAN BERNARDINO FREEWAY) TO WALNUT GROVE,I-10 (SAN BERNARDINO FREEWAY),530,N,N,A,-,Y,NA,NA,NA,NA,NA,NA,NA,NA,NA,N,4,0,1,2,A,-,21,22106,NA,N,C,C,A,A,H,-,A,A,0,NA,NA,NA,NA,Y,NA,A,01,0,0,1,0,0,0,0,0,0,-,-,34.07373809814453,-118.0822525024414,LOS ANGELES,ROSEMEAD,-118.0822525024414,34.07373809814453