CASE_ID,ACCIDENT_YEAR,PROC_DATE,JURIS,COLLISION_DATE,COLLISION_TIME,OFFICER_ID,REPORTING_DISTRICT,DAY_OF_WEEK,CHP_SHIFT,POPULATION,CNTY_CITY_LOC,SPECIAL_COND,BEAT_TYPE,CHP_BEAT_TYPE,CITY_DIVISION_LAPD,CHP_BEAT_CLASS,BEAT_NUMBER,PRIMARY_RD,SECONDARY_RD,DISTANCE,DIRECTION,INTERSECTION,WEATHER_1,WEATHER_2,STATE_HWY_IND,CALTRANS_COUNTY,CALTRANS_DISTRICT,STATE_ROUTE,ROUTE_SUFFIX,POSTMILE_PREFIX,POSTMILE,LOCATION_TYPE,RAMP_INTERSECTION,SIDE_OF_HWY,TOW_AWAY,COLLISION_SEVERITY,NUMBER_KILLED,NUMBER_INJURED,PARTY_COUNT,PRIMARY_COLL_FACTOR,PCF_CODE_OF_VIOL,PCF_VIOL_CATEGORY,PCF_VIOLATION,PCF_VIOL_SUBSECTION,HIT_AND_RUN,TYPE_OF_COLLISION,MVIW,PED_ACTION,ROAD_SURFACE,ROAD_COND_1,ROAD_COND_2,LIGHTING,CONTROL_DEVICE,CHP_ROAD_TYPE,PEDESTRIAN_ACCIDENT,BICYCLE_ACCIDENT,MOTORCYCLE_ACCIDENT,TRUCK_ACCIDENT,NOT_PRIVATE_PROPERTY,ALCOHOL_INVOLVED,STWD_VEHTYPE_AT_FAULT,CHP_VEHTYPE_AT_FAULT,COUNT_SEVERE_INJ,COUNT_VISIBLE_INJ,COUNT_COMPLAINT_PAIN,COUNT_PED_KILLED,COUNT_PED_INJURED,COUNT_BICYCLIST_KILLED,COUNT_BICYCLIST_INJURED,COUNT_MC_KILLED,COUNT_MC_INJURED,PRIMARY_RAMP,SECONDARY_RAMP,LATITUDE,LONGITUDE,COUNTY,CITY,POINT_X,POINT_Y
92356286,2024,2024-04-04,9535,2024-03-25,355,023365,NA,1,3,9,1900,0,1,3,NA,2,066,SR-164 (ROSEMEAD BLVD),SAN GABRIEL BLVD,23,N,N,A,-,N,NA,NA,NA,NA,NA,NA,NA,NA,NA,Y,4,0,1,2,A,-,03,22350,NA,N,C,C,A,A,H,-,C,A,0,NA,NA,NA,NA,Y,NA,D,22,0,0,1,0,0,0,0,0,0,-,-,34.028751373291016,-118.0679931640625,LOS ANGELES,UNINCORPORATED,-118.06797027587892,34.02873992919922
92356312,2024,2024-04-04,9590,2024-03-24,1507,023259,NA,7,2,7,1942,0,1,2,NA,2,073,US-101 S/B (HOLLYWOOD FREEWAY),FOUNTAIN AVE,420,N,N,A,-,Y,LA,NA,101,NA,NA,6.036,H,NA,L,N,4,0,1,2,A,-,03,22350,NA,N,C,C,A,A,H,-,A,D,0,NA,NA,NA,NA,Y,NA,A,07,0,0,1,0,0,0,0,0,0,-,-,34.0955810546875,-118.31242370605467,LOS ANGELES,LOS ANGELES,-118.31237030029295,34.09562683105469
92356328,2024,2024-04-04,9535,2024-03-25,714,023465,NA,1,1,9,1900,0,3,5,NA,2,001,FAIRMOUNT ST (3900 BLOCK),BONNIE BEACH PL,175,E,N,A,-,N,NA,NA,NA,NA,NA,NA,NA,NA,NA,N,4,0,1,2,A,-,03,22350,NA,N,G,B,E,A,H,-,B,D,0,Y,NA,NA,NA,Y,NA,A,01,0,0,1,0,1,0,0,0,0,-,-,34.04671096801758,-118.18061065673828,LOS ANGELES,UNINCORPORATED,-118.18056488037108,34.04671096801758
92356331,2024,2024-04-04,9530,2024-04-03,1155,020956,NA,3,1,9,1900,0,3,5,NA,2,002,EL SEGUNOD BLVD,CENTRAL AVENUE,0,NA,Y,A,-,N,NA,NA,NA,NA,NA,NA,NA,NA,NA,N,4,0,1,2,A,-,09,21801,A,N,D,C,A,A,H,-,A,A,0,NA,NA,NA,NA,Y,NA,A,01,0,0,1,0,0,0,0,0,0,-,-,33.916419982910156,-118.25444793701172,LOS ANGELES,UNINCORPORATED,-118.2543716430664,33.91635513305664
92356335,2024,2024-04-04,9525,2024-04-03,35,020632,NA,3,3,6,1955,0,1,1,NA,2,107,I-10 W/B (SAN BERNARDINO FWY),VIA VERDE AVE,1584,E,N,A,-,Y,LA,NA,10,NA,NA,40.74,H,NA,L,Y,4,0,1,2,A,-,03,22350,NA,M,C,C,A,A,H,-,C,D,0,NA,NA,NA,NA,Y,NA,-,99,0,0,1,0,0,0,0,0,0,-,-,34.06769943237305,-117.83496856689452,LOS ANGELES,POMONA,-117.8350067138672,34.06761932373047
92356349,2024,2024-04-04,9590,2024-03-23,2340,022369,NA,6,3,7,1942,0,1,1,NA,2,050,I-110 N/B FROM MARTIN LUTHER KING JR. BLVD,MARTIN LUTHER KING JR. BOULEVARD,25,S,N,A,-,Y,NA,NA,NA,NA,NA,NA,NA,NA,NA,N,4,0,1,2,A,-,07,21658,A,N,B,C,A,A,H,-,C,A,0,NA,NA,NA,NA,Y,NA,-,-,0,0,1,0,0,0,0,0,0,-,-,34.01087951660156,-118.27999877929688,LOS ANGELES,LOS ANGELES,-118.27999877929688,34.01087951660156
92356364,2024,2024-04-04,9530,2024-04-01,1530,020938,NA,1,2,9,1900,0,3,5,NA,2,001,SANTA FE AVE (8500 BLOCK),INDEPENDENCE AVE.,328,N,N,A,-,N,NA,NA,NA,NA,NA,NA,NA,NA,NA,N,3,0,1,2,A,-,09,21804,A,N,D,G,A,A,H,-,A,D,0,NA,Y,NA,NA,Y,NA,L,04,0,1,0,0,0,0,1,0,0,-,-,33.96049880981445,-118.22683715820313,LOS ANGELES,UNINCORPORATED,-118.22605895996094,33.96023941040039
92356377,2024,2024-04-04,9565,2024-03-25,2340,023620,NA,1,3,5,1928,0,1,1,NA,2,012,I-105 EASTBOUND,CRENSHAW BOULEVARD,2640,W,N,A,-,Y,LA,NA,105,NA,R,4.202,H,NA,R,Y,4,0,2,2,A,-,01,23152,A,N,C,C,A,A,H,-,C,D,0,NA,NA,NA,NA,Y,Y,A,01,0,0,2,0,0,0,0,0,0,-,-,33.924991607666016,-118.33566284179688,LOS ANGELES,HAWTHORNE,-118.33565521240234,33.92500686645508
92356390,2024,2024-04-04,9530,2024-04-01,1550,018745,NA,1,2,9,1900,0,3,5,NA,2,005,CRENSHAW BOULEVARD (14000 BLOCK),144TH STREET,120,S,N,A,-,N,NA,NA,NA,NA,NA,NA,NA,NA,NA,N,4,0,1,2,A,-,03,22350,NA,N,D,G,A,A,H,-,A,A,0,NA,Y,NA,NA,Y,NA,A,01,0,0,1,0,0,0,1,0,0,-,-,33.90044021606445,-118.3266830444336,LOS ANGELES,UNINCORPORATED,-118.3265380859375,33.900482177734375
92356447,2024,2024-04-04,9545,2024-03-18,2327,021569,NA,1,3,9,1900,0,3,5,NA,2,004,160TH STREET EAST,AVENUE N,30,N,N,A,-,N,NA,NA,NA,NA,NA,NA,NA,NA,NA,N,4,0,2,2,B,-,22,NA,NA,N,C,C,A,A,H,-,D,D,0,NA,NA,NA,NA,Y,NA,-,-,0,0,2,0,0,0,0,0,0,-,-,34.63130187988281,-117.84493255615234,LOS ANGELES,UNINCORPORATED,-117.8449249267578,34.63125228881836
92356460,2024,2024-04-04,9545,2024-03-27,1315,016124,NA,3,1,9,1900,0,3,5,NA,1,005,AVENUE O,162ND ST EAST,0,NA,Y,A,-,N,NA,NA,NA,NA,NA,NA,NA,NA,NA,Y,3,0,4,2,A,-,03,22350,NA,N,D,C,A,A,H,-,A,D,0,NA,NA,NA,NA,Y,NA,A,07,0,4,0,0,0,0,0,0,0,-,-,34.616458892822266,-117.84033966064452,LOS ANGELES,UNINCORPORATED,-117.84032440185548,34.616485595703125
92356461,2024,2024-04-04,9535,2024-03-27,1330,023384,NA,3,1,9,1900,0,2,4,NA,2,016,1ST ST (3800 BLOCK),GAGE AVE,0,NA,Y,A,-,N,NA,NA,NA,NA,NA,NA,NA,NA,NA,Y,4,0,2,2,A,-,12,21453,A,N,D,C,A,A,H,-,A,A,0,NA,NA,NA,NA,Y,NA,A,01,0,0,2,0,0,0,0,0,0,-,-,34.03599166870117,-118.18463897705078,LOS ANGELES,UNINCORPORATED,-118.18463897705078,34.03602981567383
92356465,2024,2024-04-04,9590,2024-03-14,2130,023084,NA,4,2,7,1942,0,1,1,NA,2,051,INTERSTATE 110 SOUTHBOUND (HARBOR FREEWAY),MANCHESTER AVENUE,100,S,N,A,-,Y,LA,NA,110,NA,NA,15.964,H,NA,L,Y,1,1,0,2,A,-,03,22350,NA,N,C,2,A,A,H,-,C,D,0,NA,NA,Y,NA,Y,NA,C,02,0,0,0,0,0,0,0,1,0,-,-,33.959808349609375,-118.28121185302734,LOS ANGELES,LOS ANGELES,-118.28092956542967,33.959808349609375
92356501,2024,2024-04-04,9575,2024-03-29,225,022946,NA,5,3,7,1942,0,1,1,NA,2,053,I-5 N/B (GOLDEN STATE FREEWAY) TO OSBORNE ST.,OSBORNE ST,510,S,N,A,-,Y,NA,NA,NA,NA,NA,NA,NA,NA,NA,Y,4,0,1,1,A,-,08,22107,NA,N,E,8,A,A,H,-,C,D,0,NA,NA,NA,NA,Y,Y,A,01,0,0,1,0,0,0,0,0,0,-,-,34.243900299072266,-118.42083740234376,LOS ANGELES,LOS ANGELES,-118.42083740234376,34.243900299072266
92356503,2024,2024-04-04,9545,2024-03-28,2335,023153,NA,4,3,6,1950,0,1,3,NA,2,021,SR-14 N/B TO AVENUE N,AVENUE N,1003,S,N,A,-,Y,LA,NA,14,NA,R,63.372,H,NA,R,Y,4,0,1,1,A,-,01,23152,A,N,E,8,A,A,D,-,C,D,0,NA,NA,NA,NA,Y,Y,A,01,0,0,1,0,0,0,0,0,0,-,-,34.62678909301758,-118.15297698974608,LOS ANGELES,PALMDALE,-118.1530532836914,34.62678909301758
92356509,2024,2024-04-04,9550,2024-03-28,1915,022354,NA,4,2,5,1908,0,1,3,NA,2,090,SR-91 EB,LAKEWOOD BLVD.,1056,W,N,A,-,Y,LA,NA,91,NA,R,14.326,H,NA,R,N,4,0,1,2,A,-,03,22350,NA,M,C,C,A,A,H,-,C,D,0,NA,NA,NA,NA,Y,NA,-,99,0,0,1,0,0,0,0,0,0,-,-,33.876888275146484,-118.14768981933594,LOS ANGELES,BELLFLOWER,-118.14768981933594,33.87699508666992
92356516,2024,2024-04-04,9550,2024-03-24,1218,022298,NA,7,1,9,1900,0,2,4,NA,1,052,COLIMA ROAD (19300 BLOCK),BANIDA AVENUE,145,E,N,A,-,N,NA,NA,NA,NA,NA,NA,NA,NA,NA,Y,3,0,1,1,C,-,18,NA,NA,N,E,9,A,A,H,-,A,D,0,NA,NA,NA,NA,Y,NA,-,-,0,1,0,0,0,0,0,0,0,-,-,33.98685836791992,-117.88009643554688,LOS ANGELES,UNINCORPORATED,-117.88104248046876,33.987030029296875
92356523,2024,2024-04-04,9550,2024-03-28,2040,021166,NA,4,2,6,1920,0,1,1,NA,2,500,I-5 S/B,PARAMOUNT BLVD.,1201,S,N,A,-,Y,LA,NA,5,NA,NA,8.752,H,NA,L,Y,4,0,1,2,A,-,03,22350,NA,N,C,C,A,A,H,-,C,D,0,NA,NA,NA,NA,Y,NA,A,01,0,0,1,0,0,0,0,0,0,-,-,33.96210861206055,-118.11769104003906,LOS ANGELES,DOWNEY,-118.11771392822266,33.96208572387695
92356525,2024,2024-04-04,9535,2024-03-26,645,023491,NA,2,1,5,1952,0,1,1,NA,2,075,I-710 S/B (LONG BEACH FREEWAY) TO ROSECRANS AVE,ROSECRANS AVE,10,N,N,A,-,Y,NA,NA,NA,NA,NA,NA,NA,NA,NA,N,4,0,1,2,A,-,03,22350,NA,N,C,C,A,A,H,-,A,A,0,NA,NA,NA,NA,Y,NA,A,07,0,0,1,0,0,0,0,0,0,-,-,33.90378952026367,-118.1868896484375,LOS ANGELES,PARAMOUNT,-118.1868896484375,33.90378952026367
92356555,2024,2024-05-02,9550,2024-03-25,1520,022952,NA,1,2,9,1900,0,2,4,NA,1,023,MULBERRY DRIVE NORTH FRONTAGE,LAUREL AVE,0,NA,Y,A,-,N,NA,NA,NA,NA,NA,NA,NA,NA,NA,Y,3,0,1,2,A,-,09,21802,A,N,D,C,A,A,H,-,A,A,0,NA,NA,NA,NA,Y,NA,A,01,0,1,0,0,0,0,0,0,0,-,-,33.951229095458984,-118.03912353515624,LOS ANGELES,UNINCORPORATED,-118.03921508789064,33.95106887817383
92356571,2024,2024-04-04,9535,2024-03-21,715,023465,NA,4,1,1,1973,0,1,1,NA,2,073,I-710 S/B (LONG BEACH FREEWAY),I-5 (SANTA ANA FREEWAY),70,S,N,A,-,Y,LA,NA,710,NA,NA,23.096,H,NA,L,Y,4,0,1,2,A,-,07,21658,A,F,B,2,A,A,H,-,A,D,0,NA,NA,Y,NA,Y,NA,-,99,0,0,1,0,0,0,0,0,1,-,-,34.013938903808594,-118.17250823974608,LOS ANGELES,VERNON,-118.17250823974608,34.013938903808594
92356579,2024,2024-04-04,9535,2024-03-21,850,023465,NA,4,1,1,1973,0,1,1,NA,2,072,I-710 N/B (LONG BEACH FREEWAY),I-5 (SANTA ANA FREEWAY),300,S,N,A,-,Y,LA,NA,710,NA,NA,23.077,H,NA,R,Y,4,0,1,2,A,-,03,22350,NA,N,C,C,A,A,H,-,A,D,0,NA,NA,NA,NA,Y,NA,A,01,0,0,1,0,0,0,0,0,0,-,-,34.013648986816406,-118.17217254638672,LOS ANGELES,VERNON,-118.17224884033205,34.013648986816406
92356580,2024,2024-04-04,9575,2024-03-30,745,023410,NA,6,1,6,1925,0,1,1,NA,2,062,I-210 W/B (FOOTHILL FREEWAY),LA TUNA CANYON ROAD,1599,E,N,B,C,Y,LA,NA,210,NA,R,14.519,H,NA,L,Y,4,0,1,1,A,-,03,22350,NA,N,F,A,A,B,H,-,A,D,0,NA,NA,NA,NA,Y,NA,A,07,0,0,1,0,0,0,0,0,0,-,-,34.2345085144043,-118.28505706787108,LOS ANGELES,GLENDALE,-118.28506469726564,34.23439407348633
92356584,2024,2024-04-04,9535,2024-03-25,1655,021772,NA,1,2,9,1900,0,1,1,NA,2,501,I-5 (SANTA ANA FREEWAY) S/B,EASTERN AVE,528,N,N,B,-,Y,LA,NA,5,NA,NA,13.956,H,NA,L,Y,4,0,2,2,A,-,03,22350,NA,M,C,C,A,A,H,-,A,D,0,NA,NA,NA,NA,Y,NA,A,01,0,0,2,0,0,0,0,0,0,-,-,34.01736068725586,-118.17556762695313,LOS ANGELES,UNINCORPORATED,-118.17559051513672,34.017333984375
92356588,2024,2024-04-04,9575,2024-03-30,405,022876,NA,6,3,6,1925,0,1,3,NA,2,042,SR-134 W/B (VENTURA FREEWAY),PACIFIC AVENUE,739,E,N,C,-,Y,LA,NA,134,NA,R,6.748,H,NA,L,Y,3,0,2,1,A,-,03,22350,NA,F,E,I,A,B,H,-,C,D,0,NA,NA,NA,NA,Y,NA,A,07,0,1,1,0,0,0,0,0,0,-,-,34.15652084350586,-118.26171875,LOS ANGELES,GLENDALE,-118.26171875,34.15643310546875
92356600,2024,2024-04-05,9550,2024-03-28,1415,022900,NA,4,2,6,1920,0,1,1,NA,2,151,I-105 EASTBOUND,DOWNEY AVENUE,325,E,N,A,-,Y,LA,NA,105,NA,R,15.151,H,NA,R,N,4,0,1,3,A,-,03,22350,NA,N,C,C,A,A,H,-,A,D,0,NA,NA,NA,NA,Y,NA,A,08,0,0,1,0,0,0,0,0,0,-,-,33.912498474121094,-118.15116119384766,LOS ANGELES,DOWNEY,-118.1511688232422,33.91254806518555
92356601,2024,2024-04-04,9550,2024-03-15,1710,022952,NA,5,2,9,1900,0,2,4,NA,1,022,LEFFINGWELL RD,CORLEY DR,50,W,N,A,-,N,NA,NA,NA,NA,NA,NA,NA,NA,NA,Y,2,0,1,2,A,-,07,21658,A,M,B,C,A,A,H,-,A,D,0,NA,NA,Y,NA,Y,NA,C,03,1,0,0,0,0,0,0,0,1,-,-,33.92306137084961,-118.02803802490234,LOS ANGELES,UNINCORPORATED,-118.02794647216795,33.92305374145508
92356605,2024,2024-04-04,9550,2024-03-29,1105,023193,NA,5,1,6,1949,0,1,1,NA,2,651,I-605 SOUTHBOUND TO I-105 WESTBOUND,IMPERIAL HIGHWAY,1235,N,N,A,-,Y,NA,NA,NA,NA,NA,NA,NA,NA,NA,Y,4,0,1,2,A,-,07,21658,A,N,B,C,A,A,H,-,A,D,0,NA,NA,NA,NA,Y,NA,D,22,0,0,1,0,0,0,0,0,0,-,-,33.92060852050781,-118.10504150390624,LOS ANGELES,NORWALK,-118.10504150390624,33.92060852050781
92356609,2024,2024-04-04,9550,2024-03-29,1110,023157,NA,5,1,9,1900,0,3,5,NA,2,005,FULLERTON ROAD,SR- 60 EASTBOUND TO FULLERTON ROAD,0,NA,Y,A,-,N,NA,NA,NA,NA,NA,NA,NA,NA,NA,Y,4,0,1,2,A,-,12,21453,A,N,D,C,A,A,H,-,A,A,0,NA,NA,NA,NA,Y,NA,A,01,0,0,1,0,0,0,0,0,0,-,-,33.9929313659668,-117.90531158447266,LOS ANGELES,UNINCORPORATED,NA,NA
92356611,2024,2024-04-04,9550,2024-03-29,1335,023127,NA,5,1,5,1908,0,1,3,NA,2,091,STATE ROUTE 91 EASTBOUND,LAKEWOOD BOULEVARD,285,W,N,B,-,Y,LA,NA,91,NA,R,14.552,H,NA,R,Y,4,0,1,2,A,-,03,22350,NA,N,C,C,A,A,H,-,A,D,0,NA,NA,NA,NA,Y,NA,A,07,0,0,1,0,0,0,0,0,0,-,-,33.876949310302734,-118.14378356933594,LOS ANGELES,BELLFLOWER,-118.14378356933594,33.877017974853516
92356615,2024,2024-04-05,9525,2024-04-02,1530,023414,NA,2,2,5,1906,0,1,1,NA,2,114,I-10 E/B (SAN BERNARDINO FWY),PUENTE AVE,1056,W,N,A,-,Y,LA,NA,10,NA,NA,33.131,H,NA,R,N,4,0,1,2,A,-,03,22350,NA,N,C,C,A,A,H,-,A,D,0,NA,NA,NA,NA,Y,NA,D,22,0,0,1,0,0,0,0,0,0,-,-,34.06956100463867,-117.96620941162108,LOS ANGELES,BALDWIN PARK,-117.96620178222656,34.06952667236328
92356617,2024,2024-04-05,9550,2024-03-29,1520,022900,NA,5,2,9,1900,0,3,5,NA,2,005,NOGALES STREET,COLIMA ROAD,410,N,N,A,-,N,NA,NA,NA,NA,NA,NA,NA,NA,NA,N,4,0,2,2,A,-,09,21801,A,N,D,C,A,A,H,-,A,D,0,NA,NA,NA,NA,Y,NA,A,01,0,0,2,0,0,0,0,0,0,-,-,33.98876953125,-117.88935089111328,LOS ANGELES,UNINCORPORATED,-117.88931274414064,33.98863220214844
92356618,2024,2024-04-05,9525,2024-04-02,1725,023414,NA,2,2,5,1906,0,1,1,NA,2,651,I-605 S/B (SAN GABRIEL RIVER FWY),RAMONA BLVD,1584,S,N,A,-,Y,LA,NA,605,NA,NA,20.703,H,NA,L,N,4,0,1,2,A,-,03,22350,NA,N,C,C,A,A,H,-,A,D,0,NA,NA,NA,NA,Y,NA,A,01,0,0,1,0,0,0,0,0,0,-,-,34.07242965698242,-117.99978637695313,LOS ANGELES,BALDWIN PARK,-117.99974060058594,34.072418212890625
92356624,2024,2024-04-05,9550,2024-03-29,1135,023127,NA,5,1,7,1941,0,1,3,NA,2,090,STATE ROUTE 91 EASTBOUND,PARAMOUNT BOULEVARD,1600,W,N,B,-,Y,LA,NA,91,NA,R,13.384,H,NA,R,Y,4,0,1,3,A,-,03,22350,NA,N,C,C,A,A,H,-,A,D,0,NA,NA,NA,NA,Y,NA,A,01,0,0,1,0,0,0,0,0,0,-,-,33.875938415527344,-118.16397857666016,LOS ANGELES,LONG BEACH,-118.16397857666016,33.875972747802734
92356626,2024,2024-04-05,9550,2024-03-29,1710,023064,NA,5,2,3,1964,0,1,1,NA,2,650,I-605 SOUTHBOUND,SLAUSON AVENUE,50,S,N,A,-,Y,LA,NA,605,NA,R,11.19,H,NA,L,N,4,0,2,2,A,-,03,22350,NA,M,C,C,A,A,H,-,A,D,0,NA,NA,NA,NA,Y,NA,A,01,0,0,2,0,0,0,0,0,0,-,-,33.962158203125,-118.08556365966795,LOS ANGELES,SANTA FE SPRINGS,-118.08557891845705,33.96216583251953
92356647,2024,2024-04-05,9535,2024-03-26,1705,023384,NA,2,2,9,1900,0,3,5,NA,2,002,UNION PACIFIC AVE (4100 BLOCK),GAGE AVE,0,NA,Y,A,-,N,NA,NA,NA,NA,NA,NA,NA,NA,NA,Y,4,0,1,2,A,-,09,21802,A,N,D,C,A,A,A,-,A,A,0,NA,NA,NA,NA,Y,NA,A,07,0,0,1,0,0,0,0,0,0,-,-,34.0165901184082,-118.1849365234375,LOS ANGELES,UNINCORPORATED,-118.18495941162108,34.01655197143555
92356655,2024,2024-04-05,9565,2024-03-23,840,022715,NA,6,1,9,1900,0,1,1,NA,2,060,I-405 NORTHBOUND,120TH STREET,500,N,N,B,C,Y,LA,NA,405,NA,R,20.843,H,NA,R,N,4,0,1,2,A,-,08,22107,NA,N,B,C,A,B,H,-,A,D,0,NA,NA,NA,NA,Y,NA,A,01,0,0,1,0,0,0,0,0,0,-,-,33.9252815246582,-118.36834716796876,LOS ANGELES,UNINCORPORATED,-118.36821746826172,33.92526626586914
9235666,2021,2021-03-12,1900,2021-01-24,1500,638503,1432,7,5,4,1937,0,0,0,NA,0,143T1,FRANCISQUITO AV,HACIENDA BL,144,W,N,A,-,N,NA,NA,NA,NA,NA,NA,NA,NA,NA,N,3,0,2,2,A,-,09,21804,A,N,A,C,A,A,H,-,A,D,0,NA,NA,NA,NA,Y,NA,A,01,0,2,0,0,0,0,0,0,0,-,-,34.04859161376953,-117.94696044921876,LOS ANGELES,LA PUENTE,-117.94681549072266,34.048526763916016
92356673,2024,2024-04-05,9540,2024-04-02,1750,022404,NA,2,2,9,1900,0,1,3,NA,2,146,SR-14 (ANTELOPE VALLEY FREEWAY),ESCONDIDO CANYON RD,1910,N,N,A,-,Y,LA,NA,14,NA,NA,43.659,H,NA,R,N,4,0,1,2,A,-,03,22350,NA,N,D,C,A,A,H,-,A,D,0,NA,NA,NA,NA,Y,NA,A,01,0,0,1,0,0,0,0,0,0,-,-,34.494380950927734,-118.27777862548828,LOS ANGELES,UNINCORPORATED,-118.2778091430664,34.49442672729492
9235680,2021,2021-03-12,1942,2021-01-20,0820,44259,1745,3,5,7,1942,0,0,0,Q,0,17X47,DEVONSHIRE ST,ZELZAH AV,30,W,N,A,-,N,NA,NA,NA,NA,NA,NA,NA,NA,NA,N,4,0,1,2,A,-,03,22350,NA,N,C,C,A,A,H,-,A,A,0,NA,NA,NA,NA,Y,NA,A,01,0,0,1,0,0,0,0,0,0,-,-,NA,NA,LOS ANGELES,LOS ANGELES,-118.52342987060548,34.2573127746582
9235688,2021,2021-03-24,1941,2021-02-23,1839,11121,NA,2,5,7,1941,0,0,0,NA,0,NA,XIMENO AV,S VERMONT ST,3,N,N,A,-,N,NA,NA,NA,NA,NA,NA,NA,NA,NA,Y,4,0,1,2,A,-,08,22103,NA,N,D,C,A,A,H,-,C,D,0,NA,NA,NA,NA,Y,NA,A,NA,0,0,1,0,0,0,0,0,0,-,-,NA,NA,LOS ANGELES,LONG BEACH,-118.14157104492188,33.77079772949219
9235689,2021,2021-03-24,1941,2021-02-23,1717,6066,NA,2,5,7,1941,0,0,0,NA,0,NA,COSTA DEL REY,MAJORCA CIR,126,S,N,A,-,N,NA,NA,NA,NA,NA,NA,NA,NA,NA,N,3,0,1,2,D,-,00,NA,NA,N,G,B,D,A,-,-,A,D,0,Y,NA,NA,NA,Y,NA,-,-,0,1,0,0,1,0,0,0,0,-,-,NA,NA,LOS ANGELES,LONG BEACH,-118.11763763427734,33.764286041259766
9235690,2021,2021-03-24,1941,2021-02-23,0742,5976,NA,2,5,7,1941,0,0,0,NA,0,NA,FASHION AV,WILLOW ST,0,NA,Y,A,-,N,NA,NA,NA,NA,NA,NA,NA,NA,NA,N,4,0,1,1,D,-,00,NA,NA,N,E,I,A,A,H,-,A,D,0,NA,NA,NA,NA,Y,NA,-,-,0,0,1,0,0,0,0,0,0,-,-,NA,NA,LOS ANGELES,LONG BEACH,-118.20893096923828,33.804386138916016
9235691,2021,2021-03-24,1941,2021-02-23,1708,10997,NA,2,5,7,1941,0,0,0,NA,0,NA,TRAFFIC CIRCLE,TRAFFIC CIRCLE 4299,0,NA,Y,A,-,N,NA,NA,NA,NA,NA,NA,NA,NA,NA,N,4,0,2,2,A,-,03,22350,NA,N,C,C,A,A,H,-,A,D,0,NA,NA,NA,NA,Y,NA,A,NA,0,0,2,0,0,0,0,0,0,-,-,NA,NA,LOS ANGELES,LONG BEACH,NA,NA
9235692,2021,2021-03-24,1941,2021-02-24,1221,10938,NA,3,5,7,1941,0,0,0,NA,0,NA,EAST PACIFIC COAST HWY,PARK AV,0,NA,Y,A,-,N,NA,NA,NA,NA,NA,NA,NA,NA,NA,Y,4,0,1,2,A,-,03,22350,NA,N,C,C,A,A,G,-,A,D,0,NA,NA,NA,NA,Y,Y,D,NA,0,0,1,0,0,0,0,0,0,-,-,NA,NA,LOS ANGELES,LONG BEACH,-118.1371841430664,33.7861442565918
9235693,2021,2021-03-24,1941,2021-02-15,1313,11117,NA,1,5,7,1941,0,0,0,NA,0,NA,SAN ANTONIO DR,OLIVE AV,160,W,N,A,-,N,NA,NA,NA,NA,NA,NA,NA,NA,NA,N,4,0,2,2,A,-,03,22350,NA,N,C,C,A,A,H,-,A,D,0,NA,NA,NA,NA,Y,NA,A,NA,0,0,2,0,0,0,0,0,0,-,-,NA,NA,LOS ANGELES,LONG BEACH,-118.18395233154295,33.837493896484375
9235694,2021,2021-03-24,1941,2021-02-24,2214,5611,NA,3,5,7,1941,0,0,0,NA,0,NA,E OCEAN,10TH PL,0,NA,Y,A,-,N,NA,NA,NA,NA,NA,NA,NA,NA,NA,Y,4,0,1,3,A,-,09,21804,A,N,A,C,A,A,H,-,C,D,0,NA,NA,NA,NA,Y,NA,A,NA,0,0,1,0,0,0,0,0,0,-,-,NA,NA,LOS ANGELES,LONG BEACH,-118.17337036132813,33.76513671875
92356942,2024,2024-04-05,9530,2024-03-31,650,022438,NA,7,1,5,1977,0,1,1,NA,2,410,I-405 S/B (SAN DIEGO FREEWAY),MAIN ST.,550,S,N,C,-,Y,LA,NA,405,NA,NA,12.492,H,NA,L,N,4,0,1,1,A,-,03,22350,NA,N,E,I,A,B,H,-,B,D,0,NA,NA,NA,NA,Y,NA,A,01,0,0,1,0,0,0,0,0,0,-,-,33.85206985473633,-118.27874755859376,LOS ANGELES,CARSON,-118.27880859375,33.85200881958008
92356944,2024,2024-04-05,9530,2024-04-03,1045,018745,NA,3,1,4,1939,0,1,1,NA,2,400,I-405 N/B (SAN DIEGO FREEWAY),HAWTHORNE BLVD.,1056,S,N,A,-,Y,LA,NA,405,NA,NA,17.373,H,NA,R,N,4,0,1,2,A,-,03,22350,NA,N,C,C,A,A,H,-,A,D,0,NA,NA,NA,NA,Y,NA,A,01,0,0,1,0,0,0,0,0,0,-,-,33.88262176513672,-118.34967041015624,LOS ANGELES,LAWNDALE,-118.3496551513672,33.882633209228516
92356954,2024,2024-04-05,9575,2024-03-31,2025,022783,NA,7,2,7,1942,0,1,1,NA,2,052,I-5 N/B (GOLDEN STATE FREEWAY),HOLLYWOOD WAY,60,N,N,A,-,Y,LA,NA,5,NA,NA,32.403,H,NA,R,N,4,0,1,1,C,-,18,NA,NA,N,E,J,A,A,H,-,D,D,0,NA,NA,NA,NA,Y,NA,-,-,0,0,1,0,0,0,0,0,0,-,-,34.21268081665039,-118.34903717041016,LOS ANGELES,LOS ANGELES,-118.3489990234375,34.21271514892578