CASE_ID,ACCIDENT_YEAR,PROC_DATE,JURIS,COLLISION_DATE,COLLISION_TIME,OFFICER_ID,REPORTING_DISTRICT,DAY_OF_WEEK,CHP_SHIFT,POPULATION,CNTY_CITY_LOC,SPECIAL_COND,BEAT_TYPE,CHP_BEAT_TYPE,CITY_DIVISION_LAPD,CHP_BEAT_CLASS,BEAT_NUMBER,PRIMARY_RD,SECONDARY_RD,DISTANCE,DIRECTION,INTERSECTION,WEATHER_1,WEATHER_2,STATE_HWY_IND,CALTRANS_COUNTY,CALTRANS_DISTRICT,STATE_ROUTE,ROUTE_SUFFIX,POSTMILE_PREFIX,POSTMILE,LOCATION_TYPE,RAMP_INTERSECTION,SIDE_OF_HWY,TOW_AWAY,COLLISION_SEVERITY,NUMBER_KILLED,NUMBER_INJURED,PARTY_COUNT,PRIMARY_COLL_FACTOR,PCF_CODE_OF_VIOL,PCF_VIOL_CATEGORY,PCF_VIOLATION,PCF_VIOL_SUBSECTION,HIT_AND_RUN,TYPE_OF_COLLISION,MVIW,PED_ACTION,ROAD_SURFACE,ROAD_COND_1,ROAD_COND_2,LIGHTING,CONTROL_DEVICE,CHP_ROAD_TYPE,PEDESTRIAN_ACCIDENT,BICYCLE_ACCIDENT,MOTORCYCLE_ACCIDENT,TRUCK_ACCIDENT,NOT_PRIVATE_PROPERTY,ALCOHOL_INVOLVED,STWD_VEHTYPE_AT_FAULT,CHP_VEHTYPE_AT_FAULT,COUNT_SEVERE_INJ,COUNT_VISIBLE_INJ,COUNT_COMPLAINT_PAIN,COUNT_PED_KILLED,COUNT_PED_INJURED,COUNT_BICYCLIST_KILLED,COUNT_BICYCLIST_INJURED,COUNT_MC_KILLED,COUNT_MC_INJURED,PRIMARY_RAMP,SECONDARY_RAMP,LATITUDE,LONGITUDE,COUNTY,CITY,POINT_X,POINT_Y
9236053,2021,2021-03-29,1941,2021-02-18,1151,10519,NA,4,5,7,1941,0,0,0,NA,0,NA,LEWIS AV,LIGHT POLE LC1456,36,N,N,A,-,N,NA,NA,NA,NA,NA,NA,NA,NA,NA,Y,3,0,1,3,A,-,07,21658,A,N,A,C,A,A,H,-,A,A,0,NA,NA,NA,NA,Y,NA,A,NA,0,1,0,0,0,0,0,0,0,-,-,NA,NA,LOS ANGELES,LONG BEACH,NA,NA
9236054,2021,2021-03-29,1941,2021-02-20,1751,11126,NA,6,5,7,1941,0,0,0,NA,0,NA,ORANGE AV,MARKET ST,100,N,N,A,-,N,NA,NA,NA,NA,NA,NA,NA,NA,NA,Y,4,0,1,2,A,-,08,22107,NA,N,D,C,A,A,H,-,C,D,0,NA,NA,NA,NA,Y,NA,A,NA,0,0,1,0,0,0,0,0,0,-,-,NA,NA,LOS ANGELES,LONG BEACH,-118.1772689819336,33.854644775390625
9236056,2021,2021-03-29,1941,2021-02-20,1310,11526,NA,6,5,7,1941,0,0,0,NA,0,NA,7TH ST,DAWNSON AV,7,E,N,A,-,N,NA,NA,NA,NA,NA,NA,NA,NA,NA,Y,3,0,2,2,A,-,09,21802,A,N,D,C,A,A,H,-,-,A,0,NA,NA,NA,NA,Y,NA,A,NA,0,1,1,0,0,0,0,0,0,-,-,NA,NA,LOS ANGELES,LONG BEACH,-118.16555786132813,33.77534866333008
9236057,2021,2021-03-29,1941,2021-02-20,0951,11222,NA,6,5,7,1941,0,0,0,NA,0,NA,W 16TH ST,SOLANA CT,0,NA,Y,A,-,N,NA,NA,NA,NA,NA,NA,NA,NA,NA,Y,4,0,3,2,-,I,-,NA,NA,N,B,C,A,A,H,-,A,D,0,NA,NA,NA,NA,Y,NA,-,-,0,0,3,0,0,0,0,0,0,-,-,NA,NA,LOS ANGELES,LONG BEACH,-118.19303131103516,33.78715133666992
9236058,2021,2021-03-29,1941,2021-02-20,0803,11523,NA,6,5,7,1941,0,0,0,NA,0,NA,ANAHEIM ST,HARBOR AV,0,NA,-,A,-,N,NA,NA,NA,NA,NA,NA,NA,NA,NA,Y,3,0,1,2,A,-,03,22350,NA,N,A,C,A,A,H,-,A,A,0,NA,NA,NA,NA,Y,NA,A,NA,0,1,0,0,0,0,0,0,0,-,-,NA,NA,LOS ANGELES,LONG BEACH,-118.21051025390624,33.78268051147461
9236060,2021,2021-03-29,1942,2021-02-05,1150,38502,1317,5,5,7,1942,0,0,0,M,0,13A9,E 18TH ST,S NAOMI AV,0,NA,Y,A,-,N,NA,NA,NA,NA,NA,NA,NA,NA,NA,Y,4,0,1,2,A,-,09,21802,A,F,D,C,A,A,H,-,A,D,0,NA,NA,NA,NA,Y,NA,A,07,0,0,1,0,0,0,0,0,0,-,-,NA,NA,LOS ANGELES,LOS ANGELES,-118.24745178222656,34.023799896240234
92360668,2024,2024-04-10,9530,2024-03-31,1530,022986,NA,7,2,9,1900,0,3,5,NA,2,001,COMPTON AVE.,78TH ST.,6,E,N,A,-,N,NA,NA,NA,NA,NA,NA,NA,NA,NA,N,4,0,1,2,A,-,09,21804,A,N,D,G,A,A,H,-,A,A,0,NA,Y,NA,NA,Y,NA,L,04,0,0,1,0,0,0,1,0,0,-,-,33.96834945678711,-118.2475814819336,LOS ANGELES,UNINCORPORATED,-118.2476806640625,33.96799850463867
92360669,2024,2024-04-10,9530,2024-04-02,1042,017755,NA,2,1,7,1941,0,1,1,NA,2,430,I-405 S/B (SAN DIEGO FREEWAY),LAKEWOOD BLVD.,1438,N,N,A,-,Y,LA,NA,405,NA,NA,3.594,H,NA,L,N,4,0,1,2,A,-,03,22350,NA,N,C,C,A,A,H,-,A,D,0,NA,NA,NA,NA,Y,NA,A,07,0,0,1,0,0,0,0,0,0,-,-,33.80641174316406,-118.14724731445313,LOS ANGELES,LONG BEACH,-118.14725494384766,33.80638885498047
92360670,2024,2024-04-10,9590,2024-03-08,1345,022456,NA,5,1,7,1942,0,1,2,NA,2,071,US-101 S/B,BENTON WAY,400,S,N,A,-,Y,LA,NA,101,NA,NA,3.235,H,NA,L,N,4,0,1,2,A,-,07,21658,A,N,F,A,A,A,H,-,A,D,0,NA,NA,Y,NA,Y,NA,A,01,0,0,1,0,0,0,0,0,1,-,-,34.07450866699219,-118.27256774902344,LOS ANGELES,LOS ANGELES,-118.27259826660156,34.074466705322266
92360686,2024,2024-04-10,9550,2024-03-31,815,022391,NA,7,1,9,1900,0,1,3,NA,2,600,SR-60 WESTBOUND,7TH AVENUE,1848,W,N,C,-,Y,LA,NA,60,NA,NA,13.929,H,NA,L,Y,3,0,2,1,A,-,03,22350,NA,N,E,8,A,B,H,-,A,D,0,NA,NA,NA,NA,Y,NA,A,08,0,1,1,0,0,0,0,0,0,-,-,34.023521423339844,-117.99201202392578,LOS ANGELES,UNINCORPORATED,-117.99192810058594,34.02357864379883
92360700,2024,2024-04-10,9530,2024-04-02,1100,022079,NA,2,1,9,1900,0,3,5,NA,2,001,NADEAU ST.,ALAMEDA ST.,0,NA,Y,A,-,N,NA,NA,NA,NA,NA,NA,NA,NA,NA,N,4,0,3,2,A,-,21,22106,NA,N,B,C,A,A,H,-,A,D,0,NA,NA,NA,NA,Y,NA,D,22,0,0,3,0,0,0,0,0,0,-,-,33.9675407409668,-118.23275756835938,LOS ANGELES,UNINCORPORATED,-118.23322296142578,33.96744918823242
92360702,2024,2024-04-10,9565,2024-04-01,1900,023660,NA,1,2,9,1900,0,3,5,NA,2,002,98TH STREET,BUDLONG AVENUE,65,W,N,A,-,N,NA,NA,NA,NA,NA,NA,NA,NA,NA,N,4,0,1,2,A,-,03,22350,NA,N,C,C,A,A,H,-,B,D,0,NA,NA,NA,NA,Y,NA,A,01,0,0,1,0,0,0,0,0,0,-,-,33.94697952270508,-118.29621887207033,LOS ANGELES,UNINCORPORATED,-118.296142578125,33.94683074951172
92360706,2024,2024-04-10,9590,2024-04-01,1738,023754,NA,1,2,7,1942,0,1,1,NA,2,053,I-110 S/B (HARBOR FREEWAY),4TH STREET,100,S,N,A,-,Y,LA,NA,110,NA,NA,22.993,H,NA,L,N,4,0,1,2,A,-,03,22350,NA,N,C,C,A,A,H,-,A,D,0,NA,NA,NA,NA,Y,NA,A,08,0,0,1,0,0,0,0,0,0,-,-,34.0546989440918,-118.2573471069336,LOS ANGELES,LOS ANGELES,-118.2573699951172,34.05471420288086
92360716,2024,2024-04-10,9540,2024-04-02,523,023639,NA,2,3,9,1900,0,1,3,NA,2,149,SR-14 S/B,SOLEDAD CANYON RD,1400,N,N,A,-,Y,LA,NA,14,NA,NA,36.007,H,NA,L,Y,4,0,3,3,A,-,03,22350,NA,N,C,C,A,A,H,-,B,D,0,NA,NA,NA,NA,Y,NA,A,01,0,0,3,0,0,0,0,0,0,-,-,34.43479919433594,-118.38117218017578,LOS ANGELES,UNINCORPORATED,-118.38119506835938,34.43486404418945
92360717,2024,2024-04-10,9530,2024-04-02,1059,017755,NA,2,1,7,1941,0,1,1,NA,2,420,I-405 S/B (SAN DIEGO FREEWAY),ORNGE AVE.,427,N,N,A,-,Y,LA,NA,405,NA,NA,5.483,H,NA,L,N,4,0,2,3,A,-,03,22350,NA,M,B,C,A,A,H,-,A,D,0,NA,NA,NA,NA,Y,NA,-,99,0,0,2,0,0,0,0,0,0,-,-,33.81425857543945,-118.1780014038086,LOS ANGELES,LONG BEACH,-118.1780014038086,33.814212799072266
92360718,2024,2024-04-10,9590,2024-04-01,750,018345,NA,1,1,7,1942,0,1,1,NA,2,063,I-10 EASTBOUND (SANTA MONICA FREEWAY),I-110 (HAF),600,W,N,A,-,Y,LA,NA,10,NA,NA,14.681,H,NA,R,N,4,0,1,2,A,-,03,22350,NA,N,C,C,A,A,H,-,A,D,0,NA,NA,NA,NA,Y,NA,A,01,0,0,1,0,0,0,0,0,0,-,-,34.03810119628906,-118.2768325805664,LOS ANGELES,LOS ANGELES,-118.27682495117188,34.03801727294922
92360725,2024,2024-04-10,9545,2024-04-01,1820,021434,NA,1,2,9,1900,0,3,5,NA,2,002,30TH STREET WEST,AVENUE N,70,S,N,A,-,N,NA,NA,NA,NA,NA,NA,NA,NA,NA,Y,4,0,1,2,A,-,03,22350,NA,N,C,C,A,A,H,-,A,A,0,NA,NA,NA,NA,Y,NA,A,01,0,0,1,0,0,0,0,0,0,-,-,34.630889892578125,-118.18335723876952,LOS ANGELES,UNINCORPORATED,-118.18338775634766,34.63093948364258
92360735,2024,2024-04-10,9545,2024-04-03,1810,023608,NA,3,2,9,1900,0,1,3,NA,2,031,SR-14 S/B FROM SIERRA HWY,SIERRA HWY,2044,S,N,A,-,Y,LA,NA,14,NA,R,54.303,H,NA,L,N,4,0,1,1,A,-,08,22107,NA,N,E,8,A,A,H,-,A,D,0,NA,NA,NA,NA,Y,NA,A,01,0,0,1,0,0,0,0,0,0,-,-,34.507869720458984,-118.11329650878906,LOS ANGELES,UNINCORPORATED,-118.11311340332033,34.507789611816406
92360743,2024,2024-04-10,9530,2024-04-02,1555,023673,NA,2,2,7,1942,0,1,1,NA,2,120,I-110 N/B (HARBOR FREEWAY),ANAHEIM ST.,1700,N,N,A,-,Y,LA,NA,110,NA,NA,3.561,H,NA,R,N,3,0,1,1,A,-,08,22107,NA,N,E,I,A,A,H,-,A,D,0,NA,NA,NA,NA,Y,NA,A,01,0,1,0,0,0,0,0,0,0,-,-,33.783199310302734,-118.28050994873048,LOS ANGELES,LOS ANGELES,-118.28066253662108,33.78318405151367
92360757,2024,2024-04-10,9530,2024-04-02,1050,023720,NA,2,1,9,1900,0,3,5,NA,2,001,FIRESTONE BLVD. W/B (1200 BLOCK),HOOPER AVE,300,E,N,A,-,N,NA,NA,NA,NA,NA,NA,NA,NA,NA,Y,3,0,1,2,A,-,08,22107,NA,N,C,E,A,A,H,-,A,A,0,NA,NA,NA,NA,Y,NA,A,01,0,1,0,0,0,0,0,0,0,-,-,33.96025085449219,-118.25279998779295,LOS ANGELES,UNINCORPORATED,-118.2530517578125,33.96018981933594
92360762,2024,2024-04-10,9530,2024-04-04,1055,022079,NA,4,1,9,1900,0,3,5,NA,2,002,PARMELEE AVE.,139TH ST.,0,NA,Y,A,-,N,NA,NA,NA,NA,NA,NA,NA,NA,NA,N,4,0,1,2,A,-,12,22450,A,N,D,C,A,A,H,-,A,A,0,NA,NA,NA,NA,Y,NA,A,01,0,0,1,0,0,0,0,0,0,-,-,33.905818939208984,-118.2510986328125,LOS ANGELES,UNINCORPORATED,-118.2510986328125,33.90578079223633
92360768,2024,2024-04-10,9550,2024-03-30,345,023172,NA,6,3,9,1900,0,1,3,NA,2,600,STATE ROUTE 60 WEST BOUND,CROSSROADS,150,E,N,B,C,Y,LA,NA,60,NA,NA,13.887,H,NA,R,Y,4,0,2,2,A,-,03,22350,NA,N,D,C,A,B,H,-,E,D,0,NA,NA,NA,NA,Y,NA,A,01,0,0,2,0,0,0,0,0,0,-,-,34.02397155761719,-117.99237060546876,LOS ANGELES,UNINCORPORATED,-117.99253082275392,34.02385330200195
92360769,2024,2024-04-10,9530,2024-04-04,1535,018745,NA,4,2,7,1941,0,1,1,NA,2,071,I-710 S/B FROM DEL AMO BLVD.,DEL AMO BLVD.,528,N,N,B,-,Y,NA,NA,NA,NA,NA,NA,NA,NA,NA,N,4,0,2,2,A,-,03,22350,NA,N,B,C,A,A,H,-,A,D,0,NA,NA,NA,NA,Y,NA,-,-,0,0,2,0,0,0,0,0,0,-,-,33.84832000732422,-118.20597076416016,LOS ANGELES,LONG BEACH,-118.20549011230467,33.84801483154297
9236078,2021,2021-04-16,1941,2021-02-16,2245,6159,NA,2,5,7,1941,0,0,0,NA,0,025,QUEENS HWY,HARBOR PLZ,0,NA,Y,A,G,N,NA,NA,NA,NA,NA,NA,NA,NA,NA,Y,4,0,1,1,C,-,18,NA,NA,N,F,A,A,A,H,-,C,A,0,NA,NA,NA,NA,Y,NA,-,-,0,0,1,0,0,0,0,0,0,-,-,NA,NA,LOS ANGELES,LONG BEACH,-118.19544982910156,33.753841400146484
92360786,2024,2024-04-10,9565,2024-04-01,2025,023626,NA,1,2,7,1942,0,1,1,NA,2,064,I-405 N/B (SANTA MONICA FWY),SUPULVEDA BOULEVARD,180,N,N,A,-,Y,LA,NA,405,NA,NA,34.844,H,NA,R,Y,3,0,1,2,A,-,08,22107,NA,F,B,C,A,A,H,-,E,D,0,NA,NA,NA,NA,Y,NA,-,99,0,1,0,0,0,0,0,0,0,-,-,34.097381591796875,-118.47731018066406,LOS ANGELES,LOS ANGELES,-118.47737884521484,34.097354888916016
92360796,2024,2024-04-10,9580,2024-04-02,1335,023717,NA,2,1,7,1942,0,1,2,NA,2,101,US- 101 S/B (VENTURA FREEWAY),LAUREL CANYON BLVD,4118,S,N,A,-,Y,LA,NA,101,NA,NA,12.068,H,NA,L,Y,3,0,1,2,A,-,07,21658,A,N,B,C,A,A,H,-,A,D,0,NA,NA,NA,NA,Y,NA,A,01,0,1,0,0,0,0,0,0,0,-,-,34.1543083190918,-118.38260650634766,LOS ANGELES,LOS ANGELES,-118.38260650634766,34.15434265136719
9236081,2021,2021-03-30,1942,2021-02-20,1120,42768,NA,6,5,7,1942,0,0,0,NA,0,NA,BORDEN AV,HERRON ST,69,S,N,A,-,N,NA,NA,NA,NA,NA,NA,NA,NA,NA,Y,2,0,2,2,A,-,01,23152,A,N,A,C,A,A,H,-,A,D,0,NA,NA,NA,NA,Y,Y,A,01,1,0,1,0,0,0,0,0,0,-,-,NA,NA,LOS ANGELES,LOS ANGELES,-118.438720703125,34.30403137207031
92360825,2024,2024-04-10,9550,2024-04-01,1540,022895,NA,1,2,9,1900,0,3,5,NA,2,003,TURNBULL CANYON ROAD,LOS ROBLES AVENUE,0,NA,Y,A,-,N,NA,NA,NA,NA,NA,NA,NA,NA,NA,Y,3,0,5,3,A,-,09,21801,A,N,D,C,A,A,H,-,A,A,0,NA,NA,NA,NA,Y,NA,A,01,0,3,2,0,0,0,0,0,0,-,-,34.0081901550293,-117.97988128662108,LOS ANGELES,UNINCORPORATED,-117.97978973388672,34.00813674926758
92360848,2024,2024-04-10,9530,2024-04-04,1415,023562,NA,4,2,9,1900,0,3,5,NA,2,002,ALAMEDA ST.,SANTA ANA BLVD.,20,N,N,A,-,N,NA,NA,NA,NA,NA,NA,NA,NA,NA,N,4,0,2,2,A,-,03,22350,NA,N,C,C,A,A,H,-,A,A,0,NA,NA,NA,NA,Y,NA,A,01,0,0,2,0,0,0,0,0,0,-,-,33.93278121948242,-118.2261962890625,LOS ANGELES,UNINCORPORATED,-118.22615814208984,33.93269348144531
92360852,2024,2024-04-10,9590,2024-03-31,940,021926,NA,7,1,7,1942,0,1,1,NA,2,010,SR-110 N/B (ASP) TO I-5 N/B (GSF),ELMGROVE STREET,2500,S,N,A,-,Y,NA,NA,NA,NA,NA,NA,NA,NA,NA,N,3,0,1,2,A,-,03,22350,NA,N,C,C,A,A,H,-,A,D,0,NA,NA,NA,NA,Y,NA,A,01,0,1,0,0,0,0,0,0,0,-,-,34.080078125,-118.22731018066406,LOS ANGELES,LOS ANGELES,-118.22731018066406,34.080078125
92360865,2024,2024-04-10,9580,2024-04-08,1945,022535,NA,1,2,9,1900,0,3,5,NA,1,040,ENCINAL CANYON RD,ZUMA RIDGE MTWY,1056,W,N,A,-,N,NA,NA,NA,NA,NA,NA,NA,NA,NA,Y,4,0,1,1,A,-,08,22107,NA,N,E,I,A,A,H,-,D,D,0,NA,NA,NA,NA,Y,NA,A,07,0,0,1,0,0,0,0,0,0,-,-,34.08755111694336,-118.8397216796875,LOS ANGELES,UNINCORPORATED,-118.83902740478516,34.088111877441406
92360868,2024,2024-04-10,9580,2024-04-08,1730,022572,NA,1,2,7,1942,0,1,3,NA,2,118,SR-118 E/B (RONALD REAGAN FWY.),TAMPA AVE,1320,W,N,A,-,Y,LA,NA,118,NA,R,4.349,H,NA,R,N,4,0,2,2,A,-,03,22350,NA,N,C,C,A,A,H,-,A,D,0,NA,NA,NA,NA,Y,NA,A,01,0,0,2,0,0,0,0,0,0,-,-,34.27280044555664,-118.56121063232422,LOS ANGELES,LOS ANGELES,-118.56121063232422,34.27278518676758
9236087,2021,2021-04-09,1900,2021-02-12,1931,621412,1432,5,5,4,1937,0,0,0,NA,0,143T1,MOLINAR AV,CADWELL ST,0,NA,Y,A,-,N,NA,NA,NA,NA,NA,NA,NA,NA,NA,N,4,0,1,2,A,-,12,22450,A,N,H,G,A,A,H,-,C,D,0,NA,Y,NA,NA,Y,Y,L,04,0,0,1,0,0,0,1,0,0,-,-,34.03797912597656,-117.94438934326172,LOS ANGELES,LA PUENTE,-117.94444274902344,34.03793716430664
92360893,2024,2024-04-10,9530,2024-04-03,1030,020938,NA,3,1,7,1942,0,1,3,NA,2,310,SR-91 E/B (ARTESIA FREEWAY),I-110 N/B (HARBOR FREEWAY),177,E,N,A,-,Y,LA,NA,91,NA,R,6.404,H,NA,R,N,3,0,1,3,A,-,03,22350,NA,N,B,C,A,A,H,-,A,D,0,NA,NA,Y,NA,Y,NA,C,02,0,1,0,0,0,0,0,0,1,-,-,33.8726806640625,-118.28392791748048,LOS ANGELES,LOS ANGELES,-118.28392791748048,33.87266540527344
92360903,2024,2024-04-10,9535,2024-03-26,1715,022269,NA,2,2,9,1900,0,1,3,NA,2,600,SR-60 (POMONA FWY) TO I-710 N/B (LONG BEACH FWY),CESAR E. CHAVEZ AVENUE,1,N,N,A,-,Y,LA,NA,710,NA,NA,24.967,H,NA,R,N,4,0,2,4,A,-,03,22350,NA,N,C,C,A,A,H,-,A,D,0,NA,NA,NA,NA,Y,NA,D,22,0,0,2,0,0,0,0,0,0,-,-,34.04058074951172,-118.16963958740234,LOS ANGELES,UNINCORPORATED,-118.16992950439452,34.04058074951172
92360920,2024,2024-04-10,9590,2024-03-31,146,023162,NA,7,3,7,1942,0,1,1,NA,2,050,I-110 N/B (HARBOR FREEWAY),SLAUSON AVENUE,600,N,N,C,-,Y,LA,NA,110,NA,NA,18.011,H,NA,R,N,4,0,2,2,A,-,07,21658,A,N,B,C,A,B,H,-,D,D,0,NA,NA,NA,NA,Y,NA,A,01,0,0,2,0,0,0,0,0,0,-,-,33.98952865600586,-118.28019714355467,LOS ANGELES,LOS ANGELES,-118.28040313720705,33.98952865600586
9236094,2021,2021-03-16,1942,2021-01-12,0905,34458,1189,2,5,7,1942,0,0,0,K,0,11A89,NORTH FIGUEROA ST,W AVENUE 26,20,S,N,A,-,N,NA,NA,NA,NA,NA,NA,NA,NA,NA,Y,3,0,2,2,A,-,03,22350,NA,N,B,C,A,A,H,-,A,D,0,NA,NA,NA,NA,Y,NA,D,22,0,1,1,0,0,0,0,0,0,-,-,NA,NA,LOS ANGELES,LOS ANGELES,-118.22249603271484,34.08381271362305
92360943,2024,2024-04-10,9590,2024-04-01,1050,022698,NA,1,1,7,1942,0,1,1,NA,2,053,I-110 SOUTHBOUND (HARBOR FREEWAY),6TH STREET,100,N,N,A,-,Y,LA,NA,110,NA,NA,22.829,H,NA,L,N,4,0,1,2,A,-,03,22350,NA,N,C,C,A,A,H,-,A,D,0,NA,NA,NA,NA,Y,NA,A,07,0,0,1,0,0,0,0,0,0,-,-,34.05284118652344,-118.25911712646484,LOS ANGELES,LOS ANGELES,-118.25906372070313,34.052799224853516
92360953,2024,2024-04-10,9575,2024-04-01,415,022953,NA,1,3,6,1953,0,1,3,NA,2,041,SR-134 E/B (VENTURA FREEWAY),PATRICIAN WAY,517,W,N,A,-,Y,LA,NA,134,NA,R,11.594,H,NA,R,N,2,0,1,1,A,-,08,22107,NA,N,E,I,A,A,H,-,C,D,0,NA,NA,NA,NA,Y,NA,A,07,1,0,0,0,0,0,0,0,0,-,-,34.141998291015625,-118.18360137939452,LOS ANGELES,PASADENA,-118.1836395263672,34.14191818237305
92360955,2024,2024-04-10,9550,2024-03-31,1350,023732,NA,7,1,6,1920,0,1,1,NA,2,650,I-605 SB TO I-5 FWY,I-5 FWY,100,N,N,B,-,Y,LA,NA,5,NA,NA,6.938,H,NA,L,N,4,0,4,2,A,-,03,22350,NA,N,C,C,A,A,H,-,A,D,0,NA,NA,NA,NA,Y,NA,A,07,0,0,4,0,0,0,0,0,0,-,-,33.942291259765625,-118.09757995605467,LOS ANGELES,DOWNEY,-118.09748077392578,33.94233703613281
92360960,2024,2024-04-10,9590,2024-04-01,825,022698,NA,1,1,7,1942,0,1,2,NA,2,071,US-101 SOUTHBOUND (HOLLYWOOD FREEWAY),BONNIE BRAE STREET,200,S,N,A,-,Y,LA,NA,101,NA,NA,2.673,H,NA,L,N,4,0,1,2,A,-,03,22350,NA,N,C,C,A,A,H,-,A,D,0,NA,NA,NA,NA,Y,NA,A,01,0,0,1,0,0,0,0,0,0,-,-,34.070579528808594,-118.26397705078124,LOS ANGELES,LOS ANGELES,-118.26394653320313,34.07062911987305
92360967,2024,2024-04-10,9530,2024-04-03,725,023738,NA,3,1,9,1900,0,3,5,NA,2,002,124TH STREET (100TH BLOCK),BROADWAY AVE.,700,E,N,A,-,N,NA,NA,NA,NA,NA,NA,NA,NA,NA,N,4,0,1,2,A,-,08,22107,NA,N,D,C,A,A,H,-,A,D,0,NA,NA,NA,NA,Y,NA,A,01,0,0,1,0,0,0,0,0,0,-,-,33.92005920410156,-118.2756805419922,LOS ANGELES,UNINCORPORATED,-118.36557006835938,33.91999816894531
9236097,2021,2021-03-30,1942,2021-02-20,2035,38357,0161,6,5,7,1942,0,0,0,A,0,1A61,W 7TH ST,S FIGUEROA ST,0,NA,Y,A,-,N,NA,NA,NA,NA,NA,NA,NA,NA,NA,Y,2,0,1,2,A,-,10,21950,A,F,G,B,B,A,H,-,C,D,0,Y,NA,NA,NA,Y,NA,D,22,1,0,0,0,1,0,0,0,0,-,-,NA,NA,LOS ANGELES,LOS ANGELES,-118.25991058349608,34.04941940307617
92360971,2024,2024-04-10,9550,2024-04-02,1935,022895,NA,2,2,9,1900,0,3,5,NA,2,002,HASTINGS DRIVE,MEYER ROAD,0,NA,Y,A,-,N,NA,NA,NA,NA,NA,NA,NA,NA,NA,Y,3,0,1,2,A,-,09,21802,A,N,D,C,A,A,H,-,B,A,0,NA,NA,NA,NA,Y,NA,A,01,0,1,0,0,0,0,0,0,0,-,-,33.92198944091797,-118.04084014892578,LOS ANGELES,UNINCORPORATED,-118.0408172607422,33.922000885009766
9236098,2021,2021-05-03,1942,2021-02-13,0020,43044,471,6,5,7,1942,0,0,0,NA,0,4A71,MYERS ST,7TH ST,300,N,N,A,-,N,NA,NA,NA,NA,NA,NA,NA,NA,NA,N,4,0,1,2,A,-,04,21703,NA,N,C,C,A,A,H,-,-,D,0,NA,NA,NA,NA,Y,NA,D,22,0,0,1,0,0,0,0,0,0,-,-,NA,NA,LOS ANGELES,LOS ANGELES,-118.22521209716795,34.03535079956055
92360995,2024,2024-04-10,9540,2024-04-03,650,021118,NA,3,1,9,1900,0,2,4,NA,2,072,LAKE HUGHES RD,CASTAIC LAKE BOAT RAMP,1056,S,N,A,-,N,NA,NA,NA,NA,NA,NA,NA,NA,NA,Y,3,0,1,1,A,-,03,22350,NA,N,E,I,A,A,H,-,B,D,0,NA,NA,NA,NA,Y,NA,A,01,0,1,0,0,0,0,0,0,0,-,-,34.511478424072266,-118.5977783203125,LOS ANGELES,UNINCORPORATED,-118.62371826171876,34.49591827392578
92361001,2024,2024-04-10,9530,2024-04-03,730,023673,NA,3,1,7,1941,0,1,1,NA,2,110,I-105 W/B (GLENN ANDERSON FWY),LONG BEACH BLVD.,1300,E,N,A,-,Y,LA,NA,105,NA,R,11.804,H,NA,L,N,4,0,1,3,A,-,08,22107,NA,M,B,C,A,A,H,-,A,D,0,NA,NA,NA,NA,Y,NA,-,99,0,0,1,0,0,0,0,0,0,-,-,33.923431396484375,-118.20610809326172,LOS ANGELES,LONG BEACH,-118.20612335205078,33.92340850830078
9236101,2021,2021-04-05,1942,2021-02-16,1700,38982,1147,2,5,7,1942,0,0,0,K,0,11A89,DIVISION ST,CYPRESS AV,10,W,N,A,-,N,NA,NA,NA,NA,NA,NA,NA,NA,NA,N,4,0,1,2,A,-,12,21453,A,N,D,C,A,A,H,-,B,A,0,NA,NA,Y,NA,Y,NA,D,22,0,0,1,0,0,0,0,0,1,-,-,NA,NA,LOS ANGELES,LOS ANGELES,-118.23632049560548,34.10263442993164
92361037,2024,2024-04-10,9525,2024-03-20,1250,018761,NA,3,1,9,1900,0,2,4,NA,2,022,ARROW HIGHWAY (100 BLOCK),CITRUS AVE,450,E,N,A,-,N,NA,NA,NA,NA,NA,NA,NA,NA,NA,N,4,0,3,3,A,-,09,21804,A,N,D,C,A,A,H,-,A,D,0,NA,NA,NA,NA,Y,NA,A,01,0,0,3,0,0,0,0,0,0,-,-,34.10675811767578,-117.88970947265624,LOS ANGELES,UNINCORPORATED,-117.88878631591795,34.1068000793457
9236105,2021,2021-03-30,1942,2021-02-22,0750,42932,0678,1,5,7,1942,0,0,0,F,0,NA,NORMANDIE AV,MELROSE AV,0,NA,Y,A,-,N,NA,NA,NA,NA,NA,NA,NA,NA,NA,N,3,0,1,2,A,-,00,21456,3,N,B,G,A,A,H,-,A,A,0,NA,Y,NA,Y,Y,NA,-,-,0,1,0,0,0,0,1,0,0,-,-,NA,NA,LOS ANGELES,LOS ANGELES,-118.30048370361328,34.08354949951172
92361056,2024,2024-04-10,9550,2024-04-02,550,023732,NA,2,3,6,1949,0,1,1,NA,2,651,I-605 SB,FIRESTONE BOULEVARD,1320,N,N,A,-,Y,LA,NA,605,NA,R,8.649,H,NA,L,N,3,0,1,2,A,-,03,22350,NA,N,C,C,A,A,H,-,B,D,0,NA,NA,NA,NA,Y,NA,A,07,0,1,0,0,0,0,0,0,0,-,-,33.92835998535156,-118.10317993164064,LOS ANGELES,NORWALK,-118.10321044921876,33.928367614746094