CASE_ID,ACCIDENT_YEAR,PROC_DATE,JURIS,COLLISION_DATE,COLLISION_TIME,OFFICER_ID,REPORTING_DISTRICT,DAY_OF_WEEK,CHP_SHIFT,POPULATION,CNTY_CITY_LOC,SPECIAL_COND,BEAT_TYPE,CHP_BEAT_TYPE,CITY_DIVISION_LAPD,CHP_BEAT_CLASS,BEAT_NUMBER,PRIMARY_RD,SECONDARY_RD,DISTANCE,DIRECTION,INTERSECTION,WEATHER_1,WEATHER_2,STATE_HWY_IND,CALTRANS_COUNTY,CALTRANS_DISTRICT,STATE_ROUTE,ROUTE_SUFFIX,POSTMILE_PREFIX,POSTMILE,LOCATION_TYPE,RAMP_INTERSECTION,SIDE_OF_HWY,TOW_AWAY,COLLISION_SEVERITY,NUMBER_KILLED,NUMBER_INJURED,PARTY_COUNT,PRIMARY_COLL_FACTOR,PCF_CODE_OF_VIOL,PCF_VIOL_CATEGORY,PCF_VIOLATION,PCF_VIOL_SUBSECTION,HIT_AND_RUN,TYPE_OF_COLLISION,MVIW,PED_ACTION,ROAD_SURFACE,ROAD_COND_1,ROAD_COND_2,LIGHTING,CONTROL_DEVICE,CHP_ROAD_TYPE,PEDESTRIAN_ACCIDENT,BICYCLE_ACCIDENT,MOTORCYCLE_ACCIDENT,TRUCK_ACCIDENT,NOT_PRIVATE_PROPERTY,ALCOHOL_INVOLVED,STWD_VEHTYPE_AT_FAULT,CHP_VEHTYPE_AT_FAULT,COUNT_SEVERE_INJ,COUNT_VISIBLE_INJ,COUNT_COMPLAINT_PAIN,COUNT_PED_KILLED,COUNT_PED_INJURED,COUNT_BICYCLIST_KILLED,COUNT_BICYCLIST_INJURED,COUNT_MC_KILLED,COUNT_MC_INJURED,PRIMARY_RAMP,SECONDARY_RAMP,LATITUDE,LONGITUDE,COUNTY,CITY,POINT_X,POINT_Y
92372791,2024,2024-04-23,9545,2024-04-07,2016,023340,NA,7,2,9,1900,0,3,5,NA,2,004,90TH ST  E,AVENUE S,0,NA,Y,A,-,N,NA,NA,NA,NA,NA,NA,NA,NA,NA,N,3,0,1,1,A,-,01,23152,A,N,F,A,A,A,H,-,C,A,0,NA,NA,Y,NA,Y,Y,C,02,0,1,0,0,0,0,0,0,1,-,-,34.5577392578125,-117.96958923339844,LOS ANGELES,UNINCORPORATED,-117.96949005126952,34.557804107666016
92372801,2024,2024-04-23,9545,2024-04-14,2341,023340,NA,7,3,6,1992,0,1,3,NA,2,011,SR-14 N/B,AVE G,3020,S,N,A,-,Y,LA,NA,14,NA,R,70.413,H,NA,R,N,4,0,1,2,A,-,08,22107,NA,M,B,C,A,A,D,-,C,D,0,NA,NA,NA,NA,Y,Y,-,99,0,0,1,0,0,0,0,0,0,-,-,34.724891662597656,-118.17005920410156,LOS ANGELES,LANCASTER,-118.17005920410156,34.724891662597656
92372804,2024,2024-04-23,9530,2024-04-15,451,023797,NA,1,3,7,1941,0,1,1,NA,2,071,I-710 S/B (LONG BEACH FREEWAY),DEL AMO BLVD.,2640,N,N,A,-,Y,LA,NA,710,NA,NA,11.269,H,NA,L,Y,4,0,1,1,A,-,03,22350,NA,N,F,A,A,A,H,-,C,D,0,NA,NA,Y,NA,Y,NA,C,02,0,0,1,0,0,0,0,0,1,-,-,33.852989196777344,-118.20491790771484,LOS ANGELES,LONG BEACH,-118.20484924316406,33.85297775268555
92372810,2024,2024-07-05,9530,2024-04-15,1715,023652,NA,1,2,9,1900,0,3,5,NA,2,001,FIRESTONE BLVD.,HICKORY STREET,0,NA,Y,A,-,N,NA,NA,NA,NA,NA,NA,NA,NA,NA,N,4,0,1,2,A,-,09,21802,A,N,D,C,A,A,H,-,A,A,0,NA,NA,NA,NA,Y,NA,A,01,0,0,1,0,0,0,0,0,0,-,-,33.960140228271484,-118.23516082763672,LOS ANGELES,UNINCORPORATED,-118.23524475097656,33.96015167236328
9237282,2021,2021-04-13,1942,2021-02-20,1120,44447,LOSA,6,5,7,1942,0,0,0,NA,0,5A59,MESA ALTA RD,1ST ST,10,S,N,A,-,N,NA,NA,NA,NA,NA,NA,NA,NA,NA,N,4,0,1,2,A,-,21,22106,NA,F,G,B,D,A,H,-,A,D,0,Y,NA,NA,NA,Y,NA,A,01,0,0,1,0,1,0,0,0,0,-,-,NA,NA,LOS ANGELES,LOS ANGELES,-118.28572845458984,33.743282318115234
92372835,2024,2024-04-23,9550,2024-04-12,910,018187,NA,5,1,9,1900,0,2,4,NA,1,023,MULBERRY DR (WESTBOUND),COLIMA RD,0,NA,Y,B,-,N,NA,NA,NA,NA,NA,NA,NA,NA,NA,Y,4,0,1,2,A,-,12,21453,A,N,D,C,A,A,H,-,A,A,0,NA,NA,NA,NA,Y,NA,D,22,0,0,1,0,0,0,0,0,0,-,-,33.93534851074219,-118.01677703857422,LOS ANGELES,UNINCORPORATED,-118.01679229736328,33.93525695800781
92372871,2024,2024-04-23,9530,2024-04-15,2025,023652,NA,1,2,9,1900,0,3,5,NA,2,001,HOOPER AVE.,FLORENCE AVE.,0,NA,Y,A,-,N,NA,NA,NA,NA,NA,NA,NA,NA,NA,N,4,0,1,2,A,-,08,22107,NA,N,A,C,A,A,H,-,C,A,0,NA,NA,NA,NA,Y,NA,A,07,0,0,1,0,0,0,0,0,0,-,-,33.97494125366211,-118.25205230712892,LOS ANGELES,UNINCORPORATED,-118.25202941894533,33.97474670410156
92372879,2024,2024-04-23,9590,2024-03-19,2019,023621,NA,2,2,7,1942,0,1,2,NA,2,071,US-101 S/B (SAF),MISSION ROAD,300,N,N,A,-,Y,LA,NA,101,NA,NA,0.173,H,NA,L,N,4,0,1,4,A,-,03,22350,NA,N,C,C,A,A,H,-,D,D,0,NA,NA,NA,NA,Y,NA,A,01,0,0,1,0,0,0,0,0,0,-,-,34.05316925048828,-118.22982025146484,LOS ANGELES,LOS ANGELES,-118.22982025146484,34.05317306518555
92372887,2024,2024-04-23,9590,2024-03-20,2240,023642,NA,3,3,7,1942,0,1,1,NA,2,063,I-10  EASTBOUND (SANTA MONICA),FLOWER STREET,180,E,N,A,-,Y,LA,NA,10,NA,NA,15.171,H,NA,L,N,4,0,1,2,A,-,03,22350,NA,F,C,C,A,A,H,-,C,D,0,NA,NA,Y,NA,Y,NA,-,99,0,0,1,0,0,0,0,0,1,-,-,34.0360107421875,-118.26878356933594,LOS ANGELES,LOS ANGELES,-118.26898193359376,34.03580856323242
92372893,2024,2024-04-23,9530,2024-04-17,534,017755,NA,3,3,7,1941,0,1,1,NA,2,420,I-405 N/B (SAN DIEGO FREEWAY),I-710,270,N,N,A,-,Y,LA,NA,405,NA,NA,7.66,H,NA,R,N,4,0,2,2,A,-,07,21658,A,N,B,C,A,A,H,-,C,D,0,NA,NA,NA,NA,Y,NA,A,01,0,0,2,0,0,0,0,0,0,-,-,33.82661819458008,-118.20861053466795,LOS ANGELES,LONG BEACH,-118.20861053466795,33.82660675048828
92372906,2024,2024-04-23,9530,2024-04-17,1055,017860,NA,3,1,7,1942,0,1,3,NA,1,470,SR-47 N/B TO HENRY FORD AVE.,HENRY FORD AVE.,772,S,N,A,-,Y,NA,NA,NA,NA,NA,NA,NA,NA,NA,Y,3,0,1,2,A,-,03,22350,NA,N,C,C,A,A,H,-,A,D,0,NA,NA,NA,Y,Y,NA,A,01,0,1,0,0,0,0,0,0,0,-,-,33.77288055419922,-118.24088287353516,LOS ANGELES,LOS ANGELES,-118.2410888671875,33.7767448425293
92372911,2024,2024-04-23,9545,2024-04-17,805,023619,NA,3,1,9,1900,0,3,5,NA,2,004,PALMDALE BLVD,180TH ST  E,0,NA,Y,A,-,Y,NA,NA,NA,NA,NA,NA,NA,NA,NA,N,3,0,5,2,A,-,05,21752,D,N,D,C,A,A,H,-,A,D,0,NA,NA,NA,NA,Y,NA,A,01,0,1,4,0,0,0,0,0,0,-,-,34.57999038696289,-117.80915832519533,LOS ANGELES,UNINCORPORATED,-117.8090591430664,34.57997131347656
92372913,2024,2024-04-23,9530,2024-04-17,737,017755,NA,3,1,7,1941,0,1,1,NA,2,430,I-405 S/B (SAN DIEGO FREEWAY),LAKEWOOD BLVD.,690,N,N,A,-,Y,LA,NA,405,NA,NA,3.465,H,NA,L,Y,3,0,1,3,A,-,03,22350,NA,N,C,C,A,A,H,-,A,D,0,NA,NA,NA,NA,Y,NA,A,01,0,1,0,0,0,0,0,0,0,-,-,33.806129455566406,-118.14502716064452,LOS ANGELES,LONG BEACH,-118.14505004882813,33.806053161621094
92372915,2024,2024-04-23,9525,2024-04-22,1540,023176,NA,1,2,3,1921,0,1,1,NA,2,211,I-210 W/B (FOOTHILL FWY),BUENA VISTA ST,1584,E,N,A,-,Y,LA,NA,210,NA,R,35.58,H,NA,L,N,4,0,1,2,A,-,07,21658,A,N,B,C,A,A,H,-,A,D,0,NA,NA,NA,NA,Y,NA,A,07,0,0,1,0,0,0,0,0,0,-,-,34.13557815551758,-117.9718780517578,LOS ANGELES,DUARTE,-117.9718780517578,34.1356086730957
92372924,2024,2024-04-23,9530,2024-04-17,946,017755,NA,3,1,7,1941,0,1,1,NA,2,430,I-405 S/B (SAN DIEGO FREEWAY),REDONDO AVE.,790,N,N,A,-,Y,LA,NA,405,NA,NA,4.002,H,NA,L,N,4,0,1,2,A,-,03,22350,NA,N,C,C,A,A,H,-,A,D,0,NA,NA,NA,Y,Y,NA,A,07,0,0,1,0,0,0,0,0,0,-,-,33.807498931884766,-118.15422821044922,LOS ANGELES,LONG BEACH,-118.15419769287108,33.80756759643555
92372927,2024,2024-04-23,9575,2024-04-10,707,020702,NA,3,1,6,1912,0,1,3,NA,2,043,SR-134 W/B (VENTURA FREEWAY),OLIVE AVE.,68,E,N,A,-,Y,LA,NA,134,NA,NA,2.256,H,NA,L,Y,2,0,1,2,A,-,07,21658,A,N,C,C,A,A,H,-,B,D,0,NA,NA,Y,NA,Y,NA,A,08,1,0,0,0,0,0,0,0,1,-,-,34.1532096862793,-118.33747100830078,LOS ANGELES,BURBANK,-118.3374481201172,34.15327835083008
92372945,2024,2024-04-23,9565,2024-04-17,1030,020264,NA,3,1,9,1900,0,2,4,NA,2,043,INGLEWOOD AVENUE,104TH STREET,0,NA,Y,A,-,N,NA,NA,NA,NA,NA,NA,NA,NA,NA,N,3,0,1,2,A,-,05,21650,NA,N,H,G,A,A,H,-,A,A,0,NA,Y,NA,NA,Y,NA,M,91,0,1,0,0,0,0,1,0,0,-,-,33.941829681396484,-118.36131286621094,LOS ANGELES,UNINCORPORATED,-118.3613510131836,33.94179916381836
92372953,2024,2024-04-23,9530,2024-04-18,220,023622,NA,4,3,7,1942,0,1,1,NA,2,110,I-110 N/B (HARBOR FREEWAY),ROSECRANS AVE.,275,S,N,A,-,Y,NA,NA,NA,NA,NA,NA,NA,NA,NA,Y,3,0,1,1,A,-,08,22107,NA,N,E,I,A,A,H,-,C,D,0,NA,NA,NA,NA,Y,NA,A,01,0,1,0,0,0,0,0,0,0,-,-,33.90058898925781,-118.28618621826172,LOS ANGELES,LOS ANGELES,-118.28646850585938,33.9011344909668
92372954,2024,2024-04-23,9525,2024-04-20,1020,020341,NA,6,1,9,1900,0,2,4,NA,2,045,VALLEY BLVD (13200 BLOCK),S. COVINA BLVD.,141,E,N,A,-,N,NA,NA,NA,NA,NA,NA,NA,NA,NA,N,4,0,1,2,A,-,03,22350,NA,N,C,C,A,A,H,-,A,D,0,NA,NA,NA,NA,Y,NA,A,01,0,0,1,0,0,0,0,0,0,-,-,34.05012130737305,-117.99767303466795,LOS ANGELES,UNINCORPORATED,-117.99772644042967,34.0502815246582
92372967,2024,2024-04-23,9580,2024-04-21,1100,023761,NA,7,1,7,1942,0,1,2,NA,2,101,US-101 S/B (VENTURA FREEWAY),LAUREL CANYON BOULEVARD,1320,S,N,A,-,Y,LA,NA,101,NA,NA,12.606,H,NA,L,N,4,0,2,2,A,-,07,21658,A,N,B,C,A,A,H,-,A,D,0,NA,NA,NA,NA,Y,NA,A,07,0,0,2,0,0,0,0,0,0,-,-,34.154361724853516,-118.39199829101564,LOS ANGELES,LOS ANGELES,-118.39199829101564,34.154354095458984
92372972,2024,2024-04-23,9580,2024-04-20,1310,023749,NA,6,1,7,1942,0,1,2,NA,2,103,US-101 S/B (VENTURA FREEWAY),HAYVENHURST AVE,2000,S,N,A,-,Y,LA,NA,101,NA,NA,18.234,H,NA,L,N,4,0,1,2,A,-,03,22350,NA,N,C,C,A,A,H,-,A,D,0,NA,NA,NA,NA,Y,NA,A,07,0,0,1,0,0,0,0,0,0,-,-,34.16511917114258,-118.48577117919922,LOS ANGELES,LOS ANGELES,-118.48577117919922,34.165157318115234
92372988,2024,2024-04-23,9580,2024-04-12,1240,017973,NA,5,1,7,1942,0,1,2,NA,2,105,US-101 S/B (VENTURA FREEWAY),VALLEY CIRCLE BLVD,1000,S,N,A,-,Y,LA,NA,101,NA,NA,27.117,H,NA,L,N,4,0,1,2,A,-,07,21658,A,M,B,C,A,A,H,-,A,D,0,NA,NA,NA,Y,Y,NA,G,26,0,0,1,0,0,0,0,0,0,-,-,34.160648345947266,-118.63382720947266,LOS ANGELES,LOS ANGELES,-118.63384246826172,34.16067886352539
92373002,2024,2024-04-23,9580,2024-04-14,1610,022799,NA,7,2,7,1942,0,1,2,NA,2,103,US-101 S/B (VENTURA FREEWAY),WOODMAN AVE,1584,N,N,A,-,Y,LA,NA,101,NA,NA,15.199,H,NA,L,Y,4,0,1,3,A,-,07,21658,A,N,C,C,A,B,H,-,A,D,0,NA,NA,NA,NA,Y,NA,A,07,0,0,1,0,0,0,0,0,0,-,-,34.15559005737305,-118.43653869628906,LOS ANGELES,LOS ANGELES,-118.43653869628906,34.15555191040039
92373037,2024,2024-04-23,9550,2024-04-15,755,022234,NA,1,1,5,1919,0,1,1,NA,2,652,I-605 (SAN GABRIEL RIVER FREEWAY),195TH ST.,320,N,N,A,-,Y,LA,NA,605,NA,R,3.464,H,NA,R,N,4,0,1,3,A,-,03,22350,NA,N,C,C,A,A,H,-,A,D,0,NA,NA,NA,NA,Y,NA,A,01,0,0,1,0,0,0,0,0,0,-,-,33.854251861572266,-118.09528350830078,LOS ANGELES,CERRITOS,-118.09503936767578,33.85429000854492
92373113,2024,2024-04-23,9565,2024-04-11,2225,022775,NA,4,3,9,1900,0,1,1,NA,2,010,105 EASTBOUND TO 405 SOUTHBOUND,EL SEGUNDO BLVD,280,N,N,A,-,Y,NA,NA,NA,NA,NA,NA,NA,NA,NA,Y,2,0,1,1,C,-,18,NA,NA,N,F,J,A,A,A,-,B,D,0,NA,NA,Y,NA,Y,NA,-,-,1,0,0,0,0,0,0,0,1,-,-,33.917301177978516,-118.37075805664064,LOS ANGELES,UNINCORPORATED,NA,NA
92373141,2024,2024-04-23,9525,2024-04-23,920,018505,NA,2,1,4,1946,0,1,1,NA,2,201,I-210 W/B (FOOTHILL FWY),CALIFORNIA AVE,150,E,N,B,-,Y,LA,NA,210,NA,R,34.288,H,NA,L,N,4,0,1,2,A,-,03,22350,NA,N,C,C,A,A,H,-,A,D,0,NA,NA,NA,NA,Y,NA,A,07,0,0,1,0,0,0,0,0,0,-,-,34.1356086730957,-117.99440002441406,LOS ANGELES,MONROVIA,-117.99440002441406,34.135562896728516
92373142,2024,2024-04-23,9575,2024-04-13,1545,023029,NA,6,2,6,1953,0,1,1,NA,2,063,I-210 E/B (FOOTHILL FREEWAY),ARROYO BOULEVARD,20,W,N,B,C,Y,LA,NA,210,NA,R,22.485,H,NA,R,N,3,0,1,1,A,-,03,22350,NA,N,E,9,A,B,H,-,A,D,0,NA,NA,NA,NA,Y,NA,A,01,0,1,0,0,0,0,0,0,0,-,-,34.181068420410156,-118.16927337646484,LOS ANGELES,PASADENA,-118.16918182373048,34.1811637878418
92373157,2024,2024-04-23,9580,2024-04-19,1745,022799,NA,5,2,7,1942,0,1,2,NA,2,105,US-101 S/B (VENTURA FREEWAY),RESEDA BLVD,1056,N,N,A,-,Y,LA,NA,101,NA,NA,21.543,H,NA,L,N,4,0,2,3,A,-,03,22350,NA,N,C,C,A,A,H,-,A,D,0,NA,NA,NA,NA,Y,NA,A,07,0,0,2,0,0,0,0,0,0,-,-,34.173248291015625,-118.54086303710938,LOS ANGELES,LOS ANGELES,-118.54086303710938,34.17325973510742
92373161,2024,2024-04-23,9580,2024-04-17,1315,023749,NA,3,1,9,1900,0,3,5,NA,1,010,MULHOLLAND HWY,LAS VIRGENES RD,900,W,N,A,-,N,NA,NA,NA,NA,NA,NA,NA,NA,NA,Y,4,0,3,2,A,-,21,22106,NA,N,C,2,A,A,H,-,A,D,0,NA,NA,NA,NA,Y,NA,A,01,0,0,3,0,0,0,0,0,0,-,-,34.10356903076172,-118.71446990966795,LOS ANGELES,UNINCORPORATED,-118.71421051025392,34.10354232788086
92373175,2024,2024-04-23,9575,2024-04-13,1750,023134,NA,6,2,6,1953,0,1,1,NA,2,063,I-210 W/B (FOOTHILL FREEWAY),ARROYO BLVD,90,W,N,C,-,Y,LA,NA,210,NA,R,22.465,H,NA,L,Y,4,0,2,2,A,-,03,22350,NA,N,B,C,A,B,H,-,B,D,0,NA,NA,NA,Y,Y,NA,A,01,0,0,2,0,0,0,0,0,0,-,-,34.18156051635742,-118.1694107055664,LOS ANGELES,PASADENA,-118.1694107055664,34.18156051635742
92373176,2024,2024-04-23,9580,2024-04-17,1420,023101,NA,3,2,7,1942,0,1,3,NA,2,114,SR-118 W/B (RONALD REAGAN FWY.),SEPULVEDA BLVD,260,E,N,A,-,Y,LA,NA,118,NA,R,10.144,H,NA,L,Y,4,0,2,1,A,-,03,22350,NA,N,E,8,A,A,H,-,A,D,0,NA,NA,NA,NA,Y,NA,A,01,0,0,2,0,0,0,0,0,0,-,-,34.265960693359375,-118.4662628173828,LOS ANGELES,LOS ANGELES,-118.4662628173828,34.26605224609375
92373186,2024,2024-04-23,9590,2024-04-12,250,023522,NA,5,3,7,1942,0,1,1,NA,2,041,I-5 S/B (SAF),ESPERANZA ST.,100,S,N,A,-,Y,LA,NA,5,NA,NA,15.308,H,NA,L,Y,4,0,1,3,A,-,03,22350,NA,N,C,C,A,A,H,-,C,D,0,NA,NA,NA,NA,Y,NA,A,01,0,0,1,0,0,0,0,0,0,-,-,34.022090911865234,-118.19792938232422,LOS ANGELES,LOS ANGELES,-118.19796752929688,34.02203369140625
92373189,2024,2024-04-23,9580,2024-04-17,1650,023101,NA,3,2,7,1942,0,1,1,NA,2,405,I-405 S/B (SAN DIEGO FWY),BURBANK BLVD,1400,S,N,A,-,Y,LA,NA,405,NA,NA,39.984,H,NA,L,Y,4,0,1,2,A,-,03,22350,NA,N,C,A,A,A,H,-,A,D,0,NA,NA,NA,NA,Y,NA,A,01,0,0,1,0,0,0,0,0,0,-,-,34.16801071166992,-118.46900939941406,LOS ANGELES,LOS ANGELES,-118.46889495849608,34.167964935302734
92373192,2024,2024-04-23,9580,2024-04-13,1900,021966,NA,6,2,7,1942,0,1,1,NA,2,406,I-405 NB TO SR 118 WB,I-405,1200,W,N,C,-,Y,LA,NA,118,NA,R,9.567,H,NA,L,Y,4,0,1,1,A,-,03,22350,NA,N,A,8,A,B,H,-,A,D,0,NA,NA,NA,NA,Y,NA,A,01,0,0,1,0,0,0,0,0,0,-,-,34.26628112792969,-118.47638702392578,LOS ANGELES,LOS ANGELES,-118.47639465332033,34.26612091064453
92373208,2024,2024-04-23,9580,2024-04-17,336,023607,NA,3,3,2,1993,0,1,2,NA,2,110,US-101 N/B (VENTURA FREEWAY),LINDERO CANYON RD,617,S,N,A,-,Y,LA,NA,101,NA,NA,37.401,H,NA,R,Y,2,0,1,1,A,-,08,22107,NA,N,E,I,A,A,H,-,E,D,0,NA,NA,NA,NA,Y,NA,A,01,1,0,0,0,0,0,0,0,0,-,-,34.14873123168945,-118.80177307128906,LOS ANGELES,WESTLAKE VILLAGE,-118.8018798828125,34.14849090576172
92373209,2024,2024-04-23,9550,2024-04-15,1540,023164,NA,1,2,5,1908,0,1,3,NA,2,091,SR-91 EB,DOWNEY AVENUE,400,E,N,A,-,Y,LA,NA,91,NA,R,14.202,H,NA,R,N,4,0,1,3,A,-,03,22350,NA,N,C,C,A,A,H,-,A,D,0,NA,NA,NA,Y,Y,NA,F,26,0,0,1,0,0,0,0,0,0,-,-,33.87697982788086,-118.14983367919922,LOS ANGELES,BELLFLOWER,-118.14982604980467,33.876991271972656
92373232,2024,2024-04-23,9575,2024-04-13,1850,023134,NA,6,2,7,1942,0,1,1,NA,2,061,I-210 E/B (FOOTHILL FREEWAY),VAN NUYS BLVD.,976,E,N,C,-,Y,LA,NA,210,NA,R,6.758,H,NA,R,Y,4,0,1,2,A,-,03,22350,NA,N,E,8,A,B,H,-,B,D,0,NA,NA,NA,NA,Y,NA,A,01,0,0,1,0,0,0,0,0,0,-,-,34.279449462890625,-118.39875030517578,LOS ANGELES,LOS ANGELES,-118.3986587524414,34.27951431274414
92373238,2024,2024-04-23,9525,2024-04-17,1145,020341,NA,3,1,5,1926,0,1,1,NA,2,207,I-210 (FOOTHILL FREEWAY) TO LONE HILL AVE.,LONE HILL AVE.,9,E,N,A,-,Y,NA,NA,NA,NA,NA,NA,NA,NA,NA,N,4,0,1,2,A,-,10,21950,A,F,G,B,B,A,H,-,A,A,0,Y,NA,NA,NA,Y,NA,-,99,0,0,1,0,1,0,0,0,0,-,-,34.12144088745117,-117.82874298095705,LOS ANGELES,GLENDORA,-118.12319183349608,34.15238952636719
92373243,2024,2024-04-23,9540,2024-04-14,1310,023525,NA,7,1,7,1942,0,1,1,NA,2,504,I-5 N/B (GOLDEN STATE FREEWAY) (TRUCK ROUTE),I-210,1320,N,N,A,-,Y,LA,NA,5,NA,R,44.281,H,NA,R,Y,4,0,2,1,A,-,03,22350,NA,N,E,I,A,B,H,-,A,D,0,NA,NA,NA,NA,Y,NA,A,01,0,0,2,0,0,0,0,0,0,-,-,34.31991958618164,-118.4940185546875,LOS ANGELES,LOS ANGELES,-118.4940948486328,34.319847106933594
92373270,2024,2024-04-23,9580,2024-04-21,1650,022663,NA,7,2,7,1942,0,1,2,NA,2,102,US-101 N/B (VENTURA FREEWAY),SEPULVEDA BLVD,315,S,N,A,-,Y,LA,NA,101,NA,NA,16.886,H,NA,R,Y,4,0,1,2,A,-,07,21658,A,N,B,C,A,A,H,-,A,D,0,NA,NA,NA,NA,Y,NA,A,07,0,0,1,0,0,0,0,0,0,-,-,34.15953063964844,-118.4651107788086,LOS ANGELES,LOS ANGELES,-118.4651107788086,34.15951919555664
92373296,2024,2024-04-23,9575,2024-04-13,1635,023029,NA,6,2,6,1953,0,1,1,NA,2,064,I-210 W/B (FOOTHILL FREEWAY),LAKE AVENUE,256,E,N,B,C,Y,LA,NA,210,NA,R,26.387,H,NA,L,N,4,0,1,2,A,-,03,22350,NA,N,C,C,A,B,H,-,A,D,0,NA,NA,NA,NA,Y,NA,A,07,0,0,1,0,0,0,0,0,0,-,-,34.15205001831055,-118.13133239746094,LOS ANGELES,PASADENA,-118.13133239746094,34.151973724365234
92373301,2024,2024-04-23,9565,2024-04-12,1835,023778,NA,5,2,9,1900,0,2,4,NA,2,024,IMPERIAL HWY.,VERMONT AVE.,0,NA,Y,A,-,N,NA,NA,NA,NA,NA,NA,NA,NA,NA,Y,4,0,2,2,A,-,12,21453,A,N,D,C,A,A,H,-,A,A,0,NA,NA,NA,NA,Y,NA,D,22,0,0,2,0,0,0,0,0,0,-,-,33.93104934692383,-118.29199981689452,LOS ANGELES,UNINCORPORATED,-118.29190826416016,33.93098068237305
92373332,2023,2024-04-23,9535,2023-05-10,350,022650,NA,3,3,5,1969,0,1,1,NA,2,074,INTERSTATE 710 NORTHBOUND (LONG BEACH FREEWAY),LOS ANGELES RIVER,1625,N,N,A,-,Y,LA,NA,710,NA,NA,17.726,H,NA,R,Y,1,1,0,3,C,-,18,NA,NA,N,A,C,E,A,H,-,D,D,0,Y,NA,NA,NA,Y,NA,-,-,0,0,0,1,0,0,0,0,0,-,-,33.9394416809082,-118.17154693603516,LOS ANGELES,SOUTH GATE,-118.17157745361328,33.939449310302734
92373347,2024,2024-04-23,9550,2024-04-14,1820,022909,NA,7,2,9,1900,0,2,4,NA,1,015,SORENSEN AVE,LAMBERT RD,0,NA,Y,B,-,N,NA,NA,NA,NA,NA,NA,NA,NA,NA,Y,4,0,1,2,A,-,17,21451,A,N,D,C,A,B,H,-,A,A,0,NA,NA,NA,NA,Y,NA,A,01,0,0,1,0,0,0,0,0,0,-,-,33.97230911254883,-118.05915069580078,LOS ANGELES,UNINCORPORATED,-118.05866241455078,33.97228240966797
92373351,2024,2024-04-23,9590,2024-03-03,2130,023397,NA,7,2,7,1942,0,1,1,NA,2,050,I-110 N/B (HARBOR FREEWAY),98TH STREET,305,N,N,A,-,Y,LA,NA,110,NA,NA,15.173,H,NA,R,Y,2,0,2,5,A,-,08,22107,NA,N,C,C,E,A,H,-,C,D,0,Y,NA,NA,NA,Y,NA,A,01,2,0,0,0,2,0,0,0,0,-,-,33.948299407958984,-118.27928161621094,LOS ANGELES,LOS ANGELES,-118.27939605712892,33.94829559326172
92373357,2024,2024-04-23,9550,2024-04-16,545,023732,NA,2,3,3,1964,0,1,1,NA,2,650,I-605 S/B,I-5,1515,N,N,A,-,Y,LA,NA,605,NA,R,9.967,H,NA,L,N,4,0,2,3,A,-,03,22350,NA,F,C,C,A,A,H,-,A,D,0,NA,NA,NA,NA,Y,NA,-,99,0,0,2,0,0,0,0,0,0,-,-,33.94596862792969,-118.09439849853516,LOS ANGELES,SANTA FE SPRINGS,-118.09426879882813,33.9459228515625
92373365,2024,2024-04-23,9535,2024-04-12,1935,023388,NA,5,2,9,1900,0,1,1,NA,2,500,I-5 N/B (SANTA ANA FREEWAY),DITMAN AVE,570,S,N,A,-,Y,LA,NA,5,NA,NA,14.676,H,NA,R,N,4,0,1,2,A,-,07,21658,A,N,B,C,A,A,H,-,C,D,0,NA,NA,NA,NA,Y,NA,A,01,0,0,1,0,0,0,0,0,0,-,-,34.020389556884766,-118.1873779296875,LOS ANGELES,UNINCORPORATED,-118.1873779296875,34.02023696899414
92373390,2024,2024-04-23,9540,2024-04-11,1715,023606,NA,4,2,6,1985,0,1,3,NA,2,148,SR-14 N/B,NEWHALL AVE,2330,S,N,A,-,Y,LA,NA,14,NA,R,26.596,H,NA,R,Y,3,0,1,2,A,-,07,21658,A,N,B,C,A,A,H,-,A,D,0,NA,NA,Y,NA,Y,NA,A,01,0,1,0,0,0,0,0,0,1,-,-,34.35905075073242,-118.5063934326172,LOS ANGELES,SANTA CLARITA,-118.50634002685548,34.359046936035156
92373396,2024,2024-04-23,9540,2024-04-11,1405,019444,NA,4,2,9,1900,0,1,3,NA,2,146,SR-14 N/B,SAND CANYON RD,5280,N,N,A,-,Y,LA,NA,14,NA,NA,34.09,H,NA,R,Y,2,0,2,3,A,-,07,21658,A,N,C,2,A,A,H,-,A,D,0,NA,NA,NA,Y,Y,NA,A,01,1,1,0,0,0,0,0,0,0,-,-,34.42755889892578,-118.41274261474608,LOS ANGELES,UNINCORPORATED,-118.41273498535156,34.427616119384766