CASE_ID,ACCIDENT_YEAR,PROC_DATE,JURIS,COLLISION_DATE,COLLISION_TIME,OFFICER_ID,REPORTING_DISTRICT,DAY_OF_WEEK,CHP_SHIFT,POPULATION,CNTY_CITY_LOC,SPECIAL_COND,BEAT_TYPE,CHP_BEAT_TYPE,CITY_DIVISION_LAPD,CHP_BEAT_CLASS,BEAT_NUMBER,PRIMARY_RD,SECONDARY_RD,DISTANCE,DIRECTION,INTERSECTION,WEATHER_1,WEATHER_2,STATE_HWY_IND,CALTRANS_COUNTY,CALTRANS_DISTRICT,STATE_ROUTE,ROUTE_SUFFIX,POSTMILE_PREFIX,POSTMILE,LOCATION_TYPE,RAMP_INTERSECTION,SIDE_OF_HWY,TOW_AWAY,COLLISION_SEVERITY,NUMBER_KILLED,NUMBER_INJURED,PARTY_COUNT,PRIMARY_COLL_FACTOR,PCF_CODE_OF_VIOL,PCF_VIOL_CATEGORY,PCF_VIOLATION,PCF_VIOL_SUBSECTION,HIT_AND_RUN,TYPE_OF_COLLISION,MVIW,PED_ACTION,ROAD_SURFACE,ROAD_COND_1,ROAD_COND_2,LIGHTING,CONTROL_DEVICE,CHP_ROAD_TYPE,PEDESTRIAN_ACCIDENT,BICYCLE_ACCIDENT,MOTORCYCLE_ACCIDENT,TRUCK_ACCIDENT,NOT_PRIVATE_PROPERTY,ALCOHOL_INVOLVED,STWD_VEHTYPE_AT_FAULT,CHP_VEHTYPE_AT_FAULT,COUNT_SEVERE_INJ,COUNT_VISIBLE_INJ,COUNT_COMPLAINT_PAIN,COUNT_PED_KILLED,COUNT_PED_INJURED,COUNT_BICYCLIST_KILLED,COUNT_BICYCLIST_INJURED,COUNT_MC_KILLED,COUNT_MC_INJURED,PRIMARY_RAMP,SECONDARY_RAMP,LATITUDE,LONGITUDE,COUNTY,CITY,POINT_X,POINT_Y
92373924,2024,2024-04-24,9535,2024-04-07,1325,023567,NA,7,1,9,1900,0,3,5,NA,2,002,FERRIS AVE,WHITTIER BLVD,380,N,N,A,-,N,NA,NA,NA,NA,NA,NA,NA,NA,NA,N,4,0,1,2,A,-,09,21804,A,M,D,C,A,A,H,-,A,D,0,NA,NA,NA,NA,Y,Y,-,99,0,0,1,0,0,0,0,0,0,-,-,34.02273941040039,-118.1631088256836,LOS ANGELES,UNINCORPORATED,-118.16307830810548,34.0227165222168
9237393,2021,2021-03-23,1942,2021-01-11,0935,40325,1135,1,5,7,1942,0,0,0,K,0,11A89,W AV 34,VERDUGO RD,110,W,N,A,-,N,NA,NA,NA,NA,NA,NA,NA,NA,NA,N,4,0,1,2,A,-,08,22107,NA,F,B,G,A,A,H,-,A,A,0,NA,Y,NA,NA,Y,NA,-,99,0,0,1,0,0,0,1,0,0,-,-,NA,NA,LOS ANGELES,LOS ANGELES,-118.23529052734376,34.113670349121094
9237394,2021,2021-03-23,1942,2021-01-05,1805,34426,1133,2,5,7,1942,0,0,0,K,0,11A1,MADERA AV,GLENDALE BL,0,NA,Y,A,-,N,NA,NA,NA,NA,NA,NA,NA,NA,NA,N,4,0,1,2,A,-,11,21456,B,N,G,B,B,A,H,-,C,A,0,Y,NA,NA,NA,Y,NA,N,60,0,0,1,0,1,0,0,0,0,-,-,NA,NA,LOS ANGELES,LOS ANGELES,-118.26203918457033,34.116947174072266
92373948,2024,2024-04-24,9550,2024-04-13,1128,023753,NA,6,1,9,1900,0,2,4,NA,1,021,PAINTER AVE.,WALBURG ST.,150,S,N,A,-,N,NA,NA,NA,NA,NA,NA,NA,NA,NA,N,3,0,1,2,A,-,03,22350,NA,N,B,C,A,A,H,-,A,D,0,NA,NA,NA,NA,Y,NA,A,01,0,1,0,0,0,0,0,0,0,-,-,33.94926834106445,-118.04644775390624,LOS ANGELES,UNINCORPORATED,-118.04637908935548,33.948829650878906
9237395,2021,2021-03-23,1942,2021-01-04,1940,34350,1186,1,5,7,1942,0,0,0,K,0,11A95,ACADEMY RD,BOYLSTON ST,386,E,N,A,-,N,NA,NA,NA,NA,NA,NA,NA,NA,NA,N,2,0,1,2,A,-,11,21950,B,F,G,B,E,A,H,-,C,A,0,Y,NA,NA,NA,Y,NA,N,60,1,0,0,0,1,0,0,0,0,-,-,NA,NA,LOS ANGELES,LOS ANGELES,-118.2446746826172,34.07920837402344
92373954,2024,2024-04-24,9580,2024-04-23,1640,022799,NA,2,2,7,1942,0,1,1,NA,2,407,I-405 S/B (SAN DIEGO FWY),NORDHOFF ST,1584,N,N,A,-,Y,LA,NA,405,NA,NA,45.314,H,NA,L,Y,3,0,2,3,A,-,03,22350,NA,M,C,C,A,A,H,-,A,D,0,NA,NA,NA,NA,Y,NA,A,01,0,1,1,0,0,0,0,0,0,-,-,34.243751525878906,-118.4731216430664,LOS ANGELES,LOS ANGELES,-118.4730987548828,34.243751525878906
9237396,2021,2021-03-23,1900,2021-01-30,0828,646215,2824,6,5,5,1915,0,0,0,NA,0,282T1,POINSETTIA AV,PALMER ST,2,S,N,A,-,N,NA,NA,NA,NA,NA,NA,NA,NA,NA,N,4,0,1,2,A,-,10,21950,A,F,G,B,C,A,H,-,A,D,0,Y,NA,NA,NA,Y,NA,-,99,0,0,1,0,1,0,0,0,0,-,-,33.898258209228516,-118.20955657958984,LOS ANGELES,COMPTON,-118.20954132080078,33.89832305908203
92373963,2024,2024-04-24,9535,2024-04-05,1110,020348,NA,5,1,9,1900,0,1,1,NA,2,650,I-605 NB (SAN GABRIEL RIVER FREEWAY),SAN GABRIEL RIVER UNDERCOSSING,120,N,N,A,-,Y,LA,NA,605,NA,R,17.728,H,NA,R,N,4,0,1,2,A,-,07,21658,A,N,B,C,A,A,H,-,A,D,0,NA,NA,NA,Y,Y,NA,A,01,0,0,1,0,0,0,0,0,0,-,-,34.037330627441406,-118.02262878417967,LOS ANGELES,UNINCORPORATED,-118.02267456054688,34.0373649597168
92373969,2024,2024-04-24,9565,2024-04-15,640,023745,NA,1,1,9,1900,0,1,1,NA,2,012,I-105 W/B (CENTURY FREEWAY),WESTERN AVE,300,E,N,A,-,Y,LA,NA,105,NA,R,5.84,H,NA,L,N,3,0,1,3,A,-,03,22350,NA,N,C,C,A,A,H,-,A,D,0,NA,NA,NA,NA,Y,NA,A,01,0,1,0,0,0,0,0,0,0,-,-,33.926231384277344,-118.30735778808594,LOS ANGELES,UNINCORPORATED,-118.3073272705078,33.926109313964844
9237397,2021,2021-03-23,1900,2021-01-28,0950,646215,2826,4,5,5,1915,0,0,0,NA,0,282T1,ROSECRANS AV,GIBSON AV,0,NA,Y,A,-,N,NA,NA,NA,NA,NA,NA,NA,NA,NA,Y,2,0,3,2,A,-,12,21453,A,F,D,C,A,A,H,-,A,A,0,NA,NA,NA,NA,Y,NA,A,07,1,0,2,0,0,0,0,0,0,-,-,33.903560638427734,-118.18952178955078,LOS ANGELES,COMPTON,-118.18955993652344,33.90366744995117
92373992,2024,2024-04-24,9525,2024-04-19,1807,020216,NA,5,2,4,1946,0,1,1,NA,2,202,I-210 E/B (FOOTHILL FWY),MOUNTAIN AVE.,2640,W,N,A,-,Y,LA,NA,210,NA,R,34.344,H,NA,R,N,4,0,2,3,A,-,03,22350,NA,N,C,C,A,A,H,-,A,D,0,NA,NA,NA,NA,Y,NA,D,22,0,0,2,0,0,0,0,0,0,-,-,34.135311126708984,-117.9934310913086,LOS ANGELES,MONROVIA,-117.9934310913086,34.135379791259766
92373998,2024,2024-04-24,9575,2024-04-15,1125,021795,NA,1,1,6,1925,0,1,3,NA,2,042,SR-134 W/B (VENTURA FREEWAY),CONCORD ST.,545,E,N,A,-,Y,LA,NA,134,NA,R,6.304,H,NA,L,N,4,0,1,2,D,-,00,NA,NA,N,C,C,A,A,H,-,A,D,0,NA,NA,NA,NA,Y,NA,-,-,0,0,1,0,0,0,0,0,0,-,-,34.155418395996094,-118.26930236816406,LOS ANGELES,GLENDALE,-118.26927185058594,34.15534591674805
92374012,2024,2024-04-24,9580,2024-03-14,2122,019876,NA,4,2,9,1900,0,1,3,NA,1,121,STATE ROUTE-1 (PACIFIC COAST HIGHWAY),MULHOLLAND HIGHWAY,1056,N,N,A,-,Y,LA,NA,1,NA,NA,62.508,H,NA,R,Y,1,1,2,3,A,-,08,22107,NA,N,A,4,E,A,H,-,D,D,0,Y,NA,NA,NA,Y,NA,A,07,0,2,0,0,1,0,0,0,0,-,-,34.04494857788086,-118.93865966796876,LOS ANGELES,UNINCORPORATED,-118.93862152099608,34.045101165771484
92374034,2024,2024-04-24,9525,2024-04-23,1030,018357,NA,2,1,4,1938,0,1,1,NA,2,207,SR-210 W/B (FOOTHILL FWY),FRUIT ST.,2640,W,N,B,-,Y,LA,NA,210,NA,R,47.489,H,NA,L,Y,4,0,1,4,A,-,03,22350,NA,N,C,C,A,A,H,-,A,D,0,NA,NA,NA,NA,Y,NA,A,01,0,0,1,0,0,0,0,0,0,-,-,34.11960983276367,-117.77197265625,LOS ANGELES,LA VERNE,-117.77197265625,34.119606018066406
92374051,2024,2024-04-24,9575,2024-04-15,2348,023204,NA,1,3,7,1942,0,1,1,NA,2,053,I-5 N/B (GOLDEN STATE FREEWAY) TO TERRA BELLA ST.,TERRA BELLA STREET,91,N,N,A,-,Y,NA,NA,NA,NA,NA,NA,NA,NA,NA,N,4,0,2,2,A,-,08,22107,NA,N,B,C,A,A,H,-,D,D,0,NA,NA,NA,NA,Y,NA,A,01,0,0,2,0,0,0,0,0,0,-,-,34.2515983581543,-118.42813873291016,LOS ANGELES,LOS ANGELES,-118.42876434326172,34.25096893310547
92374053,2024,2024-04-24,9590,2024-04-04,1850,023754,NA,4,2,7,1942,0,1,1,NA,2,082,I-5 N/B (GOLDEN STATE FREEWAY),NORTH STATE STREET,150,S,N,C,-,Y,LA,NA,5,NA,NA,18.218,H,NA,R,N,4,0,1,2,A,-,03,22350,NA,N,C,C,A,B,H,-,B,D,0,NA,NA,NA,NA,Y,NA,A,01,0,0,1,0,0,0,0,0,0,-,-,34.0518913269043,-118.21395874023438,LOS ANGELES,LOS ANGELES,-118.21395874023438,34.0518913269043
9237406,2021,2021-03-17,1941,2021-01-25,1200,11132,901T,1,5,7,1941,0,0,0,NA,0,NA,EAST 4TH ST,ALAMITOS AV,0,NA,Y,A,-,N,NA,NA,NA,NA,NA,NA,NA,NA,NA,Y,4,0,1,2,A,-,12,21453,A,N,D,C,-,A,H,-,A,A,0,Y,NA,NA,NA,Y,NA,-,NA,0,0,1,0,1,0,0,0,0,-,-,NA,NA,LOS ANGELES,LONG BEACH,-118.18128204345705,33.771751403808594
92374066,2024,2024-04-24,9535,2024-04-13,1110,023258,NA,6,1,9,1900,0,1,1,NA,2,651,I-605 S/B,SAN GABRIEL RIVER,670,E,N,B,-,Y,NA,NA,NA,NA,NA,NA,NA,NA,NA,Y,4,0,1,3,A,-,03,22350,NA,F,C,C,A,A,H,-,A,D,0,NA,NA,NA,NA,Y,NA,D,22,0,0,1,0,0,0,0,0,0,-,-,34.034889221191406,-118.02802276611328,LOS ANGELES,UNINCORPORATED,-117.95591735839844,34.13788986206055
92374077,2024,2024-04-24,9535,2024-04-13,1240,018633,NA,6,1,5,1948,0,1,3,NA,2,620,SR-60 E/B (POMONA FREEWAY),GREENWOOD AVE,100,E,N,B,-,Y,LA,NA,60,NA,R,6.882,H,NA,R,N,4,0,1,2,A,-,03,22350,NA,N,C,C,A,A,H,-,A,D,0,NA,NA,NA,NA,Y,NA,A,01,0,0,1,0,0,0,0,0,0,-,-,34.03403854370117,-118.10820770263672,LOS ANGELES,MONTEREY PARK,-118.10822296142578,34.03407287597656
92374080,2024,2024-04-24,9590,2024-04-04,2215,023638,NA,4,3,7,1942,0,1,1,NA,2,014,SR-110 N/B (ARROYO SECO PARKWAY),ORANGE GROVE AVENUE,520,S,N,A,-,Y,LA,NA,110,NA,NA,30.481,H,NA,R,N,4,0,1,2,A,-,03,22350,NA,N,C,C,A,A,H,-,C,D,0,NA,NA,NA,NA,Y,NA,A,01,0,0,1,0,0,0,0,0,0,-,-,34.11906051635742,-118.1623306274414,LOS ANGELES,LOS ANGELES,-118.1623306274414,34.11905288696289
92374120,2024,2024-04-24,9535,2024-04-13,1254,023264,NA,6,1,5,1947,0,1,3,NA,2,620,SR60 E/B (POMONA FWY),PARAMOUNT BLVD,1655,E,N,B,-,Y,LA,NA,60,NA,R,7.454,H,NA,R,N,4,0,2,2,A,-,03,22350,NA,N,C,C,A,A,H,-,A,D,0,NA,NA,NA,NA,Y,NA,A,01,0,0,2,0,0,0,0,0,0,-,-,34.03562927246094,-118.0984115600586,LOS ANGELES,MONTEBELLO,-118.0984115600586,34.03566360473633
92374122,2024,2024-04-24,9580,2024-04-20,912,020396,NA,6,1,9,1900,0,2,4,NA,1,128,KANAN RD,TRIUNFO CANYON RD,0,NA,Y,B,-,N,NA,NA,NA,NA,NA,NA,NA,NA,NA,N,3,0,1,2,A,-,03,22350,NA,N,B,2,A,B,H,-,A,D,0,NA,NA,Y,NA,Y,NA,C,02,0,1,0,0,0,0,0,0,1,-,-,34.118621826171875,-118.78697967529295,LOS ANGELES,UNINCORPORATED,-118.78700256347656,34.11847686767578
92374123,2023,2024-04-24,9580,2023-04-05,1715,019573,NA,3,2,9,1900,0,3,5,NA,1,020,LAS FLORES CANYON ROAD,GORGE ROAD,55,N,N,A,-,N,NA,NA,NA,NA,NA,NA,NA,NA,NA,Y,1,1,0,1,C,-,18,NA,NA,N,F,8,A,A,H,-,A,D,0,NA,NA,NA,Y,Y,NA,-,-,0,0,0,0,0,0,0,0,0,-,-,34.0524787902832,-118.63851928710938,LOS ANGELES,UNINCORPORATED,-118.63852691650392,34.0525016784668
92374124,2024,2024-04-24,9590,2024-04-04,2320,023232,NA,4,3,7,1942,0,1,1,NA,2,060,I-10 E/B (SANTA MONICA FREEWAY),HAUSER BLVD,1100,E,N,A,-,Y,LA,NA,10,NA,R,9.972,H,NA,R,Y,4,0,4,3,A,-,07,21658,A,N,B,C,A,A,H,-,C,D,0,NA,NA,NA,NA,Y,NA,A,01,0,0,4,0,0,0,0,0,0,-,-,34.033809661865234,-118.35848999023438,LOS ANGELES,LOS ANGELES,-118.35848999023438,34.03382110595703
9237414,2021,2021-03-17,1942,2021-01-14,2100,42876,1343,4,5,7,1942,0,0,0,M,0,13A43,E MARTIN LUTHER KING JR BL,AVALON BL,0,NA,Y,A,-,N,NA,NA,NA,NA,NA,NA,NA,NA,NA,N,3,0,1,2,A,-,09,21801,A,F,D,G,A,A,H,-,C,A,0,NA,Y,NA,NA,Y,NA,-,99,0,1,0,0,0,0,1,0,0,-,-,NA,NA,LOS ANGELES,LOS ANGELES,-118.2652587890625,34.01106262207031
92374141,2024,2024-04-24,9590,2024-04-18,1210,015575,NA,4,1,7,1942,0,1,1,NA,2,012,SR-110 N/B (ARROYO SECO PARKWAY),PASADENA AVENUE,1322,N,N,A,-,Y,LA,NA,110,NA,NA,26.655,H,NA,R,Y,3,0,2,2,A,-,08,22107,NA,N,E,I,A,A,H,-,A,D,0,NA,NA,NA,NA,Y,NA,A,01,0,1,1,0,0,0,0,0,0,-,-,34.08757019042969,-118.2100830078125,LOS ANGELES,LOS ANGELES,-118.21009826660156,34.087581634521484
92374153,2024,2024-04-24,9590,2024-04-10,657,023719,NA,3,1,7,1942,0,1,1,NA,2,051,I-110 S/B (HARBOR FREEWAY),67TH ST,600,N,N,A,-,Y,LA,NA,110,NA,NA,17.403,H,NA,L,Y,3,0,2,3,A,-,03,22350,NA,N,C,C,A,A,H,-,A,D,0,NA,NA,Y,NA,Y,NA,A,01,0,1,1,0,0,0,0,0,2,-,-,33.98060989379883,-118.28095245361328,LOS ANGELES,LOS ANGELES,-118.28091430664064,33.98060989379883
9237416,2021,2021-03-17,1942,2021-01-31,1741,40289,0161,7,5,7,1942,0,0,0,A,0,1A61,W 8TH ST,FIGUEROA ST,100,W,N,A,-,N,NA,NA,NA,NA,NA,NA,NA,NA,NA,N,2,0,1,2,A,-,11,21954,A,F,G,B,D,A,H,-,C,D,0,Y,NA,NA,NA,Y,NA,N,60,1,0,0,0,1,0,0,0,0,-,-,NA,NA,LOS ANGELES,LOS ANGELES,-118.26148223876952,34.04808044433594
92374166,2024,2024-08-01,9590,2024-04-05,2110,023563,NA,5,2,7,1942,0,1,1,NA,2,014,SR-110 NORTHBOUND (ARROYO SECO PARKWAY),VIA MARISOL,700,N,N,A,-,Y,LA,NA,110,NA,NA,28.513,H,NA,R,Y,4,0,2,5,A,-,03,22350,NA,N,B,C,A,A,H,-,C,D,0,NA,NA,NA,NA,Y,NA,A,01,0,0,2,0,0,0,0,0,0,-,-,34.10527038574219,-118.18923950195313,LOS ANGELES,LOS ANGELES,-118.18922424316406,34.10525894165039
92374174,2024,2024-04-24,9525,2024-04-23,1815,020216,NA,2,2,4,1960,0,1,1,NA,2,208,SR-210 E/B (FOOTHILL FWY),SAN DIMAS AVE.,300,W,N,B,-,Y,LA,NA,210,NA,R,45.404,H,NA,R,N,4,0,1,2,A,-,03,22350,NA,N,C,C,A,A,H,-,A,D,0,NA,NA,NA,NA,Y,NA,A,07,0,0,1,0,0,0,0,0,0,-,-,34.119651794433594,-117.808349609375,LOS ANGELES,SAN DIMAS,-117.808349609375,34.11970138549805
9237418,2021,2021-03-17,1942,2021-01-12,1430,39710,165,2,5,7,1942,0,0,0,P,0,1X27,7TH ST,WALL ST,60,E,N,A,-,N,NA,NA,NA,NA,NA,NA,NA,NA,NA,Y,4,0,1,2,A,-,07,21658,NA,N,B,B,E,A,H,-,A,D,0,Y,NA,NA,NA,Y,Y,A,01,0,0,1,0,1,0,0,0,0,-,-,NA,NA,LOS ANGELES,LOS ANGELES,-118.24838256835938,34.04185104370117
92374181,2024,2024-04-24,9590,2024-04-19,1210,015575,NA,5,1,7,1942,0,1,1,NA,2,083,I-5 S/B (GOLDEN STATE FREEWAY),RIVERSIDE DRIVE,128,S,N,A,-,Y,LA,NA,5,NA,NA,21.917,H,NA,L,N,4,0,1,2,A,-,03,22350,NA,N,C,C,A,A,H,-,A,D,0,NA,NA,NA,NA,Y,NA,A,01,0,0,1,0,0,0,0,0,0,-,-,34.09519958496094,-118.2436294555664,LOS ANGELES,LOS ANGELES,-118.2436752319336,34.09516906738281
92374188,2024,2024-04-24,9590,2024-04-17,1114,023764,NA,3,1,7,1942,0,1,2,NA,2,042,US-101 NORTHBOUND (SANTA ANA FREEWAY),6TH STREET,150,S,N,A,-,Y,LA,NA,101,NA,S,0.163,H,NA,R,N,4,0,1,2,A,-,03,22350,NA,M,C,C,A,A,H,-,A,D,0,NA,NA,NA,NA,Y,NA,A,01,0,0,1,0,0,0,0,0,0,-,-,34.036338806152344,-118.22161865234376,LOS ANGELES,LOS ANGELES,-118.22164154052734,34.03634262084961
9237419,2021,2021-03-17,1942,2021-01-06,1920,38409,0182,3,5,7,1942,0,0,0,A,0,1A29,12TH ST,HOPE ST,146,W,N,A,-,N,NA,NA,NA,NA,NA,NA,NA,NA,NA,N,4,0,1,3,A,-,09,21801,A,N,D,C,A,A,H,-,C,D,0,NA,NA,NA,NA,Y,NA,A,07,0,0,1,0,0,0,0,0,0,-,-,NA,NA,LOS ANGELES,LOS ANGELES,-118.26475524902344,34.041080474853516
92374190,2024,2024-04-24,9590,2024-04-11,2310,023621,NA,4,3,7,1942,0,1,2,NA,2,072,US-101 N/B (HOLLYWOOD FREEWAY),HIGHLAND AVE,200,S,N,A,-,Y,LA,NA,101,NA,NA,7.599,H,NA,R,N,4,0,1,3,A,-,07,21658,A,N,D,C,A,A,H,-,C,D,0,NA,NA,NA,NA,Y,NA,A,01,0,0,1,0,0,0,0,0,0,-,-,34.109130859375,-118.33252716064452,LOS ANGELES,LOS ANGELES,-118.33255767822266,34.109100341796875
92374198,2024,2024-04-24,9590,2024-04-05,2100,023563,NA,5,2,7,1942,0,1,1,NA,2,081,I-5 SOUTHBOUND (SANTA ANA FREEWAY),WHITTIER BLVD,350,N,N,A,-,Y,LA,NA,5,NA,NA,17.137,H,NA,L,N,4,0,1,2,A,-,03,22350,NA,F,C,C,A,A,H,-,C,D,0,NA,NA,NA,NA,Y,NA,-,99,0,0,1,0,0,0,0,0,0,-,-,34.03755187988281,-118.22013092041016,LOS ANGELES,LOS ANGELES,-118.22018432617188,34.037567138671875
9237420,2021,2021-03-17,1942,2021-01-13,1855,41691,0171,3,5,7,1942,0,0,0,A,0,1X44,FRANCISCO ST,W 8TH PL,0,NA,Y,A,-,N,NA,NA,NA,NA,NA,NA,NA,NA,NA,N,3,0,1,2,A,-,10,21950,A,N,B,B,B,A,H,-,C,D,0,Y,NA,NA,NA,Y,NA,A,01,0,1,0,0,1,0,0,0,0,-,-,NA,NA,LOS ANGELES,LOS ANGELES,-118.26374816894533,34.04762268066406
92374200,2024,2024-04-24,9590,2024-04-07,918,022690,NA,7,1,7,1942,0,1,1,NA,2,080,I-5 N/B (GOLDEN STATE FREEWAY),CESAR CHAVEZ AVE,430,N,N,A,-,Y,LA,NA,5,NA,NA,18.15,H,NA,R,Y,3,0,1,2,A,-,08,22107,NA,N,B,C,A,A,H,-,A,D,0,NA,NA,Y,NA,Y,NA,C,02,0,1,0,0,0,0,0,0,1,-,-,34.050880432128906,-118.21398162841795,LOS ANGELES,LOS ANGELES,-118.21393585205078,34.050880432128906
92374224,2024,2024-04-24,9575,2024-04-15,1405,022502,NA,1,2,6,1912,0,1,1,NA,2,051,I-5 S/B (GOLDEN STATE FREEWAY),ALAMEDA AVENUE,200,N,N,A,-,Y,LA,NA,5,NA,NA,28.486,H,NA,L,N,4,0,1,2,A,-,03,22350,NA,N,C,C,A,A,H,-,A,D,0,NA,NA,NA,NA,Y,NA,E,22,0,0,1,0,0,0,0,0,0,-,-,34.170711517333984,-118.304931640625,LOS ANGELES,BURBANK,-118.3049774169922,34.170677185058594
92374226,2024,2024-04-24,9540,2024-04-16,1200,021118,NA,2,1,7,1942,0,1,1,NA,2,213,I-210 E/B,YARNELL ST,808,W,N,A,-,Y,LA,NA,210,NA,R,0.694,H,NA,R,N,4,0,1,2,A,-,03,22350,NA,N,E,J,A,A,C,-,A,D,0,NA,NA,NA,NA,Y,NA,-,-,0,0,1,0,0,0,0,0,0,-,-,34.32204055786133,-118.48165130615234,LOS ANGELES,LOS ANGELES,-118.4816436767578,34.32202911376953
92374233,2024,2024-04-24,9535,2024-04-13,1704,023349,NA,6,2,9,1900,0,3,5,NA,2,002,VERONA STREET,MCBRIDE AVENUE,0,NA,Y,B,-,N,NA,NA,NA,NA,NA,NA,NA,NA,NA,N,4,0,1,2,A,-,09,21802,A,N,D,C,A,A,H,-,A,A,0,NA,NA,NA,NA,Y,NA,A,01,0,0,1,0,0,0,0,0,0,-,-,34.02109909057617,-118.16960144042967,LOS ANGELES,UNINCORPORATED,-118.16957092285156,34.02109909057617
92374244,2024,2024-04-24,9575,2024-04-15,1145,021795,NA,1,1,7,1942,0,1,3,NA,2,044,SR-134 E/B (VENTURA FREEWAY),LANKERSHIM BLVD.,300,W,N,A,-,Y,LA,NA,134,NA,NA,0.45,H,NA,R,Y,4,0,1,2,C,-,18,NA,NA,N,C,C,A,A,H,-,A,D,0,NA,NA,NA,Y,Y,NA,-,-,0,0,1,0,0,0,0,0,0,-,-,34.15293884277344,-118.36856842041016,LOS ANGELES,LOS ANGELES,-118.36857604980467,34.15297317504883
92374247,2024,2024-04-24,9535,2024-04-13,2225,023384,NA,6,3,9,1900,0,2,4,NA,2,021,EASTERN AVE (700 BLOCK),WHITTIER BLVD,45,N,N,B,C,N,NA,NA,NA,NA,NA,NA,NA,NA,NA,Y,4,0,3,2,A,-,03,22350,NA,N,C,C,A,B,H,-,C,A,0,NA,NA,NA,NA,Y,NA,A,01,0,0,3,0,0,0,0,0,0,-,-,34.0241584777832,-118.1740264892578,LOS ANGELES,UNINCORPORATED,-118.17396545410156,34.024044036865234
92374250,2024,2024-04-24,9535,2024-04-07,1354,023604,NA,7,1,9,1900,0,3,5,NA,2,002,EASTMAN AVENUE (300 BLOCK),4TH STREET,31,N,N,A,-,N,NA,NA,NA,NA,NA,NA,NA,NA,NA,N,4,0,1,2,A,-,08,22107,NA,N,B,E,A,A,H,-,A,A,0,NA,NA,Y,NA,Y,NA,C,02,0,0,1,0,0,0,0,0,1,-,-,34.03242111206055,-118.185791015625,LOS ANGELES,UNINCORPORATED,-118.18579864501952,34.032344818115234
92374254,2024,2024-04-24,9540,2024-04-18,545,020678,NA,4,3,9,1900,0,1,3,NA,2,147,SR-14 S/B (ANTELOPE VALLEY FWY),ESCONDIDO CANYON RD.,500,S,N,A,-,Y,LA,NA,14,NA,NA,42.882,H,NA,L,N,4,0,1,2,A,-,03,22350,NA,N,C,C,A,A,H,-,A,D,0,NA,NA,NA,NA,Y,NA,A,01,0,0,1,0,0,0,0,0,0,-,-,34.487178802490234,-118.28687286376952,LOS ANGELES,UNINCORPORATED,-118.2869110107422,34.487178802490234
92374260,2024,2024-04-24,9590,2024-04-12,2100,023563,NA,5,2,7,1942,0,1,2,NA,2,073,US-101 SOUTHBOUND (HOLLYWOOD FREEWAY),MELROSE AVE,900,S,N,B,-,Y,LA,NA,101,NA,NA,4.712,H,NA,L,N,4,0,4,2,A,-,03,22350,NA,N,C,C,A,A,H,-,C,D,0,NA,NA,NA,NA,Y,NA,A,01,0,0,4,0,0,0,0,0,0,-,-,34.08189010620117,-118.29670715332033,LOS ANGELES,LOS ANGELES,-118.29664611816406,34.08195877075195
92374273,2024,2024-04-24,9580,2024-03-20,1840,021966,NA,3,2,9,1900,0,3,5,NA,1,010,CORNELL ROAD,SILVER CREEK ROAD,590,S,N,A,-,Y,NA,NA,NA,NA,NA,NA,NA,NA,NA,Y,1,1,0,1,A,-,08,22107,NA,N,E,I,A,A,H,-,B,D,0,NA,NA,Y,NA,Y,Y,C,02,0,0,0,0,0,0,0,1,0,-,-,34.13090896606445,-118.75247192382813,LOS ANGELES,UNINCORPORATED,-118.75238800048828,34.13090515136719
92374279,2024,2024-04-24,9590,2024-04-18,1138,023764,NA,4,1,7,1942,0,1,2,NA,2,071,US-101 SOUTHBOUND (HOLLYWOOD FREEWAY),GLENDALE BOULEVARD,100,S,N,A,-,Y,LA,NA,101,NA,NA,2.479,H,NA,L,N,4,0,1,2,A,-,07,21658,A,N,B,C,A,A,H,-,A,D,0,NA,NA,NA,Y,Y,NA,A,01,0,0,1,0,0,0,0,0,0,-,-,34.06945037841797,-118.26080322265624,LOS ANGELES,LOS ANGELES,-118.2607879638672,34.0694694519043
92374289,2024,2024-04-24,9575,2024-04-14,2250,023410,NA,7,3,7,1942,0,1,1,NA,2,061,I-210 W/B (FOOTHILL FREEWAY),LA TUNA CANYON ROAD,2982,W,N,A,-,Y,LA,NA,210,NA,R,13.616,H,NA,L,Y,3,0,3,2,A,-,03,22350,NA,N,E,8,A,B,H,-,D,D,0,NA,NA,NA,NA,Y,NA,A,07,0,2,1,0,0,0,0,0,0,-,-,34.23527908325195,-118.30059814453124,LOS ANGELES,LOS ANGELES,-118.30057525634766,34.235328674316406
92374292,2024,2024-04-24,9580,2024-04-21,1420,022663,NA,7,2,7,1942,0,1,1,NA,2,404,I-405 N/B (SAN DIEGO FWY),SEPULVEDA BLVD,950,S,N,A,-,Y,LA,NA,405,NA,NA,38.421,H,NA,R,N,4,0,1,2,A,-,07,21658,A,N,B,C,A,A,H,-,A,D,0,NA,NA,Y,NA,Y,NA,-,-,0,0,1,0,0,0,0,0,1,-,-,34.14595031738281,-118.47045135498048,LOS ANGELES,LOS ANGELES,-118.47052764892578,34.14597702026367