CASE_ID,ACCIDENT_YEAR,PROC_DATE,JURIS,COLLISION_DATE,COLLISION_TIME,OFFICER_ID,REPORTING_DISTRICT,DAY_OF_WEEK,CHP_SHIFT,POPULATION,CNTY_CITY_LOC,SPECIAL_COND,BEAT_TYPE,CHP_BEAT_TYPE,CITY_DIVISION_LAPD,CHP_BEAT_CLASS,BEAT_NUMBER,PRIMARY_RD,SECONDARY_RD,DISTANCE,DIRECTION,INTERSECTION,WEATHER_1,WEATHER_2,STATE_HWY_IND,CALTRANS_COUNTY,CALTRANS_DISTRICT,STATE_ROUTE,ROUTE_SUFFIX,POSTMILE_PREFIX,POSTMILE,LOCATION_TYPE,RAMP_INTERSECTION,SIDE_OF_HWY,TOW_AWAY,COLLISION_SEVERITY,NUMBER_KILLED,NUMBER_INJURED,PARTY_COUNT,PRIMARY_COLL_FACTOR,PCF_CODE_OF_VIOL,PCF_VIOL_CATEGORY,PCF_VIOLATION,PCF_VIOL_SUBSECTION,HIT_AND_RUN,TYPE_OF_COLLISION,MVIW,PED_ACTION,ROAD_SURFACE,ROAD_COND_1,ROAD_COND_2,LIGHTING,CONTROL_DEVICE,CHP_ROAD_TYPE,PEDESTRIAN_ACCIDENT,BICYCLE_ACCIDENT,MOTORCYCLE_ACCIDENT,TRUCK_ACCIDENT,NOT_PRIVATE_PROPERTY,ALCOHOL_INVOLVED,STWD_VEHTYPE_AT_FAULT,CHP_VEHTYPE_AT_FAULT,COUNT_SEVERE_INJ,COUNT_VISIBLE_INJ,COUNT_COMPLAINT_PAIN,COUNT_PED_KILLED,COUNT_PED_INJURED,COUNT_BICYCLIST_KILLED,COUNT_BICYCLIST_INJURED,COUNT_MC_KILLED,COUNT_MC_INJURED,PRIMARY_RAMP,SECONDARY_RAMP,LATITUDE,LONGITUDE,COUNTY,CITY,POINT_X,POINT_Y
9237661,2021,2021-04-12,1942,2021-02-28,0310,4290,1823,7,5,7,1942,0,0,0,R,0,18A3,CENTURY BL,SAN PEDRO ST,200,E,N,A,-,N,NA,NA,NA,NA,NA,NA,NA,NA,NA,Y,4,0,1,2,A,-,03,22350,NA,M,C,C,A,-,H,-,C,D,0,NA,NA,NA,NA,Y,NA,A,01,0,0,1,0,0,0,0,0,0,-,-,NA,NA,LOS ANGELES,LOS ANGELES,-118.26887512207033,33.94559097290039
92376611,2024,2024-04-29,9550,2024-04-26,1806,022900,NA,5,2,9,1900,0,1,1,NA,2,150,SR-60 EASTBOUND,NOGALES STREET,2050,W,N,A,-,Y,LA,NA,60,NA,NA,20.023,H,NA,R,N,4,0,2,2,A,-,03,22350,NA,N,C,C,A,A,H,-,A,D,0,NA,NA,NA,NA,Y,NA,A,01,0,0,2,0,0,0,0,0,0,-,-,33.99401092529297,-117.89571380615234,LOS ANGELES,UNINCORPORATED,-117.89571380615234,33.99406814575195
92376613,2024,2024-04-29,9550,2024-04-16,1400,022895,NA,2,2,9,1900,0,2,4,NA,1,022,TELEGRAPH ROAD W/B,VICTORIA AVENUE,45,W,N,A,-,N,NA,NA,NA,NA,NA,NA,NA,NA,NA,N,3,0,1,1,A,-,08,22107,NA,N,E,9,A,A,H,-,A,D,0,NA,Y,NA,NA,Y,NA,M,91,0,1,0,0,0,0,1,0,0,-,-,33.93321990966797,-118.03607177734376,LOS ANGELES,UNINCORPORATED,-118.0361557006836,33.93302917480469
92376614,2024,2024-04-29,9550,2024-04-17,1750,022895,NA,3,2,9,1900,0,2,4,NA,1,022,TELEGRAPH ROAD W/B,MINA AVENUE,50,W,N,A,-,N,NA,NA,NA,NA,NA,NA,NA,NA,NA,N,4,0,2,2,A,-,08,22107,NA,N,B,C,A,A,H,-,A,D,0,NA,NA,NA,NA,Y,NA,A,08,0,0,2,0,0,0,0,0,0,-,-,33.93938064575195,-118.04511260986328,LOS ANGELES,UNINCORPORATED,-118.04505157470705,33.93927001953125
92376617,2024,2024-04-29,9550,2024-04-21,1740,022895,NA,7,2,9,1900,0,2,4,NA,1,022,STAMY ROAD,LEFFINGWELL ROAD,0,NA,Y,A,-,N,NA,NA,NA,NA,NA,NA,NA,NA,NA,Y,3,0,1,2,A,-,09,21802,A,N,D,C,A,A,H,-,A,A,0,NA,NA,NA,NA,Y,NA,A,08,0,1,0,0,0,0,0,0,0,-,-,33.92815017700195,-118.00634002685548,LOS ANGELES,UNINCORPORATED,-118.00628662109376,33.92804718017578
92376751,2024,2024-05-09,9550,2024-04-27,2335,023064,NA,6,3,5,1919,0,1,3,NA,2,092,SR-91 E/B,CARMENITA RD,200,W,N,A,-,Y,LA,NA,91,NA,R,20.284,H,NA,R,Y,4,0,2,2,A,-,01,23152,A,F,C,C,A,A,H,-,C,D,0,NA,NA,NA,NA,Y,Y,A,01,0,0,2,0,0,0,0,0,0,-,-,33.865440368652344,-118.0487823486328,LOS ANGELES,CERRITOS,-118.04879760742188,33.86542510986328
92376752,2024,2024-04-29,9540,2024-04-21,1405,023525,NA,7,2,7,1942,0,1,1,NA,1,502,I-5 N/B (GOLDEN STATE FREEWAY,BALBOA BLVD,1584,N,N,A,-,Y,LA,NA,5,NA,R,44.739,H,NA,R,Y,4,0,2,2,A,-,03,22350,NA,N,C,C,A,A,H,-,A,D,0,NA,NA,NA,NA,Y,NA,A,01,0,0,2,0,0,0,0,0,0,-,-,34.323631286621094,-118.50058746337892,LOS ANGELES,LOS ANGELES,-118.50058746337892,34.32362747192383
92376753,2024,2024-04-29,9540,2024-04-21,1745,023400,NA,7,2,9,1900,0,1,3,NA,2,146,NB SR-14,ESCONDIDO CANYON RD,3775,N,N,A,-,Y,LA,NA,14,NA,NA,44.016,H,NA,R,Y,3,0,1,1,A,-,08,22107,NA,N,E,8,A,A,H,-,A,D,0,NA,NA,NA,NA,Y,NA,A,01,0,1,0,0,0,0,0,0,0,-,-,34.49671173095703,-118.27220916748048,LOS ANGELES,UNINCORPORATED,-118.27217864990234,34.49663543701172
92376755,2024,2024-04-29,9540,2024-04-26,2050,022674,NA,5,2,9,1900,0,1,1,NA,2,512,INTERSTATE 5 NORTHBOUND,SMOKEY BEAR ROAD,4646,N,N,A,-,Y,LA,NA,5,NA,R,77.088,H,NA,R,N,4,0,1,2,A,-,08,22107,NA,M,C,C,A,A,H,-,C,D,0,NA,NA,NA,NA,Y,NA,A,01,0,0,1,0,0,0,0,0,0,-,-,34.69588851928711,-118.79100036621094,LOS ANGELES,UNINCORPORATED,-118.79096221923828,34.69590377807617
92376758,2024,2024-04-29,9575,2024-04-17,1730,023071,NA,3,2,6,1953,0,1,1,NA,2,063,SR-710 N/B (LONG BEACH FREEWAY),ORANGE GROVE BLVD.,357,N,N,A,-,Y,LA,NA,210,NA,R,24.478,H,NA,L,Y,3,0,1,2,A,-,07,21658,A,N,B,C,A,A,H,-,A,D,0,NA,NA,Y,NA,Y,NA,C,02,0,1,0,0,0,0,0,0,1,-,-,34.15633010864258,-118.15785980224608,LOS ANGELES,PASADENA,-118.15792083740234,34.15631103515625
92376759,2024,2024-06-04,9575,2024-04-18,1240,023227,NA,4,1,6,1925,0,1,3,NA,2,042,SR-134 W/B (VENTURA FREEWAY) TO BRAND BLVD,BRAND BLVD,150,E,N,A,-,Y,NA,NA,NA,NA,NA,NA,NA,NA,NA,Y,4,0,4,5,A,-,03,22350,NA,N,C,C,A,A,H,-,A,A,0,NA,NA,NA,Y,Y,NA,F,26,0,0,4,0,0,0,0,0,0,-,-,34.15673828125,-118.2544174194336,LOS ANGELES,GLENDALE,-118.25449371337892,34.15645980834961
92376797,2024,2024-04-29,9540,2024-04-21,2015,022674,NA,7,2,6,1985,0,1,3,NA,1,142,STATE ROUTE 14 NORTHBOUND,NEWHALL AVENUE,1845,S,N,A,-,Y,LA,NA,14,NA,R,26.687,H,NA,R,Y,4,0,1,1,A,-,08,22107,NA,N,E,I,A,A,H,-,C,D,0,NA,NA,NA,NA,Y,NA,A,07,0,0,1,0,0,0,0,0,0,-,-,34.3603515625,-118.5060806274414,LOS ANGELES,SANTA CLARITA,-118.50597381591795,34.36032485961914
92376807,2024,2024-04-29,9575,2024-04-19,1750,021925,NA,5,2,6,1925,0,1,3,NA,2,042,SR-134 E/B (VENTURA FREEWAY),SAN FERNANDO ROAD,607,E,N,A,-,Y,LA,NA,134,NA,R,6.076,H,NA,R,N,4,0,1,2,A,-,03,22350,NA,N,C,C,A,A,H,-,A,D,0,NA,NA,NA,NA,Y,NA,A,01,0,0,1,0,0,0,0,0,0,-,-,34.15433120727539,-118.27310943603516,LOS ANGELES,GLENDALE,-118.27309417724608,34.154273986816406
92376921,2024,2024-04-29,9540,2024-04-22,450,019444,NA,1,3,9,1900,0,1,3,NA,2,126,SR-126 W/B,CHIQUITO LANDFILL,0,NA,Y,B,E,Y,LA,NA,126,NA,R,3.051,H,NA,L,Y,4,0,4,2,A,-,09,21801,A,N,D,C,A,A,H,-,C,A,0,NA,NA,NA,Y,Y,NA,G,27,0,0,4,0,0,0,0,0,0,-,-,34.424461364746094,-118.6464614868164,LOS ANGELES,UNINCORPORATED,-118.6464614868164,34.424530029296875
92376930,2024,2024-04-29,9540,2024-04-21,1140,023508,NA,7,1,9,1900,0,2,4,NA,1,201,N/B SIERRA HWY,VASQUEZ CANYON RD,0,NA,Y,A,-,N,NA,NA,NA,NA,NA,NA,NA,NA,NA,Y,3,0,1,1,A,-,08,22107,NA,N,F,8,A,A,H,-,A,A,0,NA,NA,NA,NA,Y,NA,A,07,0,1,0,0,0,0,0,0,0,-,-,34.45417022705078,-118.42027282714844,LOS ANGELES,UNINCORPORATED,-118.42031097412108,34.454349517822266
92376947,2024,2024-04-29,9525,2024-04-19,725,022105,NA,5,1,9,1900,0,3,5,NA,2,002,GLENDORA AVE (19800 BLOCK),CIENEGA AVE,200,N,N,A,-,N,NA,NA,NA,NA,NA,NA,NA,NA,NA,Y,3,0,2,2,A,-,08,22103,NA,N,D,C,A,A,H,-,A,D,0,NA,NA,NA,NA,Y,NA,A,07,0,1,1,0,0,0,0,0,0,-,-,34.10358810424805,-117.86386871337892,LOS ANGELES,UNINCORPORATED,-117.86380767822266,34.103607177734375
92376948,2024,2024-04-29,9540,2024-04-22,1247,019545,NA,1,1,9,1900,0,1,1,NA,2,508,I-5NB (GOLDEN STATE FREEWAY),I-5 SOUTHBOUND (LOWER CROSSOVER),1250,N,N,A,-,Y,LA,NA,5,NA,R,60.213,H,NA,R,Y,2,0,4,3,A,-,03,22350,NA,N,C,C,A,A,H,-,A,D,0,NA,NA,NA,NA,Y,NA,A,01,1,3,0,0,0,0,0,0,0,-,-,34.50458908081055,-118.6302490234375,LOS ANGELES,UNINCORPORATED,-118.63021087646484,34.50462341308594
92376984,2024,2024-04-29,9540,2024-04-20,1041,023508,NA,6,1,9,1900,0,1,1,NA,1,503,I-5 SOUTHBOUND,WELDON CANYON RD,50,S,N,A,-,Y,LA,NA,5,NA,R,46.513,H,NA,L,N,3,0,1,4,A,-,03,22350,NA,M,C,C,A,A,H,-,A,D,0,NA,NA,NA,NA,Y,NA,-,99,0,1,0,0,0,0,0,0,0,-,-,34.3408203125,-118.52178955078124,LOS ANGELES,UNINCORPORATED,-118.52180480957033,34.340763092041016
92376988,2024,2024-04-29,9525,2024-04-19,1235,022105,NA,5,1,9,1900,0,3,5,NA,2,002,SUNSET AVE,BADILLO ST,0,NA,Y,A,-,N,NA,NA,NA,NA,NA,NA,NA,NA,NA,N,4,0,1,2,A,-,09,21801,A,N,D,C,A,A,H,-,A,D,0,NA,NA,NA,NA,Y,NA,A,07,0,0,1,0,0,0,0,0,0,-,-,34.08673858642578,-117.93412017822266,LOS ANGELES,UNINCORPORATED,-117.93423461914064,34.086700439453125
92376996,2024,2024-04-29,9525,2024-04-19,1220,018992,NA,5,1,1,1934,0,1,1,NA,2,204,I-210 E/B (FOOTHILL FWY),IRWINDALE AVE,330,E,N,A,-,Y,LA,NA,210,NA,R,37.937,H,NA,R,Y,4,0,1,2,A,-,03,22350,NA,N,C,C,A,A,H,-,A,D,0,NA,NA,NA,NA,Y,NA,A,01,0,0,1,0,0,0,0,0,0,-,-,34.13005828857422,-117.9324188232422,LOS ANGELES,IRWINDALE,-117.9324188232422,34.13005447387695
92377027,2024,2024-04-29,9590,2024-04-17,1612,023162,NA,3,2,7,1942,0,1,2,NA,2,072,US-101 N/B (HOLLYWOOD FREEWAY),MULHOLLAND DRIVE,500,S,N,A,-,Y,LA,NA,101,NA,NA,8.562,H,NA,R,N,4,0,1,3,A,-,07,21658,A,N,B,C,A,A,H,-,A,D,0,NA,NA,NA,NA,Y,NA,A,07,0,0,1,0,0,0,0,0,0,-,-,34.12139892578125,-118.339599609375,LOS ANGELES,LOS ANGELES,-118.33956909179688,34.12141799926758
92377033,2024,2024-04-29,9545,2024-04-18,2018,023663,NA,4,2,9,1900,0,1,3,NA,2,021,SR-14 N/B,AVENUE S,1927,S,N,A,-,Y,LA,NA,14,NA,R,57.811,H,NA,R,Y,4,0,2,3,A,-,03,22350,NA,N,C,C,A,A,H,-,D,D,0,NA,NA,NA,NA,Y,NA,A,01,0,0,2,0,0,0,0,0,0,-,-,34.552528381347656,-118.13176727294922,LOS ANGELES,UNINCORPORATED,-118.13182830810548,34.552528381347656
92377047,2024,2024-04-29,9545,2024-04-24,1728,023663,NA,3,2,9,1900,0,1,3,NA,2,031,SR-14 N/B,SIERRA HWY,2908,N,N,A,-,Y,LA,NA,14,NA,R,52.703,H,NA,R,N,4,0,3,3,A,-,03,22350,NA,N,C,C,A,A,H,-,A,D,0,NA,NA,NA,NA,Y,NA,A,01,0,0,3,0,0,0,0,0,0,-,-,34.4911003112793,-118.13166809082033,LOS ANGELES,UNINCORPORATED,-118.13165283203124,34.49104690551758
92377053,2024,2024-04-29,9580,2024-04-14,1710,022799,NA,7,2,7,1942,0,1,1,NA,2,404,I-405 N/B TO US-101 W/B,HASKELL AVE,528,E,N,A,-,Y,LA,NA,101,NA,NA,17.423,H,NA,R,Y,4,0,3,3,A,-,03,22350,NA,N,C,C,A,B,H,-,A,D,0,NA,NA,NA,NA,Y,NA,A,07,0,0,3,0,0,0,0,0,0,-,-,34.163818359375,-118.47241973876952,LOS ANGELES,LOS ANGELES,-118.47235107421876,34.16386795043945
92377161,2024,2024-04-29,9580,2024-04-27,1648,022663,NA,6,2,7,1942,0,1,3,NA,2,114,SR-118 E/B (RONALD REAGAN FWY.),ARLETA AVE,460,W,N,A,-,Y,LA,NA,118,NA,R,11.002,H,NA,R,Y,4,0,1,2,A,-,03,22350,NA,N,C,C,A,A,H,-,A,D,0,NA,NA,NA,NA,Y,NA,A,01,0,0,1,0,0,0,0,0,0,-,-,34.265708923339844,-118.45127105712892,LOS ANGELES,LOS ANGELES,-118.45127105712892,34.265716552734375
92377162,2024,2024-05-29,9580,2024-04-27,1110,022663,NA,6,1,7,1942,0,1,3,NA,2,114,SR-118 E/B (RONALD REAGAN FWY.),SHARP AVE,435,W,N,A,-,Y,LA,NA,118,NA,R,11.245,H,NA,R,Y,4,0,1,2,A,-,03,22350,NA,N,C,C,A,A,H,-,A,D,0,NA,NA,NA,NA,Y,NA,A,01,0,0,1,0,0,0,0,0,0,-,-,34.26585006713867,-118.44695281982422,LOS ANGELES,LOS ANGELES,-118.4469757080078,34.26599884033203
92377164,2024,2024-04-29,9580,2024-04-18,1840,022632,NA,4,2,7,1942,0,1,3,NA,2,170,SR-170 N/B (HOLLYWOOD FWY.),WHITSETT AVE,1500,N,N,A,-,Y,LA,NA,170,NA,R,18.953,H,NA,R,Y,3,0,1,2,A,-,03,22350,NA,M,C,C,A,A,H,-,A,D,0,NA,NA,NA,NA,Y,NA,A,01,0,1,0,0,0,0,0,0,0,-,-,34.21067810058594,-118.40699768066406,LOS ANGELES,LOS ANGELES,-118.40705108642578,34.210670471191406
92377173,2024,2024-04-29,9565,2024-04-17,2130,021786,NA,3,2,7,1942,0,1,1,NA,2,063,INTERSTATE 405 S/B (SAN DIEGO FREEWAY),SANTA MONICA BLVD.,1560,S,N,A,-,Y,LA,NA,405,NA,NA,30.564,H,NA,L,Y,4,0,2,2,A,-,03,22350,NA,N,C,C,A,A,H,-,C,D,0,NA,NA,NA,NA,Y,NA,A,01,0,0,2,0,0,0,0,0,0,-,-,34.043331146240234,-118.44376373291016,LOS ANGELES,LOS ANGELES,-118.44370269775392,34.04336166381836
92377189,2024,2024-04-29,9580,2024-04-26,2100,022799,NA,5,2,7,1942,0,1,1,NA,2,407,I-405 S/B (SAN DIEGO FWY),DEVONSHIRE ST,2112,S,N,A,-,Y,LA,NA,405,NA,NA,45.666,H,NA,L,Y,4,0,2,2,A,-,03,22350,NA,N,C,C,A,A,H,-,D,D,0,NA,NA,NA,NA,Y,NA,A,01,0,0,2,0,0,0,0,0,0,-,-,34.24882125854492,-118.47255706787108,LOS ANGELES,LOS ANGELES,-118.47246551513672,34.24881362915039
92377196,2024,2024-04-29,9580,2024-04-26,1755,022799,NA,5,2,7,1942,0,1,2,NA,2,103,US-101 S/B (VENTURA FREEWAY),WHITE OAK AVE,528,S,N,A,-,Y,LA,NA,101,NA,NA,20.081,H,NA,L,N,4,0,2,3,A,-,03,22350,NA,N,C,C,A,A,H,-,A,D,0,NA,NA,NA,NA,Y,NA,A,01,0,0,2,0,0,0,0,0,0,-,-,34.17103958129883,-118.5158920288086,LOS ANGELES,LOS ANGELES,-118.5158920288086,34.171085357666016
92377201,2024,2024-04-29,9580,2024-04-26,1630,022663,NA,5,2,7,1942,0,1,2,NA,2,107,US-101 S/B (VENTURA FREEWAY),MUREAU RD,2640,N,N,A,-,Y,LA,NA,101,NA,NA,29.62,H,NA,L,Y,4,0,2,3,A,-,03,22350,NA,N,C,C,A,A,H,-,A,D,0,NA,NA,NA,NA,Y,NA,A,07,0,0,2,0,0,0,0,0,0,-,-,34.14944076538086,-118.67452239990234,LOS ANGELES,LOS ANGELES,-118.6745147705078,34.149444580078125
92377252,2024,2024-04-29,9590,2024-04-17,315,023083,NA,3,3,7,1942,0,1,1,NA,2,010,SR-110 N/B (ARROYO SECO PARKWAY),COLLEGE ST,55,S,N,A,-,Y,LA,NA,110,NA,NA,24.149,H,NA,R,Y,3,0,1,1,A,-,01,23152,A,N,E,I,A,A,H,-,C,D,0,NA,NA,NA,NA,Y,Y,-,-,0,1,0,0,0,0,0,0,0,-,-,34.06557846069336,-118.24249267578124,LOS ANGELES,LOS ANGELES,-118.24252319335938,34.06562423706055
92377271,2024,2024-04-29,9525,2024-04-20,1340,022689,NA,6,1,5,1990,0,1,3,NA,2,601,SR-60 W/B (POMONA FWY),GRAND AVE.,135,W,N,A,-,Y,LA,NA,60,NA,R,24.421,H,NA,L,N,4,0,2,2,A,-,03,22350,NA,N,C,C,A,A,H,-,A,D,0,NA,NA,NA,NA,Y,NA,A,07,0,0,2,0,0,0,0,0,0,-,-,34.01002883911133,-117.82382965087892,LOS ANGELES,DIAMOND BAR,-117.8237533569336,34.00996780395508
92377280,2024,2024-04-29,9580,2024-04-21,410,023395,NA,7,3,7,1942,0,1,2,NA,2,101,US-101 S/B (VENTURA FREEWAY) TO SR-134(VENTURA FRE,TUJUNGA AVE,50,E,N,A,-,Y,LA,NA,101,NA,NA,11.833,H,NA,L,Y,3,0,1,1,A,-,01,23152,A,N,E,8,A,A,H,-,D,D,0,NA,NA,Y,NA,Y,Y,C,02,0,1,0,0,0,0,0,0,1,-,-,34.153961181640625,-118.37873077392578,LOS ANGELES,LOS ANGELES,-118.37877655029295,34.153865814208984
92377286,2024,2024-04-29,9580,2024-04-21,745,020791,NA,7,1,7,1942,0,1,3,NA,2,116,SR-118 E/B (RONALD REAGAN FWY.),BALBOA BLVD,1500,W,N,A,-,Y,LA,NA,118,NA,R,7.363,H,NA,R,N,3,0,1,2,A,-,03,22350,NA,N,C,C,A,A,H,-,A,D,0,NA,NA,NA,NA,Y,NA,D,22,0,1,0,0,0,0,0,0,0,-,-,34.2777214050293,-118.50981903076172,LOS ANGELES,LOS ANGELES,-118.50982666015624,34.27779769897461
92377297,2024,2024-04-29,9580,2024-04-24,1655,022572,NA,3,2,7,1942,0,1,3,NA,2,171,SR-170 S/B TO VICTORY BLVD E/B,VICTORY BLVD,15,S,N,A,-,Y,NA,NA,NA,NA,NA,NA,NA,NA,NA,N,4,0,1,2,A,-,03,22350,NA,N,C,C,A,A,H,-,A,D,0,NA,NA,NA,NA,Y,NA,A,01,0,0,1,0,0,0,0,0,0,-,-,34.186519622802734,-118.40249633789064,LOS ANGELES,LOS ANGELES,-118.4014892578125,34.186649322509766
92377299,2024,2024-06-03,9580,2024-04-21,1454,022663,NA,7,2,7,1942,0,1,2,NA,2,102,US-101 N/B (VENTURA FREEWAY),SEPULVEDA BLVD,2110,S,N,A,-,Y,LA,NA,101,NA,NA,16.552,H,NA,R,N,3,0,1,3,A,-,03,22350,NA,M,C,C,A,A,H,-,A,D,0,NA,NA,NA,NA,Y,NA,A,01,0,1,0,0,0,0,0,0,0,-,-,34.159278869628906,-118.4592514038086,LOS ANGELES,LOS ANGELES,-118.45928192138672,34.1591796875
92377316,2024,2024-04-29,9535,2024-04-16,1515,023244,NA,2,2,6,1922,0,1,1,NA,2,401,I-10 W/B (SAN BERNARDINO FREEWAY),DURFEE AVE,1320,E,N,A,-,Y,LA,NA,10,NA,NA,30.703,H,NA,L,N,4,0,1,2,A,-,01,23152,A,M,C,C,A,A,H,-,A,D,0,NA,NA,NA,NA,Y,Y,A,01,0,0,1,0,0,0,0,0,0,-,-,34.0642204284668,-118.00788879394533,LOS ANGELES,EL MONTE,-118.00788116455078,34.06414794921875
92377324,2024,2024-04-29,9565,2024-04-17,2129,021808,NA,3,2,7,1942,0,1,1,NA,2,063,I-405 S/B (SAN DIEGO FWY),OLYMPIC BLVD.,350,N,N,A,-,Y,LA,NA,405,NA,NA,30.269,H,NA,L,Y,3,0,1,2,A,-,03,22350,NA,F,C,C,A,A,H,-,C,D,0,NA,NA,NA,NA,Y,Y,-,99,0,1,0,0,0,0,0,0,0,-,-,34.03982925415039,-118.44077301025392,LOS ANGELES,LOS ANGELES,-118.4406967163086,34.03987121582031
92377361,2024,2024-04-29,9565,2024-04-17,2025,023660,NA,3,2,7,1942,0,1,1,NA,2,082,I-10 E/B (SANTA MONICA FWY),CENTINELA BOULEVARD,700,W,N,A,-,Y,LA,NA,10,NA,R,4.204,H,NA,R,Y,3,0,1,3,A,-,03,22350,NA,N,C,C,A,A,H,-,B,D,0,NA,NA,NA,NA,Y,NA,A,01,0,1,0,0,0,0,0,0,0,-,-,34.02766036987305,-118.45491790771484,LOS ANGELES,LOS ANGELES,-118.45491790771484,34.027706146240234
92377387,2024,2024-04-29,9575,2024-04-21,208,023243,NA,7,3,7,1942,0,1,1,NA,2,053,I-5 N/B (GOLDEN STATE FWY) TO SR-118 W/B (SAN FERN,PAXTON STREET,560,S,N,A,-,Y,LA,NA,5,NA,NA,38.957,H,NA,R,Y,4,0,2,1,A,-,01,23152,A,N,E,8,A,A,H,-,C,D,0,NA,NA,NA,NA,Y,Y,A,01,0,0,2,0,0,0,0,0,0,-,-,34.261661529541016,-118.43978881835938,LOS ANGELES,LOS ANGELES,-118.4399185180664,34.26158905029297
92377416,2024,2024-04-29,9565,2024-04-17,1635,019355,NA,3,2,5,1928,0,1,1,NA,2,012,I-105 E/B,YUKON AVE.,15,W,N,A,-,Y,LA,NA,105,NA,R,4.225,H,NA,R,Y,3,0,1,2,A,-,07,21658,A,N,C,C,A,A,H,-,A,D,0,NA,NA,Y,NA,Y,NA,A,07,0,1,0,0,0,0,0,0,1,-,-,33.92496871948242,-118.33529663085938,LOS ANGELES,HAWTHORNE,-118.33531188964844,33.924930572509766
92377421,2024,2024-04-29,9590,2024-04-07,1520,023394,NA,7,2,7,1942,0,1,2,NA,2,073,US-101 S/B (HOLLYWOOD FREEWAY),MELROSE AVE,110,S,N,A,-,Y,LA,NA,101,NA,NA,4.912,H,NA,L,N,3,0,1,2,A,-,07,21658,A,N,B,C,A,A,H,-,A,D,0,NA,NA,Y,NA,Y,NA,A,01,0,1,0,0,0,0,0,0,1,-,-,34.08388900756836,-118.29923248291016,LOS ANGELES,LOS ANGELES,-118.29926300048828,34.083858489990234
92377465,2024,2024-04-29,9535,2024-04-18,1855,023333,NA,4,2,9,1900,0,3,5,NA,2,006,SAN GABRIEL BLVD,HAZEL AVE,150,S,N,A,-,N,NA,NA,NA,NA,NA,NA,NA,NA,NA,N,3,0,1,2,A,-,09,21804,A,N,D,G,A,A,H,-,A,D,0,NA,Y,NA,NA,Y,NA,A,07,0,1,0,0,0,0,1,0,0,-,-,34.03676986694336,-118.07859802246094,LOS ANGELES,UNINCORPORATED,-118.07874298095705,34.03669357299805
92377509,2024,2024-04-29,9565,2024-04-17,1304,015587,NA,3,1,7,1942,0,1,1,NA,2,062,I-405 S/B (SAN DIEGO FREEWAY),NATIONAL BLVD.,570,N,N,A,-,Y,LA,NA,405,NA,NA,29.283,H,NA,L,N,4,0,1,2,A,-,03,22350,NA,N,C,C,A,A,H,-,A,D,0,NA,NA,NA,NA,Y,NA,D,22,0,0,1,0,0,0,0,0,0,-,-,34.0282096862793,-118.43122100830078,LOS ANGELES,LOS ANGELES,-118.43125152587892,34.02819061279297
9237753,2021,2021-03-26,1900,2021-02-23,2039,618391,2619,2,5,6,1950,0,0,0,NA,0,262T1,10TH ST WEST,AVENUE M,138,S,N,A,-,N,NA,NA,NA,NA,NA,NA,NA,NA,NA,Y,3,0,1,2,A,-,03,22350,NA,N,C,C,A,A,H,-,C,D,0,NA,NA,NA,NA,Y,NA,A,01,0,1,0,0,0,0,0,0,0,-,-,34.64530944824219,-118.1477508544922,LOS ANGELES,PALMDALE,-118.14768981933594,34.64543151855469
92377532,2024,2025-02-06,9565,2024-04-17,1136,023745,NA,3,1,5,1928,0,1,1,NA,2,012,I-105 W/B (CENTURY FWY),CRENSHAW BLVD,500,E,N,A,-,Y,LA,NA,105,NA,R,5.212,H,NA,L,Y,3,0,2,3,A,-,03,22350,NA,M,B,C,A,A,H,-,A,D,0,NA,NA,NA,NA,Y,NA,A,01,0,2,0,0,0,0,0,0,0,-,-,33.925621032714844,-118.3181610107422,LOS ANGELES,HAWTHORNE,-118.3181610107422,33.92564010620117
92377540,2024,2024-04-29,9565,2024-03-12,845,023555,NA,2,1,9,1900,0,3,5,NA,2,002,CENTURY BLVD W/B,BUDLONG AVE,30,E,N,A,-,N,NA,NA,NA,NA,NA,NA,NA,NA,NA,N,4,0,1,2,A,-,03,22350,NA,F,C,C,A,A,H,-,A,A,0,NA,NA,NA,NA,Y,NA,A,01,0,0,1,0,0,0,0,0,0,-,-,33.945560455322266,-118.29583740234376,LOS ANGELES,UNINCORPORATED,-118.29605102539064,33.945491790771484
92377541,2024,2024-04-29,9590,2024-04-14,1755,023563,NA,7,2,7,1942,0,1,1,NA,2,013,SR-110 SOUTHBOUND (ARROYO SECO PARKWAY),AVENUE 52,375,S,N,A,-,Y,LA,NA,110,NA,NA,27.973,H,NA,L,Y,3,0,4,2,A,-,08,22107,NA,N,B,C,A,A,H,-,A,D,0,NA,NA,NA,NA,Y,NA,A,01,0,2,2,0,0,0,0,0,0,-,-,34.10280990600586,-118.1977310180664,LOS ANGELES,LOS ANGELES,-118.19771575927734,34.102779388427734