CASE_ID,ACCIDENT_YEAR,PROC_DATE,JURIS,COLLISION_DATE,COLLISION_TIME,OFFICER_ID,REPORTING_DISTRICT,DAY_OF_WEEK,CHP_SHIFT,POPULATION,CNTY_CITY_LOC,SPECIAL_COND,BEAT_TYPE,CHP_BEAT_TYPE,CITY_DIVISION_LAPD,CHP_BEAT_CLASS,BEAT_NUMBER,PRIMARY_RD,SECONDARY_RD,DISTANCE,DIRECTION,INTERSECTION,WEATHER_1,WEATHER_2,STATE_HWY_IND,CALTRANS_COUNTY,CALTRANS_DISTRICT,STATE_ROUTE,ROUTE_SUFFIX,POSTMILE_PREFIX,POSTMILE,LOCATION_TYPE,RAMP_INTERSECTION,SIDE_OF_HWY,TOW_AWAY,COLLISION_SEVERITY,NUMBER_KILLED,NUMBER_INJURED,PARTY_COUNT,PRIMARY_COLL_FACTOR,PCF_CODE_OF_VIOL,PCF_VIOL_CATEGORY,PCF_VIOLATION,PCF_VIOL_SUBSECTION,HIT_AND_RUN,TYPE_OF_COLLISION,MVIW,PED_ACTION,ROAD_SURFACE,ROAD_COND_1,ROAD_COND_2,LIGHTING,CONTROL_DEVICE,CHP_ROAD_TYPE,PEDESTRIAN_ACCIDENT,BICYCLE_ACCIDENT,MOTORCYCLE_ACCIDENT,TRUCK_ACCIDENT,NOT_PRIVATE_PROPERTY,ALCOHOL_INVOLVED,STWD_VEHTYPE_AT_FAULT,CHP_VEHTYPE_AT_FAULT,COUNT_SEVERE_INJ,COUNT_VISIBLE_INJ,COUNT_COMPLAINT_PAIN,COUNT_PED_KILLED,COUNT_PED_INJURED,COUNT_BICYCLIST_KILLED,COUNT_BICYCLIST_INJURED,COUNT_MC_KILLED,COUNT_MC_INJURED,PRIMARY_RAMP,SECONDARY_RAMP,LATITUDE,LONGITUDE,COUNTY,CITY,POINT_X,POINT_Y
92379830,2024,2024-05-01,9530,2024-04-16,2100,023143,NA,2,2,9,1900,0,3,5,NA,2,002,WILLOWBROOK AVE.,119TH STREET,0,NA,Y,A,-,N,NA,NA,NA,NA,NA,NA,NA,NA,NA,N,3,0,1,2,A,-,10,21950,A,F,G,B,B,A,H,-,D,D,0,Y,NA,NA,NA,Y,NA,-,99,0,1,0,0,1,0,0,0,0,-,-,33.924678802490234,-118.23625946044922,LOS ANGELES,UNINCORPORATED,-118.2361068725586,33.92461013793945
9237984,2021,2021-04-02,1900,2021-02-26,1159,625912,1334,5,5,5,1908,0,0,0,NA,0,133D,BELLFLOWER BL,ALONDRA BL,70,S,N,A,-,N,NA,NA,NA,NA,NA,NA,NA,NA,NA,N,3,0,1,2,A,-,09,21804,A,M,D,G,A,A,H,-,A,D,0,NA,Y,NA,NA,Y,NA,D,22,0,1,0,0,0,0,1,0,0,-,-,NA,NA,LOS ANGELES,BELLFLOWER,-118.12530517578124,33.889156341552734
92379849,2024,2024-05-01,9590,2024-04-27,205,022720,NA,6,3,7,1942,0,1,1,NA,2,083,I-5 S/B (GOLDEN STATE FREEWAY) TO MISSION ROAD,MISSION RD.,400,N,N,A,-,Y,LA,NA,5,NA,NA,18.872,H,NA,L,Y,4,0,1,1,A,-,08,22107,NA,N,E,I,A,A,H,-,C,D,0,NA,NA,NA,NA,Y,NA,A,01,0,0,1,0,0,0,0,0,0,-,-,34.06108093261719,-118.2156982421875,LOS ANGELES,LOS ANGELES,-118.21539306640624,34.061153411865234
92379866,2024,2024-05-02,9550,2024-04-25,1430,023627,NA,4,2,9,1900,0,1,1,NA,2,650,I-605 SB,PECK ROAD,2300,S,N,B,-,Y,LA,NA,605,NA,R,14.914,H,NA,L,N,4,0,1,2,A,-,03,22350,NA,N,C,C,A,A,H,-,A,D,0,NA,NA,NA,NA,Y,NA,D,22,0,0,1,0,0,0,0,0,0,-,-,34.01258087158203,-118.05673980712892,LOS ANGELES,UNINCORPORATED,-118.0567626953125,34.0125846862793
9237987,2021,2021-04-07,1900,2021-02-01,1200,654688,1382,1,5,5,1908,0,0,0,NA,0,133T2,ALONDRA BL,RYON AV,200,E,N,A,-,N,NA,NA,NA,NA,NA,NA,NA,NA,NA,N,4,0,2,2,A,-,03,22350,NA,M,C,C,A,A,H,-,A,D,0,NA,NA,NA,NA,Y,NA,D,22,0,0,2,0,0,0,0,0,0,-,-,NA,NA,LOS ANGELES,BELLFLOWER,-118.12807464599608,33.88933181762695
92379870,2024,2024-05-02,9550,2024-04-24,1730,023627,NA,3,2,3,1964,0,1,1,NA,2,500,I-5 NB TO I-605 NB,DAVENRICH STREET,2000,S,N,B,-,Y,NA,NA,NA,NA,NA,NA,NA,NA,NA,N,4,0,2,2,A,-,03,22350,NA,N,C,C,A,A,H,-,A,D,0,NA,NA,NA,NA,Y,NA,A,07,0,0,2,0,0,0,0,0,0,-,-,33.94029998779297,-118.09485626220705,LOS ANGELES,SANTA FE SPRINGS,NA,NA
92379880,2024,2024-05-02,9535,2024-04-11,1510,023465,NA,4,2,9,1900,0,3,5,NA,2,002,DOWNEY RD (800 BLOCK),WHITTIER BLVD,60,N,N,A,-,N,NA,NA,NA,NA,NA,NA,NA,NA,NA,N,4,0,1,2,A,-,21,22106,NA,N,C,C,A,A,H,-,A,A,0,NA,NA,NA,NA,Y,NA,D,22,0,0,1,0,0,0,0,0,0,-,-,34.02415084838867,-118.18016052246094,LOS ANGELES,UNINCORPORATED,-118.18006896972656,34.024105072021484
92379897,2024,2024-05-02,9540,2024-03-26,2255,023722,NA,2,3,7,1942,0,1,1,NA,1,502,I-5 NORTHBOUND,SAN FERNANDO RD,317,N,N,A,-,Y,LA,NA,5,NA,R,44.997,H,NA,R,N,3,0,2,2,A,-,01,23152,A,M,C,C,A,A,H,-,C,D,0,NA,NA,NA,NA,Y,Y,A,01,0,1,1,0,0,0,0,0,0,-,-,34.32630920410156,-118.50364685058594,LOS ANGELES,LOS ANGELES,-118.50382995605467,34.326202392578125
92379898,2024,2024-05-02,9540,2024-04-14,105,022923,NA,7,3,9,1900,0,2,4,NA,1,102,HASLEY CANYON ROAD EASTBOUND,THE OLD ROAD,20,W,N,A,-,N,NA,NA,NA,NA,NA,NA,NA,NA,NA,Y,4,0,1,1,A,-,01,23152,A,N,E,I,A,A,H,-,C,D,0,NA,NA,NA,NA,Y,Y,A,08,0,0,1,0,0,0,0,0,0,-,-,34.455909729003906,-118.61770629882813,LOS ANGELES,UNINCORPORATED,-118.61705780029295,34.456031799316406
9237995,2021,2021-03-30,1900,2021-01-10,1612,647587,1348,7,5,3,1903,0,0,0,NA,0,134A,NORWALK BL,KOUDEKERK AV,2,N,N,A,-,N,NA,NA,NA,NA,NA,NA,NA,NA,NA,N,3,0,1,2,A,-,12,21453,A,N,A,G,A,A,H,-,A,A,0,NA,Y,NA,NA,Y,NA,D,22,0,1,0,0,0,0,1,0,0,-,-,NA,NA,LOS ANGELES,ARTESIA,-118.07254028320313,33.870704650878906
9237999,2021,2021-04-07,1900,2021-02-03,0050,636464,1365,3,5,5,1952,0,0,0,NA,0,136D,ROSECRANS AV,CASTANA AV,580,W,N,A,-,N,NA,NA,NA,NA,NA,NA,NA,NA,NA,Y,3,0,1,7,A,-,03,22350,A,N,B,E,A,A,H,-,C,D,0,NA,NA,NA,NA,Y,NA,A,01,0,1,0,0,0,0,0,0,0,-,-,NA,NA,LOS ANGELES,PARAMOUNT,-118.14768981933594,33.9039306640625
92380065,2024,2024-05-02,9540,2024-04-29,2210,023606,NA,1,3,9,1900,0,2,4,NA,1,204,BOUQUET CANYON RD,FOREST SERVICE ROUTE 6N07,710,N,N,A,-,N,NA,NA,NA,NA,NA,NA,NA,NA,NA,N,3,0,1,1,A,-,01,23152,A,N,E,I,A,A,H,-,D,D,0,NA,NA,NA,NA,Y,Y,A,01,0,1,0,0,0,0,0,0,0,-,-,34.529300689697266,-118.4426727294922,LOS ANGELES,UNINCORPORATED,NA,NA
92380067,2024,2024-05-02,9530,2024-04-20,135,023235,NA,6,3,7,1941,0,1,1,NA,2,420,I-405 S/B (SAN DIEGO FREEWAY),I-710,100,N,N,B,-,Y,LA,NA,405,NA,NA,7.751,H,NA,L,Y,3,0,2,2,A,-,01,23152,A,N,E,8,A,A,H,-,C,D,0,NA,NA,NA,NA,Y,Y,A,01,0,1,1,0,0,0,0,0,0,-,-,33.82646179199219,-118.21012878417967,LOS ANGELES,LONG BEACH,-118.21012115478516,33.82638931274414
92380085,2024,2024-05-02,9530,2024-04-20,1330,023568,NA,6,1,7,1942,0,1,1,NA,2,110,I-110 N/B (HARBOR FREEWAY),I-105 (GLENN ANDERSON FWY),50,N,N,A,-,Y,LA,NA,110,NA,NA,14.331,H,NA,R,Y,4,0,2,2,A,-,07,21658,A,N,B,C,A,A,H,-,A,A,0,NA,NA,NA,NA,Y,NA,A,01,0,0,2,0,0,0,0,0,0,-,-,33.936119079589844,-118.27982330322266,LOS ANGELES,LOS ANGELES,-118.27975463867188,33.936119079589844
92380089,2024,2024-05-02,9530,2024-04-20,1500,023568,NA,6,2,7,1942,0,1,1,NA,2,110,REDONDO BEACH BLVD. TO S/B I-110,REDONDO BEACH BLVD.,50,S,N,A,-,Y,LA,NA,110,NA,NA,11.168,H,NA,L,Y,4,0,1,1,C,-,18,NA,NA,N,E,I,A,A,H,-,A,D,0,NA,NA,NA,NA,Y,NA,-,-,0,0,1,0,0,0,0,0,0,-,-,33.89147186279297,-118.2860107421875,LOS ANGELES,LOS ANGELES,-118.28575897216795,33.891475677490234
92380104,2024,2024-05-02,9550,2024-04-20,1337,023734,NA,6,1,5,1954,0,1,1,NA,2,650,I-605 SOUTHBOUND (SAN GABRIEL RIVER FREEWAY),ROSE HILLS ROAD,1400,N,N,A,-,Y,LA,NA,605,NA,R,15.837,H,NA,L,N,4,0,2,2,A,-,08,22107,NA,N,B,C,A,A,H,-,A,D,0,NA,NA,NA,NA,Y,NA,A,01,0,0,2,0,0,0,0,0,0,-,-,34.02035903930664,-118.0490264892578,LOS ANGELES,PICO RIVERA,-118.0490493774414,34.020381927490234
92380131,2024,2024-05-02,9525,2024-04-25,2250,020230,NA,4,3,9,1900,0,3,5,NA,2,003,HACIENDA BLVD,MAPLEGROVE ST,0,NA,Y,A,-,N,NA,NA,NA,NA,NA,NA,NA,NA,NA,Y,4,0,1,3,A,-,01,23152,A,N,D,C,A,A,H,-,C,D,0,NA,NA,NA,NA,Y,Y,A,01,0,0,1,0,0,0,0,0,0,-,-,34.04584884643555,-117.94895935058594,LOS ANGELES,UNINCORPORATED,-117.9489288330078,34.04581069946289
92380151,2024,2024-05-02,9525,2024-04-26,230,020230,NA,5,3,6,1955,0,1,3,NA,2,574,SR-57 N/B (ORANGE FWY),I-10 E/B (SAN BERNARDINO FWY),1000,S,N,A,-,Y,LA,NA,57,NA,R,7.225,H,NA,R,Y,3,0,2,2,A,-,08,22107,NA,N,C,D,A,A,H,-,C,D,0,NA,NA,NA,NA,Y,NA,A,01,0,2,0,0,0,0,0,0,0,-,-,34.05841827392578,-117.80420684814452,LOS ANGELES,POMONA,-117.80429840087892,34.05839920043945
92380164,2024,2024-05-02,9580,2024-04-25,2045,023101,NA,4,2,7,1942,0,1,3,NA,2,171,SR-170 S/B (HOLLYWOOD FWY.),VICTORY BLVD,813,S,N,A,-,Y,LA,NA,170,NA,R,17.096,H,NA,L,Y,4,0,2,2,A,-,08,22107,NA,N,C,C,A,A,H,-,D,D,0,NA,NA,NA,NA,Y,NA,A,07,0,0,2,0,0,0,0,0,0,-,-,34.184391021728516,-118.4002685546875,LOS ANGELES,LOS ANGELES,-118.40021514892578,34.184425354003906
92380177,2024,2024-05-02,9525,2024-04-26,240,019491,NA,5,3,9,1900,0,3,5,NA,2,005,GLENDORA MOUNTAIN RD.,GLENDORA RIDGE ROAD JUNCTION,10560,S,N,A,-,N,NA,NA,NA,NA,NA,NA,NA,NA,NA,Y,2,0,2,1,A,-,03,22350,NA,N,E,I,A,A,H,-,D,D,0,NA,NA,NA,NA,Y,NA,A,01,1,0,1,0,0,0,0,0,0,-,-,34.1992301940918,-117.83551788330078,LOS ANGELES,UNINCORPORATED,-117.7941665649414,34.21968460083008
92380275,2024,2024-05-02,9535,2024-04-23,740,022842,NA,2,1,5,1943,0,1,1,NA,2,105,I-105 W/B (CENTURY FREEWAY),I-710 S/B (LONG BEACH FREEWAY),415,W,N,B,-,Y,LA,NA,105,NA,R,13.369,H,NA,L,Y,3,0,1,2,A,-,07,21658,A,N,B,C,A,A,H,-,A,D,0,NA,NA,Y,NA,Y,NA,A,01,0,1,0,0,0,0,0,0,1,-,-,33.913448333740234,-118.18154144287108,LOS ANGELES,LYNWOOD,-118.18149566650392,33.913543701171875
92380293,2024,2024-05-02,9575,2024-04-19,1730,023071,NA,5,2,9,1900,0,1,3,NA,2,081,HUNTINGTON DRIVE,JACKSON PLACE,0,NA,Y,A,-,N,NA,NA,NA,NA,NA,NA,NA,NA,NA,Y,3,0,1,2,A,-,03,22350,NA,N,D,G,A,A,H,-,B,A,0,NA,Y,NA,NA,Y,NA,L,04,0,1,0,0,0,0,1,0,0,-,-,34.13029861450195,-118.0714874267578,LOS ANGELES,UNINCORPORATED,-118.0715103149414,34.13041305541992
92380326,2024,2024-05-02,9545,2024-04-22,750,023770,NA,1,1,6,1992,0,1,3,NA,2,011,SR-14 S/B,AVENUE D,180,S,N,A,-,Y,LA,NA,14,NA,R,73.962,H,NA,L,Y,3,0,4,2,A,-,08,22107,NA,N,B,C,A,A,D,-,A,D,0,NA,NA,NA,NA,Y,NA,A,01,0,1,3,0,0,0,0,0,0,-,-,34.77634811401367,-118.1708526611328,LOS ANGELES,LANCASTER,-118.17086029052734,34.77634811401367
92380330,2024,2024-05-02,9525,2024-04-21,820,021074,NA,7,1,4,1946,0,1,1,NA,2,212,I-210 E/B (FOOTHILL FWY),HUNTINGTON DR,1000,W,N,B,-,Y,LA,NA,210,NA,R,32.709,H,NA,R,Y,4,0,2,2,A,-,07,21658,A,N,B,C,A,A,H,-,A,D,0,NA,NA,NA,NA,Y,NA,A,01,0,0,2,0,0,0,0,0,0,-,-,34.1422004699707,-118.01944732666016,LOS ANGELES,MONROVIA,-118.0194854736328,34.14215087890625
92380386,2024,2024-05-02,9535,2024-04-24,1132,016869,NA,3,1,3,1914,0,1,1,NA,2,501,I-5 (SANTA ANA FREEWAY) S/B TO WASHINGTON BLVD,WASHINGTON BLVD,60,N,N,A,-,Y,NA,NA,NA,NA,NA,NA,NA,NA,NA,N,4,0,1,2,A,-,07,21658,A,M,B,C,A,A,H,-,A,A,0,NA,NA,NA,Y,Y,Y,F,26,0,0,1,0,0,0,0,0,0,-,-,33.99610137939453,-118.14640808105467,LOS ANGELES,COMMERCE,-118.1455078125,33.995731353759766
92380389,2024,2024-05-02,9575,2024-04-24,1712,022110,NA,3,2,7,1942,0,1,1,NA,2,052,I-5 N/B (GOLDEN STATE FREEWAY),PEORIA STREET,50,S,N,A,-,Y,LA,NA,5,NA,NA,35.334,H,NA,R,N,4,0,1,3,A,-,08,22107,NA,N,B,C,A,A,H,-,A,D,0,NA,NA,NA,NA,Y,NA,A,01,0,0,1,0,0,0,0,0,0,-,-,34.22896957397461,-118.3930435180664,LOS ANGELES,LOS ANGELES,-118.39302825927734,34.22898864746094
92380398,2024,2024-05-02,9525,2024-04-21,1200,021074,NA,7,1,9,1900,0,3,5,NA,2,002,SR-39 (SAN GABRIEL CANYON ROAD),EAST FORK RD.,7500,S,N,A,-,N,NA,NA,NA,NA,NA,NA,NA,NA,NA,N,2,0,1,1,A,-,03,22350,NA,N,F,A,A,A,H,-,A,D,0,NA,NA,Y,NA,Y,NA,C,02,1,0,0,0,0,0,0,0,1,-,-,34.22203063964844,-117.85173034667967,LOS ANGELES,UNINCORPORATED,-117.85140991210938,34.22280502319336
92380405,2024,2024-05-02,9525,2024-04-30,1620,022546,NA,2,2,1,1934,0,1,1,NA,2,652,I-605 N/B (SAN GABRIEL RIVER FWY),ARROW HWY,528,S,N,A,-,Y,LA,NA,605,NA,NA,23.893,H,NA,R,Y,4,0,1,3,A,-,03,22350,NA,N,C,2,A,A,H,-,A,D,0,NA,NA,NA,NA,Y,NA,A,01,0,0,1,0,0,0,0,0,0,-,-,34.1133918762207,-117.97870635986328,LOS ANGELES,IRWINDALE,-117.97869873046876,34.11338424682617
92380406,2024,2024-05-02,9545,2024-04-21,1620,020140,NA,7,2,9,1900,0,1,3,NA,1,044,SR-18,248TH STREET EAST,2030,E,N,A,-,Y,LA,NA,18,NA,NA,1.074,H,NA,R,Y,2,0,4,2,A,-,06,21751,NA,F,A,C,A,A,H,-,A,D,0,NA,NA,NA,NA,Y,NA,A,01,4,0,0,0,0,0,0,0,0,-,-,34.498531341552734,-117.67900848388672,LOS ANGELES,UNINCORPORATED,-117.67900848388672,34.49853515625
92380432,2024,2024-05-02,9545,2024-04-26,1225,023733,NA,5,1,6,1950,0,1,3,NA,2,021,SR-14 N/B,AVENUE O-8,127,S,N,A,-,Y,LA,NA,14,NA,R,62.104,H,NA,R,Y,4,0,1,1,A,-,08,22107,NA,N,E,8,A,A,D,-,A,D,0,NA,NA,NA,NA,Y,NA,A,01,0,0,1,0,0,0,0,0,0,-,-,34.608768463134766,-118.1514892578125,LOS ANGELES,PALMDALE,-118.15147399902344,34.60877990722656
92380492,2024,2024-05-02,9530,2024-04-20,1535,023672,NA,6,2,9,1900,0,3,5,NA,2,002,PARMALEE AVENUE (14000 BLOCK),142ND STREET,500,N,N,A,-,N,NA,NA,NA,NA,NA,NA,NA,NA,NA,Y,3,0,1,4,A,-,21,22106,NA,N,B,C,A,A,H,-,A,D,0,NA,NA,NA,NA,Y,Y,A,01,0,1,0,0,0,0,0,0,0,-,-,33.90460968017578,-118.25106811523438,LOS ANGELES,UNINCORPORATED,-118.25111389160156,33.90475082397461
9238050,2021,2021-04-16,1942,2021-03-07,1705,42880,1728,7,5,7,1942,0,0,0,Q,0,17X361,RESEDA BL,SAN FERNANDO MISSION BL,180,N,N,B,-,N,NA,NA,NA,NA,NA,NA,NA,NA,NA,Y,4,0,1,3,A,-,01,23152,F,N,A,E,A,A,H,-,B,D,0,NA,NA,NA,NA,Y,NA,A,01,0,0,1,0,0,0,0,0,0,-,-,NA,NA,LOS ANGELES,LOS ANGELES,-118.53609466552734,34.27224349975586
92380500,2024,2024-05-02,9535,2024-04-23,1100,023804,NA,2,1,5,1901,0,1,1,NA,2,421,I-10 W/B (SAN BERNARDINO FREEWAY),ALMANSOR ST. OVERPASS,336,W,N,B,-,Y,LA,NA,10,NA,NA,24.265,H,NA,L,Y,4,0,1,2,A,-,03,22350,NA,N,C,C,A,A,H,-,A,D,0,NA,NA,NA,NA,Y,NA,A,01,0,0,1,0,0,0,0,0,0,-,-,34.07191848754883,-118.11821746826172,LOS ANGELES,ALHAMBRA,-118.11821746826172,34.07186508178711
92380501,2024,2024-05-02,9530,2024-04-20,1554,023688,NA,6,2,9,1900,0,1,1,NA,2,120,I-110 N/B (HARBOR FREEWAY),CARSON,0.3,N,N,A,-,Y,LA,NA,110,NA,NA,7.316,H,NA,R,N,2,0,2,2,A,-,08,22107,NA,N,B,C,A,A,H,-,A,D,0,NA,NA,NA,NA,Y,NA,D,22,2,0,0,0,0,0,0,0,0,-,-,33.835960388183594,-118.2872314453125,LOS ANGELES,UNINCORPORATED,-118.28721618652344,33.835960388183594
92380509,2024,2024-05-02,9535,2024-04-24,1055,023804,NA,3,1,5,1943,0,1,1,NA,2,105,I-105 W/B (CENTURY FREEWAY),I-710 S/B (LONG BEACH FREEWAY),286,W,N,A,-,Y,LA,NA,105,NA,R,13.398,H,NA,L,Y,4,0,1,2,A,-,07,21658,A,N,C,C,A,A,H,-,A,D,0,NA,NA,NA,NA,Y,NA,A,01,0,0,1,0,0,0,0,0,0,-,-,33.91339111328125,-118.18103790283205,LOS ANGELES,LYNWOOD,-118.18103790283205,33.91339111328125
9238051,2021,2021-04-16,1942,2021-03-07,1535,41198,1747,7,5,7,1942,0,0,0,Q,0,17A49,HAYVENHURST AV,SAN JOSE ST,410,S,N,A,-,N,NA,NA,NA,NA,NA,NA,NA,NA,NA,Y,3,0,1,2,A,-,01,23152,A,M,B,E,A,A,H,-,A,A,0,NA,NA,NA,NA,Y,Y,A,01,0,1,0,0,0,0,0,0,0,-,-,NA,NA,LOS ANGELES,LOS ANGELES,-118.49356842041016,34.260005950927734
92380512,2024,2024-05-02,9530,2024-04-20,1627,023688,NA,6,2,9,1900,0,1,1,NA,2,120,I-110 N/B (HARBOR FREEWAY),223RD STREET,18,S,N,A,-,Y,LA,NA,110,NA,NA,6.525,H,NA,R,Y,2,0,1,3,A,-,07,21658,A,N,B,C,A,A,H,-,A,D,0,NA,NA,Y,NA,Y,NA,A,01,1,0,0,0,0,0,0,0,1,-,-,33.82447814941406,-118.28729248046876,LOS ANGELES,UNINCORPORATED,-118.28723907470705,33.82447814941406
92380520,2024,2024-05-02,9530,2024-04-20,1850,023237,NA,6,2,9,1900,0,3,5,NA,2,001,COMPTON AVE.,70TH STREET,30,S,N,A,-,N,NA,NA,NA,NA,NA,NA,NA,NA,NA,Y,3,0,1,2,A,-,01,23152,A,N,A,I,A,A,H,-,A,D,0,NA,NA,NA,NA,Y,NA,A,01,0,1,0,0,0,0,0,0,0,-,-,33.97624969482422,-118.24761199951172,LOS ANGELES,UNINCORPORATED,-118.24768829345705,33.9763069152832
92380523,2024,2024-05-02,9590,2024-04-22,0,021535,NA,1,3,7,1942,0,1,1,NA,2,083,I-5 S/B (GSF) TO SR-110 S/B (ASP),TUNNEL #4,500,N,N,A,-,Y,LA,NA,110,NA,NA,25.49,H,NA,L,N,3,0,1,1,A,-,01,23152,A,N,E,I,A,A,H,-,C,D,0,NA,NA,Y,NA,Y,Y,C,02,0,1,0,0,0,0,0,0,1,-,-,34.07954025268555,-118.22736358642578,LOS ANGELES,LOS ANGELES,-118.22726440429688,34.079444885253906
92380527,2024,2024-05-02,9530,2024-04-22,1034,017755,NA,1,1,7,1941,0,1,1,NA,2,430,I-405 N/B (SAN DIEGO FREEWAY),WILLOW ST.,112,S,N,B,-,Y,LA,NA,405,NA,NA,2.915,H,NA,R,Y,4,0,2,2,A,-,07,21658,A,N,B,C,A,A,H,-,A,D,0,NA,NA,NA,NA,Y,NA,A,07,0,0,2,0,0,0,0,0,0,-,-,33.80310821533203,-118.13639831542967,LOS ANGELES,LONG BEACH,-118.13642120361328,33.80303192138672
92380531,2024,2024-05-02,9550,2024-04-22,1725,022722,NA,1,2,9,1900,0,3,5,NA,2,004,HACIENDA BLVD.,LOS ALTOS DR.,0,NA,Y,B,-,N,NA,NA,NA,NA,NA,NA,NA,NA,NA,N,3,0,2,2,A,-,12,21453,A,N,D,C,A,A,H,-,A,A,0,NA,NA,NA,NA,Y,NA,A,01,0,1,1,0,0,0,0,0,0,-,-,33.98611831665039,-117.97139739990234,LOS ANGELES,UNINCORPORATED,-117.97138214111328,33.986141204833984
92380537,2024,2024-05-02,9530,2024-04-22,923,017755,NA,1,1,7,1941,0,1,1,NA,2,430,I-405 N/B (SAN DIEGO FREEWAY),TEMPLE AVE.,27,S,N,B,-,Y,LA,NA,405,NA,NA,4.329,H,NA,R,N,2,0,1,2,A,-,03,22350,NA,N,B,C,A,A,H,-,A,D,0,NA,NA,Y,NA,Y,NA,C,02,1,0,0,0,0,0,0,0,1,-,-,33.81032943725586,-118.15898895263672,LOS ANGELES,LONG BEACH,-118.15901947021484,33.81029510498047
92380541,2024,2024-05-02,9530,2024-04-21,1230,023673,NA,7,1,5,1956,0,1,1,NA,2,400,I-405 N/B (SAN DIEGO FREEWAY),MARINE AVE.,100,S,N,A,-,Y,LA,NA,405,NA,NA,18.617,H,NA,R,N,4,0,1,3,A,-,03,22350,NA,N,C,C,A,A,H,-,A,D,0,NA,NA,NA,NA,Y,NA,A,01,0,0,1,0,0,0,0,0,0,-,-,33.89440155029297,-118.3659210205078,LOS ANGELES,REDONDO BEACH,-118.36593627929688,33.894386291503906
9238056,2021,2021-04-16,1942,2021-03-02,2335,37304,0991,2,5,7,1942,0,0,0,I,0,9189,BEVERLY GLEN BL,VALLEY VISTA BL,205,S,N,A,-,N,NA,NA,NA,NA,NA,NA,NA,NA,NA,Y,2,0,1,1,A,-,01,23152,A,N,E,J,A,A,H,-,C,D,0,NA,NA,NA,NA,Y,Y,A,01,1,0,0,0,0,0,0,0,0,-,-,NA,NA,LOS ANGELES,LOS ANGELES,-118.44667816162108,34.14569854736328
92380564,2024,2024-05-02,9545,2024-04-28,1120,020244,NA,7,1,9,1900,0,1,3,NA,2,011,SR-14 N/B,AVENUE E,1600,N,N,A,-,Y,LA,NA,14,NA,R,73.291,H,NA,R,N,3,0,2,1,A,-,08,22107,NA,N,E,I,A,A,D,-,A,D,0,NA,NA,NA,NA,Y,NA,A,01,0,1,1,0,0,0,0,0,0,-,-,34.766578674316406,-118.17034912109376,LOS ANGELES,UNINCORPORATED,-118.17037963867188,34.766578674316406
92380571,2024,2024-05-02,9530,2024-04-21,40,023030,NA,7,3,7,1942,0,1,1,NA,2,110,I-110 S/B (HARBOR FREEWAY),ROSECRANS AVE.,1165,S,N,A,-,Y,LA,NA,110,NA,NA,11.657,H,NA,L,Y,3,0,1,2,A,-,01,23152,A,N,C,C,A,A,H,-,C,D,0,NA,NA,NA,NA,Y,Y,A,07,0,1,0,0,0,0,0,0,0,-,-,33.89854049682617,-118.28695678710938,LOS ANGELES,LOS ANGELES,-118.28673553466795,33.89855194091797
92380581,2024,2024-05-02,9545,2024-05-01,538,018058,NA,3,3,9,1900,0,3,5,NA,2,003,CROWN VALLEY ROAD,SR-14 N/B,237,E,N,A,-,N,NA,NA,NA,NA,NA,NA,NA,NA,NA,Y,3,0,1,2,A,-,09,21801,A,N,A,C,A,A,H,-,B,A,0,NA,NA,NA,NA,Y,NA,A,01,0,1,0,0,0,0,0,0,0,-,-,34.49074935913086,-118.1982421875,LOS ANGELES,UNINCORPORATED,-118.19830322265624,34.491668701171875
92380609,2024,2024-05-02,9535,2024-04-25,1515,023022,NA,4,2,6,1922,0,1,1,NA,2,400,I-10 E/B (SAN BERNARDINO FREEWAY),DURFEE AVE,528,W,N,B,-,Y,LA,NA,10,NA,NA,30.34,H,NA,R,Y,4,0,1,2,A,-,03,22350,NA,N,C,C,A,A,H,-,A,D,0,NA,NA,NA,NA,Y,NA,D,22,0,0,1,0,0,0,0,0,0,-,-,34.06488037109375,-118.01416015625,LOS ANGELES,EL MONTE,-118.0141372680664,34.06496810913086
9238061,2021,2021-04-19,1942,2021-03-07,1250,41553,1028,7,5,7,1942,0,0,0,J,0,10A17,FORBES AV,N VANOWEN ST,0,NA,Y,B,-,N,NA,NA,NA,NA,NA,NA,NA,NA,NA,N,4,0,1,2,A,-,03,22350,NA,N,C,C,A,A,H,-,A,D,0,NA,NA,NA,NA,Y,NA,-,99,0,0,1,0,0,0,0,0,0,-,-,NA,NA,LOS ANGELES,LOS ANGELES,-118.49894714355467,34.19389724731445