CASE_ID,ACCIDENT_YEAR,PROC_DATE,JURIS,COLLISION_DATE,COLLISION_TIME,OFFICER_ID,REPORTING_DISTRICT,DAY_OF_WEEK,CHP_SHIFT,POPULATION,CNTY_CITY_LOC,SPECIAL_COND,BEAT_TYPE,CHP_BEAT_TYPE,CITY_DIVISION_LAPD,CHP_BEAT_CLASS,BEAT_NUMBER,PRIMARY_RD,SECONDARY_RD,DISTANCE,DIRECTION,INTERSECTION,WEATHER_1,WEATHER_2,STATE_HWY_IND,CALTRANS_COUNTY,CALTRANS_DISTRICT,STATE_ROUTE,ROUTE_SUFFIX,POSTMILE_PREFIX,POSTMILE,LOCATION_TYPE,RAMP_INTERSECTION,SIDE_OF_HWY,TOW_AWAY,COLLISION_SEVERITY,NUMBER_KILLED,NUMBER_INJURED,PARTY_COUNT,PRIMARY_COLL_FACTOR,PCF_CODE_OF_VIOL,PCF_VIOL_CATEGORY,PCF_VIOLATION,PCF_VIOL_SUBSECTION,HIT_AND_RUN,TYPE_OF_COLLISION,MVIW,PED_ACTION,ROAD_SURFACE,ROAD_COND_1,ROAD_COND_2,LIGHTING,CONTROL_DEVICE,CHP_ROAD_TYPE,PEDESTRIAN_ACCIDENT,BICYCLE_ACCIDENT,MOTORCYCLE_ACCIDENT,TRUCK_ACCIDENT,NOT_PRIVATE_PROPERTY,ALCOHOL_INVOLVED,STWD_VEHTYPE_AT_FAULT,CHP_VEHTYPE_AT_FAULT,COUNT_SEVERE_INJ,COUNT_VISIBLE_INJ,COUNT_COMPLAINT_PAIN,COUNT_PED_KILLED,COUNT_PED_INJURED,COUNT_BICYCLIST_KILLED,COUNT_BICYCLIST_INJURED,COUNT_MC_KILLED,COUNT_MC_INJURED,PRIMARY_RAMP,SECONDARY_RAMP,LATITUDE,LONGITUDE,COUNTY,CITY,POINT_X,POINT_Y
92389065,2024,2024-05-14,9545,2024-05-01,2003,023733,NA,3,2,6,1992,0,1,3,NA,2,011,SR-14 S/B,AVENUE M,2059,N,N,A,-,Y,LA,NA,14,NA,R,65.08,H,NA,L,N,4,0,2,2,A,-,08,22107,NA,M,B,C,A,A,D,-,D,D,0,NA,NA,NA,Y,Y,NA,-,99,0,0,2,0,0,0,0,0,0,-,-,34.651580810546875,-118.15355682373048,LOS ANGELES,LANCASTER,-118.15348815917967,34.651580810546875
92389071,2024,2024-05-14,9530,2024-05-02,1455,023673,NA,4,2,7,1941,0,1,1,NA,2,420,I-405 N/B (SAN DIEGO FREEWAY),ATLANTIC BLVD.,210,S,N,A,-,Y,LA,NA,405,NA,NA,6.028,H,NA,R,N,4,0,1,3,A,-,03,22350,NA,N,C,C,A,A,H,-,A,D,0,NA,NA,NA,NA,Y,NA,A,07,0,0,1,0,0,0,0,0,0,-,-,33.81515884399414,-118.18424987792967,LOS ANGELES,LONG BEACH,-118.18424224853516,33.815181732177734
92389072,2024,2024-05-14,9530,2024-05-02,1600,023562,NA,4,2,9,1900,0,3,5,NA,2,005,CRENSHAW BLVD. (14400 BLOCK),ROSECRANS AVE.,400,S,N,A,-,N,NA,NA,NA,NA,NA,NA,NA,NA,NA,Y,4,0,1,2,A,-,08,22107,NA,N,D,C,A,A,H,-,A,D,0,NA,NA,NA,NA,Y,NA,A,01,0,0,1,0,0,0,0,0,0,-,-,33.90068817138672,-118.32659149169922,LOS ANGELES,UNINCORPORATED,-118.3265380859375,33.90083312988281
92389074,2024,2024-05-14,9545,2024-05-01,1625,023733,NA,3,2,6,1992,0,1,3,NA,2,011,SR-14 SB TO AVENUE H,AVENUE H,5,N,N,A,-,Y,NA,NA,NA,NA,NA,NA,NA,NA,NA,N,4,0,2,2,A,-,03,22350,NA,N,C,C,A,A,D,-,A,A,0,NA,NA,NA,NA,Y,NA,A,01,0,0,2,0,0,0,0,0,0,-,-,34.718929290771484,-118.1716766357422,LOS ANGELES,LANCASTER,-118.17040252685548,34.71857452392578
92389080,2024,2024-05-14,9550,2024-05-02,1630,023712,NA,4,2,5,1908,0,1,3,NA,2,090,SR-91 WB,WOODRUFF AVENUE,1700,E,N,A,-,Y,LA,NA,91,NA,R,16.435,H,NA,L,Y,2,0,1,2,A,-,07,21658,A,N,B,2,A,A,H,-,A,D,0,NA,NA,Y,NA,Y,NA,A,01,1,0,0,0,0,0,0,0,1,-,-,33.87704849243164,-118.11135864257813,LOS ANGELES,BELLFLOWER,-118.11135864257813,33.87704849243164
92389082,2024,2024-05-14,9575,2024-04-25,2115,022477,NA,4,2,9,1900,0,3,5,NA,2,008,N. GOLDEN WEST AVENUE,E. GOLDEN WEST AVENUE,0,NA,Y,A,-,N,NA,NA,NA,NA,NA,NA,NA,NA,NA,N,3,0,2,2,A,-,12,22450,A,N,D,C,A,A,H,-,C,A,0,NA,NA,NA,NA,Y,NA,A,01,0,1,1,0,0,0,0,0,0,-,-,34.121559143066406,-118.05944061279295,LOS ANGELES,UNINCORPORATED,-118.05873870849608,34.11802673339844
92389083,2024,2024-05-14,9545,2024-05-02,1225,023733,NA,4,1,9,1900,0,3,5,NA,2,001,ALDERWOOD RD,ELIZABETH LAKE RD,10,W,N,A,-,Y,NA,NA,NA,NA,NA,NA,NA,NA,NA,Y,4,0,1,1,A,-,08,22107,NA,N,A,I,A,A,H,-,D,D,0,NA,NA,NA,NA,Y,NA,A,01,0,0,1,0,0,0,0,0,0,-,-,34.6586799621582,-118.3771514892578,LOS ANGELES,UNINCORPORATED,-118.37711334228516,34.65861129760742
92389096,2024,2024-05-14,9530,2024-05-02,1415,020938,NA,4,2,9,1900,0,3,5,NA,2,002,MAIN ST,REDONDO BEACH BLVD.,0,NA,Y,A,-,N,NA,NA,NA,NA,NA,NA,NA,NA,NA,Y,4,0,1,2,D,-,00,NA,NA,N,D,C,A,A,H,-,A,A,0,NA,NA,NA,NA,Y,NA,-,-,0,0,1,0,0,0,0,0,0,-,-,33.89295959472656,-118.2763214111328,LOS ANGELES,UNINCORPORATED,-118.27622985839844,33.892921447753906
92389103,2024,2024-05-14,9530,2024-04-19,545,023590,NA,5,3,7,1941,0,1,1,NA,2,073,I-710 N/B FROM ANAHEIM STREET E/B,ANAHEIM ST.,240,S,N,A,-,Y,NA,NA,NA,NA,NA,NA,NA,NA,NA,Y,3,0,1,1,A,-,03,22350,NA,N,F,A,A,A,H,-,C,D,0,NA,NA,NA,Y,Y,NA,G,24,0,1,0,0,0,0,0,0,0,-,-,33.78104019165039,-118.20717620849608,LOS ANGELES,LONG BEACH,-118.20752716064452,33.782012939453125
92389112,2024,2024-05-14,9590,2024-05-03,1803,022444,NA,5,2,7,1942,0,1,1,NA,2,060,I-10 E/B (SANTA MONICA FREEWAY),VERMONT AVENUE,580,W,N,A,-,Y,LA,NA,10,NA,R,13.703,H,NA,R,N,4,0,5,3,A,-,03,22350,NA,N,C,C,A,A,H,-,A,D,0,NA,NA,NA,NA,Y,NA,A,08,0,0,5,0,0,0,0,0,0,-,-,34.036930084228516,-118.29363250732422,LOS ANGELES,LOS ANGELES,-118.29363250732422,34.036865234375
92389127,2024,2024-05-14,9525,2024-05-06,2235,021838,NA,1,3,6,1955,0,1,1,NA,2,110,I-10 E/B,INDIAN HILL BOULEVARD,100,E,N,A,-,Y,LA,NA,10,NA,NA,47.843,H,NA,R,Y,4,0,1,3,A,-,03,22350,NA,N,C,C,A,A,D,E,D,D,0,NA,NA,NA,Y,Y,NA,F,25,0,0,1,0,0,0,0,0,0,-,-,34.08161926269531,-117.71759796142578,LOS ANGELES,POMONA,-117.71759796142578,34.08169174194336
92389137,2024,2024-05-14,9535,2024-05-01,715,020348,NA,3,1,9,1900,0,1,1,NA,2,401,10 WB (SAN BERNARDINO FREEWAY),LEXINGTON AVE.,110,W,N,A,-,Y,LA,NA,10,NA,NA,28.817,H,NA,L,N,4,0,2,3,A,-,08,22107,NA,N,E,I,A,A,H,-,A,D,0,NA,NA,NA,NA,Y,NA,A,07,0,0,2,0,0,0,0,0,0,-,-,34.06850814819336,-118.03987884521484,LOS ANGELES,UNINCORPORATED,-118.03987121582033,34.06856155395508
92389179,2024,2024-05-14,9575,2024-05-08,23,023204,NA,3,3,7,1942,0,1,1,NA,2,052,I-5 S/B (GOLDEN STATE FREEWAY),LANARK STREET,396,N,N,A,-,Y,LA,NA,5,NA,NA,33,H,NA,L,Y,3,0,1,1,A,-,08,22107,NA,N,B,8,A,A,H,-,A,D,0,NA,NA,NA,NA,Y,NA,A,01,0,1,0,0,0,0,0,0,0,-,-,34.21895980834961,-118.3559799194336,LOS ANGELES,LOS ANGELES,-118.3560791015625,34.21889877319336
92389182,2024,2024-05-14,9525,2024-05-12,1820,023661,NA,7,2,5,1906,0,1,1,NA,2,103,I-10 W/B (SAN BERNARDINO FWY),I-605 N/B (SAN GABRIEL RIVER FWY),1320,E,N,A,-,Y,LA,NA,10,NA,NA,31.432,H,NA,L,Y,4,0,1,2,A,-,03,22350,NA,N,C,A,A,A,H,-,A,D,0,NA,NA,NA,NA,Y,NA,A,01,0,0,1,0,0,0,0,0,0,-,-,34.065879821777344,-117.99539947509766,LOS ANGELES,BALDWIN PARK,-117.99537658691406,34.06576919555664
92389185,2024,2024-05-14,9540,2024-05-06,1330,019545,NA,1,1,9,1900,0,1,1,NA,2,507,I-5 SOUTHBOUND,MAGIC MOUNTAIN PKY,1260,N,N,A,-,Y,LA,NA,5,NA,R,53.814,H,NA,L,Y,3,0,1,3,A,-,07,21658,A,F,B,2,A,A,H,-,A,D,0,NA,NA,NA,NA,Y,NA,-,99,0,1,0,0,0,0,0,0,0,-,-,34.426570892333984,-118.58518981933594,LOS ANGELES,UNINCORPORATED,-118.585205078125,34.42656707763672
92389212,2024,2024-05-14,9535,2024-05-04,1130,023567,NA,6,1,9,1900,0,2,4,NA,2,022,OLYMPIC BLVD E/B,GARFIELD AVE,127,E,N,B,-,N,NA,NA,NA,NA,NA,NA,NA,NA,NA,N,4,0,1,2,A,-,09,21804,B,M,D,C,A,A,H,-,A,D,0,NA,NA,NA,NA,Y,NA,A,01,0,0,1,0,0,0,0,0,0,-,-,34.01137924194336,-118.13031005859376,LOS ANGELES,UNINCORPORATED,-118.13043975830078,34.01142883300781
92389228,2024,2024-05-14,9575,2024-04-30,1855,020711,NA,2,2,7,1942,0,1,3,NA,2,043,SR-134 E/B (VENTURA FREEWAY),I-5 S/B U/C,600,W,N,A,-,Y,LA,NA,134,NA,R,5.343,H,NA,R,Y,3,0,2,3,A,-,07,21658,A,N,F,0,A,A,H,-,A,D,0,NA,NA,Y,NA,Y,NA,A,07,0,1,1,0,0,0,0,0,1,-,-,34.15250015258789,-118.28530883789064,LOS ANGELES,LOS ANGELES,-118.28532409667967,34.15247344970703
92389245,2024,2024-05-14,9550,2024-05-13,1129,018408,NA,1,1,9,1900,0,3,5,NA,2,003,GALE AVE. W/B,RIDERWOOD AVE.,0,NA,Y,A,-,N,NA,NA,NA,NA,NA,NA,NA,NA,NA,N,3,0,2,2,A,-,03,22350,NA,N,C,C,A,A,H,-,A,D,0,NA,NA,NA,NA,Y,NA,A,07,0,1,1,0,0,0,0,0,0,-,-,34.01763916015625,-117.98226165771484,LOS ANGELES,UNINCORPORATED,-117.98233795166016,34.01763153076172
92389253,2024,2024-05-14,9525,2024-05-11,1445,022927,NA,6,2,3,1921,0,1,1,NA,2,202,I-210 E/B (FOOTHILL FWY),I-605 S/B (SAN GABRIEL RIVER FWY),55,W,N,A,-,Y,LA,NA,210,NA,R,36.391,H,NA,R,Y,4,0,1,2,A,-,07,21658,A,N,B,D,A,A,H,-,A,D,0,NA,NA,NA,NA,Y,NA,A,07,0,0,1,0,0,0,0,0,0,-,-,34.13417053222656,-117.95807647705078,LOS ANGELES,DUARTE,-117.95801544189452,34.13433074951172
92389260,2024,2024-08-14,9580,2024-05-12,1421,023101,NA,7,2,7,1942,0,1,2,NA,2,102,US-101N TO I-405 S,I-405 S/B (SAN DIEGO FWY),375,N,N,A,-,Y,LA,NA,405,NA,NA,39.591,H,NA,L,N,4,0,1,2,A,-,03,22350,NA,N,C,C,A,A,H,-,A,D,0,NA,NA,NA,NA,Y,NA,A,07,0,0,1,0,0,0,0,0,0,-,-,34.162391662597656,-118.46991729736328,LOS ANGELES,LOS ANGELES,-118.46965026855467,34.162391662597656
92389266,2024,2024-05-14,9580,2024-05-12,1019,023717,NA,7,1,9,1900,0,2,4,NA,1,130,MULHOLLAND HWY,SIERRA CREEK RD,187,W,N,A,-,N,NA,NA,NA,NA,NA,NA,NA,NA,NA,N,4,0,1,2,A,-,05,21460,A,N,B,C,A,A,H,-,A,D,0,NA,NA,Y,NA,Y,NA,C,02,0,0,1,0,0,0,0,0,1,-,-,34.11375045776367,-118.78589630126952,LOS ANGELES,UNINCORPORATED,-118.78594207763672,34.1137809753418
92389267,2024,2024-05-14,9525,2024-05-11,1440,023661,NA,6,2,9,1900,0,3,5,NA,2,004,FRANCISQUITO AVE (1500 BLOCK),WILLOW AVE,88,W,N,A,-,N,NA,NA,NA,NA,NA,NA,NA,NA,NA,N,4,0,1,2,A,-,03,22350,NA,N,C,A,A,A,H,-,A,A,0,NA,NA,NA,NA,Y,NA,D,22,0,0,1,0,0,0,0,0,0,-,-,34.06100845336914,-117.96395111083984,LOS ANGELES,UNINCORPORATED,-117.96376800537108,34.06096267700195
92389282,2024,2024-05-14,9580,2024-05-02,2002,021966,NA,4,2,9,1900,0,1,2,NA,2,106,US-101 N/B (VENTURA FREEWAY),LOST HILLS RD.,210,W,N,A,-,Y,LA,NA,101,NA,NA,31.97,H,NA,R,N,4,0,1,2,A,-,03,22350,NA,M,C,C,A,A,D,-,C,D,0,NA,NA,NA,NA,Y,Y,A,01,0,0,1,0,0,0,0,0,0,-,-,34.14067077636719,-118.71053314208984,LOS ANGELES,UNINCORPORATED,-118.71052551269533,34.14066696166992
92389285,2024,2024-05-14,9525,2024-05-05,110,023144,NA,7,3,9,1900,0,3,5,NA,2,004,AMAR RD.,SUNSET AVE.,0,NA,Y,C,-,N,NA,NA,NA,NA,NA,NA,NA,NA,NA,Y,4,0,2,2,A,-,09,21802,A,N,D,C,A,B,H,-,C,A,0,NA,NA,NA,NA,Y,NA,A,01,0,0,2,0,0,0,0,0,0,-,-,34.04528045654297,-117.9631576538086,LOS ANGELES,UNINCORPORATED,-117.96314239501952,34.045345306396484
92389300,2024,2024-08-14,9525,2024-05-02,815,016450,NA,4,1,9,1900,0,3,5,NA,2,004,WILLOW AVE (900 BLOCK),AMAR RD,300,N,N,A,-,N,NA,NA,NA,NA,NA,NA,NA,NA,NA,N,4,0,1,2,D,-,00,NA,NA,N,D,C,A,A,H,-,A,D,0,NA,NA,NA,NA,Y,NA,-,-,0,0,1,0,0,0,0,0,0,-,-,34.05302047729492,-117.97180938720705,LOS ANGELES,UNINCORPORATED,-117.9719467163086,34.05291748046875
92389316,2024,2024-05-14,9530,2024-05-03,2155,022716,NA,5,2,9,1900,0,3,5,NA,2,001,83RD ST,LOU DILLON AVE,10,W,N,A,-,N,NA,NA,NA,NA,NA,NA,NA,NA,NA,Y,4,0,1,2,A,-,08,22107,NA,M,A,C,A,A,H,-,C,A,0,NA,NA,NA,NA,Y,NA,-,99,0,0,1,0,0,0,0,0,0,-,-,33.96302032470703,-118.23493194580078,LOS ANGELES,UNINCORPORATED,-118.2348861694336,33.9630012512207
92389320,2024,2024-05-14,9525,2024-05-07,920,022105,NA,2,1,6,1955,0,1,3,NA,2,571,SR-57 S/B (ORANGE FWY),I-10 W/B,400,N,N,A,-,Y,LA,NA,57,NA,R,7.814,H,NA,L,Y,4,0,1,3,A,-,07,21658,A,N,C,2,A,A,H,-,A,D,0,NA,NA,NA,NA,Y,NA,-,28,0,0,1,0,0,0,0,0,0,-,-,34.06657028198242,-117.80712127685548,LOS ANGELES,POMONA,-117.8071060180664,34.06657409667969
92389325,2024,2024-05-14,9530,2024-05-03,45,023738,NA,5,3,7,1941,0,1,3,NA,2,320,SR-91 E/B (ARTESIA FREEWAY),LONG BEACH BLVD.,700,W,N,A,-,Y,LA,NA,91,NA,R,10.972,H,NA,R,Y,2,0,1,1,A,-,01,23152,A,N,F,A,A,A,H,-,C,D,0,NA,NA,NA,NA,Y,Y,D,22,1,0,0,0,0,0,0,0,0,-,-,33.87260818481445,-118.20471954345705,LOS ANGELES,LONG BEACH,-118.20466613769533,33.872798919677734
92389329,2024,2024-05-14,9580,2024-05-08,1835,023101,NA,3,2,7,1942,0,1,3,NA,2,114,SR-118 E/B (RONALD REAGAN FWY.),ARLETA AVE,1320,W,N,A,-,Y,LA,NA,118,NA,R,10.844,H,NA,R,Y,4,0,1,4,A,-,03,22350,NA,N,C,C,A,A,H,-,A,D,0,NA,NA,NA,NA,Y,NA,A,01,0,0,1,0,0,0,0,0,0,-,-,34.26573181152344,-118.45419311523438,LOS ANGELES,LOS ANGELES,-118.45419311523438,34.26572799682617
92389343,2024,2024-05-14,9530,2024-04-18,1645,023652,NA,4,2,5,1943,0,1,1,NA,2,210,I-105 W/B (GLENN ANDERSON FWY),LONG BEACH BLVD.,2000,E,N,A,-,Y,LA,NA,105,NA,R,11.934,H,NA,L,N,4,0,1,2,A,-,03,22350,NA,M,C,C,A,A,H,-,A,D,0,NA,NA,NA,NA,Y,NA,A,07,0,0,1,0,0,0,0,0,0,-,-,33.92256164550781,-118.20408630371094,LOS ANGELES,LYNWOOD,-118.20410919189452,33.92253112792969
92389344,2024,2024-05-14,9550,2024-05-04,330,023073,NA,6,3,5,1908,0,1,1,NA,2,654,SR-91 EB,CLARK AVE,100,W,N,A,-,Y,LA,NA,91,NA,R,15.065,H,NA,R,Y,3,0,1,3,A,-,07,21658,A,F,C,C,A,A,H,-,C,D,0,NA,NA,NA,Y,Y,Y,-,99,0,1,0,0,0,0,0,0,0,-,-,33.877079010009766,-118.13484954833984,LOS ANGELES,BELLFLOWER,-118.13484954833984,33.877105712890625
92389347,2024,2024-05-14,9580,2024-05-10,1621,023395,NA,5,2,7,1942,0,1,1,NA,2,407,I-405 S/B (SAN DIEGO FWY),NORDHOFF ST,1056,S,N,A,-,Y,LA,NA,405,NA,NA,44.491,H,NA,L,N,4,0,2,2,A,-,03,22350,NA,N,C,C,A,A,H,-,A,D,0,NA,NA,NA,NA,Y,NA,A,07,0,0,2,0,0,0,0,0,0,-,-,34.231849670410156,-118.47328948974608,LOS ANGELES,LOS ANGELES,-118.47321319580078,34.231849670410156
92389352,2024,2024-05-14,9575,2024-03-28,1925,023031,NA,4,2,7,1942,0,1,1,NA,2,053,I-5 N/B (GOLDEN STATE FREEWAY),VAN NUYS BLVD.,450,N,N,A,-,Y,LA,NA,5,NA,NA,38.609,H,NA,R,N,4,0,1,2,A,-,03,22350,NA,M,C,C,A,A,H,-,A,D,0,NA,NA,NA,NA,Y,NA,-,99,0,0,1,0,0,0,0,0,0,-,-,34.257728576660156,-118.43602752685548,LOS ANGELES,LOS ANGELES,-118.43602752685548,34.25773239135742
92389356,2024,2024-05-14,9550,2024-04-29,255,023248,NA,1,3,6,1949,0,1,1,NA,2,501,INSTERSTATE 5 NORTHBOUND,ROSECRANS AVENUE,1660,S,N,A,-,Y,NA,NA,NA,NA,NA,NA,NA,NA,NA,Y,4,0,1,2,A,-,08,22107,NA,N,C,C,A,A,H,-,C,D,0,NA,NA,NA,NA,Y,Y,A,01,0,0,1,0,0,0,0,0,0,-,-,33.899620056152344,-118.0567626953125,LOS ANGELES,NORWALK,-118.06143951416016,33.902259826660156
92389380,2024,2024-05-14,9580,2024-05-11,620,023440,NA,6,1,7,1942,0,1,3,NA,2,170,SR-170 N/B (HOLLYWOOD FWY.),ROSCOE BLVD,190,S,N,A,-,Y,LA,NA,170,NA,R,19.691,H,NA,R,Y,4,0,1,2,A,-,07,21658,A,N,C,C,A,A,H,-,A,D,0,NA,NA,NA,NA,Y,NA,A,01,0,0,1,0,0,0,0,0,0,-,-,34.22101974487305,-118.40988159179688,LOS ANGELES,LOS ANGELES,-118.4098663330078,34.22102355957031
92389386,2024,2024-05-14,9530,2024-04-27,2100,023188,NA,6,2,5,1943,0,1,1,NA,2,210,I-105 W/B (GLENN ANDERSON FWY),LONG BEACH BLVD.,2640,E,N,A,-,Y,LA,NA,105,NA,R,12.098,H,NA,L,Y,4,0,1,2,A,-,01,23152,A,N,C,C,A,A,H,-,C,D,0,NA,NA,NA,NA,Y,Y,A,07,0,0,1,0,0,0,0,0,0,-,-,33.92137908935547,-118.20166015625,LOS ANGELES,LYNWOOD,-118.20162963867188,33.921424865722656
92389389,2024,2024-05-14,9530,2024-05-03,1617,023688,NA,5,2,9,1900,0,1,1,NA,2,210,I-105 W/B TO WILMINGTON AVE.,WILMINGTON AVE.,2112,E,N,A,-,Y,LA,NA,105,NA,R,10.196,H,NA,L,Y,4,0,4,2,A,-,03,22350,NA,N,C,A,A,A,H,-,A,D,0,NA,NA,NA,NA,Y,NA,A,01,0,0,4,0,0,0,0,0,0,-,-,33.92845916748047,-118.23223114013672,LOS ANGELES,UNINCORPORATED,-118.2322006225586,33.928253173828125
92389399,2024,2024-05-14,9550,2024-05-03,1248,018187,NA,5,1,9,1900,0,3,5,NA,2,002,1ST AVE,IMPERIAL HWY,0,NA,Y,B,-,N,NA,NA,NA,NA,NA,NA,NA,NA,NA,N,4,0,2,2,A,-,09,21801,A,N,A,C,A,A,H,-,A,A,0,NA,NA,NA,NA,Y,NA,A,07,0,0,2,0,0,0,0,0,0,-,-,33.91735076904297,-117.9855499267578,LOS ANGELES,UNINCORPORATED,-117.98555755615234,33.917301177978516
92389402,2024,2024-05-14,9530,2024-05-03,1537,023688,NA,5,2,9,1900,0,3,5,NA,2,002,COMPTON AVE (1550 BLOCK),121ST ST.,0,NA,Y,A,-,N,NA,NA,NA,NA,NA,NA,NA,NA,NA,Y,4,0,4,2,A,-,09,21801,A,N,D,C,A,A,H,-,A,D,0,NA,NA,NA,NA,Y,NA,A,07,0,0,4,0,0,0,0,0,0,-,-,33.922969818115234,-118.2462921142578,LOS ANGELES,UNINCORPORATED,-118.24646759033205,33.922828674316406
92389438,2024,2024-05-14,9530,2024-05-03,1435,023568,NA,5,2,9,1900,0,3,5,NA,2,002,STANFORD AVE.,LENNON ST.,0,NA,Y,A,-,N,NA,NA,NA,NA,NA,NA,NA,NA,NA,N,4,0,2,2,A,-,08,22107,NA,N,D,C,A,A,H,-,A,D,0,NA,NA,NA,NA,Y,NA,D,22,0,0,2,0,0,0,0,0,0,-,-,33.89963150024414,-118.26138305664064,LOS ANGELES,UNINCORPORATED,-118.2614517211914,33.89958953857422
92389465,2024,2024-05-14,9590,2024-04-28,730,021926,NA,7,1,7,1942,0,1,1,NA,2,050,I-110 (HARBOR FREEWAY),92ND STREET,120,S,N,A,-,Y,LA,NA,110,NA,NA,15.463,H,NA,R,N,3,0,1,2,A,-,07,21658,A,N,B,C,A,A,H,-,A,D,0,NA,NA,NA,Y,Y,NA,A,01,0,1,0,0,0,0,0,0,0,-,-,33.95248031616211,-118.28015899658205,LOS ANGELES,LOS ANGELES,-118.28020477294922,33.95247268676758
92389480,2024,2024-05-14,9565,2024-05-02,1320,022576,NA,4,1,5,1928,0,1,1,NA,2,060,I-405 S/B,EL SEGUNDO BLVD,900,S,N,A,-,Y,LA,NA,405,NA,NA,20.045,H,NA,L,Y,3,0,1,2,A,-,03,22350,NA,F,C,2,A,A,H,-,A,D,0,NA,NA,Y,NA,Y,NA,C,02,0,1,0,0,0,0,0,0,1,-,-,33.91379165649414,-118.37050628662108,LOS ANGELES,HAWTHORNE,-118.3705825805664,33.91379165649414
92389492,2024,2024-05-14,9525,2024-04-26,700,014593,NA,5,1,9,1900,0,2,4,NA,2,057,BREA CANYON RD,TONNER CANYON RD,3168,N,N,B,C,N,NA,NA,NA,NA,NA,NA,NA,NA,NA,Y,4,0,1,3,A,-,03,22350,NA,N,D,C,A,B,H,-,A,B,0,NA,NA,NA,NA,Y,NA,A,01,0,0,1,0,0,0,0,0,0,-,-,33.94655990600586,-117.86966705322266,LOS ANGELES,UNINCORPORATED,NA,NA
92389539,2024,2024-05-14,9590,2024-04-29,1228,017877,NA,1,1,7,1942,0,1,1,NA,2,051,I-110 N/B HARBOR FREEWAY),88TH STREET,500,S,N,A,-,Y,LA,NA,110,NA,NA,15.69,H,NA,R,N,4,0,5,5,A,-,03,22350,NA,N,C,C,A,A,H,-,A,D,0,NA,NA,NA,NA,Y,NA,D,22,0,0,5,0,0,0,0,0,0,-,-,33.9556999206543,-118.2807388305664,LOS ANGELES,LOS ANGELES,-118.2807159423828,33.9556999206543
92389557,2024,2024-05-14,9530,2024-05-03,1405,023672,NA,5,2,9,1900,0,1,1,NA,2,200,I-105 E/B (GLENN ANDERSON FWY),CENTRAL AVE.,1056,W,N,A,-,Y,LA,NA,105,NA,R,8.05,H,NA,R,Y,3,0,1,3,A,-,07,21658,A,M,B,C,A,A,H,-,A,D,0,NA,NA,Y,NA,Y,NA,-,99,0,1,0,0,0,0,0,0,1,-,-,33.92734909057617,-118.26914978027344,LOS ANGELES,UNINCORPORATED,-118.26914978027344,33.927310943603516
92389570,2024,2024-05-14,9565,2024-05-02,1455,021512,NA,4,2,4,1918,0,1,1,NA,2,061,I-405 N/B,SR-90,100,N,N,A,-,Y,LA,NA,405,NA,NA,26.106,H,NA,R,Y,4,0,1,2,C,-,18,NA,NA,N,D,2,A,A,H,-,A,D,0,NA,NA,NA,NA,Y,NA,-,-,0,0,1,0,0,0,0,0,0,-,-,33.989688873291016,-118.40052032470705,LOS ANGELES,CULVER CITY,-118.40052032470705,33.989688873291016
92389584,2024,2024-05-14,9565,2024-05-02,2105,023735,NA,4,2,9,1900,0,2,4,NA,2,042,LENNOX BOULEVARD,OSAGE AVENUE,0,NA,Y,B,-,N,NA,NA,NA,NA,NA,NA,NA,NA,NA,N,4,0,1,2,A,-,10,21950,A,N,G,B,B,A,H,-,B,D,0,Y,NA,NA,NA,Y,NA,A,01,0,0,1,0,1,0,0,0,0,-,-,33.93812942504883,-118.34612274169922,LOS ANGELES,UNINCORPORATED,-118.34613800048828,33.93818283081055
92389586,2024,2024-05-14,9530,2024-05-03,137,021842,NA,5,3,7,1942,0,1,1,NA,2,400,S/B I-405 (SAN DIEGO FREEWAY),VERMONT AVE.,1250,N,N,A,-,Y,LA,NA,405,NA,NA,13.615,H,NA,R,Y,3,0,1,2,C,-,18,NA,NA,N,E,J,A,A,H,-,D,D,0,NA,NA,NA,NA,Y,NA,-,-,0,1,0,0,0,0,0,0,0,-,-,33.85980987548828,-118.29515075683594,LOS ANGELES,LOS ANGELES,-118.29515075683594,33.859920501708984
92389612,2024,2024-05-14,9530,2024-05-03,1015,023418,NA,5,1,5,1977,0,1,1,NA,2,410,I-405 S/B (SAN DIEGO FREEWAY),DEL AMO BLVD.,1000,N,N,A,-,Y,LA,NA,405,NA,NA,12.29,H,NA,L,N,4,0,1,2,A,-,03,22350,NA,N,C,C,A,A,H,-,A,D,0,NA,NA,NA,NA,Y,NA,A,01,0,0,1,0,0,0,0,0,0,-,-,33.85020065307617,-118.27606201171876,LOS ANGELES,CARSON,-118.27611541748048,33.85014724731445