CASE_ID,ACCIDENT_YEAR,PROC_DATE,JURIS,COLLISION_DATE,COLLISION_TIME,OFFICER_ID,REPORTING_DISTRICT,DAY_OF_WEEK,CHP_SHIFT,POPULATION,CNTY_CITY_LOC,SPECIAL_COND,BEAT_TYPE,CHP_BEAT_TYPE,CITY_DIVISION_LAPD,CHP_BEAT_CLASS,BEAT_NUMBER,PRIMARY_RD,SECONDARY_RD,DISTANCE,DIRECTION,INTERSECTION,WEATHER_1,WEATHER_2,STATE_HWY_IND,CALTRANS_COUNTY,CALTRANS_DISTRICT,STATE_ROUTE,ROUTE_SUFFIX,POSTMILE_PREFIX,POSTMILE,LOCATION_TYPE,RAMP_INTERSECTION,SIDE_OF_HWY,TOW_AWAY,COLLISION_SEVERITY,NUMBER_KILLED,NUMBER_INJURED,PARTY_COUNT,PRIMARY_COLL_FACTOR,PCF_CODE_OF_VIOL,PCF_VIOL_CATEGORY,PCF_VIOLATION,PCF_VIOL_SUBSECTION,HIT_AND_RUN,TYPE_OF_COLLISION,MVIW,PED_ACTION,ROAD_SURFACE,ROAD_COND_1,ROAD_COND_2,LIGHTING,CONTROL_DEVICE,CHP_ROAD_TYPE,PEDESTRIAN_ACCIDENT,BICYCLE_ACCIDENT,MOTORCYCLE_ACCIDENT,TRUCK_ACCIDENT,NOT_PRIVATE_PROPERTY,ALCOHOL_INVOLVED,STWD_VEHTYPE_AT_FAULT,CHP_VEHTYPE_AT_FAULT,COUNT_SEVERE_INJ,COUNT_VISIBLE_INJ,COUNT_COMPLAINT_PAIN,COUNT_PED_KILLED,COUNT_PED_INJURED,COUNT_BICYCLIST_KILLED,COUNT_BICYCLIST_INJURED,COUNT_MC_KILLED,COUNT_MC_INJURED,PRIMARY_RAMP,SECONDARY_RAMP,LATITUDE,LONGITUDE,COUNTY,CITY,POINT_X,POINT_Y
92393013,2024,2024-05-17,9590,2024-05-07,1640,022313,NA,2,2,7,1942,0,1,3,NA,2,095,SR-2 W/B (GLENDALE FREEWAY) TO I-5 S/B (GOLDEN STA,NEWELL STREET,900,W,N,A,-,Y,LA,NA,5,NA,NA,22.478,H,NA,L,N,4,0,1,2,A,-,07,21658,A,M,B,C,A,A,H,-,A,D,0,NA,NA,NA,NA,Y,NA,A,07,0,0,1,0,0,0,0,0,0,-,-,34.10152053833008,-118.24942016601564,LOS ANGELES,LOS ANGELES,-118.24921417236328,34.10163116455078
92393023,2024,2024-05-17,9550,2024-05-09,1420,023172,NA,4,2,9,1900,0,1,3,NA,2,602,STATEROUTE 60 EASTBOUND,NOGALES,680,W,N,A,-,Y,LA,NA,60,NA,NA,20.285,H,NA,R,Y,4,0,1,2,A,-,03,22350,NA,N,C,C,A,A,H,-,A,D,0,NA,NA,NA,Y,Y,NA,F,26,0,0,1,0,0,0,0,0,0,-,-,33.994041442871094,-117.89115142822266,LOS ANGELES,UNINCORPORATED,-117.89115142822266,33.99406814575195
92393024,2024,2024-05-17,9550,2024-05-06,1630,023053,NA,1,2,5,1908,0,1,3,NA,2,091,STATE ROUTE 91 EASTBOUND,DOWNEY AVENUE,390,E,N,A,-,Y,LA,NA,91,NA,R,14.197,H,NA,R,Y,4,0,2,2,A,-,03,22350,NA,F,C,C,A,A,H,-,A,D,0,NA,NA,NA,NA,Y,NA,A,01,0,0,2,0,0,0,0,0,0,-,-,33.87688064575195,-118.14991760253906,LOS ANGELES,BELLFLOWER,-118.14991760253906,33.876991271972656
92393063,2024,2024-05-20,9550,2024-05-10,1527,022631,NA,5,2,9,1900,0,2,4,NA,1,032,GALE AVE.,HACIENDA BLVD,100,W,N,A,-,N,NA,NA,NA,NA,NA,NA,NA,NA,NA,Y,3,0,2,2,A,-,09,21804,A,N,D,C,A,A,H,-,A,D,0,NA,NA,NA,NA,Y,NA,D,22,0,1,1,0,0,0,0,0,0,-,-,34.01103973388672,-117.96363830566406,LOS ANGELES,UNINCORPORATED,-117.9633331298828,34.010929107666016
92393076,2024,2024-05-20,9550,2024-05-06,1415,023609,NA,1,2,6,1920,0,1,1,NA,2,500,I-5 SOUTHBOUND,FLORENCE AVENUE,1900,S,N,A,-,Y,LA,NA,5,NA,NA,6.001,H,NA,L,Y,3,0,1,1,A,-,08,22107,NA,N,F,A,A,A,H,-,A,D,0,NA,NA,Y,NA,Y,NA,C,02,0,1,0,0,0,0,0,0,1,-,-,33.93048858642578,-118.08939361572266,LOS ANGELES,DOWNEY,-118.08938598632813,33.93049240112305
92393077,2024,2024-05-20,9550,2024-05-10,1838,023609,NA,5,2,9,1900,0,2,4,NA,1,022,LEFFINGWELL ROAD,STAMY ROAD,0,NA,Y,A,-,N,NA,NA,NA,NA,NA,NA,NA,NA,NA,Y,3,0,1,2,A,-,09,21801,A,N,D,C,A,A,H,-,A,D,0,NA,NA,NA,NA,Y,NA,A,07,0,1,0,0,0,0,0,0,0,-,-,33.9282112121582,-118.00626373291016,LOS ANGELES,UNINCORPORATED,-118.00628662109376,33.92804718017578
92393263,2024,2024-05-20,9575,2024-05-14,1310,017722,NA,2,1,6,1953,0,1,1,NA,2,064,I-210 W/B (FOOTHILL FREEWAY),LAKE AVE.,100,E,N,A,-,Y,LA,NA,210,NA,R,26.344,H,NA,L,Y,3,0,1,2,A,-,03,22350,NA,N,C,C,A,A,H,-,A,A,0,NA,NA,NA,NA,Y,NA,D,22,0,1,0,0,0,0,0,0,0,-,-,34.152061462402344,-118.132080078125,LOS ANGELES,PASADENA,-118.132080078125,34.1519775390625
92393296,2024,2024-05-20,9575,2024-05-15,1550,021879,NA,3,2,7,1942,0,1,1,NA,2,050,I-5 N/B (GOLDEN STATE FREEWAY),ZOO DR.,275,S,N,B,-,Y,LA,NA,5,NA,NA,26.415,H,NA,R,N,4,0,1,2,A,-,07,21658,A,N,B,C,A,A,H,-,A,D,0,NA,NA,NA,NA,Y,NA,A,01,0,0,1,0,0,0,0,0,0,-,-,34.14984130859375,-118.28008270263672,LOS ANGELES,LOS ANGELES,-118.28006744384766,34.149845123291016
92393300,2024,2024-05-20,9525,2024-05-11,1310,018992,NA,6,1,5,1990,0,1,3,NA,2,574,SR-57 N/B (ORANGE FWY),PATHFINDER RD.,650,N,N,A,-,Y,LA,NA,57,NA,R,3.3,H,NA,R,Y,4,0,1,1,A,-,08,22107,NA,N,E,I,A,A,H,-,A,D,0,NA,NA,NA,NA,Y,NA,A,07,0,0,1,0,0,0,0,0,0,-,-,33.98625183105469,-117.8430633544922,LOS ANGELES,DIAMOND BAR,-117.84290313720705,33.98625564575195
92393302,2024,2024-05-20,9530,2024-05-09,1656,023580,NA,4,2,7,1942,0,1,1,NA,2,110,I-110 S/B (HARBOR FREEWAY),104TH STREET.,100,N,N,A,-,Y,LA,NA,110,NA,NA,14.753,H,NA,L,Y,4,0,1,2,A,-,07,21658,A,N,B,C,A,A,H,-,A,D,0,NA,NA,NA,NA,Y,NA,A,01,0,0,1,0,0,0,0,0,0,-,-,33.942291259765625,-118.28011322021484,LOS ANGELES,LOS ANGELES,-118.28009033203124,33.942291259765625
92393304,2024,2024-05-20,9525,2024-05-08,2345,022097,NA,3,3,9,1900,0,2,4,NA,2,022,CYPRESS ST,CONEY AVE,0,NA,Y,A,-,N,NA,NA,NA,NA,NA,NA,NA,NA,NA,Y,4,0,1,4,A,-,08,22107,NA,N,D,2,A,A,H,-,C,D,0,NA,NA,NA,NA,Y,NA,A,01,0,0,1,0,0,0,0,0,0,-,-,34.09593963623047,-117.92272186279295,LOS ANGELES,UNINCORPORATED,-117.92275238037108,34.09599685668945
92393313,2024,2024-05-20,9525,2024-05-17,1300,021545,NA,5,1,9,1900,0,1,3,NA,1,024,SR-39 (SAN GABRIEL CANYON RD.),MM 35.38,30,N,N,A,-,Y,LA,NA,39,NA,NA,39.887,H,NA,R,Y,4,0,1,1,A,-,08,22107,NA,N,F,0,A,A,H,-,A,D,0,NA,NA,Y,NA,Y,NA,C,02,0,0,1,0,0,0,0,0,1,-,-,34.310081481933594,-117.86241149902344,LOS ANGELES,UNINCORPORATED,-117.86234283447266,34.31016159057617
92393315,2024,2024-05-20,9525,2024-05-18,1440,022627,NA,6,2,5,1990,0,1,3,NA,2,584,SR-57 N/B (ORANGE FWY),DIAMOND BAR BLVD,2112,N,N,A,-,Y,LA,NA,57,NA,R,2.359,H,NA,R,Y,4,0,1,3,A,-,03,22350,NA,N,C,C,A,A,H,-,A,D,0,NA,NA,NA,NA,Y,NA,A,07,0,0,1,0,0,0,0,0,0,-,-,33.973480224609375,-117.84490203857422,LOS ANGELES,DIAMOND BAR,-117.84477996826172,33.973411560058594
92393317,2024,2024-05-20,9525,2024-05-11,2220,022772,NA,6,3,6,1955,0,1,1,NA,2,108,I-10 E/B (SAN BERNARDINO FWY),SR-71 S/B (CHINO VALLEY FWY),2112,W,N,A,-,Y,LA,NA,10,NA,NA,42.269,H,NA,R,N,4,0,2,2,A,-,03,22350,NA,F,C,C,A,A,H,-,C,D,0,NA,NA,NA,NA,Y,NA,-,99,0,0,2,0,0,0,0,0,0,-,-,34.064151763916016,-117.80947113037108,LOS ANGELES,POMONA,-117.80947875976564,34.06417465209961
92393318,2024,2024-05-20,9545,2024-05-11,55,022949,NA,6,3,6,1950,0,3,5,NA,2,002,AVENUE S,SR-14 N/B,0,NA,Y,A,-,N,NA,NA,NA,NA,NA,NA,NA,NA,NA,Y,4,0,1,2,A,-,12,21453,A,N,D,C,A,A,H,-,C,A,0,NA,NA,NA,NA,Y,NA,A,01,0,0,1,0,0,0,0,0,0,-,-,34.557830810546875,-118.13176727294922,LOS ANGELES,PALMDALE,-118.13233184814452,34.55792999267578
92393480,2024,2024-05-20,9575,2024-05-09,945,023072,NA,4,1,7,1942,0,1,1,NA,2,052,I-5 S/B (GOLDEN STATE FREEWAY),LANKERSHIM BOULEVARD,705,N,N,A,-,Y,LA,NA,5,NA,NA,35.134,H,NA,L,N,4,0,1,2,A,-,03,22350,NA,N,C,C,A,A,H,-,A,D,0,NA,NA,NA,NA,Y,NA,D,22,0,0,1,0,0,0,0,0,0,-,-,34.22740936279297,-118.39008331298828,LOS ANGELES,LOS ANGELES,-118.3901138305664,34.22735595703125
92393482,2024,2024-05-20,9575,2024-05-09,1640,022469,NA,4,2,9,1900,0,1,1,NA,2,065,I-210 W/B (FOOTHILL FREEWAY),ROSEMEAD BLVD,772,E,N,A,-,Y,LA,NA,210,NA,R,29.645,H,NA,L,Y,2,0,1,2,A,-,03,22350,NA,N,C,2,A,A,H,-,A,D,0,NA,NA,NA,NA,Y,NA,A,01,1,0,0,0,0,0,0,0,0,-,-,34.148799896240234,-118.07076263427734,LOS ANGELES,UNINCORPORATED,-118.07076263427734,34.14878845214844
92393483,2024,2024-05-20,9575,2024-05-17,530,023227,NA,5,3,6,1953,0,1,1,NA,2,064,I-210 E/B (FOOTHILL FREEWAY),ALLEN AVENUE,120,E,N,B,-,Y,LA,NA,210,NA,R,27.459,H,NA,R,Y,4,0,1,2,A,-,03,22350,NA,N,C,C,A,A,H,-,B,D,0,NA,NA,NA,Y,Y,NA,A,07,0,0,1,0,0,0,0,0,0,-,-,34.15224838256836,-118.11263275146484,LOS ANGELES,PASADENA,-118.11263275146484,34.15228271484375
92393519,2024,2024-05-20,9550,2024-05-18,305,023734,NA,6,3,9,1900,0,2,4,NA,1,012,COLIMA ROAD (1900 BLOCK),OTTERBEIN AVENUE,580,E,N,A,-,N,NA,NA,NA,NA,NA,NA,NA,NA,NA,Y,3,0,2,2,A,-,01,23152,A,N,D,C,A,A,H,-,C,D,0,NA,NA,NA,NA,Y,Y,-,-,0,1,1,0,0,0,0,0,0,-,-,33.98720169067383,-117.88288116455078,LOS ANGELES,UNINCORPORATED,-117.88297271728516,33.98715591430664
92393524,2024,2024-05-20,9575,2024-05-13,1655,022469,NA,1,2,9,1900,0,2,4,NA,2,082,HUNTINGTON DR (8800 BLOCK),MAYESDALE AVE (7100 BLOCK),85,W,N,A,-,N,NA,NA,NA,NA,NA,NA,NA,NA,NA,Y,4,0,1,2,A,-,08,22107,NA,N,C,E,A,A,H,-,A,D,0,NA,NA,NA,NA,Y,NA,A,01,0,0,1,0,0,0,0,0,0,-,-,34.12971878051758,-118.07763671875,LOS ANGELES,UNINCORPORATED,-118.07760620117188,34.12979507446289
92393559,2024,2024-05-20,9545,2024-05-10,310,023340,NA,5,3,6,1950,0,1,3,NA,2,021,SR-14 N/B,AVENUE Q,2312,N,N,A,-,Y,LA,NA,14,NA,R,60.645,H,NA,R,N,4,0,1,2,A,-,03,22350,NA,N,C,C,A,A,H,-,C,D,0,NA,NA,NA,NA,Y,NA,A,01,0,0,1,0,0,0,0,0,0,-,-,34.593528747558594,-118.13413238525392,LOS ANGELES,PALMDALE,-118.13417816162108,34.59352111816406
92393561,2024,2024-05-20,9545,2024-05-10,1155,023663,NA,5,1,6,1950,0,1,3,NA,2,021,SR-14 N/B,RANCHO VISTA BLVD,1475,S,N,A,-,Y,LA,NA,14,NA,R,61.084,H,NA,R,Y,4,0,1,1,B,-,22,NA,NA,N,E,J,A,A,D,-,A,D,0,NA,NA,NA,NA,Y,NA,D,22,0,0,1,0,0,0,0,0,0,-,-,34.59878921508789,-118.13835906982422,LOS ANGELES,PALMDALE,-118.13841247558594,34.5987434387207
92393562,2024,2024-05-20,9545,2024-05-10,1400,023663,NA,5,2,6,1950,0,1,3,NA,2,021,SR-14 S/B,TECHNOLOGY DRIVE,57,N,N,A,-,Y,LA,NA,14,NA,R,60.733,H,NA,L,N,4,0,1,2,A,-,07,21658,A,N,B,C,A,A,D,-,A,D,0,NA,NA,NA,NA,Y,NA,A,01,0,0,1,0,0,0,0,0,0,-,-,34.59471130371094,-118.13490295410156,LOS ANGELES,PALMDALE,-118.13488006591795,34.5947151184082
92393567,2024,2024-05-20,9545,2024-05-12,1147,023663,NA,7,1,6,1950,0,1,3,NA,2,021,SR-14 N/B,RANCHO VISTA BLVD,5914,S,N,A,-,Y,LA,NA,14,NA,R,60.177,H,NA,R,Y,4,0,4,2,D,-,00,NA,NA,N,C,C,A,A,H,-,A,D,0,NA,NA,NA,NA,Y,NA,-,-,0,0,4,0,0,0,0,0,0,-,-,34.58675003051758,-118.13379669189452,LOS ANGELES,PALMDALE,-118.13380432128906,34.58675003051758
92393569,2024,2024-06-26,9545,2024-05-12,228,022949,NA,7,3,6,1950,0,1,3,NA,2,021,SR-14 N/B,AVENUE N,2059,S,N,A,-,Y,LA,NA,14,NA,R,63.269,H,NA,R,Y,4,0,1,1,A,-,01,23152,A,N,E,I,A,A,D,-,D,D,0,NA,NA,NA,NA,Y,Y,A,01,0,0,1,0,0,0,0,0,0,-,-,34.625301361083984,-118.1531219482422,LOS ANGELES,PALMDALE,-118.15306091308594,34.625301361083984
92393570,2024,2024-05-20,9545,2024-05-12,1725,023340,NA,7,2,9,1900,0,3,5,NA,2,002,15TH ST  W,AVENUE O,0,NA,Y,A,-,N,NA,NA,NA,NA,NA,NA,NA,NA,NA,Y,4,0,1,2,A,-,09,21802,A,N,D,C,A,A,H,-,A,A,0,NA,NA,NA,NA,Y,NA,A,01,0,0,1,0,0,0,0,0,0,-,-,34.61653137207031,-118.15663909912108,LOS ANGELES,UNINCORPORATED,-118.15663146972656,34.616519927978516
92393587,2024,2024-05-20,9545,2024-05-09,2351,023742,NA,4,3,9,1900,0,3,5,NA,2,004,90TH ST  E,AVENUE Q,213,N,N,A,-,N,NA,NA,NA,NA,NA,NA,NA,NA,NA,Y,4,0,1,2,A,-,03,22350,NA,N,C,C,A,A,H,-,D,D,0,NA,NA,NA,NA,Y,NA,A,01,0,0,1,0,0,0,0,0,0,-,-,34.5877685546875,-117.96913146972656,LOS ANGELES,UNINCORPORATED,-117.96916961669922,34.58769226074219
92393695,2024,2024-05-20,9590,2024-05-08,140,023719,NA,3,3,7,1942,0,1,1,NA,2,081,I-5 S/B (GOLDEN STATE FREEWAY),MAIN ST,800,N,N,A,-,Y,LA,NA,5,NA,NA,19.371,H,NA,L,Y,4,0,1,2,A,-,07,21658,A,F,B,C,A,A,H,-,C,D,0,NA,NA,NA,NA,Y,NA,-,99,0,0,1,0,0,0,0,0,0,-,-,34.068328857421875,-118.2168426513672,LOS ANGELES,LOS ANGELES,-118.21681213378906,34.06834030151367
92393706,2024,2024-05-20,9590,2024-03-23,1810,023445,NA,6,2,7,1942,0,1,1,NA,2,063,I-10 W/B (SMF) FROM GRAND AVENUE,GRAND AVENUE,470,W,N,A,-,Y,LA,NA,10,NA,NA,15.21,H,NA,L,N,4,0,1,2,A,-,07,21658,A,M,B,C,A,A,H,-,A,D,0,NA,NA,NA,NA,Y,NA,-,99,0,0,1,0,0,0,0,0,0,-,-,34.03554153442383,-118.26831817626952,LOS ANGELES,LOS ANGELES,-118.26841735839844,34.035438537597656
92393710,2024,2024-05-20,9590,2024-04-13,455,023232,NA,6,3,7,1942,0,1,1,NA,2,060,I-10 E/B (SANTA MONICA FREEWAY),WEST BLVD,600,W,N,A,-,Y,LA,NA,10,NA,R,10.912,H,NA,R,Y,3,0,1,2,A,-,01,23152,A,N,C,C,A,A,H,-,C,D,0,NA,NA,NA,NA,Y,Y,A,01,0,1,0,0,0,0,0,0,0,-,-,34.034568786621094,-118.34214782714844,LOS ANGELES,LOS ANGELES,-118.34214782714844,34.034576416015625
92393726,2024,2024-06-21,9530,2024-05-08,1430,020938,NA,3,2,9,1900,0,3,5,NA,2,001,NADEAU ST,HOOPER AVE,0,NA,Y,A,-,N,NA,NA,NA,NA,NA,NA,NA,NA,NA,N,4,0,1,2,D,-,00,NA,NA,N,A,C,A,A,H,-,A,A,0,NA,NA,NA,NA,Y,NA,-,-,0,0,1,0,0,0,0,0,0,-,-,33.96738815307617,-118.2522201538086,LOS ANGELES,UNINCORPORATED,-118.25205993652344,33.96745681762695
92393736,2024,2024-05-20,9530,2024-05-04,330,023090,NA,6,3,9,1900,0,3,5,NA,2,002,AVALON BLVD.,REDONDO BEACH BLVD.,10,S,N,A,-,N,NA,NA,NA,NA,NA,NA,NA,NA,NA,Y,2,0,1,1,A,-,08,22107,NA,F,E,J,A,A,H,-,C,A,0,NA,NA,NA,NA,Y,NA,A,01,1,0,0,0,0,0,0,0,0,-,-,33.893009185791016,-118.26515197753906,LOS ANGELES,UNINCORPORATED,-118.2654037475586,33.893192291259766
92393740,2024,2024-05-20,9525,2024-05-11,1535,022959,NA,6,2,6,1955,0,1,3,NA,2,606,SR-60 E/B (POMONA FWY),RESERVOIR ST.,300,E,N,A,-,Y,LA,NA,60,NA,R,30.25,H,NA,R,Y,4,0,1,2,A,-,03,22350,NA,N,C,C,A,A,H,-,A,D,0,NA,NA,NA,NA,Y,NA,A,07,0,0,1,0,0,0,0,0,0,-,-,34.0248908996582,-117.73306274414064,LOS ANGELES,POMONA,-117.73305511474608,34.02484130859375
92393741,2024,2024-05-20,9525,2024-05-03,2115,023085,NA,5,2,6,1955,0,1,1,NA,2,109,I-10 W/B (SAN BERNARDINO FWY),WHITE AVENUE,100,W,N,A,-,Y,LA,NA,10,NA,NA,45.185,H,NA,L,Y,3,0,2,1,A,-,03,22350,NA,N,F,8,A,A,H,-,D,D,0,NA,NA,NA,NA,Y,NA,A,07,0,1,1,0,0,0,0,0,0,-,-,34.07115936279297,-117.76117706298828,LOS ANGELES,POMONA,-117.76114654541016,34.07098388671875
92393752,2024,2024-07-12,9575,2024-04-25,1455,023134,NA,4,2,7,1942,0,1,1,NA,2,052,I-5 N/B (GOLDEN STATE FREEWAY),SHELDON ST.,1995,S,N,A,-,Y,LA,NA,5,NA,NA,35.609,H,NA,R,N,4,0,1,2,A,-,03,22350,NA,M,C,C,A,A,H,-,A,D,0,NA,NA,NA,NA,Y,NA,A,01,0,0,1,0,0,0,0,0,0,-,-,34.23060989379883,-118.39747619628906,LOS ANGELES,LOS ANGELES,-118.39747619628906,34.23063278198242
92393753,2024,2024-05-20,9575,2024-05-02,1350,023071,NA,4,1,7,1942,0,1,1,NA,2,050,I-5 S/B (GOLDEN STATE FREEWAY),ZOO DR.,690,N,N,A,-,Y,LA,NA,5,NA,NA,26.609,H,NA,L,Y,4,0,1,2,A,-,07,21658,A,N,B,C,A,A,H,-,A,D,0,NA,NA,NA,NA,Y,NA,-,-,0,0,1,0,0,0,0,0,0,-,-,34.15177917480469,-118.28227996826172,LOS ANGELES,LOS ANGELES,-118.28228759765624,34.151771545410156
92393759,2024,2024-07-03,9590,2024-04-20,1725,023394,NA,6,2,7,1942,0,1,2,NA,2,071,US-101 S/B (HOLLYWOOD FREEWAY),ALVARADO ST,250,N,N,A,-,Y,LA,NA,101,NA,NA,2.805,H,NA,L,N,4,0,2,3,A,-,03,22350,NA,N,C,C,A,A,H,-,A,D,0,NA,NA,NA,NA,Y,NA,A,07,0,0,2,0,0,0,0,0,0,-,-,34.07162094116211,-118.2660675048828,LOS ANGELES,LOS ANGELES,-118.26609802246094,34.07157897949219
92393763,2024,2024-05-20,9575,2024-05-08,250,023229,NA,3,3,7,1942,0,1,1,NA,2,052,I-5 S/B TO PENROSE ST.,PENROSE STREET,178,S,N,A,-,Y,LA,NA,5,NA,NA,34.25,H,NA,L,N,2,0,1,2,A,-,11,21954,A,N,G,B,E,A,H,-,E,D,0,Y,NA,NA,NA,Y,NA,N,60,1,0,0,0,1,0,0,0,0,-,-,34.225711822509766,-118.3752670288086,LOS ANGELES,LOS ANGELES,-118.37517547607422,34.2258415222168
92393792,2024,2024-05-20,9580,2024-05-10,1534,023655,NA,5,2,7,1942,0,1,2,NA,2,101,US-101 S/B (VENTURA FREEWAY),COLDWATER CANYON AVE,1750,N,N,A,-,Y,LA,NA,101,NA,NA,14.208,H,NA,L,N,4,0,1,2,A,-,03,22350,NA,N,C,C,A,A,H,-,A,D,0,NA,NA,NA,NA,Y,NA,A,01,0,0,1,0,0,0,0,0,0,-,-,34.15673065185547,-118.41941833496094,LOS ANGELES,LOS ANGELES,-118.41941833496094,34.15666580200195
92393797,2024,2024-05-20,9580,2024-05-09,930,022776,NA,4,1,7,1942,0,1,2,NA,2,103,US-101 S/B (VENTURA FREEWAY),I-405 S/B (SAN DIEGO FWY),1056,N,N,A,-,Y,LA,NA,101,NA,NA,17.456,H,NA,L,N,4,0,1,2,A,-,03,22350,NA,M,C,C,A,A,H,-,A,D,0,NA,NA,NA,NA,Y,NA,A,01,0,0,1,0,0,0,0,0,0,-,-,34.16350173950195,-118.47258758544922,LOS ANGELES,LOS ANGELES,-118.47252655029295,34.163536071777344
92393802,2024,2024-05-20,9550,2024-02-22,1825,023539,NA,4,2,6,1949,0,1,1,NA,2,651,I-605 N/B,IMPERIAL HWY,55,N,N,A,-,Y,LA,NA,605,NA,R,7.882,H,NA,R,N,4,0,1,2,A,-,03,22350,NA,F,C,C,A,A,H,-,B,D,0,NA,NA,NA,NA,Y,Y,A,07,0,0,1,0,0,0,0,0,0,-,-,33.91733932495117,-118.10449981689452,LOS ANGELES,NORWALK,-118.10456085205078,33.91734313964844
92393803,2024,2024-05-20,9580,2024-05-12,2040,022717,NA,7,2,7,1942,0,1,2,NA,2,103,US-101 S/B (VENTURA FREEWAY),WOODLEY AVE,200,S,N,A,-,Y,LA,NA,101,NA,NA,18.071,H,NA,L,N,3,0,1,2,A,-,03,22350,NA,N,C,C,A,A,H,-,C,D,0,NA,NA,NA,NA,Y,NA,A,01,0,1,0,0,0,0,0,0,0,-,-,34.165199279785156,-118.48296356201172,LOS ANGELES,LOS ANGELES,-118.48296356201172,34.16519546508789
92393804,2024,2024-05-20,9525,2024-04-25,530,016450,NA,4,3,9,1900,0,3,5,NA,2,004,TEMPLE AVE (13000 BLOCK),VINELAND AVE,376,W,N,B,-,N,NA,NA,NA,NA,NA,NA,NA,NA,NA,N,2,0,1,2,A,-,05,21202,A,N,D,G,A,A,H,-,C,D,0,NA,Y,NA,Y,Y,NA,L,04,1,0,0,0,0,0,1,0,0,-,-,34.05464172363281,-117.98773956298828,LOS ANGELES,UNINCORPORATED,-117.98768615722656,34.05453872680664
92393806,2024,2024-05-20,9580,2024-05-10,1810,023395,NA,5,2,7,1942,0,1,1,NA,2,406,I-405 N/B (SAN DIEGO FWY),ROSCOE BLVD,528,N,N,A,-,Y,LA,NA,405,NA,NA,43.962,H,NA,R,N,4,0,1,2,A,-,07,21658,A,N,B,C,A,A,H,-,A,D,0,NA,NA,NA,NA,Y,NA,A,07,0,0,1,0,0,0,0,0,0,-,-,34.22414016723633,-118.47313690185548,LOS ANGELES,LOS ANGELES,-118.47306060791016,34.22414016723633
92393807,2024,2024-05-20,9580,2024-05-13,728,020849,NA,1,1,7,1942,0,1,1,NA,2,406,I-405 N/B (SAN DIEGO FWY),ROSCOE BLVD,1500,N,N,B,-,Y,LA,NA,405,NA,NA,44.055,H,NA,R,N,4,0,2,1,A,-,08,22107,NA,N,E,I,A,A,H,-,A,D,0,NA,NA,NA,NA,Y,NA,A,01,0,0,2,0,0,0,0,0,0,-,-,34.22547912597656,-118.47293853759766,LOS ANGELES,LOS ANGELES,-118.47304534912108,34.22547912597656
92393815,2024,2024-05-20,9525,2024-05-13,1115,020552,NA,1,1,5,1906,0,1,1,NA,2,651,I-605 SB TO I-10 WB,I-10 FREEWAY,500,N,N,A,-,Y,NA,NA,NA,NA,NA,NA,NA,NA,NA,N,4,0,1,2,A,-,03,22350,NA,N,C,C,A,A,H,-,A,D,0,NA,NA,NA,NA,Y,NA,A,07,0,0,1,0,0,0,0,0,0,-,-,34.06650161743164,-118.00131988525392,LOS ANGELES,BALDWIN PARK,-118.0003662109375,34.06591033935547
92393816,2024,2024-05-20,9575,2024-05-12,1201,023009,NA,7,1,7,1942,0,1,1,NA,2,053,I-5 N/B (GOLDEN STATE FREEWAY),PAXTON ST,1144,S,N,A,-,Y,LA,NA,5,NA,NA,38.84,H,NA,R,N,4,0,1,2,D,-,00,NA,NA,N,C,C,A,A,H,-,A,D,0,NA,NA,NA,NA,Y,NA,-,-,0,0,1,0,0,0,0,0,0,-,-,34.26028060913086,-118.43862152099608,LOS ANGELES,LOS ANGELES,-118.4386749267578,34.26023864746094
92393836,2024,2024-05-20,9525,2024-05-08,1527,020719,NA,3,2,6,1955,0,1,1,NA,2,119,I-10 W/B (SAN BERNARDINO FWY),TOWNE AVE.,1056,W,N,A,-,Y,LA,NA,10,NA,NA,46.283,H,NA,L,Y,4,0,1,2,A,-,07,21658,A,N,C,C,A,A,H,-,A,D,0,NA,NA,Y,NA,Y,NA,A,07,0,0,1,0,0,0,0,0,1,-,-,34.07746124267578,-117.74365234375,LOS ANGELES,POMONA,-117.74366760253906,34.077484130859375
9239384,2021,2021-04-22,1926,2021-03-25,1743,0082,NA,4,5,5,1926,0,0,0,NA,0,NA,LONE HILL AV,PETUNIA ST,40,N,N,B,-,N,NA,NA,NA,NA,NA,NA,NA,NA,NA,N,4,0,1,2,A,-,03,22350,NA,N,C,C,A,B,H,-,B,A,0,NA,NA,NA,NA,Y,NA,A,01,0,0,1,0,0,0,0,0,0,-,-,34.12303924560547,-117.82900238037108,LOS ANGELES,GLENDORA,-117.82898712158205,34.12311935424805