CASE_ID,ACCIDENT_YEAR,PROC_DATE,JURIS,COLLISION_DATE,COLLISION_TIME,OFFICER_ID,REPORTING_DISTRICT,DAY_OF_WEEK,CHP_SHIFT,POPULATION,CNTY_CITY_LOC,SPECIAL_COND,BEAT_TYPE,CHP_BEAT_TYPE,CITY_DIVISION_LAPD,CHP_BEAT_CLASS,BEAT_NUMBER,PRIMARY_RD,SECONDARY_RD,DISTANCE,DIRECTION,INTERSECTION,WEATHER_1,WEATHER_2,STATE_HWY_IND,CALTRANS_COUNTY,CALTRANS_DISTRICT,STATE_ROUTE,ROUTE_SUFFIX,POSTMILE_PREFIX,POSTMILE,LOCATION_TYPE,RAMP_INTERSECTION,SIDE_OF_HWY,TOW_AWAY,COLLISION_SEVERITY,NUMBER_KILLED,NUMBER_INJURED,PARTY_COUNT,PRIMARY_COLL_FACTOR,PCF_CODE_OF_VIOL,PCF_VIOL_CATEGORY,PCF_VIOLATION,PCF_VIOL_SUBSECTION,HIT_AND_RUN,TYPE_OF_COLLISION,MVIW,PED_ACTION,ROAD_SURFACE,ROAD_COND_1,ROAD_COND_2,LIGHTING,CONTROL_DEVICE,CHP_ROAD_TYPE,PEDESTRIAN_ACCIDENT,BICYCLE_ACCIDENT,MOTORCYCLE_ACCIDENT,TRUCK_ACCIDENT,NOT_PRIVATE_PROPERTY,ALCOHOL_INVOLVED,STWD_VEHTYPE_AT_FAULT,CHP_VEHTYPE_AT_FAULT,COUNT_SEVERE_INJ,COUNT_VISIBLE_INJ,COUNT_COMPLAINT_PAIN,COUNT_PED_KILLED,COUNT_PED_INJURED,COUNT_BICYCLIST_KILLED,COUNT_BICYCLIST_INJURED,COUNT_MC_KILLED,COUNT_MC_INJURED,PRIMARY_RAMP,SECONDARY_RAMP,LATITUDE,LONGITUDE,COUNTY,CITY,POINT_X,POINT_Y
92394456,2024,2024-05-20,9535,2024-05-08,2105,023375,NA,3,2,5,1915,0,1,1,NA,2,075,I-710 S/B (LONG BEACH FREEWAY),ALONDRA BOULEVARD,1000,N,N,A,-,Y,LA,NA,710,NA,NA,14.131,H,NA,L,Y,4,0,1,1,A,-,08,22107,NA,N,F,A,A,A,H,-,E,D,0,NA,NA,NA,NA,Y,NA,A,07,0,0,1,0,0,0,0,0,0,-,-,33.89168930053711,-118.18834686279295,LOS ANGELES,COMPTON,-118.18839263916016,33.89169692993164
92394459,2024,2024-07-16,9550,2024-05-03,10,022982,NA,5,3,9,1900,0,2,4,NA,1,031,HACIENDA BLVD.,NEWTON ST.,100,N,N,A,-,N,NA,NA,NA,NA,NA,NA,NA,NA,NA,N,4,0,3,2,A,-,08,22107,NA,N,C,C,A,A,H,-,D,D,0,NA,NA,NA,NA,Y,NA,A,07,0,0,3,0,0,0,0,0,0,-,-,33.99652099609375,-117.96804809570313,LOS ANGELES,UNINCORPORATED,-117.96813201904295,33.996315002441406
92394462,2024,2024-08-14,9535,2024-05-08,2230,023351,NA,3,3,3,1968,0,1,3,NA,2,621,SR-60 (POMONA FREEWAY) W/B,SANTA ANITA AVE,500,E,N,A,-,Y,LA,NA,60,NA,NA,10.648,H,NA,L,N,4,0,2,2,A,-,08,22107,NA,N,B,E,A,A,H,-,D,D,0,NA,NA,NA,NA,Y,NA,A,07,0,0,2,0,0,0,0,0,0,-,-,34.03873062133789,-118.04476165771484,LOS ANGELES,SOUTH EL MONTE,-118.04477691650392,34.03865432739258
92394466,2024,2024-08-01,9545,2024-05-13,1555,023663,NA,1,2,9,1900,0,3,5,NA,2,001,40TH STREET EAST,AVENUE H,0,NA,Y,A,-,N,NA,NA,NA,NA,NA,NA,NA,NA,NA,Y,2,0,2,2,A,-,09,21802,A,N,D,C,A,A,H,-,A,A,0,NA,NA,NA,NA,Y,NA,A,01,1,0,1,0,0,0,0,0,0,-,-,34.719261169433594,-118.0591278076172,LOS ANGELES,UNINCORPORATED,-118.0592041015625,34.71929168701172
92394497,2024,2024-05-21,9550,2024-05-09,825,023627,NA,4,1,3,1964,0,1,1,NA,2,500,I-5 NB,FLORENCE AVENUE,2400,S,N,B,-,Y,LA,NA,5,NA,NA,5.915,H,NA,R,N,4,0,1,2,A,-,03,22350,NA,N,C,C,A,A,H,-,A,D,0,NA,NA,NA,NA,Y,NA,A,07,0,0,1,0,0,0,0,0,0,-,-,33.92951965332031,-118.08846282958984,LOS ANGELES,SANTA FE SPRINGS,-118.08849334716795,33.92950439453125
92394499,2024,2024-05-21,9590,2024-05-09,1620,023126,NA,4,2,7,1942,0,1,2,NA,2,072,US-101 N/B,GOWER ST,1214,S,N,A,-,Y,LA,NA,101,NA,NA,6.675,H,NA,R,N,4,0,1,2,A,-,03,22350,NA,N,C,C,A,A,H,-,A,D,0,NA,NA,NA,Y,Y,NA,G,25,0,0,1,0,0,0,0,0,0,-,-,34.103511810302734,-118.31835174560548,LOS ANGELES,LOS ANGELES,-118.3183822631836,34.10347366333008
92394726,2024,2024-05-21,9590,2024-04-26,122,023549,NA,5,3,7,1942,0,1,1,NA,2,010,SR-110 N/B (ARROYO SECO PARKWAY) (ASP) TO SOLANO A,TUNNEL #1,185,N,N,A,-,Y,LA,NA,110,NA,NA,25.08,H,NA,R,Y,3,0,1,1,A,-,01,23152,A,N,E,I,A,A,H,-,C,D,0,NA,NA,NA,NA,Y,Y,A,01,0,1,0,0,0,0,0,0,0,-,-,34.074989318847656,-118.2319564819336,LOS ANGELES,LOS ANGELES,-118.23207855224608,34.075069427490234
92394727,2024,2024-05-21,9575,2024-04-23,1757,021879,NA,2,2,6,1912,0,1,1,NA,2,051,I-5 S/B (GOLDEN STATE FREEWAY),ALAMEDA AVE.,1650,N,N,A,-,Y,LA,NA,5,NA,NA,28.755,H,NA,L,N,4,0,1,3,A,-,03,22350,NA,M,C,C,A,A,H,-,A,D,0,NA,NA,NA,NA,Y,Y,A,01,0,0,1,0,0,0,0,0,0,-,-,34.17424011230469,-118.30673980712892,LOS ANGELES,BURBANK,-118.30677795410156,34.174232482910156
92394729,2024,2024-05-21,9590,2024-04-23,612,016856,NA,2,1,7,1942,0,1,1,NA,2,061,I-10 W/B (SANTA MONICA FREEWAY),10TH AVENUE,315,E,N,A,-,Y,LA,NA,10,NA,R,11.761,H,NA,L,N,4,0,1,2,A,-,03,22350,NA,N,C,C,A,A,H,-,A,D,0,NA,NA,NA,NA,Y,NA,A,01,0,0,1,0,0,0,0,0,0,-,-,34.03553009033203,-118.32730102539064,LOS ANGELES,LOS ANGELES,-118.32729339599608,34.035491943359375
92394746,2024,2024-05-21,9565,2024-05-09,2025,023626,NA,4,2,9,1900,0,1,1,NA,2,012,I-105 E/B,YUKON AVENUE,50,E,N,A,-,Y,LA,NA,105,NA,R,4.246,H,NA,R,N,3,0,1,2,A,-,03,22350,NA,F,C,C,A,A,H,-,D,D,0,NA,NA,NA,NA,Y,NA,-,99,0,1,0,0,0,0,0,0,0,-,-,33.92485809326172,-118.33493041992188,LOS ANGELES,UNINCORPORATED,-118.33493041992188,33.92485046386719
92394747,2024,2024-05-21,9575,2024-05-13,615,023009,NA,1,1,6,1925,0,1,1,NA,2,062,I-210 E/B (FOOTHILL FREEWAY),NEW YORK AVE,832,W,N,B,-,Y,LA,NA,210,NA,R,16.321,H,NA,R,N,3,0,1,2,A,-,03,22350,NA,N,C,C,A,A,H,-,A,D,0,NA,NA,NA,NA,Y,NA,A,01,0,1,0,0,0,0,0,0,0,-,-,34.22697067260742,-118.25540161132813,LOS ANGELES,GLENDALE,-118.25533294677734,34.22704315185547
92394752,2024,2024-05-21,9550,2024-03-31,2100,023248,NA,7,2,6,1949,0,1,1,NA,2,500,INTERSTATE 5 SOUTHBOUND,IMPERIAL HIGHWAY,2380,N,N,A,-,Y,LA,NA,5,NA,NA,5.405,H,NA,L,Y,3,0,3,2,A,-,08,22107,NA,F,C,C,A,A,H,-,C,D,0,NA,NA,NA,NA,Y,NA,A,01,0,1,2,0,0,0,0,0,0,-,-,33.92290115356445,-118.08421325683594,LOS ANGELES,NORWALK,-118.08406829833984,33.922969818115234
92394755,2024,2024-05-21,9550,2024-04-10,1650,021100,NA,3,2,9,1900,0,2,4,NA,1,021,SUNSHINE AVENUE,LOUIS AVENUE,0,NA,Y,A,-,N,NA,NA,NA,NA,NA,NA,NA,NA,NA,Y,4,0,1,2,A,-,12,22450,A,F,D,C,A,A,H,-,A,D,0,NA,NA,NA,NA,Y,NA,A,01,0,0,1,0,0,0,0,0,0,-,-,33.92192840576172,-118.04814910888672,LOS ANGELES,UNINCORPORATED,-118.048095703125,33.92193603515625
92394757,2024,2024-05-21,9525,2024-05-12,1345,023154,NA,7,1,4,1946,0,1,1,NA,2,202,I-210 E/B (FOOTHILL FWY),HUNTINGTON DR,20,N,N,A,-,Y,NA,NA,NA,NA,NA,NA,NA,NA,NA,N,4,0,1,2,A,-,03,22350,NA,M,C,C,A,A,H,-,A,A,0,NA,NA,NA,NA,Y,NA,A,01,0,0,1,0,0,0,0,0,0,-,-,34.14046859741211,-118.01872253417967,LOS ANGELES,MONROVIA,-118.01678466796876,34.14033126831055
92394759,2024,2024-05-21,9525,2024-05-12,2000,022689,NA,7,2,5,1926,0,1,1,NA,2,215,I-210 W/B (FOOTHILL FWY),BONNIE COVE AVE.,100,E,N,A,-,Y,LA,NA,210,NA,R,42.694,H,NA,L,Y,4,0,1,2,A,-,03,22350,NA,N,C,C,A,A,H,-,C,D,0,NA,NA,Y,NA,Y,NA,C,02,0,0,1,0,0,0,0,0,1,-,-,34.11764907836914,-117.8547134399414,LOS ANGELES,GLENDORA,-117.8547134399414,34.117698669433594
9239476,2021,2021-05-03,1900,2021-04-06,1514,610045,1362,2,5,5,1952,0,0,0,NA,0,136A,DOWNEY AV,GOLDEN ST,250,S,N,A,-,N,NA,NA,NA,NA,NA,NA,NA,NA,NA,Y,3,0,2,3,A,-,01,23153,F,N,A,C,A,A,H,-,A,D,0,NA,NA,NA,NA,Y,NA,A,01,0,1,1,0,0,0,0,0,0,-,-,NA,NA,LOS ANGELES,PARAMOUNT,-118.15201568603516,33.91020202636719
92394760,2024,2024-05-21,9575,2024-05-13,2213,023204,NA,1,3,9,1900,0,2,4,NA,2,016,LA CRESCENTA AVENUE,MAYFIELD AVENUE,0,NA,Y,A,-,N,NA,NA,NA,NA,NA,NA,NA,NA,NA,Y,3,0,3,2,A,-,09,21802,A,N,D,C,A,A,H,-,C,A,0,NA,NA,NA,NA,Y,NA,A,07,0,3,0,0,0,0,0,0,0,-,-,34.217769622802734,-118.24002075195313,LOS ANGELES,UNINCORPORATED,-118.23998260498048,34.21771240234375
92394800,2024,2024-05-22,9530,2024-05-08,1837,022122,NA,3,2,9,1900,0,3,5,NA,2,002,EL SEGUNDO BLVD.,WILLOWBROOK AVE.,0,NA,Y,A,-,N,NA,NA,NA,NA,NA,NA,NA,NA,NA,Y,3,0,4,2,A,-,12,21453,A,N,D,C,A,A,H,-,A,A,0,NA,NA,NA,NA,Y,NA,A,01,0,2,2,0,0,0,0,0,0,-,-,33.91617965698242,-118.23114776611328,LOS ANGELES,UNINCORPORATED,-118.23171997070313,33.916255950927734
92394806,2024,2024-05-21,9530,2024-05-09,2330,022852,NA,4,3,9,1900,0,1,1,NA,2,420,I-405 N/B (SAN DIEGO FREEWAY),LONG BEACH BLVD.,25,S,N,A,-,Y,LA,NA,405,NA,NA,6.341,H,NA,R,Y,4,0,1,2,A,-,07,21658,A,N,B,C,A,A,H,-,C,D,0,NA,NA,NA,NA,Y,NA,A,01,0,0,1,0,0,0,0,0,0,-,-,33.81742858886719,-118.18895721435548,LOS ANGELES,UNINCORPORATED,-118.18901824951172,33.817378997802734
92394822,2024,2024-05-21,9580,2024-05-20,915,020849,NA,1,1,7,1942,0,1,3,NA,2,114,SR-118 E/B (RONALD REAGAN FWY.),CHATSWORTH DR,1320,E,N,B,-,Y,LA,NA,118,NA,R,10.766,H,NA,R,Y,4,0,2,3,A,-,03,22350,NA,N,C,C,A,A,H,-,A,D,0,NA,NA,NA,Y,Y,NA,F,25,0,0,2,0,0,0,0,0,0,-,-,34.265689849853516,-118.45558166503906,LOS ANGELES,LOS ANGELES,-118.45558166503906,34.2657356262207
92394827,2024,2024-05-21,9580,2024-05-19,1220,021212,NA,7,1,9,1900,0,3,5,NA,1,010,MULLHOLLAND HWY,STUNT RD,30,S,N,A,-,N,NA,NA,NA,NA,NA,NA,NA,NA,NA,Y,3,0,1,1,A,-,08,22107,NA,N,E,I,A,A,H,-,A,D,0,NA,NA,Y,NA,Y,NA,C,02,0,1,0,0,0,0,0,0,1,-,-,34.101680755615234,-118.66001129150392,LOS ANGELES,UNINCORPORATED,-118.66000366210938,34.10184860229492
92394828,2024,2024-05-21,9580,2024-05-20,635,023440,NA,1,1,7,1942,0,1,2,NA,2,102,US-101 N/B (VENTURA FREEWAY),VAN NUYS BLVD,1056,S,N,A,-,Y,LA,NA,101,NA,NA,15.598,H,NA,R,N,4,0,2,2,A,-,03,22350,NA,N,C,C,A,A,H,-,A,D,0,NA,NA,NA,NA,Y,NA,A,01,0,0,2,0,0,0,0,0,0,-,-,34.155250549316406,-118.44349670410156,LOS ANGELES,LOS ANGELES,-118.44349670410156,34.155311584472656
9239483,2021,2021-04-29,1900,2021-03-09,0530,647539,1320,2,5,5,1935,0,0,0,NA,0,132B,PARAMOUNT BL,CANDLEWOOD ST,5,N,N,C,-,N,NA,NA,NA,NA,NA,NA,NA,NA,NA,N,2,0,1,2,D,-,00,NA,NA,N,G,B,B,B,H,-,B,A,0,Y,NA,NA,NA,Y,NA,-,-,1,0,0,0,1,0,0,0,0,-,-,NA,NA,LOS ANGELES,LAKEWOOD,-118.15985870361328,33.85383224487305
9239484,2021,2021-05-03,1900,2021-04-12,1200,443539,1322,1,5,5,1935,0,0,0,NA,0,132T2/,ALLINGTON ST,IBBETSON AV,0,NA,Y,A,-,N,NA,NA,NA,NA,NA,NA,NA,NA,NA,Y,3,0,1,2,A,-,03,22350,NA,N,C,C,A,A,H,-,A,D,0,NA,NA,NA,NA,Y,NA,D,22,0,1,0,0,0,0,0,0,0,-,-,NA,NA,LOS ANGELES,LAKEWOOD,-118.11862182617188,33.86553192138672
92394842,2024,2024-05-21,9525,2024-05-14,1835,020216,NA,2,2,3,1921,0,1,1,NA,2,202,I-210 E/B (FOOTHILL FWY),BUENA VISTA ST.,2112,E,N,A,-,Y,LA,NA,210,NA,R,35.681,H,NA,R,N,4,0,2,2,A,-,03,22350,NA,N,C,C,A,A,H,-,A,D,0,NA,NA,NA,NA,Y,NA,A,07,0,0,2,0,0,0,0,0,0,-,-,34.13547897338867,-117.97013092041016,LOS ANGELES,DUARTE,-117.97013092041016,34.13545608520508
92394856,2024,2024-05-21,9525,2024-05-14,1905,022689,NA,2,2,6,1955,0,1,3,NA,2,606,SR-60 E/B (POMONA FWY),TOWNE AVE,686,E,N,A,-,Y,LA,NA,60,NA,R,29.972,H,NA,R,Y,4,0,2,2,A,-,08,22107,NA,N,E,8,A,A,H,-,A,D,0,NA,NA,NA,NA,Y,NA,A,07,0,0,2,0,0,0,0,0,0,-,-,34.02450942993164,-117.73786926269533,LOS ANGELES,POMONA,-117.73787689208984,34.02463150024414
92394858,2024,2024-05-21,9580,2024-05-19,1448,023607,NA,7,2,7,1942,0,1,2,NA,2,103,US-101 S/B (VENTURA FREEWAY),BALBOA BLVD,1320,N,N,A,-,Y,LA,NA,101,NA,NA,19.526,H,NA,L,Y,4,0,1,2,A,-,08,22107,NA,N,B,C,A,A,H,-,A,D,0,NA,NA,NA,NA,Y,NA,-,-,0,0,1,0,0,0,0,0,0,-,-,34.171058654785156,-118.50617218017578,LOS ANGELES,LOS ANGELES,-118.50617218017578,34.17108917236328
92394859,2024,2024-05-21,9575,2024-05-14,815,023009,NA,2,1,7,1942,0,1,1,NA,2,053,I-5 N/B TO SR-118,PAXTON ST,984,S,N,A,-,Y,LA,NA,5,NA,NA,38.877,H,NA,R,N,4,0,1,3,A,-,03,22350,NA,N,C,C,A,A,H,-,A,D,0,NA,NA,NA,NA,Y,NA,A,01,0,0,1,0,0,0,0,0,0,-,-,34.260719299316406,-118.4389877319336,LOS ANGELES,LOS ANGELES,-118.43910217285156,34.260650634765625
92394862,2024,2024-05-21,9530,2024-05-09,2040,023399,NA,4,2,7,1942,0,1,1,NA,2,120,I-110 N/B (HARBOR FREEWAY),HARRY BRIDGES BLVD.,2640,S,N,A,-,Y,LA,NA,110,NA,NA,2.157,H,NA,R,N,2,0,1,2,A,-,11,21954,A,F,G,B,E,A,H,-,D,D,0,Y,NA,NA,NA,Y,NA,N,60,1,0,0,0,1,0,0,0,0,-,-,33.763519287109375,-118.28392791748048,LOS ANGELES,LOS ANGELES,-118.28389739990234,33.76350021362305
92394881,2024,2024-05-21,9530,2024-05-10,110,023090,NA,5,3,9,1900,0,3,5,NA,2,002,AVALON BLVD.,REDONDO BEACH BLVD.,0,NA,Y,A,-,N,NA,NA,NA,NA,NA,NA,NA,NA,NA,Y,4,0,1,2,A,-,12,21453,A,N,D,C,A,A,H,-,C,A,0,NA,NA,NA,NA,Y,NA,A,07,0,0,1,0,0,0,0,0,0,-,-,33.8931999206543,-118.26538848876952,LOS ANGELES,UNINCORPORATED,-118.2654037475586,33.89321517944336
92394893,2024,2024-08-14,9580,2024-05-18,15,023129,NA,6,3,7,1942,0,1,1,NA,2,404,I-405 N/B (SAN DIEGO FWY),US-101 S/B (VENTURA FREEWAY),100,S,N,A,-,Y,LA,NA,405,NA,NA,39.398,H,NA,R,Y,3,0,2,1,A,-,08,22107,NA,F,B,I,A,A,H,-,C,D,0,NA,NA,NA,NA,Y,NA,A,01,0,1,1,0,0,0,0,0,0,-,-,34.15950012207031,-118.46949005126952,LOS ANGELES,LOS ANGELES,-118.46939086914064,34.15950012207031
92394912,2024,2024-05-21,9530,2024-05-10,1015,023568,NA,5,1,7,1942,0,1,1,NA,2,120,I-110 S/B (HARBOR FREEWAY),PACIFIC COAST HWY.,2000,N,N,A,-,Y,LA,NA,110,NA,NA,4.437,H,NA,L,Y,4,0,1,4,A,-,07,21658,A,N,C,C,A,A,H,-,A,D,0,NA,NA,NA,NA,Y,NA,A,07,0,0,1,0,0,0,0,0,0,-,-,33.79523849487305,-118.28500366210938,LOS ANGELES,LOS ANGELES,-118.284912109375,33.79528045654297
92394917,2024,2024-05-21,9580,2024-05-17,910,022966,NA,5,1,7,1942,0,1,1,NA,2,407,I-405 S/B (SAN DIEGO FREEWAY),NORDHOFF STREET,1600,N,N,B,-,Y,LA,NA,405,NA,NA,45.06,H,NA,L,N,4,0,1,2,A,-,03,22350,NA,N,C,C,A,A,H,-,A,D,0,NA,NA,NA,NA,Y,NA,A,01,0,0,1,0,0,0,0,0,0,-,-,34.2401008605957,-118.47319793701172,LOS ANGELES,LOS ANGELES,-118.47313690185548,34.2401008605957
92394929,2024,2024-05-21,9530,2024-05-13,1522,017755,NA,1,2,5,1977,0,1,1,NA,2,410,I-405 N/B (SAN DIEGO FREEWAY),DEL AMO BLVD.,1138,N,N,A,-,Y,LA,NA,405,NA,NA,12.108,H,NA,R,Y,4,0,3,3,A,-,07,21658,A,N,B,C,A,A,H,-,A,D,0,NA,NA,NA,Y,Y,NA,A,01,0,0,3,0,0,0,0,0,0,-,-,33.84870147705078,-118.27349090576172,LOS ANGELES,CARSON,-118.27352142333984,33.848670959472656
92394936,2024,2024-05-21,9565,2024-05-05,2105,023279,NA,7,2,4,1918,0,1,1,NA,2,061,I-405 S/B (SAN DIEGO FWY),BRADDOCK AVE.,500,N,N,A,-,Y,LA,NA,405,NA,NA,27.027,H,NA,L,Y,4,0,1,2,A,-,03,22350,NA,M,C,C,A,A,H,-,C,D,0,NA,NA,Y,NA,Y,NA,C,02,0,0,1,0,0,0,0,0,1,-,-,34.000709533691406,-118.40963745117188,LOS ANGELES,CULVER CITY,-118.40955352783205,34.000755310058594
92394960,2024,2024-05-21,9565,2024-05-09,1443,023555,NA,4,2,5,1924,0,2,S,NA,2,904,VAN NESS AVE,ROSECRANS AVE,40,N,N,A,-,N,NA,NA,NA,NA,NA,NA,NA,NA,NA,N,3,0,1,2,A,-,09,21804,A,N,D,C,A,A,H,-,A,D,0,NA,NA,NA,NA,Y,NA,A,07,0,1,0,0,0,0,0,0,0,-,-,33.90227127075195,-118.31787109375,LOS ANGELES,GARDENA,-118.31787109375,33.90203094482422
9239497,2021,2021-05-03,1909,2021-04-09,1730,606,1909,5,5,4,1909,0,0,0,NA,0,NORTH,FLORENCE AV,IRA AV,0,NA,Y,A,-,N,NA,NA,NA,NA,NA,NA,NA,NA,NA,Y,3,0,2,2,A,-,09,21801,A,N,D,C,A,A,H,-,A,A,0,NA,NA,NA,NA,Y,NA,D,22,0,2,0,0,0,0,0,0,0,-,-,33.96691131591797,-118.15595245361328,LOS ANGELES,BELL GARDENS,-118.15596771240234,33.966880798339844
92394976,2024,2024-05-21,9580,2024-05-18,1710,022799,NA,6,2,7,1942,0,1,1,NA,2,407,I-405 S/B (SAN DIEGO FWY),NORDHOFF ST,1584,N,N,A,-,Y,LA,NA,405,NA,NA,45.023,H,NA,L,Y,3,0,9,6,A,-,08,22107,NA,F,B,C,A,A,H,-,A,D,0,NA,NA,NA,NA,Y,NA,-,99,0,2,7,0,0,0,0,0,0,-,-,34.239559173583984,-118.47312927246094,LOS ANGELES,LOS ANGELES,-118.47313690185548,34.239559173583984
92395007,2024,2024-05-21,9580,2024-05-18,1210,021491,NA,6,1,3,1989,0,1,2,NA,2,107,US-101 S/B (VENTURA FREEWAY),LAS VIRGENES RD,2640,S,N,A,-,Y,LA,NA,101,NA,NA,29.317,H,NA,L,N,4,0,1,1,A,-,08,22107,NA,N,E,I,A,A,H,-,A,D,0,NA,NA,NA,NA,Y,NA,A,07,0,0,1,0,0,0,0,0,0,-,-,34.149330139160156,-118.66929626464844,LOS ANGELES,CALABASAS,-118.66929626464844,34.14923095703125
9239501,2021,2021-05-03,1909,2021-04-08,1135,486,1909,4,5,4,1909,0,0,0,NA,0,NORTH,EASTERN AV,WATCHER ST,35,S,N,A,-,N,NA,NA,NA,NA,NA,NA,NA,NA,NA,Y,4,0,1,2,A,-,12,21453,A,N,D,C,A,A,H,-,A,A,0,NA,NA,NA,Y,Y,NA,F,55,0,0,1,0,0,0,0,0,0,-,-,NA,NA,LOS ANGELES,BELL GARDENS,-118.163330078125,33.97826385498047
92395018,2024,2024-05-21,9530,2024-05-12,1320,023457,NA,7,1,7,1941,0,1,1,NA,2,420,I-405 S/B TO ATLANTIC AVE.,I-405,320,S,N,A,-,Y,NA,NA,NA,NA,NA,NA,NA,NA,NA,Y,4,0,1,2,A,-,03,22350,NA,N,C,C,A,A,H,-,A,A,0,NA,NA,NA,NA,Y,NA,A,01,0,0,1,0,0,0,0,0,0,-,-,33.81425857543945,-118.18524169921876,LOS ANGELES,LONG BEACH,NA,NA
92395024,2024,2024-05-21,9525,2024-05-16,2235,020230,NA,4,3,5,1990,0,1,3,NA,2,602,SR-60 E/B (POMONA FWY),LEMON AVE,528,E,N,A,-,Y,LA,NA,60,NA,R,22.521,H,NA,R,Y,4,0,3,2,A,-,03,22350,NA,N,C,C,A,A,H,-,C,D,0,NA,NA,NA,Y,Y,NA,A,07,0,0,3,0,0,0,0,0,0,-,-,33.999061584472656,-117.85269165039064,LOS ANGELES,DIAMOND BAR,-117.85268402099608,33.99905014038086
9239503,2021,2021-04-29,1900,2021-03-30,0339,6437355,1332,2,5,5,1908,0,0,0,NA,0,133T1,BAYOU AV,SOMERSET BL,100,S,N,A,-,N,NA,NA,NA,NA,NA,NA,NA,NA,NA,N,4,0,1,2,A,-,08,22107,NA,N,C,E,A,A,H,-,C,D,0,NA,NA,NA,NA,Y,NA,A,01,0,0,1,0,0,0,0,0,0,-,-,NA,NA,LOS ANGELES,BELLFLOWER,-118.13987731933594,33.89653015136719
92395033,2024,2024-05-21,9530,2024-05-12,1715,023399,NA,7,2,7,1942,0,1,1,NA,2,110,I-110 S/B (HARBOR FREEWAY),SR-91,2640,N,N,A,-,Y,LA,NA,110,NA,NA,10.411,H,NA,L,N,4,0,1,2,A,-,07,21658,A,N,B,C,A,A,H,-,A,D,0,NA,NA,NA,NA,Y,NA,A,07,0,0,1,0,0,0,0,0,0,-,-,33.88050842285156,-118.2852783203125,LOS ANGELES,LOS ANGELES,-118.2851333618164,33.88050842285156
92395053,2024,2024-05-21,9565,2024-05-09,1040,023660,NA,4,1,6,1933,0,1,1,NA,2,060,I-405 N/B (SAN DIEGO FWY),HILLCREST BLVD.,670,N,N,A,-,Y,LA,NA,405,NA,NA,23.129,H,NA,R,Y,3,0,1,2,A,-,03,22350,NA,N,C,C,A,A,H,-,A,D,0,NA,NA,NA,NA,Y,NA,A,01,0,1,0,0,0,0,0,0,0,-,-,33.95833969116211,-118.36929321289064,LOS ANGELES,INGLEWOOD,-118.36922454833984,33.95833969116211
92395056,2024,2024-05-21,9545,2024-05-11,1142,023619,NA,6,1,9,1900,0,1,3,NA,2,031,SR-14 N/B,VINCENT RAMP,4488,N,N,A,-,Y,LA,NA,14,NA,R,55.422,H,NA,R,N,3,0,1,1,C,-,18,NA,NA,N,H,A,A,A,H,-,A,D,0,NA,NA,Y,NA,Y,NA,-,-,0,1,0,0,0,0,0,0,1,-,-,34.52341842651367,-118.11164855957033,LOS ANGELES,UNINCORPORATED,-118.11166381835938,34.523414611816406
92395062,2024,2024-05-21,9530,2024-05-13,1030,021123,NA,1,1,9,1900,0,1,3,NA,2,310,SR-91 W/B (ARTESIA FREEWAY),ACACIA AVE.,1246,W,N,A,-,Y,LA,NA,91,NA,R,9.566,H,NA,L,N,3,0,1,2,A,-,03,22350,NA,N,C,C,A,A,H,-,A,D,0,NA,NA,NA,Y,Y,NA,A,01,0,1,0,0,0,0,0,0,0,-,-,33.87411117553711,-118.2290496826172,LOS ANGELES,UNINCORPORATED,-118.22904205322266,33.8740119934082
92395074,2024,2024-05-21,9545,2024-05-10,315,023742,NA,5,3,6,1950,0,1,3,NA,2,021,SR-14 N/B,AVENUE Q,2640,N,N,A,-,Y,LA,NA,14,NA,R,60.711,H,NA,R,Y,4,0,2,1,A,-,08,22107,NA,N,E,8,A,A,D,-,C,D,0,NA,NA,NA,NA,Y,NA,A,07,0,0,2,0,0,0,0,0,0,-,-,34.594459533691406,-118.13442230224608,LOS ANGELES,PALMDALE,-118.13448333740234,34.594444274902344
92395075,2024,2024-05-21,9525,2024-05-16,135,020632,NA,4,3,5,1906,0,1,1,NA,2,104,I-10 E/B (SAN BERNARDINO FWY),PUENTE AVE,100,W,N,A,-,Y,LA,NA,10,NA,NA,33.324,H,NA,R,Y,2,0,1,2,A,-,07,21658,A,N,C,2,A,A,H,-,C,D,0,NA,NA,NA,Y,Y,NA,A,07,1,0,0,0,0,0,0,0,0,-,-,34.06990051269531,-117.96285247802734,LOS ANGELES,BALDWIN PARK,-117.96286010742188,34.06995391845703