CASE_ID,ACCIDENT_YEAR,PROC_DATE,JURIS,COLLISION_DATE,COLLISION_TIME,OFFICER_ID,REPORTING_DISTRICT,DAY_OF_WEEK,CHP_SHIFT,POPULATION,CNTY_CITY_LOC,SPECIAL_COND,BEAT_TYPE,CHP_BEAT_TYPE,CITY_DIVISION_LAPD,CHP_BEAT_CLASS,BEAT_NUMBER,PRIMARY_RD,SECONDARY_RD,DISTANCE,DIRECTION,INTERSECTION,WEATHER_1,WEATHER_2,STATE_HWY_IND,CALTRANS_COUNTY,CALTRANS_DISTRICT,STATE_ROUTE,ROUTE_SUFFIX,POSTMILE_PREFIX,POSTMILE,LOCATION_TYPE,RAMP_INTERSECTION,SIDE_OF_HWY,TOW_AWAY,COLLISION_SEVERITY,NUMBER_KILLED,NUMBER_INJURED,PARTY_COUNT,PRIMARY_COLL_FACTOR,PCF_CODE_OF_VIOL,PCF_VIOL_CATEGORY,PCF_VIOLATION,PCF_VIOL_SUBSECTION,HIT_AND_RUN,TYPE_OF_COLLISION,MVIW,PED_ACTION,ROAD_SURFACE,ROAD_COND_1,ROAD_COND_2,LIGHTING,CONTROL_DEVICE,CHP_ROAD_TYPE,PEDESTRIAN_ACCIDENT,BICYCLE_ACCIDENT,MOTORCYCLE_ACCIDENT,TRUCK_ACCIDENT,NOT_PRIVATE_PROPERTY,ALCOHOL_INVOLVED,STWD_VEHTYPE_AT_FAULT,CHP_VEHTYPE_AT_FAULT,COUNT_SEVERE_INJ,COUNT_VISIBLE_INJ,COUNT_COMPLAINT_PAIN,COUNT_PED_KILLED,COUNT_PED_INJURED,COUNT_BICYCLIST_KILLED,COUNT_BICYCLIST_INJURED,COUNT_MC_KILLED,COUNT_MC_INJURED,PRIMARY_RAMP,SECONDARY_RAMP,LATITUDE,LONGITUDE,COUNTY,CITY,POINT_X,POINT_Y
92399298,2024,2024-05-27,9590,2024-05-16,1347,023701,NA,4,1,7,1942,0,1,1,NA,2,080,I-5 N/B (GOLDEN STATE FREEWAY),4TH STREET,368,N,N,B,-,Y,LA,NA,5,NA,NA,17.648,H,NA,R,N,3,0,1,2,A,-,03,22350,NA,N,C,C,A,A,H,-,A,D,0,NA,NA,NA,NA,Y,NA,A,01,0,1,0,0,0,0,0,0,0,-,-,34.04396057128906,-118.21637725830078,LOS ANGELES,LOS ANGELES,-118.21644592285156,34.04399108886719
92399377,2024,2024-05-28,9590,2024-05-10,1027,021926,NA,5,1,7,1942,0,1,1,NA,2,052,I-110 N/B (HAROR FREEWAY),28TH STREET,70,S,N,A,-,Y,LA,NA,110,NA,NA,20.568,H,NA,R,N,4,0,1,2,A,-,07,21658,A,N,B,C,A,A,H,-,A,D,0,NA,NA,Y,NA,Y,NA,A,01,0,0,1,0,0,0,0,0,1,-,-,34.02566146850586,-118.27552032470705,LOS ANGELES,LOS ANGELES,-118.27545166015624,34.025630950927734
92399623,2024,2024-05-28,9535,2024-05-12,2125,023333,NA,7,2,3,1914,0,1,1,NA,2,501,I-5 S/B (SANTA ANA FREEWAY),TRIGGS ST,1800,N,N,A,-,Y,LA,NA,5,NA,NA,13.283,H,NA,L,N,3,0,1,1,A,-,08,22107,NA,N,F,A,A,A,H,-,C,D,0,NA,NA,Y,NA,Y,NA,C,02,0,1,0,0,0,0,0,0,1,-,-,34.01311111450195,-118.16519927978516,LOS ANGELES,COMMERCE,-118.1652374267578,34.0130615234375
92399636,2024,2024-05-28,9525,2024-05-15,930,019146,NA,3,1,9,1900,0,3,5,NA,2,002,ARROW HIGHWAY,BARRANCA AVE,0,NA,Y,A,-,N,NA,NA,NA,NA,NA,NA,NA,NA,NA,N,4,0,2,2,A,-,12,21453,A,N,D,C,A,A,H,-,A,A,0,NA,NA,NA,NA,Y,NA,D,22,0,0,2,0,0,0,0,0,0,-,-,34.106590270996094,-117.88141632080078,LOS ANGELES,UNINCORPORATED,-117.88150787353516,34.10667037963867
92399645,2024,2024-05-28,9525,2024-05-15,1805,021443,NA,3,2,5,1990,0,1,3,NA,2,574,SR-57 N/B (ORANGE FWY),DIAMOND BAR BLVD.,150,S,N,A,-,Y,LA,NA,57,NA,R,1.637,H,NA,R,N,4,0,1,3,A,-,03,22350,NA,N,C,C,A,A,H,-,A,D,0,NA,NA,NA,NA,Y,NA,A,01,0,0,1,0,0,0,0,0,0,-,-,33.96455001831055,-117.8514404296875,LOS ANGELES,DIAMOND BAR,-117.85140991210938,33.96453857421875
92399649,2024,2024-05-28,9530,2024-05-15,1848,023738,NA,3,2,9,1900,0,1,1,NA,2,210,I-105 E/B (GLENN ANDERSON FWY),WILMINGTON AVE.,1500,E,N,A,-,Y,LA,NA,105,NA,R,10.097,H,NA,R,Y,3,0,1,2,A,-,03,22350,NA,N,C,C,A,A,H,-,A,D,0,NA,NA,Y,NA,Y,NA,C,02,0,1,0,0,0,0,0,0,1,-,-,33.92784118652344,-118.23378753662108,LOS ANGELES,UNINCORPORATED,-118.23378753662108,33.92784881591797
92399664,2024,2024-05-28,9530,2024-05-05,1905,022999,NA,7,2,9,1900,0,3,5,NA,2,001,NADEAU STREET,MAIE AVE.,0,NA,Y,A,-,N,NA,NA,NA,NA,NA,NA,NA,NA,NA,N,4,0,1,2,A,-,12,21453,A,N,D,D,A,A,H,-,A,D,0,NA,NA,NA,Y,Y,NA,M,94,0,0,1,0,0,0,0,0,0,-,-,33.967411041259766,-118.24446868896484,LOS ANGELES,UNINCORPORATED,-118.24446105957033,33.96742248535156
92399679,2024,2024-05-28,9525,2024-05-16,605,016450,NA,4,1,6,1975,0,1,S,NA,2,113,I-10 W/B (SAN BERNARDINO FWY),PACIFIC AVE,528,E,N,A,-,Y,LA,NA,10,NA,NA,34.573,H,NA,L,Y,3,0,1,2,A,-,03,22350,NA,F,F,A,A,A,H,-,B,D,0,NA,NA,Y,NA,Y,NA,C,02,0,1,0,0,0,0,0,0,1,-,-,34.072410583496094,-117.94123840332033,LOS ANGELES,WEST COVINA,-117.94124603271484,34.07245635986328
92399702,2024,2024-05-28,9580,2024-05-28,15,023707,NA,2,3,7,1942,0,1,2,NA,2,102,US-101 N/B (VENTURA FREEWAY),I-405,200,S,N,A,-,Y,LA,NA,101,NA,NA,16.8,H,NA,R,N,4,0,1,2,A,-,07,21658,A,N,B,C,A,A,H,-,D,D,0,NA,NA,NA,NA,Y,NA,D,22,0,0,1,0,0,0,0,0,0,-,-,34.15959167480469,-118.46363067626952,LOS ANGELES,LOS ANGELES,-118.46363067626952,34.15950393676758
92399705,2024,2024-05-28,9530,2024-05-03,750,023568,NA,5,1,9,1900,0,3,5,NA,2,006,SEPULVEDA BLVD.,I-110 S/B (HARBOR FREEWAY),380,E,N,B,-,N,NA,NA,NA,NA,NA,NA,NA,NA,NA,N,4,0,1,2,A,-,08,22107,NA,N,B,C,A,A,H,-,A,A,0,NA,NA,NA,NA,Y,NA,-,-,0,0,1,0,0,0,0,0,0,-,-,33.809730529785156,-118.28914642333984,LOS ANGELES,UNINCORPORATED,-118.28746795654295,33.809059143066406
92399708,2024,2024-05-28,9530,2024-05-15,840,023643,NA,3,1,7,1941,0,1,1,NA,2,071,I-710 N/B (LONG BEACH FREEWAY),DEL AMO BLVD.,0,N,N,B,-,Y,LA,NA,710,NA,NA,10.831,H,NA,R,Y,4,0,1,2,A,-,07,21658,A,N,B,C,A,A,H,-,A,D,0,NA,NA,NA,Y,Y,NA,G,25,0,0,1,0,0,0,0,0,0,-,-,33.84661865234375,-118.20536041259766,LOS ANGELES,LONG BEACH,-118.20541381835938,33.84662628173828
92399713,2024,2024-05-28,9580,2024-05-26,1500,022799,NA,7,2,7,1942,0,1,1,NA,2,405,I-405 S/B (SAN DIEGO FWY),SEPULVEDA BLVD,2112,S,N,A,-,Y,LA,NA,405,NA,NA,38.097,H,NA,L,Y,4,0,1,2,A,-,03,22350,NA,N,C,C,A,A,H,-,A,D,0,NA,NA,NA,NA,Y,NA,A,01,0,0,1,0,0,0,0,0,0,-,-,34.141319274902344,-118.4714813232422,LOS ANGELES,LOS ANGELES,-118.47158050537108,34.14131164550781
92399716,2024,2024-05-28,9580,2024-05-26,645,023717,NA,7,1,9,1900,0,2,4,NA,1,129,KANAN DUME RD,LATIGO CANYON DR,219,N,N,B,-,Y,NA,NA,NA,NA,NA,NA,NA,NA,NA,Y,4,0,1,1,A,-,03,22350,NA,N,E,J,A,A,H,-,A,D,0,NA,NA,NA,NA,Y,NA,A,01,0,0,1,0,0,0,0,0,0,-,-,34.08945083618164,-118.8154067993164,LOS ANGELES,UNINCORPORATED,-118.81561279296876,34.09059524536133
92399721,2024,2024-05-28,9545,2024-05-18,805,020244,NA,6,1,9,1900,0,3,5,NA,2,003,ANGELES FOREST HWY,TIGER MOUNTAIN RD,0,NA,Y,A,-,Y,NA,NA,NA,NA,NA,NA,NA,NA,NA,Y,4,0,2,2,A,-,03,22350,NA,N,D,C,A,A,H,-,A,D,0,NA,NA,NA,NA,Y,NA,A,01,0,0,2,0,0,0,0,0,0,-,-,34.470340728759766,-118.1147689819336,LOS ANGELES,UNINCORPORATED,-118.11473083496094,34.470359802246094
92399730,2024,2024-05-28,9545,2024-05-17,326,023340,NA,5,3,9,1900,0,3,5,NA,2,003,SOLEDAD CANYON RD,MALINTA AVE,282,S,N,A,-,N,NA,NA,NA,NA,NA,NA,NA,NA,NA,Y,4,0,1,2,A,-,05,21460,A,N,B,C,A,A,H,-,D,D,0,NA,NA,NA,NA,Y,NA,A,01,0,0,1,0,0,0,0,0,0,-,-,34.480838775634766,-118.15054321289064,LOS ANGELES,UNINCORPORATED,-118.15045928955078,34.48081970214844
92399733,2024,2024-05-28,9525,2024-05-20,1613,023414,NA,1,2,5,1906,0,1,1,NA,2,104,I-10 E/B (SAN BERNARDINO FWY),BALDWIN PARK BLVD,1584,W,N,A,-,Y,LA,NA,10,NA,NA,31.93,H,NA,R,Y,4,0,1,3,A,-,03,22350,NA,N,C,C,A,A,H,-,A,D,0,NA,NA,NA,NA,Y,NA,A,01,0,0,1,0,0,0,0,0,0,-,-,34.06686019897461,-117.9865493774414,LOS ANGELES,BALDWIN PARK,-117.9865493774414,34.06684112548828
92399769,2024,2024-05-28,9535,2024-05-07,910,023264,NA,2,1,5,1901,0,1,1,NA,2,421,I-10 W/B (SAN BERNARDINO FREEWAY),I-710,950,E,N,A,-,Y,LA,NA,10,NA,NA,21.651,H,NA,L,N,4,0,1,2,A,-,03,22350,NA,N,C,C,A,A,H,-,A,D,0,NA,NA,NA,Y,Y,NA,A,01,0,0,1,0,0,0,0,0,0,-,-,34.063541412353516,-118.16149139404295,LOS ANGELES,ALHAMBRA,-118.16136932373048,34.063392639160156
92399798,2024,2024-05-28,9580,2024-05-22,855,023440,NA,3,1,7,1942,0,1,2,NA,2,100,US-101 N/B (VENTURA FREEWAY),FULTON AVE,528,N,N,A,-,Y,LA,NA,101,NA,NA,14.493,H,NA,R,N,4,0,1,3,A,-,03,22350,NA,N,C,C,A,A,H,-,A,D,0,NA,NA,NA,NA,Y,NA,A,01,0,0,1,0,0,0,0,0,0,-,-,34.156429290771484,-118.4242935180664,LOS ANGELES,LOS ANGELES,-118.4242706298828,34.156375885009766
9239981,2021,2021-04-14,1941,2021-03-13,1903,11540,NA,6,5,7,1941,0,0,0,NA,0,NA,LAKEWOOD BL,OUTER TRAFFIC CIR,0,NA,Y,A,-,N,NA,NA,NA,NA,NA,NA,NA,NA,NA,Y,4,0,3,2,A,-,09,21801,A,N,-,C,A,A,H,-,C,D,0,NA,NA,NA,NA,Y,NA,A,NA,0,0,3,0,0,0,0,0,0,-,-,NA,NA,LOS ANGELES,LONG BEACH,-118.14273071289064,33.791526794433594
9239982,2021,2021-04-14,1941,2021-03-12,0939,11380,901-T,5,5,7,1941,0,0,0,NA,0,NA,7TH ST,OBISPO AV,0,NA,Y,A,-,N,NA,NA,NA,NA,NA,NA,NA,NA,NA,Y,4,0,1,2,A,-,09,21804,A,N,-,C,A,A,H,-,A,D,0,NA,NA,Y,NA,Y,NA,D,NA,0,0,1,0,0,0,0,0,1,-,-,NA,NA,LOS ANGELES,LONG BEACH,-118.15460968017578,33.775352478027344
92399828,2024,2024-05-28,9525,2024-05-18,735,020552,NA,6,1,4,1946,0,1,1,NA,2,202,I-210 E/B (FOOTHILL FWY),MONTEREY AVE,250,E,N,B,-,Y,LA,NA,210,NA,R,33.172,H,NA,R,Y,4,0,1,1,A,-,08,22107,NA,N,E,I,A,A,H,-,A,D,0,NA,NA,NA,NA,Y,Y,A,01,0,0,1,0,0,0,0,0,0,-,-,34.13758850097656,-118.01336669921876,LOS ANGELES,MONROVIA,-118.0134048461914,34.13753128051758
9239983,2021,2021-04-14,1941,2021-03-12,1322,11524,901-T,5,5,7,1941,0,0,0,NA,0,NA,REDONDO AV,REDONDO AV 1750,0,NA,Y,A,-,N,NA,NA,NA,NA,NA,NA,NA,NA,NA,Y,4,0,1,2,D,-,00,NA,NA,N,B,C,A,A,H,-,A,D,0,NA,NA,NA,NA,Y,NA,-,-,0,0,1,0,0,0,0,0,0,-,-,NA,NA,LOS ANGELES,LONG BEACH,-118.38304138183594,33.87940979003906
9239984,2021,2021-04-14,1941,2021-03-12,1053,10049,901-T,5,5,7,1941,0,0,0,NA,0,NA,WILLLOW ST,DAISY AV,12,W,N,A,-,N,NA,NA,NA,NA,NA,NA,NA,NA,NA,Y,4,0,1,2,D,-,00,NA,NA,N,D,C,A,A,H,-,A,A,0,NA,NA,NA,NA,Y,NA,-,-,0,0,1,0,0,0,0,0,0,-,-,NA,NA,LOS ANGELES,LONG BEACH,-118.19918823242188,33.80434036254883
9239985,2021,2021-04-14,1941,2021-03-10,0841,11349,901-T,3,5,7,1941,0,0,0,NA,0,NA,BROADWAY,REDONDO AV,0,NA,Y,A,-,N,NA,NA,NA,NA,NA,NA,NA,NA,NA,N,4,0,1,2,A,-,10,21950,A,N,G,B,B,B,H,-,A,A,0,Y,NA,NA,NA,Y,NA,A,NA,0,0,1,0,1,0,0,0,0,-,-,NA,NA,LOS ANGELES,LONG BEACH,-118.15243530273438,33.76445388793945
9239986,2021,2021-04-14,1941,2021-03-12,1949,11545,20001,5,5,7,1941,0,0,0,NA,0,NA,JUNIPERO AV,7TH ST,200,S,N,A,-,N,NA,NA,NA,NA,NA,NA,NA,NA,NA,N,4,0,1,2,A,-,03,22350,NA,F,C,C,A,A,H,-,C,A,0,NA,NA,NA,NA,Y,NA,A,NA,0,0,1,0,0,0,0,0,0,-,-,NA,NA,LOS ANGELES,LONG BEACH,-118.16347503662108,33.774810791015625
9239988,2021,2021-04-14,1941,2021-03-08,0835,11132,901T,1,5,7,1941,0,0,0,NA,0,NA,EAST 6TH ST,ATLANTIC AV,0,NA,Y,A,-,N,NA,NA,NA,NA,NA,NA,NA,NA,NA,Y,4,0,1,2,D,-,00,NA,NA,N,D,C,A,A,H,-,A,A,0,NA,NA,NA,NA,Y,NA,-,-,0,0,1,0,0,0,0,0,0,-,-,NA,NA,LOS ANGELES,LONG BEACH,-118.18505096435548,33.774147033691406
92399888,2024,2024-05-28,9535,2024-05-10,837,023372,NA,5,1,9,1900,0,2,4,NA,2,024,WHITTIER BLVD,FORD BLVD.,0,NA,Y,A,-,N,NA,NA,NA,NA,NA,NA,NA,NA,NA,N,4,0,1,2,A,-,10,21950,A,N,G,B,B,A,H,-,A,A,0,Y,NA,NA,NA,Y,NA,D,22,0,0,1,0,1,0,0,0,0,-,-,34.02336120605469,-118.17095947265624,LOS ANGELES,UNINCORPORATED,-118.17105102539064,34.023319244384766
9239989,2021,2021-04-14,1941,2021-03-08,1145,11542,901T,1,5,7,1941,0,0,0,NA,0,NA,W 3RD ST,PACIFIC AV,0,NA,Y,A,-,N,NA,NA,NA,NA,NA,NA,NA,NA,NA,Y,3,0,2,2,A,-,12,21453,A,N,D,C,A,A,H,-,A,A,0,NA,NA,Y,NA,Y,NA,-,-,0,2,0,0,0,0,0,0,2,-,-,NA,NA,LOS ANGELES,LONG BEACH,-118.19371795654295,33.77050018310547
9239990,2021,2021-04-14,1941,2021-03-12,2155,11521,901T,5,5,7,1941,0,0,0,NA,0,NA,BROADWAY,ORANGE AV,115,W,N,A,-,N,NA,NA,NA,NA,NA,NA,NA,NA,NA,Y,4,0,1,5,A,-,01,23152,B,N,B,E,A,A,H,-,C,D,0,NA,NA,NA,NA,Y,Y,A,NA,0,0,1,0,0,0,0,0,0,-,-,NA,NA,LOS ANGELES,LONG BEACH,-118.17721557617188,33.76850128173828
9239991,2021,2021-04-14,1941,2021-03-10,1018,5767,901T,3,5,7,1941,0,0,0,NA,0,NA,E ANAHEIM ST,GAVIOTA AV,0,NA,Y,C,G,N,NA,NA,NA,NA,NA,NA,NA,NA,NA,Y,4,0,1,2,A,-,09,21804,A,N,D,C,A,B,H,-,A,A,0,NA,NA,NA,NA,Y,NA,A,NA,0,0,1,0,0,0,0,0,0,-,-,NA,NA,LOS ANGELES,LONG BEACH,-118.17095184326172,33.78260803222656
9239992,2021,2021-04-14,1941,2021-03-06,1441,11301,901-T,6,5,7,1941,0,0,0,NA,0,NA,3RD ST,ORANGE AV,0,NA,Y,A,-,N,NA,NA,NA,NA,NA,NA,NA,NA,NA,Y,4,0,1,2,A,-,12,21453,A,N,D,C,A,A,H,-,A,A,0,NA,NA,NA,NA,Y,NA,-,-,0,0,1,0,0,0,0,0,0,-,-,NA,NA,LOS ANGELES,LONG BEACH,-118.17652130126952,33.77016067504883
9239993,2021,2021-04-14,1941,2021-03-10,1036,5661,901T,3,5,7,1941,0,0,0,NA,0,NA,LONG BEACH BL,56TH ST,58,S,N,B,-,N,NA,NA,NA,NA,NA,NA,NA,NA,NA,N,4,0,1,3,A,-,07,21658,A,N,B,C,A,A,H,-,A,A,0,NA,NA,NA,NA,Y,NA,A,NA,0,0,1,0,0,0,0,0,0,-,-,NA,NA,LOS ANGELES,LONG BEACH,-118.19768524169922,33.857364654541016
9239994,2021,2021-04-14,1941,2021-03-08,0805,5771,901CP,1,5,7,1941,0,0,0,NA,0,NA,ATLANTIC,7TH ST,0,NA,Y,A,-,N,NA,NA,NA,NA,NA,NA,NA,NA,NA,Y,4,0,1,2,A,-,12,21453,A,N,D,C,A,A,H,-,A,A,0,NA,NA,NA,NA,Y,NA,A,NA,0,0,1,0,0,0,0,0,0,-,-,NA,NA,LOS ANGELES,LONG BEACH,-118.18505096435548,33.77534484863281
9239995,2021,2021-04-14,1941,2021-03-11,1815,6260,901T,4,5,7,1941,0,0,0,NA,0,NA,BELLFLOWER BL,WILLOW ST,0,NA,Y,A,-,N,NA,NA,NA,NA,NA,NA,NA,NA,NA,Y,4,0,1,2,A,-,12,21453,A,N,A,C,A,A,H,-,C,A,0,NA,NA,NA,NA,Y,NA,A,NA,0,0,1,0,0,0,0,0,0,-,-,NA,NA,LOS ANGELES,LONG BEACH,-118.12535858154295,33.80318832397461
9239996,2021,2021-04-14,1941,2021-03-11,1026,11535,901-T,4,5,7,1941,0,0,0,NA,0,NA,WILLOW ST,DELTA AV,0,NA,Y,C,-,N,NA,NA,NA,NA,NA,NA,NA,NA,NA,Y,3,0,3,2,A,-,09,21801,A,N,D,C,A,B,H,-,A,D,0,NA,NA,NA,NA,Y,NA,A,NA,0,1,2,0,0,0,0,0,0,-,-,NA,NA,LOS ANGELES,LONG BEACH,-118.21111297607422,33.804386138916016
9239997,2021,2021-04-14,1941,2021-03-06,1656,10799,901T,6,5,7,1941,0,0,0,NA,0,NA,ALAMITOS AV,ANAHEIM ST,0,NA,Y,A,-,N,NA,NA,NA,NA,NA,NA,NA,NA,NA,N,3,0,1,2,A,-,08,22107,NA,N,G,B,B,A,H,-,B,A,0,Y,NA,NA,NA,Y,NA,A,NA,0,1,0,0,1,0,0,0,0,-,-,NA,NA,LOS ANGELES,LONG BEACH,-118.17797088623048,33.78260803222656
92399972,2024,2024-05-28,9590,2024-05-12,2120,023472,NA,7,2,7,1942,0,1,1,NA,2,012,SR-110 N/B (ARROYO SECO PARKWAY),AVENUE 60,454,N,N,A,-,Y,LA,NA,110,NA,NA,28.861,H,NA,R,Y,2,0,2,2,A,-,01,23152,A,N,A,C,A,A,H,-,C,D,0,NA,NA,NA,NA,Y,Y,A,01,1,0,1,0,0,0,0,0,0,-,-,34.10874938964844,-118.18514251708984,LOS ANGELES,LOS ANGELES,-118.18508911132813,34.10873031616211
9239998,2021,2021-04-14,1941,2021-03-08,1829,11231,901T,1,5,7,1941,0,0,0,NA,0,NA,ATLANTIC AV,BROADWAY,0,NA,Y,A,-,N,NA,NA,NA,NA,NA,NA,NA,NA,NA,N,4,0,2,2,D,-,00,NA,NA,N,D,C,A,A,H,-,C,A,0,NA,NA,NA,NA,Y,NA,-,-,0,0,2,0,0,0,0,0,0,-,-,NA,NA,LOS ANGELES,LONG BEACH,-118.1850357055664,33.76929473876953
9239999,2021,2021-04-14,1941,2021-03-01,0817,10022,901T,1,5,7,1941,0,0,0,NA,0,NA,PACIFIC COAST HWY,TERMINO AV,0,NA,Y,A,-,N,NA,NA,NA,NA,NA,NA,NA,NA,NA,N,3,0,2,2,A,-,12,21453,A,N,D,C,A,A,H,-,A,A,0,NA,NA,NA,NA,Y,NA,A,NA,0,1,1,0,0,0,0,0,0,-,-,NA,NA,LOS ANGELES,LONG BEACH,-118.14591979980467,33.789852142333984
9240000,2021,2021-04-14,1941,2021-03-09,1349,10022,901T,2,5,7,1941,0,0,0,NA,0,NA,7TH ST,E CAMPUS DR,0,NA,Y,A,-,N,NA,NA,NA,NA,NA,NA,NA,NA,NA,N,4,0,1,2,A,-,12,21453,A,N,D,C,A,A,H,-,A,A,0,NA,NA,NA,NA,Y,NA,A,NA,0,0,1,0,0,0,0,0,0,-,-,NA,NA,LOS ANGELES,LONG BEACH,-118.11175537109376,33.775047302246094
92400013,2024,2024-05-28,9590,2024-05-13,1740,023563,NA,1,2,7,1942,0,1,1,NA,2,021,I-10 WESTBOUND (SAN BERNARDINO FREEWAY),STATE ST,1400,E,N,A,-,Y,LA,NA,10,NA,NA,18.782,H,NA,L,Y,3,0,2,3,A,-,01,23152,A,N,C,C,A,A,H,-,A,D,0,NA,NA,NA,NA,Y,Y,D,22,0,1,1,0,0,0,0,0,0,-,-,34.05390167236328,-118.20762634277344,LOS ANGELES,LOS ANGELES,-118.2076416015625,34.05384826660156
92400025,2024,2024-05-28,9550,2024-05-17,1700,021742,NA,5,2,5,1919,0,1,1,NA,2,652,I-605 NORTHBOUND,ARTESIA BOULEAVRD,1000,S,N,A,-,Y,LA,NA,605,NA,R,4.56,H,NA,R,N,3,0,1,3,A,-,03,22350,NA,N,C,C,A,A,H,-,A,D,0,NA,NA,NA,NA,Y,NA,A,08,0,1,0,0,0,0,0,0,0,-,-,33.86970138549805,-118.09989166259766,LOS ANGELES,CERRITOS,-118.09994506835938,33.869686126708984
92400033,2024,2024-05-28,9550,2024-05-17,1315,023714,NA,5,1,3,1964,0,1,1,NA,2,650,I-605 N/B,TELEGRAPH RD,1100,N,N,B,-,Y,LA,NA,605,NA,R,10.466,H,NA,R,Y,3,0,1,2,A,-,08,22107,NA,N,C,C,A,A,H,-,A,D,0,NA,NA,NA,Y,Y,NA,A,08,0,1,0,0,0,0,0,0,0,-,-,33.95248031616211,-118.0901336669922,LOS ANGELES,SANTA FE SPRINGS,-118.09017944335938,33.95249938964844
92400036,2024,2024-05-28,9550,2024-05-17,905,022498,NA,5,1,7,1941,0,1,3,NA,2,090,SR-91 EB,CHERRY AVE.,1330,W,N,B,-,Y,LA,NA,91,NA,R,12.878,H,NA,R,N,4,0,1,2,A,-,03,22350,NA,N,C,C,A,A,H,-,A,D,0,NA,NA,NA,NA,Y,NA,A,01,0,0,1,0,0,0,0,0,0,-,-,33.876651763916016,-118.17269134521484,LOS ANGELES,LONG BEACH,-118.17267608642578,33.87672424316406
92400064,2024,2024-08-14,9530,2024-05-16,2020,023399,NA,4,2,9,1900,0,3,5,NA,2,003,COMPTON BLVD.,WHITE AVE.,100,W,N,A,-,N,NA,NA,NA,NA,NA,NA,NA,NA,NA,Y,4,0,2,2,A,-,21,22106,NA,N,D,C,A,A,H,-,C,D,0,NA,NA,NA,NA,Y,NA,A,01,0,0,2,0,0,0,0,0,0,-,-,33.89617156982422,-118.19597625732422,LOS ANGELES,UNINCORPORATED,-118.19594573974608,33.896141052246094
92400069,2024,2024-05-28,9540,2024-05-19,1620,023400,NA,7,2,9,1900,0,1,1,NA,2,507,I-5 SOUTHBOUND,SR-126,3670,S,N,A,-,Y,LA,NA,5,NA,R,54.684,H,NA,L,Y,4,0,1,2,A,-,03,22350,NA,N,E,8,A,A,H,-,A,D,0,NA,NA,NA,NA,Y,NA,D,22,0,0,1,0,0,0,0,0,0,-,-,34.43727111816406,-118.5954818725586,LOS ANGELES,UNINCORPORATED,-118.59553527832033,34.437225341796875
92400086,2024,2024-05-28,9525,2024-05-15,1900,022194,NA,3,2,6,1975,0,1,1,NA,2,106,I-10 E/B (SAN BERNARDINO FWY),CITRUS ST.,1000,E,N,A,-,Y,LA,NA,10,NA,NA,37.77,H,NA,R,N,4,0,2,2,A,-,07,21658,A,N,B,C,A,A,H,-,A,D,0,NA,NA,NA,NA,Y,NA,A,07,0,0,2,0,0,0,0,0,0,-,-,34.071861267089844,-117.8854522705078,LOS ANGELES,WEST COVINA,-117.8854522705078,34.07185363769531
92400104,2024,2024-05-28,9525,2024-05-27,1143,016450,NA,1,1,5,1906,0,1,1,NA,2,103,I-10 W/B (SAN BERNARDINO FWY),ATHOL ST,2112,E,N,A,-,Y,LA,NA,10,NA,NA,31.894,H,NA,L,Y,4,0,1,4,A,-,03,22350,NA,N,C,C,A,A,H,-,A,D,0,NA,NA,NA,NA,Y,NA,A,08,0,0,1,0,0,0,0,0,0,-,-,34.067039489746094,-117.98712158203124,LOS ANGELES,BALDWIN PARK,-117.98709106445313,34.0669059753418
92400105,2024,2024-05-28,9530,2024-04-30,1744,023622,NA,2,2,9,1900,0,3,5,NA,2,003,COMPTON BLVD.,CASTLEGATE AVE.,0,NA,Y,A,-,N,NA,NA,NA,NA,NA,NA,NA,NA,NA,Y,4,0,3,2,A,-,03,22350,NA,F,C,C,A,A,H,-,A,D,0,NA,NA,NA,NA,Y,NA,A,01,0,0,3,0,0,0,0,0,0,-,-,33.8961181640625,-118.19673919677734,LOS ANGELES,UNINCORPORATED,-118.19668579101564,33.896141052246094
92400107,2024,2024-05-28,9525,2024-05-16,1045,016450,NA,4,1,5,1906,0,1,1,NA,2,103,I-10 W/B (SAN BERNARDINO FWY),FRANCISQUITO AVE,528,E,N,A,-,Y,LA,NA,10,NA,NA,32.728,H,NA,L,N,4,0,1,4,A,-,08,22107,NA,M,C,C,A,A,H,-,A,D,0,NA,NA,NA,NA,Y,NA,E,22,0,0,1,0,0,0,0,0,0,-,-,34.06880187988281,-117.97303009033205,LOS ANGELES,BALDWIN PARK,-117.9730224609375,34.06876754760742
92400120,2024,2024-05-28,9540,2024-05-08,1214,021118,NA,3,1,7,1942,0,1,1,NA,2,505,I-5 S/B TRUCK BYPASS,ROXFORD ST,3696,S,N,A,-,Y,LA,NA,5,NA,NA,41.947,H,NA,L,Y,2,0,1,2,A,-,08,22107,NA,N,B,2,A,A,H,-,A,D,0,NA,NA,NA,Y,Y,NA,G,25,1,0,0,0,0,0,0,0,0,-,-,34.294979095458984,-118.4719696044922,LOS ANGELES,LOS ANGELES,-118.47174072265624,34.29513931274414
92400124,2024,2024-05-28,9530,2024-05-16,655,022986,NA,4,1,9,1900,0,3,5,NA,2,001,COMPTON AVE.,68TH ST.,0,NA,Y,A,-,N,NA,NA,NA,NA,NA,NA,NA,NA,NA,Y,4,0,2,2,A,-,09,21801,A,N,A,2,A,A,H,-,A,A,0,NA,NA,NA,NA,Y,NA,A,07,0,0,2,0,0,0,0,0,0,-,-,33.97842025756836,-118.24774932861328,LOS ANGELES,UNINCORPORATED,-118.24770355224608,33.978023529052734