CASE_ID,ACCIDENT_YEAR,PROC_DATE,JURIS,COLLISION_DATE,COLLISION_TIME,OFFICER_ID,REPORTING_DISTRICT,DAY_OF_WEEK,CHP_SHIFT,POPULATION,CNTY_CITY_LOC,SPECIAL_COND,BEAT_TYPE,CHP_BEAT_TYPE,CITY_DIVISION_LAPD,CHP_BEAT_CLASS,BEAT_NUMBER,PRIMARY_RD,SECONDARY_RD,DISTANCE,DIRECTION,INTERSECTION,WEATHER_1,WEATHER_2,STATE_HWY_IND,CALTRANS_COUNTY,CALTRANS_DISTRICT,STATE_ROUTE,ROUTE_SUFFIX,POSTMILE_PREFIX,POSTMILE,LOCATION_TYPE,RAMP_INTERSECTION,SIDE_OF_HWY,TOW_AWAY,COLLISION_SEVERITY,NUMBER_KILLED,NUMBER_INJURED,PARTY_COUNT,PRIMARY_COLL_FACTOR,PCF_CODE_OF_VIOL,PCF_VIOL_CATEGORY,PCF_VIOLATION,PCF_VIOL_SUBSECTION,HIT_AND_RUN,TYPE_OF_COLLISION,MVIW,PED_ACTION,ROAD_SURFACE,ROAD_COND_1,ROAD_COND_2,LIGHTING,CONTROL_DEVICE,CHP_ROAD_TYPE,PEDESTRIAN_ACCIDENT,BICYCLE_ACCIDENT,MOTORCYCLE_ACCIDENT,TRUCK_ACCIDENT,NOT_PRIVATE_PROPERTY,ALCOHOL_INVOLVED,STWD_VEHTYPE_AT_FAULT,CHP_VEHTYPE_AT_FAULT,COUNT_SEVERE_INJ,COUNT_VISIBLE_INJ,COUNT_COMPLAINT_PAIN,COUNT_PED_KILLED,COUNT_PED_INJURED,COUNT_BICYCLIST_KILLED,COUNT_BICYCLIST_INJURED,COUNT_MC_KILLED,COUNT_MC_INJURED,PRIMARY_RAMP,SECONDARY_RAMP,LATITUDE,LONGITUDE,COUNTY,CITY,POINT_X,POINT_Y
92407500,2024,2024-06-06,9575,2024-05-25,1500,022651,NA,6,2,5,1902,0,1,1,NA,2,065,I-210 E/B (FOOTHILL FREEWAY),SANTA ANITA AVE.,1214,W,N,A,-,Y,LA,NA,210,NA,R,31.656,H,NA,R,N,4,0,3,2,A,-,03,22350,NA,N,C,C,A,A,H,-,A,D,0,NA,NA,NA,NA,Y,NA,A,01,0,0,3,0,0,0,0,0,0,-,-,34.148250579833984,-118.0356216430664,LOS ANGELES,ARCADIA,-118.0356216430664,34.148216247558594
92407507,2024,2024-06-06,9540,2024-06-01,115,023124,NA,6,3,6,1985,0,1,3,NA,1,145,SR-14 S/B,PLACERITA CANYON RD,2550,N,N,A,-,Y,LA,NA,14,NA,R,28.588,H,NA,L,Y,3,0,2,2,A,-,03,22350,NA,N,C,C,A,A,H,-,D,D,0,NA,NA,NA,NA,Y,NA,A,07,0,1,1,0,0,0,0,0,0,-,-,34.382930755615234,-118.48779296875,LOS ANGELES,SANTA CLARITA,-118.4877700805664,34.38291549682617
9240751,2021,2021-04-01,1955,2021-02-16,0719,41897,NA,2,5,6,1955,0,0,0,NA,0,001,GAREY AV,KINGSLEY AV,99,N,N,B,-,NA,NA,NA,NA,NA,NA,NA,NA,NA,NA,Y,4,0,1,1,A,-,03,22350,NA,N,E,I,A,B,H,-,A,D,0,NA,NA,NA,NA,Y,NA,A,07,0,0,1,0,0,0,0,0,0,-,-,NA,NA,LOS ANGELES,POMONA,-117.7516860961914,34.06687927246094
92407511,2024,2024-06-06,9575,2024-05-26,1230,021795,NA,7,1,9,1900,0,3,5,NA,2,002,MIDWICK DR.,MIDLOTHIAN DR.,115,W,N,B,-,N,NA,NA,NA,NA,NA,NA,NA,NA,NA,N,4,0,1,1,C,-,18,NA,NA,N,E,I,A,A,H,-,A,D,0,NA,NA,NA,NA,Y,NA,-,-,0,0,1,0,0,0,0,0,0,-,-,34.18301010131836,-118.10791015625,LOS ANGELES,UNINCORPORATED,-118.10782623291016,34.18304443359375
92407518,2024,2024-06-06,9565,2024-05-28,308,023735,NA,2,3,9,1900,0,3,5,NA,2,002,BUDLONG AVENUE,W 110TH ST,0,NA,Y,A,-,N,NA,NA,NA,NA,NA,NA,NA,NA,NA,Y,3,0,1,2,A,-,09,21804,A,F,D,C,A,A,H,-,C,A,0,NA,NA,NA,NA,Y,NA,D,22,0,1,0,0,0,0,0,0,0,-,-,33.93552017211914,-118.29630279541016,LOS ANGELES,UNINCORPORATED,-118.29624176025392,33.93549728393555
9240752,2021,2021-04-01,1955,2021-02-02,1413,41897,05,2,5,6,1955,0,0,0,NA,0,004,MISSION BL,TOWNE AV,0,NA,Y,A,-,NA,NA,NA,NA,NA,NA,NA,NA,NA,NA,NA,4,0,1,2,A,-,03,22350,NA,N,C,C,A,A,H,-,A,A,0,NA,NA,NA,NA,Y,NA,A,01,0,0,1,0,0,0,0,0,0,-,-,34.05535125732422,-117.74130249023438,LOS ANGELES,POMONA,-117.7413330078125,34.05531692504883
9240753,2021,2021-04-07,1955,2021-02-15,1425,41149,011,1,5,6,1955,0,0,0,NA,0,003,TOWNE AV,RT 10,6,S,N,A,-,Y,LA,7,10,-,-,46.569,R,4,E,N,4,0,1,2,A,-,21,22106,NA,N,C,C,A,A,H,-,A,A,0,NA,NA,NA,NA,Y,NA,A,01,0,0,1,0,0,0,0,0,0,-,-,NA,NA,LOS ANGELES,POMONA,-117.73921966552734,34.079132080078125
92407532,2024,2024-06-06,9565,2024-05-29,2202,023745,NA,3,3,7,1942,0,1,1,NA,2,083,I-10 E/B (SANTA MONICA FWY),LA CIENEGEA BOULEVARD,300,W,N,A,-,Y,LA,NA,10,NA,R,8.743,H,NA,R,Y,3,0,1,3,A,-,03,22350,NA,N,C,C,A,A,H,-,D,D,0,NA,NA,NA,NA,Y,NA,A,01,0,1,0,0,0,0,0,0,0,-,-,34.036861419677734,-118.37938690185548,LOS ANGELES,LOS ANGELES,-118.37938690185548,34.036842346191406
92407535,2024,2024-06-06,9575,2024-05-28,1715,023029,NA,2,2,6,1953,0,1,1,NA,2,064,SR-134 E/B (VENTURA FREEWAY),FAIR OAKS AVENUE,388,E,N,A,-,Y,LA,NA,210,NA,R,25.369,H,NA,R,N,4,0,2,2,A,-,03,22350,NA,N,C,C,A,A,H,-,A,D,0,NA,NA,NA,NA,Y,NA,A,08,0,0,2,0,0,0,0,0,0,-,-,34.151798248291016,-118.14909362792967,LOS ANGELES,PASADENA,-118.14908599853516,34.15172576904297
9240754,2021,2021-04-01,1955,2021-02-04,1706,42606,100,4,5,6,1955,0,0,0,NA,0,003,PALOMA DR,HOLT AV,158,S,N,A,-,NA,NA,NA,NA,NA,NA,NA,NA,NA,NA,NA,4,0,3,4,A,-,09,21804,A,F,G,B,D,A,H,-,A,A,0,Y,NA,NA,NA,Y,NA,A,01,0,0,3,0,3,0,0,0,0,-,-,34.06277084350586,-117.73948669433594,LOS ANGELES,POMONA,-117.7394790649414,34.06220626831055
9240755,2021,2021-04-01,1955,2021-02-02,0812,40791,28,2,5,6,1955,0,0,0,NA,0,002,BONITA AV,JACARANDA AV,3,W,N,A,-,N,NA,NA,NA,NA,NA,NA,NA,NA,NA,N,3,0,1,2,A,-,08,22100,A,F,D,G,A,A,H,-,A,A,0,NA,Y,NA,NA,Y,Y,-,99,0,1,0,0,0,0,1,0,0,-,-,NA,NA,LOS ANGELES,POMONA,-117.75057983398438,34.09650421142578
92407556,2024,2024-06-06,9525,2024-06-02,740,022745,NA,7,1,6,1955,0,1,1,NA,2,107,I-10 W/B TO SR-57 CONNECTOR RD,FAIRPLEX DR,3696,W,N,A,-,Y,NA,NA,NA,NA,NA,NA,NA,NA,NA,Y,4,0,2,1,A,-,03,22350,NA,N,E,8,A,B,H,-,A,D,0,NA,NA,NA,NA,Y,NA,A,01,0,0,2,0,0,0,0,0,0,-,-,34.06871032714844,-117.80010986328124,LOS ANGELES,POMONA,-117.79703521728516,34.069847106933594
9240756,2021,2021-04-01,1955,2021-02-07,1632,42416,90,7,5,6,1955,0,0,0,NA,0,004,MISSION BL,EAST END AV,0,NA,Y,A,-,N,NA,NA,NA,NA,NA,NA,NA,NA,NA,Y,3,0,1,2,A,-,08,22107,NA,N,A,C,A,A,H,-,A,A,0,NA,NA,NA,NA,Y,NA,A,01,0,1,0,0,0,0,0,0,0,-,-,NA,NA,LOS ANGELES,POMONA,-117.72382354736328,34.055755615234375
9240757,2021,2021-04-01,1955,2021-02-07,1946,42685,21,7,5,6,1955,0,0,0,NA,0,002,LA VERNE AV,SAN ANTONIO AV,0,NA,Y,A,-,N,NA,NA,NA,NA,NA,NA,NA,NA,NA,Y,2,0,4,2,A,-,01,23152,A,N,A,C,A,A,H,-,C,A,0,NA,NA,NA,NA,Y,Y,A,01,1,3,0,0,0,0,0,0,0,-,-,NA,NA,LOS ANGELES,POMONA,-117.73674011230467,34.081092834472656
92407578,2024,2024-06-06,9525,2024-05-31,38,021383,NA,5,3,5,1906,0,1,1,NA,2,103,I-10 W/B (SAN BERNARDINO FWY),BALDWIN PARK BLVD,1056,E,N,A,-,Y,LA,NA,10,NA,NA,32.505,H,NA,L,Y,4,0,2,2,A,-,01,23152,A,N,C,C,A,A,D,-,C,D,0,NA,NA,NA,NA,Y,Y,A,07,0,0,2,0,0,0,0,0,0,-,-,34.06834030151367,-117.97682189941406,LOS ANGELES,BALDWIN PARK,-117.976806640625,34.06827163696289
9240758,2021,2021-04-01,1955,2021-02-20,2047,42576,51,6,5,6,1955,0,0,0,NA,0,001,MISSION BL,WHITE AV,0,NA,Y,A,-,N,NA,NA,NA,NA,NA,NA,NA,NA,NA,Y,3,0,1,2,A,-,12,21453,A,N,D,C,A,A,H,-,C,A,0,NA,NA,NA,NA,Y,NA,A,01,0,1,0,0,0,0,0,0,0,-,-,NA,NA,LOS ANGELES,POMONA,-117.75879669189452,34.054901123046875
9240759,2021,2021-04-01,1955,2021-02-23,1354,40791,64,2,5,6,1955,0,0,0,NA,0,001,VALLEY BL,RIDGEWAY ST,0,NA,Y,A,-,N,NA,NA,NA,NA,NA,NA,NA,NA,NA,Y,3,0,1,2,A,-,08,22107,NA,N,B,C,A,A,H,-,A,A,0,NA,NA,NA,NA,Y,NA,A,07,0,1,0,0,0,0,0,0,0,-,-,NA,NA,LOS ANGELES,POMONA,-117.79559326171876,34.061248779296875
92407597,2024,2024-06-06,9580,2024-06-03,1245,023749,NA,1,1,7,1942,0,1,1,NA,2,406,I-405 N/B (SAN DIEGO FWY),DEVONSHIRE ST,115,S,N,A,-,Y,LA,NA,405,NA,NA,46.231,H,NA,R,N,4,0,1,3,A,-,03,22350,NA,N,C,C,A,A,H,-,A,D,0,NA,NA,NA,Y,Y,NA,F,25,0,0,1,0,0,0,0,0,0,-,-,34.257049560546875,-118.47200775146484,LOS ANGELES,LOS ANGELES,-118.47213745117188,34.257049560546875
92407598,2024,2024-06-06,9580,2024-05-30,1153,023848,NA,4,1,7,1942,0,1,2,NA,2,105,US-101 S/B (VENTURA FREEWAY),LINDLEY AVE,160,S,N,A,-,Y,LA,NA,101,NA,NA,20.698,H,NA,L,Y,3,0,1,2,A,-,03,22350,NA,N,C,C,A,A,H,-,A,D,0,NA,NA,Y,NA,Y,Y,C,02,0,1,0,0,0,0,0,0,1,-,-,34.17110824584961,-118.52658081054688,LOS ANGELES,LOS ANGELES,-118.52658081054688,34.17109680175781
9240760,2021,2021-04-01,1955,2021-02-07,2119,42602,0049,7,5,6,1955,0,0,0,NA,0,001,2ND ST,WHITE AV,0,NA,Y,A,-,N,NA,NA,NA,NA,NA,NA,NA,NA,NA,Y,4,0,2,2,A,-,12,21453,A,N,D,C,A,A,H,-,C,A,0,NA,NA,NA,NA,Y,NA,A,01,0,0,2,0,0,0,0,0,0,-,-,NA,NA,LOS ANGELES,POMONA,-117.75888061523438,34.057594299316406
92407606,2024,2024-06-06,9525,2024-05-31,1550,022959,NA,5,2,9,1900,0,3,5,NA,2,002,CYPRESS ST,CONEY AVE,0,NA,Y,A,-,N,NA,NA,NA,NA,NA,NA,NA,NA,NA,Y,4,0,1,2,A,-,09,21801,A,N,D,C,A,A,H,-,A,D,0,NA,NA,NA,NA,Y,NA,A,01,0,0,1,0,0,0,0,0,0,-,-,34.09593963623047,-117.92272186279295,LOS ANGELES,UNINCORPORATED,-117.92275238037108,34.09599685668945
92407614,2024,2024-06-06,9550,2024-06-04,1130,018408,NA,2,1,9,1900,0,1,3,NA,2,600,SR-60 W/B,7TH AVE.,1820,E,N,A,-,Y,LA,NA,60,NA,NA,14.634,H,NA,L,N,3,0,2,2,A,-,07,21658,A,N,C,C,A,A,H,-,A,D,0,NA,NA,NA,Y,Y,NA,A,07,0,2,0,0,0,0,0,0,0,-,-,34.01565170288086,-117.98419189453124,LOS ANGELES,UNINCORPORATED,-117.98428344726564,34.015586853027344
92407616,2024,2024-06-06,9550,2024-05-30,550,018408,NA,4,3,9,1900,0,1,3,NA,2,600,SR-60 W/B,7TH AVE.,28,W,N,B,-,Y,LA,NA,60,NA,NA,14.266,H,NA,L,N,3,0,3,3,A,-,03,22350,NA,N,C,C,A,A,H,-,B,D,0,NA,NA,NA,NA,Y,NA,A,01,0,3,0,0,0,0,0,0,0,-,-,34.01976013183594,-117.98828887939452,LOS ANGELES,UNINCORPORATED,-117.9882583618164,34.019779205322266
9240762,2021,2021-04-01,1900,2021-02-25,1530,626681,22241,4,5,3,1994,0,0,0,NA,0,22272,REYES ADOBE RD,AGOURA RD,0,NA,Y,A,-,N,NA,NA,NA,NA,NA,NA,NA,NA,NA,Y,3,0,1,2,A,-,12,21453,A,N,D,C,A,A,H,-,A,A,0,NA,NA,NA,NA,Y,NA,A,01,0,1,0,0,0,0,0,0,0,-,-,34.14508056640625,-118.78092956542967,LOS ANGELES,AGOURA HILLS,-118.78092193603516,34.14502716064453
92407621,2024,2024-06-06,9525,2024-06-01,440,023049,NA,6,3,6,1975,0,1,1,NA,2,106,I-10 E/B (SAN BERNARDINO FWY),AZUSA AVE,1848,W,N,A,-,Y,LA,NA,10,NA,NA,36.114,H,NA,R,Y,4,0,4,2,A,-,03,22350,NA,F,C,C,A,A,H,-,C,D,0,NA,NA,NA,NA,Y,NA,A,01,0,0,4,0,0,0,0,0,0,-,-,34.07212829589844,-117.914306640625,LOS ANGELES,WEST COVINA,-117.914306640625,34.072120666503906
92407624,2024,2024-06-06,9575,2024-05-26,5,023243,NA,7,3,7,1942,0,1,1,NA,2,060,I-210 W/B (FOOTHILL FREEWAY),VAN NUYS BOULEVARD,450,E,N,A,-,Y,LA,NA,210,NA,R,6.66,H,NA,L,N,4,0,1,2,A,-,08,22107,NA,F,G,B,E,A,H,-,C,D,0,Y,NA,NA,NA,Y,NA,-,99,0,0,1,0,1,0,0,0,0,-,-,34.28076171875,-118.39958190917967,LOS ANGELES,LOS ANGELES,-118.3996124267578,34.28073501586914
92407672,2024,2024-06-06,9575,2024-05-26,124,023243,NA,7,3,7,1942,0,1,3,NA,2,070,SR-118 W/B (RONALD REAGAN FREEWAY),HERRICK AVENUE,440,W,N,A,-,Y,LA,NA,118,NA,R,12.859,H,NA,L,Y,4,0,1,2,A,-,01,23152,A,M,C,2,A,A,H,-,C,D,0,NA,NA,NA,NA,Y,Y,A,01,0,0,1,0,0,0,0,0,0,-,-,34.2771110534668,-118.42320251464844,LOS ANGELES,LOS ANGELES,-118.42319488525392,34.277103424072266
92407683,2024,2024-06-06,9575,2024-05-26,2300,023243,NA,7,3,7,1942,0,1,3,NA,2,300,SR-2 (ANGELES CREST HIGHWAY),MILE POST MARKER 27.82,121,E,N,A,-,Y,LA,NA,2,NA,NA,27.839,H,NA,R,Y,4,0,1,1,A,-,08,22107,NA,N,E,8,A,A,H,-,D,D,0,NA,NA,NA,NA,Y,NA,A,01,0,0,1,0,0,0,0,0,0,-,-,34.236148834228516,-118.18508911132813,LOS ANGELES,LOS ANGELES,-118.18506622314452,34.23616409301758
92407684,2024,2024-06-06,9580,2024-06-05,1225,022036,NA,3,1,7,1942,0,1,2,NA,2,102,US-101 N/B (VENTURA FREEWAY),KESTER AVE,250,N,N,A,-,Y,LA,NA,101,NA,NA,16.517,H,NA,R,N,4,0,1,2,A,-,03,22350,NA,N,C,C,A,A,H,-,A,D,0,NA,NA,NA,NA,Y,NA,A,01,0,0,1,0,0,0,0,0,0,-,-,34.159141540527344,-118.45865631103516,LOS ANGELES,LOS ANGELES,-118.4587173461914,34.159019470214844
92407688,2024,2024-06-06,9580,2024-06-03,1205,023848,NA,1,1,9,1900,0,1,1,NA,2,405,I-405 S/B (SAN DIEGO FWY),BURBANK BLVD,1500,N,N,A,-,Y,NA,NA,NA,NA,NA,NA,NA,NA,NA,N,3,0,4,3,A,-,03,22350,NA,N,C,C,A,A,H,-,A,D,0,NA,NA,NA,NA,Y,NA,A,01,0,4,0,0,0,0,0,0,0,-,-,34.177879333496094,-118.46942138671876,LOS ANGELES,UNINCORPORATED,-118.4681396484375,34.176170349121094
92407783,2024,2024-06-06,9540,2024-06-02,745,023606,NA,7,1,9,1900,0,1,1,NA,1,502,I-5 N/B,THE OLD RD,3168,S,N,A,-,Y,LA,NA,5,NA,R,47.232,H,NA,R,Y,4,0,1,1,A,-,03,22350,NA,N,E,8,A,A,H,-,A,D,0,NA,NA,NA,NA,Y,NA,A,01,0,0,1,0,0,0,0,0,0,-,-,34.34574890136719,-118.53228759765624,LOS ANGELES,UNINCORPORATED,-118.53223419189452,34.345794677734375
92407801,2024,2024-06-06,9525,2024-06-03,647,018357,NA,1,1,5,1926,0,1,1,NA,2,215,I-210 W/B (FOOTHILL FWY),GRAND AVE.,528,W,N,B,-,Y,LA,NA,210,NA,R,41.14,H,NA,L,N,4,0,1,2,A,-,03,22350,NA,N,C,C,A,A,H,-,A,D,0,NA,NA,NA,NA,Y,NA,A,01,0,0,1,0,0,0,0,0,0,-,-,34.12099838256836,-117.88082122802734,LOS ANGELES,GLENDORA,-117.88082122802734,34.12105941772461
9240784,2021,2021-03-30,1928,2021-02-04,1152,50384,520,4,5,5,1928,0,0,0,NA,0,503,KORNBLUM AV,ROSECRANS AVE,16,N,N,A,-,N,NA,NA,NA,NA,NA,NA,NA,NA,NA,Y,3,0,1,2,A,-,08,22107,NA,N,D,C,A,A,H,-,A,A,0,NA,NA,NA,NA,Y,NA,A,01,0,1,0,0,0,0,0,0,0,-,-,33.90187072753906,-118.33746337890624,LOS ANGELES,HAWTHORNE,-118.3373794555664,33.901973724365234
9240785,2021,2021-03-30,1928,2021-02-08,1234,50384,527,1,5,5,1928,0,0,0,NA,0,504,AVIATION BL,MARINE AVE,0,NA,Y,A,-,N,NA,NA,NA,NA,NA,NA,NA,NA,NA,N,4,0,1,2,A,-,03,22350,NA,N,D,G,A,A,H,-,A,B,0,NA,Y,NA,NA,Y,NA,L,04,0,0,1,0,0,0,1,0,0,-,-,33.89459991455078,-118.37880706787108,LOS ANGELES,HAWTHORNE,-118.3787078857422,33.89463806152344
92407858,2024,2024-06-06,9550,2024-05-24,1658,023656,NA,5,2,9,1900,0,2,4,NA,1,021,NORWALK BOULEVARD,PERKINS AVENUE,55,N,N,A,-,N,NA,NA,NA,NA,NA,NA,NA,NA,NA,N,4,0,2,2,A,-,03,22350,NA,N,C,C,A,A,H,-,A,D,0,NA,NA,NA,NA,Y,NA,A,01,0,0,2,0,0,0,0,0,0,-,-,33.960731506347656,-118.07086181640624,LOS ANGELES,UNINCORPORATED,-118.07087707519533,33.96062088012695
9240786,2021,2021-03-30,1928,2021-02-17,1330,50384,515,3,5,5,1928,0,0,0,NA,0,503,HAWTHORNE BL,135TH ST,0,NA,Y,A,-,NA,NA,NA,NA,NA,NA,NA,NA,NA,NA,NA,3,0,1,2,A,-,12,21453,A,N,D,C,A,A,H,-,A,A,0,NA,NA,NA,NA,Y,NA,-,NA,0,1,0,0,0,0,0,0,0,-,-,33.909828186035156,-118.35257720947266,LOS ANGELES,HAWTHORNE,-118.3527603149414,33.90983963012695
92407889,2024,2024-06-06,9590,2024-06-04,550,019008,NA,2,3,7,1942,0,1,2,NA,2,071,US-101 SOUTHBOUND (SANTA ANA FREEWAY),HILL ST,50,N,N,B,-,Y,LA,NA,101,NA,NA,1.153,H,NA,L,N,4,0,1,2,A,-,07,21658,A,F,B,C,A,A,H,-,B,D,0,NA,NA,NA,NA,Y,NA,-,99,0,0,1,0,0,0,0,0,0,-,-,34.05747985839844,-118.24349212646484,LOS ANGELES,LOS ANGELES,-118.24343872070313,34.057533264160156
9240789,2021,2021-03-30,1967,2021-02-23,1144,107,NA,2,5,2,1967,0,0,0,NA,0,SOUTH,WILLOW ST,CALIFORNIA AVE,0,NA,Y,A,-,N,NA,NA,NA,NA,NA,NA,NA,NA,NA,Y,4,0,1,2,A,-,12,21453,A,N,D,C,A,A,H,-,A,A,0,NA,NA,NA,NA,Y,NA,A,01,0,0,1,0,0,0,0,0,0,-,-,33.804378509521484,-118.18087005615234,LOS ANGELES,SIGNAL HILL,-118.1807098388672,33.80427932739258
9240790,2021,2021-03-30,1967,2021-02-19,1240,153,NA,5,5,2,1967,0,0,0,NA,0,NA,32ND PL,ORANGE AVE,310,E,N,A,-,N,NA,NA,NA,NA,NA,NA,NA,NA,NA,Y,3,0,1,2,A,-,21,22106,NA,N,B,C,A,A,H,-,A,D,0,NA,NA,NA,NA,Y,NA,A,01,0,1,0,0,0,0,0,0,0,-,-,33.81521987915039,-118.1762466430664,LOS ANGELES,SIGNAL HILL,-118.17530822753906,33.81529998779297
92407909,2024,2024-06-06,9525,2024-06-05,1225,019890,NA,3,1,1,1934,0,1,1,NA,2,652,I-605 N/B (SAN GABRIEL RIVER FWY) TO I-210 W/B (FO,I-210 E/B (FOOTHILL FWY),110,S,N,A,-,Y,LA,NA,605,NA,NA,25.581,H,NA,L,Y,4,0,1,1,A,-,08,22107,NA,N,E,I,A,A,H,-,A,D,0,NA,NA,NA,NA,Y,NA,A,01,0,0,1,0,0,0,0,0,0,-,-,34.132320404052734,-117.95902252197266,LOS ANGELES,IRWINDALE,-117.95909881591795,34.132362365722656
92407913,2024,2024-06-06,9535,2024-05-28,855,020551,NA,2,1,9,1900,0,3,5,NA,2,002,4TH ST. (5100 BLOCK),ATLANTIC BLVD.,300,W,N,A,-,N,NA,NA,NA,NA,NA,NA,NA,NA,NA,N,4,0,1,2,A,-,09,21804,A,N,D,C,A,A,H,-,A,D,0,NA,NA,NA,NA,Y,NA,A,01,0,0,1,0,0,0,0,0,0,-,-,34.029518127441406,-118.15512084960938,LOS ANGELES,UNINCORPORATED,-118.15552520751952,34.02960205078125
92407918,2024,2024-06-06,9525,2024-05-28,1315,023880,NA,2,1,9,1900,0,1,3,NA,1,024,SR-39 (SAN GABRIEL CANYON RD.),OLD SAN GABRIEL CANYON ROAD,3960,N,N,C,-,N,NA,NA,NA,NA,NA,NA,NA,NA,NA,N,3,0,1,2,A,-,05,21460,A,N,E,I,A,A,H,-,A,D,0,NA,NA,NA,NA,Y,NA,A,01,0,1,0,0,0,0,0,0,0,-,-,34.17079162597656,-117.89218139648438,LOS ANGELES,UNINCORPORATED,-117.89154052734376,34.17123031616211
92407919,2024,2024-06-06,9590,2024-05-25,950,021823,NA,6,1,7,1942,0,1,1,NA,2,081,I-5 S/B (GOLDEN STATE FREEWAY),7TH ST,200,N,N,A,-,Y,LA,NA,5,NA,NA,16.919,H,NA,L,N,4,0,4,3,A,-,03,22350,NA,N,C,C,A,A,H,-,A,D,0,NA,NA,NA,NA,Y,NA,A,07,0,0,4,0,0,0,0,0,0,-,-,34.0347900390625,-118.2212371826172,LOS ANGELES,LOS ANGELES,-118.22136688232422,34.034828186035156
9240792,2021,2021-03-30,1942,2021-02-26,2350,41072,0393,5,5,7,1942,0,0,0,C,0,3A73,VERNON AV,LEIMERT BL,0,NA,Y,A,-,N,NA,NA,NA,NA,NA,NA,NA,NA,NA,Y,2,0,1,2,A,-,09,21801,A,N,D,C,A,A,H,-,C,A,0,NA,NA,Y,NA,Y,NA,A,01,1,0,0,0,0,0,0,0,1,-,-,NA,NA,LOS ANGELES,LOS ANGELES,-118.33084106445313,34.00365447998047
92407925,2024,2024-06-06,9590,2024-05-26,930,021823,NA,7,1,7,1942,0,1,1,NA,2,063,I-10 W/B (SMF) TO I-110 N/B (HAF),VENICE BLVD,20,N,N,A,-,Y,NA,NA,NA,NA,NA,NA,NA,NA,NA,Y,3,0,1,1,A,-,08,22107,NA,N,E,I,A,A,H,-,A,D,0,NA,NA,Y,NA,Y,NA,C,02,0,1,0,0,0,0,0,0,1,-,-,34.03852081298828,-118.27200317382813,LOS ANGELES,LOS ANGELES,-118.37540435791016,34.03661346435547
9240793,2021,2021-03-30,1942,2021-02-24,1549,41683,1823,3,5,7,1942,0,0,0,R,0,18A3,S SAN PEDRO ST,E 102ND ST,0,NA,Y,A,-,N,NA,NA,NA,NA,NA,NA,NA,NA,NA,Y,4,0,1,2,A,-,09,21802,A,N,D,C,A,A,H,-,A,D,0,NA,NA,NA,NA,Y,Y,A,01,0,0,1,0,0,0,0,0,0,-,-,NA,NA,LOS ANGELES,LOS ANGELES,-118.26952362060548,33.94377136230469
9240794,2021,2021-03-30,1942,2021-02-20,1035,43133,0391,6,5,7,1942,0,0,0,C,0,25T23,DON LORENZO DR,STOCKER ST,0,NA,Y,A,-,N,NA,NA,NA,NA,NA,NA,NA,NA,NA,Y,4,0,3,3,A,-,09,21801,A,N,D,C,A,A,H,-,A,D,0,NA,NA,NA,NA,Y,NA,A,01,0,0,3,0,0,0,0,0,0,-,-,NA,NA,LOS ANGELES,LOS ANGELES,-118.35531616210938,34.001251220703125
9240795,2021,2021-03-30,1942,2021-02-19,0730,42282,1842,5,5,7,1942,0,0,0,R,0,25T23,S GRAND AV,111TH PL,0,NA,Y,A,-,N,NA,NA,NA,NA,NA,NA,NA,NA,NA,Y,2,0,1,2,A,-,12,21453,A,N,D,C,A,A,H,-,A,A,0,NA,NA,NA,NA,Y,NA,A,01,1,0,0,0,0,0,0,0,0,-,-,NA,NA,LOS ANGELES,LOS ANGELES,-118.28115081787108,33.933895111083984
92407956,2024,2024-06-06,9580,2024-05-30,1320,018583,NA,4,1,7,1942,0,1,1,NA,2,404,I-405 N/B (SAN DIEGO FWY),MULHOLLAND DR,5280,N,N,A,-,Y,LA,NA,405,NA,NA,38.08,H,NA,R,Y,3,0,1,3,A,-,03,22350,NA,M,C,C,A,A,H,-,A,D,0,NA,NA,NA,NA,Y,NA,A,01,0,1,0,0,0,0,0,0,0,-,-,34.141090393066406,-118.47115325927734,LOS ANGELES,LOS ANGELES,-118.4712142944336,34.141082763671875
92407957,2024,2024-06-06,9545,2024-05-24,1730,023505,NA,5,2,6,1992,0,1,3,NA,2,011,SR-14 N/B,AVENUE M,200,N,N,A,-,Y,LA,NA,14,NA,R,64.721,H,NA,R,Y,4,0,1,2,A,-,03,22350,NA,N,C,C,A,A,D,-,A,D,0,NA,NA,NA,NA,Y,NA,A,01,0,0,1,0,0,0,0,0,0,-,-,34.6463508605957,-118.15313720703124,LOS ANGELES,LANCASTER,-118.15311431884766,34.6463508605957
9240796,2021,2021-03-30,1942,2021-02-09,2315,39360,0375,2,5,7,1942,0,0,0,C,0,3A99,W MARTIN LUTHER KING JR BL,S WESTERN AV,11,E,N,A,-,N,NA,NA,NA,NA,NA,NA,NA,NA,NA,N,2,0,1,2,A,-,10,21950,A,N,G,B,B,A,H,-,C,A,0,Y,NA,NA,NA,Y,NA,A,01,1,0,0,0,1,0,0,0,0,-,-,NA,NA,LOS ANGELES,LOS ANGELES,-118.30889129638672,34.01084899902344
9240797,2021,2021-03-30,1942,2021-02-03,1450,40440,0303,3,5,7,1942,0,0,0,C,0,3A1,W LA BREA AVE,ADAMS BL,35,N,N,A,-,N,NA,NA,NA,NA,NA,NA,NA,NA,NA,Y,2,0,1,1,A,-,03,22350,NA,N,E,I,A,A,H,-,A,D,0,NA,NA,NA,NA,Y,NA,A,01,1,0,0,0,0,0,0,0,0,-,-,NA,NA,LOS ANGELES,LOS ANGELES,-118.3508758544922,34.032596588134766