CASE_ID,ACCIDENT_YEAR,PROC_DATE,JURIS,COLLISION_DATE,COLLISION_TIME,OFFICER_ID,REPORTING_DISTRICT,DAY_OF_WEEK,CHP_SHIFT,POPULATION,CNTY_CITY_LOC,SPECIAL_COND,BEAT_TYPE,CHP_BEAT_TYPE,CITY_DIVISION_LAPD,CHP_BEAT_CLASS,BEAT_NUMBER,PRIMARY_RD,SECONDARY_RD,DISTANCE,DIRECTION,INTERSECTION,WEATHER_1,WEATHER_2,STATE_HWY_IND,CALTRANS_COUNTY,CALTRANS_DISTRICT,STATE_ROUTE,ROUTE_SUFFIX,POSTMILE_PREFIX,POSTMILE,LOCATION_TYPE,RAMP_INTERSECTION,SIDE_OF_HWY,TOW_AWAY,COLLISION_SEVERITY,NUMBER_KILLED,NUMBER_INJURED,PARTY_COUNT,PRIMARY_COLL_FACTOR,PCF_CODE_OF_VIOL,PCF_VIOL_CATEGORY,PCF_VIOLATION,PCF_VIOL_SUBSECTION,HIT_AND_RUN,TYPE_OF_COLLISION,MVIW,PED_ACTION,ROAD_SURFACE,ROAD_COND_1,ROAD_COND_2,LIGHTING,CONTROL_DEVICE,CHP_ROAD_TYPE,PEDESTRIAN_ACCIDENT,BICYCLE_ACCIDENT,MOTORCYCLE_ACCIDENT,TRUCK_ACCIDENT,NOT_PRIVATE_PROPERTY,ALCOHOL_INVOLVED,STWD_VEHTYPE_AT_FAULT,CHP_VEHTYPE_AT_FAULT,COUNT_SEVERE_INJ,COUNT_VISIBLE_INJ,COUNT_COMPLAINT_PAIN,COUNT_PED_KILLED,COUNT_PED_INJURED,COUNT_BICYCLIST_KILLED,COUNT_BICYCLIST_INJURED,COUNT_MC_KILLED,COUNT_MC_INJURED,PRIMARY_RAMP,SECONDARY_RAMP,LATITUDE,LONGITUDE,COUNTY,CITY,POINT_X,POINT_Y
92412078,2024,2024-06-12,9590,2024-06-07,1615,023252,NA,5,2,7,1942,0,1,2,NA,2,073,US-101 S/B (HOLLYWOOD FREEWAY),SANTA MONICA BOULVARD,65,N,N,A,-,Y,LA,NA,101,NA,NA,5.578,H,NA,L,N,4,0,1,2,A,-,03,22350,NA,N,C,C,A,A,H,-,A,D,0,NA,NA,NA,NA,Y,NA,A,01,0,0,1,0,0,0,0,0,0,-,-,34.09107971191406,-118.30680847167967,LOS ANGELES,LOS ANGELES,-118.30677795410156,34.091094970703125
92412089,2024,2024-06-12,9550,2024-06-02,1700,019321,NA,7,2,6,1920,0,1,1,NA,2,500,I-5 S/B TO LAKEWOOD BLVD.,LAKEWOOD BLVD.,5,N,N,A,-,Y,NA,NA,NA,NA,NA,NA,NA,NA,NA,N,4,0,1,2,A,-,03,22350,NA,N,C,C,A,A,H,-,A,D,0,NA,NA,NA,NA,Y,NA,A,01,0,0,1,0,0,0,0,0,0,-,-,33.95684051513672,-118.11255645751952,LOS ANGELES,DOWNEY,-118.11176300048828,33.957767486572266
9241226,2021,2021-04-08,1969,2021-02-26,0819,20226,TRAFF,5,5,5,1969,0,0,0,NA,0,005,FIRESTONE BL,RT 710,0,NA,Y,A,-,Y,LA,7,710,-,-,18.315,R,4,N,Y,4,0,3,5,A,-,12,21453,A,N,A,C,A,A,H,-,A,A,0,NA,NA,NA,NA,Y,NA,A,07,0,0,3,0,0,0,0,0,0,-,NF,33.9494514465332,-118.16767120361328,LOS ANGELES,SOUTH GATE,-118.17027282714844,33.94789505004883
9241227,2021,2021-03-30,1900,2021-01-18,1625,C11530,0241,1,5,3,1914,0,0,0,NA,0,2725PM,TELEGRAPH RD,EASTERN AV,222,E,N,A,-,N,NA,NA,NA,NA,NA,NA,NA,NA,NA,Y,3,0,2,2,A,-,08,22107,NA,N,C,E,A,A,H,-,C,D,0,NA,NA,NA,Y,Y,NA,D,22,0,1,1,0,0,0,0,0,0,-,-,NA,NA,LOS ANGELES,COMMERCE,-118.1733169555664,34.017112731933594
92412309,2024,2024-06-12,9575,2024-05-27,1121,023009,NA,1,1,7,1942,0,1,3,NA,2,043,SR-134 E/B (VENTURA FREEWAY),RIVERSIDE DR.,1315,W,N,A,-,Y,LA,NA,134,NA,NA,4.557,H,NA,R,Y,4,0,1,1,A,-,08,22107,NA,N,B,I,A,A,H,-,A,D,0,NA,NA,NA,NA,Y,NA,A,01,0,0,1,0,0,0,0,0,0,-,-,34.15591049194336,-118.29830169677734,LOS ANGELES,LOS ANGELES,-118.29832458496094,34.15580749511719
92412316,2024,2024-06-12,9575,2024-05-29,855,022203,NA,3,1,6,1953,0,1,1,NA,2,063,I-210 W/B (FOOTHILL FREEWAY),ORANGE GROVE BLVD.,1320,W,N,A,-,Y,LA,NA,210,NA,R,24.373,H,NA,L,Y,3,0,1,3,A,-,08,22107,NA,N,E,I,A,A,H,-,A,D,0,NA,NA,NA,NA,Y,NA,A,07,0,1,0,0,0,0,0,0,0,-,-,34.157718658447266,-118.15850830078124,LOS ANGELES,PASADENA,-118.1584014892578,34.15773391723633
9241233,2021,2021-04-06,1953,2021-01-23,1858,0996,1953,6,5,6,1953,0,0,0,NA,0,002,SUNSET AV,CLAREMONT ST,0,NA,Y,C,-,N,NA,NA,NA,NA,NA,NA,NA,NA,NA,Y,3,0,3,3,A,-,12,22450,A,F,D,C,A,B,H,-,D,D,0,NA,NA,NA,Y,Y,Y,G,26,0,1,2,0,0,0,0,0,0,-,-,NA,NA,LOS ANGELES,PASADENA,-118.15489959716795,34.166664123535156
92412343,2024,2024-06-12,9580,2024-06-06,1800,022663,NA,4,2,7,1942,0,1,2,NA,2,102,US-101 N/B (VENTURA FREEWAY),HASKELL AVE,280,N,N,A,-,Y,LA,NA,101,NA,NA,17.664,H,NA,R,N,4,0,1,2,A,-,03,22350,NA,N,C,C,A,A,H,-,A,D,0,NA,NA,NA,NA,Y,NA,A,01,0,0,1,0,0,0,0,0,0,-,-,34.16548156738281,-118.47579956054688,LOS ANGELES,LOS ANGELES,-118.47581481933594,34.16539001464844
92412344,2024,2024-06-12,9535,2024-05-31,1322,017943,NA,5,1,5,1959,0,1,3,NA,2,620,SR-60 (POMONA FREEWAY) E/B,SAN GABRIEL BLVD,739,W,N,A,-,Y,LA,NA,60,NA,R,8.4,H,NA,R,N,4,0,1,2,A,-,03,22350,NA,M,C,C,A,A,H,-,A,D,0,NA,NA,NA,NA,Y,NA,-,99,0,0,1,0,0,0,0,0,0,-,-,34.03853988647461,-118.08300018310548,LOS ANGELES,ROSEMEAD,-118.08300018310548,34.038543701171875
92412347,2024,2024-06-12,9580,2024-05-22,2310,023155,NA,3,3,7,1942,0,1,2,NA,2,103,US-101 S/B (VENTURA FREEWAY),HASKELL AVE,341,S,N,A,-,Y,LA,NA,101,NA,NA,17.467,H,NA,L,N,3,0,1,1,A,-,01,23152,A,N,B,I,A,A,H,-,C,D,0,NA,NA,NA,NA,Y,Y,A,01,0,1,0,0,0,0,0,0,0,-,-,34.163551330566406,-118.47281646728516,LOS ANGELES,LOS ANGELES,-118.47264099121094,34.163665771484375
92412348,2024,2024-06-12,9580,2024-06-03,135,023717,NA,1,3,7,1942,0,1,1,NA,2,404,I-405 N/B (SAN DIEGO FWY),SHERMAN WAY,300,N,N,A,-,Y,LA,NA,405,NA,NA,42.454,H,NA,R,Y,2,0,1,1,A,-,01,23152,A,N,E,I,A,A,H,-,C,D,0,NA,NA,NA,NA,Y,Y,A,01,1,0,0,0,0,0,0,0,0,-,-,34.2022590637207,-118.47313690185548,LOS ANGELES,LOS ANGELES,-118.47328186035156,34.20226287841797
92412354,2024,2024-06-12,9565,2024-05-07,847,023620,NA,2,1,4,1918,0,1,1,NA,2,061,I-405 SOUTHBOUND,WASHINGTON BOULEVARD,145,S,N,A,-,Y,LA,NA,405,NA,NA,27.417,H,NA,L,N,4,0,2,4,A,-,07,21658,A,N,B,C,A,A,H,-,A,D,0,NA,NA,NA,NA,Y,NA,A,01,0,0,2,0,0,0,0,0,0,-,-,34.00550079345703,-118.41329956054688,LOS ANGELES,CULVER CITY,-118.41329193115234,34.0055046081543
92412362,2024,2024-06-12,9525,2024-05-31,1540,022770,NA,5,2,4,1913,0,1,1,NA,2,208,SR-210 E/B (FOOTHILL FWY),BASELINE ROAD,2640,W,N,A,-,Y,LA,NA,210,NA,R,51.379,H,NA,R,N,4,0,1,2,A,-,03,22350,NA,N,C,C,A,A,H,-,A,D,0,NA,NA,NA,NA,Y,NA,A,07,0,0,1,0,0,0,0,0,0,-,-,34.11980056762695,-117.70429229736328,LOS ANGELES,CLAREMONT,-117.70429229736328,34.1198616027832
92412369,2024,2024-06-12,9525,2024-06-01,705,022105,NA,6,1,6,1975,0,1,1,NA,2,105,I-10 W/B,VINCENT AVE,1500,W,N,B,-,Y,LA,NA,10,NA,NA,35.104,H,NA,L,N,4,0,1,2,A,-,03,22350,NA,N,B,0,A,A,H,-,A,D,0,NA,NA,NA,NA,Y,NA,A,07,0,0,1,0,0,0,0,0,0,-,-,34.07244873046875,-117.93187713623048,LOS ANGELES,WEST COVINA,-117.93187713623048,34.072486877441406
9241237,2021,2021-03-30,1953,2021-01-23,1550,1185,PASAD,6,5,6,1953,0,0,0,NA,0,001,AVE 64,BURLEIGH DR,150,N,N,B,C,N,NA,NA,NA,NA,NA,NA,NA,NA,NA,Y,3,0,2,1,A,-,03,22350,NA,M,H,I,A,B,F,-,A,D,0,NA,NA,NA,NA,Y,Y,D,22,0,1,1,0,0,0,0,0,0,-,-,NA,NA,LOS ANGELES,PASADENA,-118.17646026611328,34.12750244140625
92412379,2024,2024-06-12,9530,2024-05-31,1125,023568,NA,5,1,7,1942,0,1,1,NA,2,110,I-110 N/B (HARBOR FREEWAY),190TH ST.,100,N,N,B,-,Y,LA,NA,110,NA,NA,9.087,H,NA,R,N,4,0,1,2,A,-,03,22350,NA,N,C,C,A,A,H,-,A,D,0,NA,NA,NA,NA,Y,NA,A,07,0,0,1,0,0,0,0,0,0,-,-,33.861549377441406,-118.28476715087892,LOS ANGELES,LOS ANGELES,-118.2847900390625,33.861549377441406
92412387,2024,2024-06-12,9530,2024-05-31,1645,023038,NA,5,2,9,1900,0,3,5,NA,2,002,135TH ST (400 BLOCK),AVALON BLVD,385,W,N,A,-,N,NA,NA,NA,NA,NA,NA,NA,NA,NA,Y,3,0,4,3,A,-,03,22350,NA,N,C,C,A,A,H,-,A,D,0,NA,NA,NA,NA,Y,NA,A,08,0,4,0,0,0,0,0,0,0,-,-,33.90913009643555,-118.26670837402344,LOS ANGELES,UNINCORPORATED,-118.2665786743164,33.909149169921875
92412392,2024,2024-06-12,9545,2024-06-01,1154,023663,NA,6,1,9,1900,0,3,5,NA,2,003,ANGELES FOREST HIGHWAY,CFM 9.13,278,N,N,A,-,Y,NA,NA,NA,NA,NA,NA,NA,NA,NA,N,2,0,1,2,C,-,18,NA,NA,N,F,I,A,A,B,-,A,D,0,NA,NA,Y,NA,Y,NA,-,-,1,0,0,0,0,0,0,0,1,-,-,34.39850997924805,-118.07045745849608,LOS ANGELES,UNINCORPORATED,-118.2533721923828,34.04118347167969
92412413,2024,2024-06-12,9545,2024-06-05,645,023856,NA,3,1,9,1900,0,2,4,NA,1,025,SAN FRANCISQUITO CANYON RD,CALLE EL PARADO,0,NA,Y,A,-,N,NA,NA,NA,NA,NA,NA,NA,NA,NA,Y,3,0,2,2,A,-,09,21802,A,N,D,C,A,A,H,-,A,A,0,NA,NA,Y,NA,Y,NA,C,02,0,1,1,0,0,0,0,0,1,-,-,34.61927032470703,-118.41835784912108,LOS ANGELES,UNINCORPORATED,-118.41854095458984,34.61915588378906
92412436,2024,2024-06-12,9580,2024-06-03,2250,023761,NA,1,3,7,1942,0,1,3,NA,2,171,SR-170 S/B (HOLLYWOOD FWY),SHERMAN WAY,1600,N,N,A,-,Y,LA,NA,170,NA,R,18.603,H,NA,L,N,4,0,2,2,A,-,03,22350,NA,N,C,C,A,A,H,-,D,D,0,NA,NA,NA,NA,Y,NA,A,01,0,0,2,0,0,0,0,0,0,-,-,34.205501556396484,-118.40589141845705,LOS ANGELES,LOS ANGELES,-118.40579986572266,34.20552444458008
92412446,2024,2024-06-12,9590,2024-06-01,1715,023397,NA,6,2,7,1942,0,1,1,NA,2,083,I-5 S/B (GSF) TO SR-110 S/B (ASP),AVENUE 19,420,N,N,A,-,Y,LA,NA,110,NA,NA,25.491,H,NA,L,N,4,0,1,2,A,-,08,22107,NA,N,C,C,A,A,H,-,A,D,0,NA,NA,NA,NA,Y,NA,A,01,0,0,1,0,0,0,0,0,0,-,-,34.079559326171875,-118.22736358642578,LOS ANGELES,LOS ANGELES,-118.2272491455078,34.0794563293457
9241245,2021,2021-04-13,1953,2021-02-13,1218,9039,1953,6,5,6,1953,0,0,0,NA,0,004,SAN GABRIEL BL,DEL MAR BL,0,NA,Y,A,-,N,NA,NA,NA,NA,NA,NA,NA,NA,NA,Y,4,0,2,3,A,-,12,21453,NA,N,D,C,A,A,H,-,A,A,0,NA,NA,NA,NA,Y,NA,-,-,0,0,2,0,0,0,0,0,0,-,-,NA,NA,LOS ANGELES,PASADENA,-118.09461975097656,34.14213180541992
92412452,2024,2024-06-12,9525,2024-06-07,950,020552,NA,5,1,1,1934,0,1,1,NA,2,204,I-210 E/B (FOOTHILL FWY),I-605 FREEWAY,1848,E,N,B,-,Y,LA,NA,210,NA,R,36.79,H,NA,R,Y,4,0,1,2,A,-,03,22350,NA,N,C,C,A,A,H,-,A,D,0,NA,NA,NA,NA,Y,NA,A,01,0,0,1,0,0,0,0,0,0,-,-,34.13246154785156,-117.95136260986328,LOS ANGELES,IRWINDALE,-117.95130920410156,34.13256072998047
92412456,2024,2024-06-12,9580,2024-06-07,150,022776,NA,5,3,7,1942,0,1,1,NA,2,405,I-405 S/B (SAN DIEGO FWY),SHERMAN WAY,528,S,N,A,-,Y,LA,NA,405,NA,NA,42.029,H,NA,L,Y,4,0,1,2,A,-,08,22107,NA,N,B,C,A,A,H,-,C,D,0,NA,NA,NA,Y,Y,NA,A,08,0,0,1,0,0,0,0,0,0,-,-,34.196128845214844,-118.47444152832033,LOS ANGELES,LOS ANGELES,-118.47444915771484,34.196128845214844
92412471,2024,2024-06-12,9530,2024-05-31,730,023457,NA,5,1,5,1977,0,1,3,NA,2,310,SR-91 W/B (ARTESIA FREEWAY),MAIN ST.,190,W,N,A,-,Y,LA,NA,91,NA,R,6.844,H,NA,L,Y,3,0,1,2,A,-,08,22107,NA,N,B,C,A,A,H,-,A,D,0,NA,NA,Y,NA,Y,NA,A,07,0,1,0,0,0,0,0,0,1,-,-,33.87294006347656,-118.27629852294922,LOS ANGELES,CARSON,-118.27630615234376,33.87278366088867
92412476,2024,2024-06-12,9590,2024-05-28,135,023269,NA,2,3,7,1942,0,1,1,NA,2,053,I-110 SOUTHBOUND (HARBOR FREEWAY),2ND ST,80,S,N,A,-,Y,LA,NA,110,NA,NA,23.223,H,NA,L,N,3,0,1,1,A,-,08,22107,NA,N,E,I,A,A,H,-,C,D,0,NA,NA,Y,NA,Y,NA,C,02,0,1,0,0,0,0,0,0,1,-,-,34.057411193847656,-118.25502014160156,LOS ANGELES,LOS ANGELES,-118.2549057006836,34.05732727050781
92412486,2024,2024-06-12,9565,2024-05-31,1525,019031,NA,5,2,9,1900,0,3,5,NA,2,003,STOCKER ST.,LA BREA AVE.,0,NA,Y,A,-,N,NA,NA,NA,NA,NA,NA,NA,NA,NA,Y,3,0,1,2,A,-,12,21453,A,N,D,C,A,A,H,-,A,A,0,NA,NA,Y,NA,Y,NA,A,01,0,1,0,0,0,0,0,0,1,-,-,33.996768951416016,-118.3577880859375,LOS ANGELES,UNINCORPORATED,-118.35792541503906,33.997032165527344
9241249,2021,2021-03-30,1953,2021-01-25,1842,4606,PASAD,1,5,6,1953,0,0,0,NA,0,002,CANADA AV,CASITAS AV,0,NA,Y,A,-,N,NA,NA,NA,NA,NA,NA,NA,NA,NA,N,4,0,2,2,A,-,12,22450,NA,M,D,C,A,B,H,-,C,A,0,NA,NA,NA,NA,Y,Y,D,22,0,0,2,0,0,0,0,0,0,-,-,NA,NA,LOS ANGELES,PASADENA,-118.16409301757813,34.17829132080078
9241250,2021,2021-04-12,1969,2021-02-21,1341,10250,PATRO,7,5,5,1969,0,0,0,NA,0,001,OHIO AV,TRUBA AV,210,E,N,A,-,N,NA,NA,NA,NA,NA,NA,NA,NA,NA,Y,4,0,1,2,A,-,11,21954,A,N,G,B,D,A,H,-,A,D,0,Y,NA,NA,NA,Y,NA,N,60,0,0,1,0,1,0,0,0,0,-,-,33.95037078857422,-118.22473907470705,LOS ANGELES,SOUTH GATE,-118.22402191162108,33.95027542114258
92412504,2024,2024-06-12,9525,2024-06-07,1830,022770,NA,5,2,1,1934,0,1,1,NA,2,204,I-210 E/B (FOOTHILL FWY),IRWINDALE AVENUE,2429,W,N,A,-,Y,LA,NA,210,NA,R,37.378,H,NA,R,N,4,0,1,2,A,-,03,22350,NA,N,C,C,A,A,H,-,A,D,0,NA,NA,NA,NA,Y,NA,A,01,0,0,1,0,0,0,0,0,0,-,-,34.12908935546875,-117.94193267822266,LOS ANGELES,IRWINDALE,-117.9419174194336,34.129112243652344
92412511,2024,2024-06-12,9530,2024-05-31,1700,023038,NA,5,2,5,1977,0,1,1,NA,2,410,I-405 S/B (SAN DIEGO FREEWAY),AVALON BLVD,1795,N,N,A,-,Y,LA,NA,405,NA,NA,11.595,H,NA,L,Y,4,0,1,3,A,-,08,22107,NA,N,B,C,A,A,H,-,A,D,0,NA,NA,NA,NA,Y,NA,A,01,0,0,1,0,0,0,0,0,0,-,-,33.84320068359375,-118.26746368408205,LOS ANGELES,CARSON,-118.26741027832033,33.84323501586914
92412526,2024,2024-06-12,9535,2024-05-31,750,018633,NA,5,1,5,1948,0,1,3,NA,2,600,SR-60 E/B TO ATLANTIC BLVD,ATLANTIC BLVD.,15,W,N,B,-,Y,NA,NA,NA,NA,NA,NA,NA,NA,NA,N,4,0,1,2,C,-,18,NA,NA,N,C,C,A,A,H,-,A,A,0,NA,NA,NA,NA,Y,NA,-,-,0,0,1,0,0,0,0,0,0,-,-,34.03422927856445,-118.15175628662108,LOS ANGELES,MONTEREY PARK,-118.1500244140625,34.03512954711914
9241253,2021,2021-04-02,1900,2021-02-16,0608,461716,1515,2,5,5,1954,0,0,0,NA,0,151T3,WHITTIER AV,MILLUX AV,111,E,N,A,-,N,NA,NA,NA,NA,NA,NA,NA,NA,NA,Y,3,0,1,2,A,-,03,22350,NA,N,C,E,A,A,H,-,A,D,0,NA,NA,NA,Y,Y,NA,A,07,0,1,0,0,0,0,0,0,0,-,-,33.99794006347656,-118.0759735107422,LOS ANGELES,PICO RIVERA,-118.07491302490234,33.99738693237305
9241254,2021,2021-03-30,1969,2021-02-17,1849,20226,TRAFF,3,5,5,1969,0,0,0,NA,0,001,LONG BEACH BL,KANSAS AV,35,N,N,A,-,N,NA,NA,NA,NA,NA,NA,NA,NA,NA,N,4,0,2,2,D,-,00,NA,NA,N,C,C,A,A,H,-,C,A,0,NA,NA,NA,NA,Y,NA,-,-,0,0,2,0,0,0,0,0,0,-,-,33.94866943359375,-118.21720123291016,LOS ANGELES,SOUTH GATE,-118.21721649169922,33.9487419128418
9241255,2021,2021-04-29,1900,2021-01-25,1528,627588,0263,1,5,4,1917,0,0,0,NA,0,026,PATATA ST,ATLANTIC AV,5,N,N,A,-,N,NA,NA,NA,NA,NA,NA,NA,NA,NA,Y,4,0,1,2,A,-,03,22350,NA,F,C,C,A,A,H,-,A,A,0,NA,NA,NA,NA,Y,NA,A,01,0,0,1,0,0,0,0,0,0,-,-,33.95553970336914,-118.18408203125,LOS ANGELES,CUDAHY,-118.18396759033205,33.95555114746094
92412550,2024,2024-06-12,9525,2024-06-07,1930,019188,NA,5,2,9,1900,0,3,5,NA,2,005,MT. BALDY RD,SHINN RD.,15840,N,N,A,-,N,NA,NA,NA,NA,NA,NA,NA,NA,NA,Y,4,0,1,1,A,-,08,22107,NA,N,E,I,A,A,H,-,D,D,0,NA,NA,NA,NA,Y,NA,A,01,0,0,1,0,0,0,0,0,0,-,-,34.22895050048828,-117.66468811035156,LOS ANGELES,UNINCORPORATED,-117.67340850830078,34.21599578857422
9241256,2021,2021-04-02,1900,2021-02-21,1900,618387,0263,7,5,4,1917,0,0,0,NA,0,26T,SANTA ANA ST,WILCOX AV,250,E,N,A,-,N,NA,NA,NA,NA,NA,NA,NA,NA,NA,N,4,0,1,2,A,-,11,21954,A,F,G,B,E,A,H,-,C,D,0,Y,NA,NA,NA,Y,Y,D,22,0,0,1,0,1,0,0,0,0,-,-,NA,NA,LOS ANGELES,CUDAHY,-118.17843627929688,33.960086822509766
9241257,2021,2021-04-01,1953,2021-01-20,1644,7040,1953,3,5,6,1953,0,0,0,NA,0,002,FAIR OAKS AV,MOUNTAIN ST,0,NA,Y,A,-,N,NA,NA,NA,NA,NA,NA,NA,NA,NA,Y,3,0,2,3,A,-,08,22107,NA,N,D,C,A,A,H,-,A,A,0,NA,NA,NA,NA,Y,NA,D,22,0,2,0,0,0,0,0,0,0,-,-,NA,NA,LOS ANGELES,PASADENA,-118.1506118774414,34.161460876464844
92412570,2024,2024-06-12,9530,2024-05-31,1430,023456,NA,5,2,7,1941,0,1,3,NA,1,470,STATE ROUTE 103,HENRY FORD AVE,300,N,N,A,-,Y,LA,NA,47,NA,NA,4.488,H,NA,R,Y,4,0,1,2,A,-,03,22350,NA,N,E,I,A,A,H,-,A,D,0,NA,NA,NA,Y,Y,NA,G,27,0,0,1,0,0,0,0,0,0,-,-,33.773311614990234,-118.24034881591795,LOS ANGELES,LONG BEACH,-118.24042510986328,33.773311614990234
92412607,2024,2024-06-12,9525,2024-06-07,1650,023661,NA,5,2,9,1900,0,3,5,NA,2,004,NOLANDALE ST (13300),MAYLAND AVE,114,E,N,A,-,N,NA,NA,NA,NA,NA,NA,NA,NA,NA,N,4,0,1,1,A,-,08,22107,NA,N,E,C,A,A,H,-,A,D,0,NA,NA,NA,NA,Y,NA,A,07,0,0,1,0,0,0,0,0,0,-,-,34.060218811035156,-117.96961975097656,LOS ANGELES,UNINCORPORATED,-117.96990203857422,34.06047058105469
9241261,2021,2021-04-06,1955,2021-02-17,1116,42708,28,3,5,6,1955,0,0,0,NA,0,002,GAREY AV,BONITA AV,603,S,N,A,-,Y,NA,NA,NA,NA,NA,NA,NA,NA,NA,N,3,0,1,3,A,-,03,22350,NA,N,C,C,A,A,H,-,A,A,0,NA,NA,NA,NA,Y,NA,D,22,0,1,0,0,0,0,0,0,0,-,-,NA,NA,LOS ANGELES,POMONA,-117.74862670898438,34.09459686279297
92412620,2024,2024-06-12,9530,2024-06-03,1400,023562,NA,1,2,9,1900,0,3,5,NA,2,001,GRAND AVE.,SEVILLE AVE.,0,NA,Y,A,-,N,NA,NA,NA,NA,NA,NA,NA,NA,NA,N,4,0,1,2,A,-,09,21802,A,N,A,C,A,A,H,-,A,A,0,NA,NA,NA,NA,Y,NA,A,07,0,0,1,0,0,0,0,0,0,-,-,33.96889114379883,-118.22248840332033,LOS ANGELES,UNINCORPORATED,-118.22245025634766,33.9688720703125
92412626,2024,2024-06-12,9565,2024-06-01,50,023268,NA,6,3,9,1900,0,1,1,NA,2,012,I-105 W/B (CENTURY FWY.),HAWTHORNE BLVD,300,E,N,A,-,Y,LA,NA,105,NA,R,3.193,H,NA,L,Y,4,0,1,2,A,-,08,22107,NA,N,C,C,A,A,H,-,D,D,0,NA,NA,NA,NA,Y,NA,A,01,0,0,1,0,0,0,0,0,0,-,-,33.93328094482422,-118.35009765625,LOS ANGELES,UNINCORPORATED,-118.35009765625,33.933284759521484
92412631,2024,2024-06-12,9525,2024-06-08,1140,020552,NA,6,1,9,1900,0,3,5,NA,2,002,BADILLO ST,WOODGROVE AVE,0,NA,Y,B,-,N,NA,NA,NA,NA,NA,NA,NA,NA,NA,Y,4,0,1,2,A,-,09,21802,B,N,D,D,A,A,H,-,A,D,0,NA,NA,NA,NA,Y,NA,A,07,0,0,1,0,0,0,0,0,0,-,-,34.086639404296875,-117.93035125732422,LOS ANGELES,UNINCORPORATED,-117.93027496337892,34.0865364074707
92412632,2024,2024-06-12,9530,2024-06-03,1100,023455,NA,1,1,7,1942,0,1,1,NA,2,110,I-110 S/B (HARBOR FREEWAY),SR-91,650,N,N,B,-,Y,LA,NA,110,NA,NA,10.011,H,NA,L,Y,3,0,1,1,A,-,08,22107,NA,N,E,I,A,A,H,-,A,D,0,NA,NA,NA,NA,Y,NA,A,01,0,1,0,0,0,0,0,0,0,-,-,33.87479019165039,-118.28497314453124,LOS ANGELES,LOS ANGELES,-118.2851333618164,33.87479019165039
9241264,2021,2021-04-09,1900,2021-02-22,0900,602253,0250,1,5,4,1945,0,0,0,NA,0,28T,55TH ST,EVERETT AV,0,NA,Y,A,-,N,NA,NA,NA,NA,NA,NA,NA,NA,NA,N,3,0,2,2,A,-,12,22450,A,N,-,C,A,A,H,-,A,D,0,NA,NA,NA,NA,Y,NA,D,22,0,2,0,0,0,0,0,0,0,-,-,NA,NA,LOS ANGELES,MAYWOOD,-118.20033264160156,33.992557525634766
92412645,2024,2024-06-12,9550,2024-05-25,1650,023712,NA,6,2,6,1949,0,1,1,NA,2,500,INTERSTATE 5 (SANTA ANA FREEWAY) TO IMPERIAL HIGHW,IMPERIAL HWY.,50,N,N,A,-,Y,NA,NA,NA,NA,NA,NA,NA,NA,NA,Y,4,0,1,3,A,-,03,22350,NA,N,C,C,A,A,H,-,A,A,0,NA,NA,NA,NA,Y,NA,A,07,0,0,1,0,0,0,0,0,0,-,-,33.917449951171875,-118.0808334350586,LOS ANGELES,NORWALK,-118.08033752441406,33.91728591918945
92412646,2024,2024-06-12,9565,2024-06-01,250,023150,NA,6,3,7,1942,0,1,1,NA,2,083,I-10 E/B,WESTWOOD BLVD,125,E,N,B,-,Y,LA,NA,10,NA,R,6.165,H,NA,R,N,4,0,2,2,A,-,07,21658,A,N,B,C,A,A,H,-,D,D,0,NA,NA,NA,NA,Y,NA,A,01,0,0,2,0,0,0,0,0,0,-,-,34.03171920776367,-118.42124938964844,LOS ANGELES,LOS ANGELES,-118.42124938964844,34.03166198730469
92412648,2024,2024-06-12,9565,2024-05-31,1345,019031,NA,5,1,9,1900,0,2,4,NA,1,054,BALI WAY,ADMIRALTY WAY,0,NA,Y,A,-,N,NA,NA,NA,NA,NA,NA,NA,NA,NA,Y,4,0,1,2,D,-,00,NA,NA,N,H,G,A,A,H,-,A,A,0,NA,Y,NA,NA,Y,NA,-,-,0,0,1,0,0,0,1,0,0,-,-,33.98225021362305,-118.4416275024414,LOS ANGELES,UNINCORPORATED,-118.44165802001952,33.98210144042969
92412708,2024,2024-06-12,9565,2024-06-01,410,023238,NA,6,3,5,1928,0,1,1,NA,2,060,INTERSTATE 405 N/B (SANTA MONICA FWY),ROSECRANS AVE.,250,N,N,A,-,Y,LA,NA,405,NA,NA,19.22,H,NA,R,Y,3,0,1,2,A,-,01,23152,A,N,C,C,A,A,H,-,A,D,0,NA,NA,NA,NA,Y,Y,A,07,0,1,0,0,0,0,0,0,0,-,-,33.90180969238281,-118.37039184570313,LOS ANGELES,HAWTHORNE,-118.37030029296876,33.90180969238281
92412720,2024,2024-06-12,9525,2024-06-08,1435,023176,NA,6,2,6,1975,0,1,1,NA,2,106,I-10 E/B (SAN BERNARDINO FWY),AZUSA AVE,314,E,N,A,-,Y,LA,NA,10,NA,NA,36.568,H,NA,R,N,4,0,1,1,C,-,18,NA,NA,N,E,I,A,A,H,-,A,D,0,NA,NA,NA,NA,Y,NA,-,-,0,0,1,0,0,0,0,0,0,-,-,34.07210159301758,-117.90638732910156,LOS ANGELES,WEST COVINA,-117.90638732910156,34.072044372558594