CASE_ID,ACCIDENT_YEAR,PROC_DATE,JURIS,COLLISION_DATE,COLLISION_TIME,OFFICER_ID,REPORTING_DISTRICT,DAY_OF_WEEK,CHP_SHIFT,POPULATION,CNTY_CITY_LOC,SPECIAL_COND,BEAT_TYPE,CHP_BEAT_TYPE,CITY_DIVISION_LAPD,CHP_BEAT_CLASS,BEAT_NUMBER,PRIMARY_RD,SECONDARY_RD,DISTANCE,DIRECTION,INTERSECTION,WEATHER_1,WEATHER_2,STATE_HWY_IND,CALTRANS_COUNTY,CALTRANS_DISTRICT,STATE_ROUTE,ROUTE_SUFFIX,POSTMILE_PREFIX,POSTMILE,LOCATION_TYPE,RAMP_INTERSECTION,SIDE_OF_HWY,TOW_AWAY,COLLISION_SEVERITY,NUMBER_KILLED,NUMBER_INJURED,PARTY_COUNT,PRIMARY_COLL_FACTOR,PCF_CODE_OF_VIOL,PCF_VIOL_CATEGORY,PCF_VIOLATION,PCF_VIOL_SUBSECTION,HIT_AND_RUN,TYPE_OF_COLLISION,MVIW,PED_ACTION,ROAD_SURFACE,ROAD_COND_1,ROAD_COND_2,LIGHTING,CONTROL_DEVICE,CHP_ROAD_TYPE,PEDESTRIAN_ACCIDENT,BICYCLE_ACCIDENT,MOTORCYCLE_ACCIDENT,TRUCK_ACCIDENT,NOT_PRIVATE_PROPERTY,ALCOHOL_INVOLVED,STWD_VEHTYPE_AT_FAULT,CHP_VEHTYPE_AT_FAULT,COUNT_SEVERE_INJ,COUNT_VISIBLE_INJ,COUNT_COMPLAINT_PAIN,COUNT_PED_KILLED,COUNT_PED_INJURED,COUNT_BICYCLIST_KILLED,COUNT_BICYCLIST_INJURED,COUNT_MC_KILLED,COUNT_MC_INJURED,PRIMARY_RAMP,SECONDARY_RAMP,LATITUDE,LONGITUDE,COUNTY,CITY,POINT_X,POINT_Y
9242036,2021,2021-04-13,1909,2021-03-05,2000,606,SENJD,5,5,4,1909,0,0,0,NA,0,NORTH,FLORENCE PL,PERRY RD,15,W,N,A,-,N,NA,NA,NA,NA,NA,NA,NA,NA,NA,NA,4,0,1,2,A,-,12,22450,A,N,D,G,A,A,H,-,C,A,0,NA,Y,NA,NA,Y,NA,A,01,0,0,1,0,0,0,1,0,0,-,-,33.96678161621094,-118.15470123291016,LOS ANGELES,BELL GARDENS,-118.1482162475586,33.9660758972168
92420363,2024,2024-06-21,9550,2024-05-31,1925,023656,NA,5,2,5,1976,0,3,5,NA,2,002,LAMBERT ROAD,COLE ROAD,3,E,N,A,-,N,NA,NA,NA,NA,NA,NA,NA,NA,NA,Y,4,0,1,2,A,-,05,21650,NA,N,A,C,A,A,H,-,A,A,0,NA,NA,NA,NA,Y,NA,A,01,0,0,1,0,0,0,0,0,0,-,-,33.939090728759766,-118.00530242919922,LOS ANGELES,WHITTIER,-118.00547027587892,33.939144134521484
9242037,2021,2021-04-22,1909,2021-03-23,1406,486,1909,2,5,4,1909,0,0,0,NA,0,NORTH,FLORENCE AV,TOLER AV,40,W,N,A,-,N,NA,NA,NA,NA,NA,NA,NA,NA,NA,NA,4,0,2,2,A,-,08,22107,NA,N,-,C,A,A,H,-,A,D,0,NA,NA,NA,NA,Y,NA,A,01,0,0,2,0,0,0,0,0,0,-,-,NA,NA,LOS ANGELES,BELL GARDENS,-118.15345764160156,33.966514587402344
9242038,2021,2021-04-19,1909,2021-03-17,1828,602,NA,3,5,4,1909,0,0,0,NA,0,NA,GAGE AV,GARFIELD AV,234,E,N,A,-,N,NA,NA,NA,NA,NA,NA,NA,NA,NA,NA,4,0,1,2,A,-,11,21955,NA,N,G,B,D,A,H,-,A,D,0,Y,NA,NA,NA,Y,NA,N,60,0,0,1,0,1,0,0,0,0,-,-,NA,NA,LOS ANGELES,BELL GARDENS,-118.14627838134766,33.97371292114258
92420381,2024,2024-08-14,9565,2024-05-03,52,022764,NA,5,3,9,1900,0,1,1,NA,2,060,I-405 N/B TO CENTURY BLVD,CENTURY BLVD,550,S,N,A,-,Y,NA,NA,NA,NA,NA,NA,NA,NA,NA,Y,4,0,1,1,A,-,08,22107,NA,N,E,I,A,A,H,-,C,D,0,NA,NA,NA,NA,Y,Y,A,01,0,0,1,0,0,0,0,0,0,-,-,33.943748474121094,-118.36753082275392,LOS ANGELES,UNINCORPORATED,-118.36824035644533,33.94392013549805
9242039,2021,2021-04-13,1909,2021-03-17,1126,575,1909,3,5,4,1909,0,0,0,NA,0,SOUTH,SCOUT AV,SUVA ST,115,S,N,A,-,N,NA,NA,NA,NA,NA,NA,NA,NA,NA,NA,4,0,1,2,A,-,08,22107,NA,N,D,C,A,A,H,-,A,D,0,NA,NA,NA,NA,Y,NA,A,01,0,0,1,0,0,0,0,0,0,-,-,33.966129302978516,-118.13806915283205,LOS ANGELES,BELL GARDENS,-118.13828277587892,33.965858459472656
92420406,2024,2024-06-21,9565,2024-04-26,1722,022763,NA,5,2,7,1942,0,1,1,NA,2,062,I-405 N/B (SAN DIEGO FWY),NATIONAL BLVD,50,N,N,B,-,Y,LA,NA,405,NA,NA,29.19,H,NA,R,Y,4,0,1,2,C,-,18,NA,NA,N,C,C,A,A,H,-,A,D,0,NA,NA,NA,NA,Y,NA,-,-,0,0,1,0,0,0,0,0,0,-,-,34.02705001831055,-118.43019104003906,LOS ANGELES,LOS ANGELES,-118.43010711669922,34.02709197998047
92420419,2024,2024-06-21,9540,2024-06-13,25,023867,NA,4,3,9,1900,0,1,1,NA,2,507,I-5 SOUTHBOUND,MCBEAN PARKWAY,1584,N,N,A,-,Y,LA,NA,5,NA,R,51.125,H,NA,R,Y,3,0,1,2,A,-,03,22350,NA,N,C,2,A,A,D,-,B,D,0,NA,NA,NA,Y,Y,NA,A,01,0,1,0,0,0,0,0,0,0,-,-,34.38983154296875,-118.5700912475586,LOS ANGELES,UNINCORPORATED,-118.57006072998048,34.389835357666016
9242043,2021,2021-04-09,1920,2021-02-25,1422,11792,1920,4,5,6,1920,0,0,0,NA,0,002,STEWART AND GRAY RD,OLD RIVER SCHOOL RD,90,E,N,A,-,N,NA,NA,NA,NA,NA,NA,NA,NA,NA,N,4,0,1,2,A,-,09,21804,A,N,D,C,A,A,H,-,A,D,0,NA,NA,NA,NA,Y,NA,A,07,0,0,1,0,0,0,0,0,0,-,-,NA,NA,LOS ANGELES,DOWNEY,-118.1537857055664,33.940101623535156
92420440,2024,2024-06-21,9540,2024-06-15,250,023508,NA,6,3,9,1900,0,1,3,NA,2,146,SR-14 N/B,SOLEDAD CANYON RD,120,S,N,A,-,Y,LA,NA,14,NA,NA,35.392,H,NA,R,Y,4,0,1,2,A,-,03,22350,NA,N,B,C,A,A,H,-,D,D,0,NA,NA,NA,NA,Y,NA,A,01,0,0,1,0,0,0,0,0,0,-,-,34.43360900878906,-118.39157104492188,LOS ANGELES,UNINCORPORATED,-118.39159393310548,34.433685302734375
92420453,2024,2024-06-21,9540,2024-06-13,2035,023847,NA,4,2,6,1985,0,1,1,NA,2,506,I-5 N/B,LYONS AVE,1000,N,N,A,-,Y,LA,NA,5,NA,R,50.539,H,NA,R,N,4,0,1,2,A,-,03,22350,NA,F,C,C,A,A,D,-,C,D,0,NA,NA,NA,NA,Y,NA,A,01,0,0,1,0,0,0,0,0,0,-,-,34.3814811706543,-118.56685638427734,LOS ANGELES,SANTA CLARITA,-118.56685638427734,34.3814811706543
92420464,2024,2024-06-21,9540,2024-06-10,655,019772,NA,1,1,9,1900,0,1,1,NA,2,512,I-5 N/B,SMOKEY BEAR ROAD,4752,S,N,A,-,Y,LA,NA,5,NA,R,77.001,H,NA,R,N,3,0,2,2,A,-,01,23152,A,N,C,C,A,A,H,-,A,D,0,NA,NA,NA,NA,Y,Y,A,01,0,1,1,0,0,0,0,0,0,-,-,34.694740295410156,-118.79035186767578,LOS ANGELES,UNINCORPORATED,-118.79033660888672,34.69474411010742
92420490,2024,2024-06-21,9550,2024-03-28,2040,022778,NA,4,2,6,1920,0,1,1,NA,2,150,INTERSTATE 105 EASTBOUND,DUNROBIN AVENUE,121,W,N,A,-,Y,LA,NA,105,NA,R,16.864,H,NA,R,Y,1,1,0,2,A,-,08,22107,NA,N,C,C,A,A,H,-,C,D,0,NA,NA,Y,NA,Y,NA,A,07,0,0,0,0,0,0,0,1,0,-,-,33.9133186340332,-118.12151336669922,LOS ANGELES,DOWNEY,-118.12150573730467,33.913265228271484
92420491,2024,2024-06-21,9550,2024-06-14,1023,016761,NA,5,1,5,1919,0,1,3,NA,2,092,STATE ROUTE 91 W/B (ARTESIA FREEWAY),NORWALK BOULEVARD,400,W,N,A,-,Y,LA,NA,91,NA,R,18.571,H,NA,R,N,4,0,1,2,A,-,03,22350,NA,N,C,C,A,A,H,-,A,D,0,NA,NA,NA,NA,Y,NA,E,22,0,0,1,0,0,0,0,0,0,-,-,33.87617874145508,-118.07411193847656,LOS ANGELES,CERRITOS,-118.07411193847656,33.87640380859375
92420494,2024,2024-06-21,9580,2024-06-16,1840,023725,NA,7,2,9,1900,0,1,3,NA,1,271,SR-27 - TOPANGA CANYON BLVD,FERNAWOOD PACIFIC DR,300,N,N,A,-,N,NA,NA,NA,NA,NA,NA,NA,NA,NA,N,3,0,1,1,C,-,18,NA,NA,N,E,I,A,A,H,-,A,D,0,NA,NA,NA,NA,Y,NA,-,-,0,1,0,0,0,0,0,0,0,-,-,34.084049224853516,-118.59998321533205,LOS ANGELES,UNINCORPORATED,-118.60011291503906,34.08467483520508
92420501,2024,2024-06-21,9550,2024-06-14,910,022789,NA,5,1,9,1900,0,3,5,NA,2,002,FIRST AVE. SB,RICHVALE DR.,0,NA,Y,A,-,N,NA,NA,NA,NA,NA,NA,NA,NA,NA,N,3,0,1,2,A,-,09,21802,A,N,D,C,A,A,H,-,A,A,0,NA,NA,NA,NA,Y,NA,D,22,0,1,0,0,0,0,0,0,0,-,-,33.927879333496094,-117.98548889160156,LOS ANGELES,UNINCORPORATED,-117.98563385009766,33.9278678894043
92420514,2024,2024-06-21,9530,2024-05-13,714,023643,NA,1,1,5,1943,0,1,1,NA,2,210,INTERSTATE 105 WESTBOUND (GLENN ANDERSON FWY),ATLANTIC AVENUE,405,W,N,A,-,Y,LA,NA,105,NA,R,12.789,H,NA,L,Y,4,0,3,4,A,-,03,22350,NA,F,C,C,A,A,H,-,A,D,0,NA,NA,NA,NA,Y,NA,A,07,0,0,3,0,0,0,0,0,0,-,-,33.916690826416016,-118.1910400390625,LOS ANGELES,LYNWOOD,-118.19098663330078,33.916786193847656
92420528,2024,2024-06-21,9525,2024-06-17,1200,014593,NA,1,1,5,1990,0,1,3,NA,2,604,SR-60 E/B (POMONA FWY),GRAND AVE,600,E,N,B,-,Y,LA,NA,60,NA,R,24.557,H,NA,R,N,4,0,1,2,A,-,03,22350,NA,N,C,C,A,A,D,-,A,D,0,NA,NA,NA,Y,Y,NA,F,26,0,0,1,0,0,0,0,0,0,-,-,34.01118850708008,-117.82209014892578,LOS ANGELES,DIAMOND BAR,-117.82209777832033,34.011199951171875
92420532,2024,2024-06-21,9530,2024-06-01,30,023235,NA,6,3,9,1900,0,1,1,NA,2,120,N/B I-110 (HARBOR FREEWAY),CARSON STREET,500,S,N,B,-,Y,LA,NA,110,NA,NA,6.943,H,NA,R,N,3,0,1,2,A,-,11,21954,A,N,G,B,E,A,H,-,C,D,0,Y,NA,NA,NA,Y,Y,N,60,0,1,0,0,1,0,0,0,0,-,-,33.83053970336914,-118.28736114501952,LOS ANGELES,UNINCORPORATED,-118.28723907470705,33.83053970336914
92420560,2024,2024-06-21,9590,2024-06-11,1150,019008,NA,2,1,7,1942,0,1,2,NA,2,070,US-101 NORTHBOUND (HOLLYWOOD FREEWAY),BONNIE BRAE STREET,300,S,N,A,-,Y,LA,NA,101,NA,NA,2.654,H,NA,R,N,4,0,1,2,A,-,07,21658,A,N,B,C,A,A,H,-,A,D,0,NA,NA,NA,NA,Y,NA,A,01,0,0,1,0,0,0,0,0,0,-,-,34.07067108154297,-118.26358795166016,LOS ANGELES,LOS ANGELES,-118.26360321044922,34.07065200805664
92420565,2024,2024-06-21,9550,2024-06-12,1450,023883,NA,3,2,9,1900,0,1,3,NA,2,601,SR-60 E/B,AZUSA AVE.,1800,W,N,A,-,Y,NA,NA,NA,NA,NA,NA,NA,NA,NA,N,4,0,1,2,A,-,08,22107,NA,N,B,C,A,A,H,-,A,D,0,NA,NA,NA,Y,Y,NA,G,25,0,0,1,0,0,0,0,0,0,-,-,33.99834060668945,-118.93701171875,LOS ANGELES,UNINCORPORATED,-117.93669891357422,33.99829864501953
92420566,2024,2024-06-21,9590,2024-05-08,1730,021757,NA,3,2,7,1942,0,1,2,NA,2,070,US-101 N/B (HOLLYWOOD FREEWAY),GLENDALE BLVD,200,S,N,A,-,Y,LA,NA,101,NA,NA,2.462,H,NA,R,N,4,0,1,3,A,-,03,22350,NA,N,C,C,A,A,H,-,A,D,0,NA,NA,NA,NA,Y,NA,A,07,0,0,1,0,0,0,0,0,0,-,-,34.06951904296875,-118.26055908203124,LOS ANGELES,LOS ANGELES,-118.2605438232422,34.069549560546875
92420571,2024,2024-08-14,9590,2024-06-17,2110,018538,NA,1,2,7,1942,0,1,1,NA,2,050,I-110 N/B (HARBOR FWY.),COLDEN AVE.,50,N,N,A,-,Y,LA,NA,110,NA,NA,15.253,H,NA,R,Y,3,0,2,1,A,-,08,22107,NA,N,E,I,A,A,H,-,E,D,0,NA,NA,NA,NA,Y,NA,A,07,0,2,0,0,0,0,0,0,0,-,-,33.94940948486328,-118.27974700927734,LOS ANGELES,LOS ANGELES,-118.27957153320313,33.94943618774414
92420582,2024,2024-06-21,9550,2024-06-14,1425,023053,NA,5,2,5,1908,0,1,3,NA,2,091,STATE ROUTE 91 WESTBOUND,ARDMORE AVENUE,150,W,N,A,-,Y,LA,NA,91,NA,R,15.373,H,NA,L,N,4,0,1,4,A,-,03,22350,NA,F,C,C,A,A,H,-,A,D,0,NA,NA,NA,NA,Y,NA,A,08,0,0,1,0,0,0,0,0,0,-,-,33.876251220703125,-118.1296615600586,LOS ANGELES,BELLFLOWER,-118.1296615600586,33.87628936767578
92420681,2024,2024-06-21,9550,2024-06-12,1110,020037,NA,3,1,5,1935,0,1,1,NA,2,652,I-605 NORTHBOUND FROM CARSON ST. WESTBOUND,CARSON STREET,5,S,N,A,-,Y,NA,NA,NA,NA,NA,NA,NA,NA,NA,N,4,0,3,2,A,-,03,22350,NA,N,C,C,A,A,H,-,A,A,0,NA,NA,NA,NA,Y,NA,A,01,0,0,3,0,0,0,0,0,0,-,-,33.83158874511719,-118.0835418701172,LOS ANGELES,LAKEWOOD,-118.08399200439452,33.83149719238281
92420695,2024,2024-06-24,9550,2024-06-13,1500,023627,NA,4,2,9,1900,0,1,1,NA,2,650,I-605 SB,WASHINGTON BLVD,1200,N,N,A,-,Y,LA,NA,605,NA,R,12.284,H,NA,L,Y,4,0,1,2,A,-,07,21658,A,M,C,C,A,A,H,-,A,D,0,NA,NA,NA,NA,Y,Y,A,07,0,0,1,0,0,0,0,0,0,-,-,33.97705841064453,-118.07906341552734,LOS ANGELES,UNINCORPORATED,-118.07906341552734,33.9770622253418
92420702,2024,2024-06-24,9550,2024-06-09,1720,023172,NA,7,2,5,1976,0,1,1,NA,2,650,I-605 S/B FROM E/B BEVERLY BOULEVARD,BEVERLY BOULEVARD,688,S,N,A,-,Y,LA,NA,605,NA,R,14.273,H,NA,L,N,3,0,1,1,A,-,01,23152,A,N,E,J,A,A,H,-,A,D,0,NA,NA,NA,NA,Y,Y,D,22,0,1,0,0,0,0,0,0,0,-,-,34.00326919555664,-118.06575012207033,LOS ANGELES,WHITTIER,-118.06554412841795,34.003089904785156
92420971,2024,2024-06-24,9525,2024-06-16,1735,022194,NA,7,2,4,1938,0,1,1,NA,2,209,SR-210 W/B (FOOTHILL FWY),FRUIT ST.,1000,W,N,A,-,Y,LA,NA,210,NA,R,47.784,H,NA,L,N,3,0,1,2,A,-,01,23152,A,N,B,C,A,A,H,-,A,D,0,NA,NA,NA,NA,Y,Y,A,01,0,1,0,0,0,0,0,0,0,-,-,34.1198616027832,-117.76683044433594,LOS ANGELES,LA VERNE,-117.76683044433594,34.119808197021484
92420990,2024,2024-06-24,9525,2024-06-21,835,020552,NA,5,1,1,1934,0,1,1,NA,2,204,I-210 E/B (FOOTHILL FWY),I-605 FREEWAY,1848,E,N,A,-,Y,LA,NA,210,NA,R,36.79,H,NA,R,Y,3,0,2,7,A,-,08,22107,NA,N,B,2,A,A,H,-,A,D,0,NA,NA,NA,Y,Y,NA,A,01,0,1,1,0,0,0,0,0,0,-,-,34.13246154785156,-117.95136260986328,LOS ANGELES,IRWINDALE,-117.95130920410156,34.13256072998047
92420993,2024,2024-06-24,9525,2024-06-20,1845,023176,NA,4,2,9,1900,0,3,5,NA,2,001,2539 MOUNTAIN AVE,CAM REAL,390,S,N,A,-,N,NA,NA,NA,NA,NA,NA,NA,NA,NA,N,3,0,2,2,A,-,08,22107,NA,N,C,E,A,A,H,-,A,D,0,NA,NA,NA,NA,Y,NA,A,01,0,1,1,0,0,0,0,0,0,-,-,34.1185188293457,-117.99191284179688,LOS ANGELES,UNINCORPORATED,-117.99188232421876,34.118648529052734
92421000,2024,2024-06-24,9550,2024-06-21,15,022982,NA,5,3,9,1900,0,1,1,NA,2,650,I605 N/B,WASHINGTON BLVD.,500,S,N,A,-,Y,LA,NA,605,NA,R,13.251,H,NA,R,Y,4,0,1,1,A,-,01,23152,A,N,F,I,A,A,H,-,C,D,0,NA,NA,NA,NA,Y,Y,A,07,0,0,1,0,0,0,0,0,0,-,-,33.9888801574707,-118.0703125,LOS ANGELES,UNINCORPORATED,-118.07030487060548,33.9888801574707
92421001,2024,2024-06-24,9540,2024-06-18,1530,023691,NA,2,2,6,1985,0,1,3,NA,1,144,SR-14 N/B,PLACERITA CANYON RD,1056,S,N,A,-,Y,LA,NA,14,NA,R,27.792,H,NA,R,Y,4,0,1,2,A,-,03,22350,NA,N,C,C,A,A,H,-,A,D,0,NA,NA,NA,NA,Y,NA,A,01,0,0,1,0,0,0,0,0,0,-,-,34.374359130859375,-118.49716949462892,LOS ANGELES,SANTA CLARITA,-118.49721527099608,34.37439727783203
92421185,2024,2024-06-24,9540,2024-06-19,1000,023691,NA,3,1,9,1900,0,1,1,NA,1,502,I-5 N/B,WELDON CANYON RD,2112,S,N,A,-,Y,LA,NA,5,NA,R,46.097,H,NA,R,Y,4,0,1,2,A,-,03,22350,NA,N,C,C,A,A,H,-,A,D,0,NA,NA,NA,NA,Y,NA,A,01,0,0,1,0,0,0,0,0,0,-,-,34.338321685791016,-118.51513671875,LOS ANGELES,UNINCORPORATED,-118.5151596069336,34.338287353515625
92421189,2024,2024-06-24,9575,2024-06-12,1440,022651,NA,3,2,7,1942,0,1,1,NA,2,052,I-5 N/B (GOLDEN STATE FREEWAY),LANKERSHIM BLVD.,51,N,N,A,-,Y,LA,NA,5,NA,NA,35.01,H,NA,R,Y,2,0,3,2,A,-,00,23153,F,N,C,C,A,A,H,-,A,D,0,NA,NA,NA,NA,Y,NA,A,01,1,1,1,0,0,0,0,0,0,-,-,34.22684860229492,-118.38810729980467,LOS ANGELES,LOS ANGELES,-118.38811492919922,34.226829528808594
92421193,2024,2024-06-24,9575,2024-06-14,2200,022953,NA,5,3,7,1942,0,1,3,NA,2,043,SR-134 E/B (VENTURA FREEWAY),RIVERSIDE DRIVE,875,E,N,A,-,Y,LA,NA,134,NA,NA,4.934,H,NA,R,N,4,0,3,2,A,-,08,22107,NA,N,B,2,A,A,H,-,D,D,0,NA,NA,NA,NA,Y,NA,A,07,0,0,3,0,0,0,0,0,0,-,-,34.155311584472656,-118.29183959960938,LOS ANGELES,LOS ANGELES,-118.29184722900392,34.155235290527344
92421256,2024,2024-06-24,9575,2024-06-15,620,023227,NA,6,1,9,1900,0,2,4,NA,2,013,PENNSYLVANIA AVE (4200 BLOCK),ENCINAL AVE (3100 BLOCK),0,NA,Y,A,-,N,NA,NA,NA,NA,NA,NA,NA,NA,NA,N,4,0,1,2,A,-,09,21802,A,N,D,C,A,A,H,-,A,A,0,NA,NA,NA,NA,Y,NA,D,22,0,0,1,0,0,0,0,0,0,-,-,34.22404098510742,-118.2487564086914,LOS ANGELES,UNINCORPORATED,-118.24871063232422,34.2241096496582
92421287,2024,2024-06-24,9565,2024-06-20,15,022764,NA,4,3,9,1900,0,2,4,NA,2,022,CENTURY BOULEVARD,NORMANDIE AVENUE,0,NA,Y,A,-,N,NA,NA,NA,NA,NA,NA,NA,NA,NA,Y,4,0,2,4,A,-,01,23152,G,F,D,C,F,A,H,-,C,A,0,Y,NA,NA,NA,Y,Y,A,01,0,0,2,0,1,0,0,0,0,-,-,33.945518493652344,-118.30027770996094,LOS ANGELES,UNINCORPORATED,-118.30027770996094,33.94548797607422
92421441,2024,2024-06-24,9530,2024-06-12,1645,022380,NA,3,2,9,1900,0,3,5,NA,2,003,ATLANTIC AVE .,COMPTON BLVD.,0,NA,Y,A,-,N,NA,NA,NA,NA,NA,NA,NA,NA,NA,Y,4,0,1,2,A,-,09,21801,A,N,D,C,A,A,H,-,A,A,0,NA,NA,NA,NA,Y,NA,A,08,0,0,1,0,0,0,0,0,0,-,-,33.89616012573242,-118.19335174560548,LOS ANGELES,UNINCORPORATED,-118.19344329833984,33.89616012573242
92421457,2024,2024-06-24,9525,2024-06-21,1305,020552,NA,5,1,5,1906,0,1,1,NA,2,104,I-10 E/B (SAN BERNARDINO FWY),BALDWIN PARK BLVD,1584,W,N,A,-,Y,LA,NA,10,NA,NA,31.842,H,NA,R,N,4,0,1,2,A,-,08,22107,NA,N,B,C,A,A,H,-,A,D,0,NA,NA,NA,Y,Y,NA,A,07,0,0,1,0,0,0,0,0,0,-,-,34.0665283203125,-117.98793792724608,LOS ANGELES,BALDWIN PARK,-117.98796844482422,34.06665802001953
92421471,2024,2024-09-05,9525,2024-06-23,1200,020552,NA,7,1,9,1900,0,3,5,NA,2,005,GLENDORA MOUNTAIN RD.,GLENDORA RIDGE RD.,30360,S,N,A,-,N,NA,NA,NA,NA,NA,NA,NA,NA,NA,N,4,0,1,1,A,-,03,22350,NA,N,F,A,A,A,H,-,A,D,0,NA,NA,Y,NA,Y,NA,C,02,0,0,1,0,0,0,0,0,1,-,-,34.20648956298828,-117.817626953125,LOS ANGELES,UNINCORPORATED,-117.77203369140624,34.2288818359375
92421475,2024,2024-06-24,9590,2024-06-12,1353,023394,NA,3,1,7,1942,0,1,1,NA,2,053,I-110 S/B (HARBOR FREEWAY),8TH ST,340,N,N,A,-,Y,LA,NA,110,NA,NA,22.381,H,NA,L,Y,3,0,1,2,A,-,03,22350,NA,N,C,C,A,A,H,-,A,D,0,NA,NA,Y,NA,Y,NA,C,02,0,1,0,0,0,0,0,0,1,-,-,34.04888153076172,-118.26529693603516,LOS ANGELES,LOS ANGELES,-118.2652587890625,34.04883575439453
92421477,2024,2024-07-12,9525,2024-06-15,615,022689,NA,6,1,4,1913,0,1,1,NA,2,210,SR-210 E/B (FOOTHILL FWY),FRUIT ST,1954,E,N,A,-,Y,LA,NA,210,NA,R,48.466,H,NA,R,N,4,0,1,3,A,-,07,21658,A,N,B,2,A,A,H,-,A,D,0,NA,NA,NA,NA,Y,NA,A,01,0,0,1,0,0,0,0,0,0,-,-,34.11928939819336,-117.75502777099608,LOS ANGELES,CLAREMONT,-117.75502777099608,34.1193962097168
92421479,2024,2024-06-24,9525,2024-06-13,40,022509,NA,4,3,6,1955,0,1,1,NA,2,108,I-10 E/B (SAN BERNARDINO FWY),SR-57 N/B (ORANGE FWY),100,E,N,A,-,Y,NA,NA,NA,NA,NA,NA,NA,NA,NA,N,4,0,1,1,A,-,08,22107,NA,N,E,8,A,A,H,-,D,D,0,NA,NA,NA,NA,Y,NA,A,01,0,0,1,0,0,0,0,0,0,-,-,34.06501007080078,-117.80549621582033,LOS ANGELES,POMONA,-117.80632019042967,34.065185546875
92421492,2024,2024-06-24,9590,2024-06-12,804,023892,NA,3,1,7,1942,0,1,1,NA,2,061,I-10 WESTBOUND (SANTA MONICA FREEWAY),4TH AVE,100,E,N,A,-,Y,LA,NA,10,NA,R,12.141,H,NA,L,N,4,0,1,2,A,-,03,22350,NA,N,C,C,A,A,H,-,A,D,0,NA,NA,NA,NA,Y,NA,D,22,0,0,1,0,0,0,0,0,0,-,-,34.03628921508789,-118.32074737548828,LOS ANGELES,LOS ANGELES,-118.32076263427734,34.0363655090332
92421498,2024,2024-06-24,9530,2024-06-12,1020,023455,NA,3,1,9,1900,0,3,5,NA,2,005,MARINE AVE. (15000 BLOCK),YUKON AVE,0,NA,Y,B,-,Y,NA,NA,NA,NA,NA,NA,NA,NA,NA,N,3,0,1,2,A,-,10,21950,A,N,G,B,B,A,H,-,A,A,0,Y,NA,NA,NA,Y,NA,A,07,0,1,0,0,1,0,0,0,0,-,-,33.894779205322266,-118.33521270751952,LOS ANGELES,UNINCORPORATED,-118.335205078125,33.8946647644043
92421514,2024,2024-06-24,9525,2024-06-14,25,022509,NA,5,3,6,1975,0,1,1,NA,2,104,I-10 E/B (SAN BERNARDINO FWY),WEST COVINA PKWY,528,E,N,A,-,Y,LA,NA,10,NA,NA,34.659,H,NA,R,N,4,0,1,1,A,-,08,22107,NA,N,E,I,A,A,H,-,C,D,0,NA,NA,NA,NA,Y,NA,A,07,0,0,1,0,0,0,0,0,0,-,-,34.07244873046875,-117.93962860107422,LOS ANGELES,WEST COVINA,-117.93962860107422,34.07234191894531
92421520,2024,2024-06-24,9545,2024-06-20,810,020547,NA,4,1,9,1900,0,3,5,NA,2,003,ANGELES FOREST HWY,UPPER BIG TUJUNGA CANYON RD,16104,N,N,A,-,N,NA,NA,NA,NA,NA,NA,NA,NA,NA,Y,3,0,1,1,A,-,03,22350,NA,N,E,I,A,A,H,-,A,D,0,NA,NA,NA,NA,Y,NA,-,-,0,1,0,0,0,0,0,0,0,-,-,34.36552810668945,-118.10633850097656,LOS ANGELES,UNINCORPORATED,-118.10562896728516,34.36641311645508
92421524,2024,2024-06-24,9545,2024-05-27,120,023505,NA,1,3,9,1900,0,3,5,NA,2,004,AVENUE E,140TH ST  E,0,NA,Y,A,-,N,NA,NA,NA,NA,NA,NA,NA,NA,NA,Y,3,0,1,2,A,-,01,23152,A,N,D,2,A,A,H,-,D,A,0,NA,NA,NA,NA,Y,Y,A,07,0,1,0,0,0,0,0,0,0,-,-,34.76361846923828,-117.88062286376952,LOS ANGELES,UNINCORPORATED,-117.88060760498048,34.763614654541016
92421529,2024,2024-06-24,9580,2024-06-14,1830,022799,NA,5,2,7,1942,0,1,3,NA,2,116,SR-118 E/B (RONALD REAGAN FWY.),BALBOA BLVD,2640,W,N,A,-,Y,LA,NA,118,NA,R,6.951,H,NA,R,Y,4,0,1,4,A,-,03,22350,NA,N,C,C,A,A,H,-,A,D,0,NA,NA,NA,NA,Y,NA,A,01,0,0,1,0,0,0,0,0,0,-,-,34.277828216552734,-118.51705169677734,LOS ANGELES,LOS ANGELES,-118.51705932617188,34.27777099609375