CASE_ID,ACCIDENT_YEAR,PROC_DATE,JURIS,COLLISION_DATE,COLLISION_TIME,OFFICER_ID,REPORTING_DISTRICT,DAY_OF_WEEK,CHP_SHIFT,POPULATION,CNTY_CITY_LOC,SPECIAL_COND,BEAT_TYPE,CHP_BEAT_TYPE,CITY_DIVISION_LAPD,CHP_BEAT_CLASS,BEAT_NUMBER,PRIMARY_RD,SECONDARY_RD,DISTANCE,DIRECTION,INTERSECTION,WEATHER_1,WEATHER_2,STATE_HWY_IND,CALTRANS_COUNTY,CALTRANS_DISTRICT,STATE_ROUTE,ROUTE_SUFFIX,POSTMILE_PREFIX,POSTMILE,LOCATION_TYPE,RAMP_INTERSECTION,SIDE_OF_HWY,TOW_AWAY,COLLISION_SEVERITY,NUMBER_KILLED,NUMBER_INJURED,PARTY_COUNT,PRIMARY_COLL_FACTOR,PCF_CODE_OF_VIOL,PCF_VIOL_CATEGORY,PCF_VIOLATION,PCF_VIOL_SUBSECTION,HIT_AND_RUN,TYPE_OF_COLLISION,MVIW,PED_ACTION,ROAD_SURFACE,ROAD_COND_1,ROAD_COND_2,LIGHTING,CONTROL_DEVICE,CHP_ROAD_TYPE,PEDESTRIAN_ACCIDENT,BICYCLE_ACCIDENT,MOTORCYCLE_ACCIDENT,TRUCK_ACCIDENT,NOT_PRIVATE_PROPERTY,ALCOHOL_INVOLVED,STWD_VEHTYPE_AT_FAULT,CHP_VEHTYPE_AT_FAULT,COUNT_SEVERE_INJ,COUNT_VISIBLE_INJ,COUNT_COMPLAINT_PAIN,COUNT_PED_KILLED,COUNT_PED_INJURED,COUNT_BICYCLIST_KILLED,COUNT_BICYCLIST_INJURED,COUNT_MC_KILLED,COUNT_MC_INJURED,PRIMARY_RAMP,SECONDARY_RAMP,LATITUDE,LONGITUDE,COUNTY,CITY,POINT_X,POINT_Y
9245173,2021,2021-04-07,1942,2021-03-10,1900,42768,1687,3,5,7,1942,0,0,0,P,0,16A81,VINELAND AV,SUNLAND BL,7,W,N,C,-,N,NA,NA,NA,NA,NA,NA,NA,NA,NA,N,2,0,1,2,A,-,10,21950,A,F,G,B,B,A,H,-,A,D,0,Y,NA,NA,NA,Y,Y,-,99,1,0,0,0,1,0,0,0,0,-,-,NA,NA,LOS ANGELES,LOS ANGELES,-118.37014770507813,34.21775817871094
9245174,2021,2021-04-07,1942,2021-03-07,2350,44306,LAPD,7,5,7,1942,0,0,0,NA,0,21A5,WINNETKA AV,STRATHERN ST,0,NA,N,A,-,N,NA,NA,NA,NA,NA,NA,NA,NA,NA,N,4,0,1,2,A,-,03,22350,NA,F,C,G,A,A,H,-,C,-,0,NA,Y,NA,NA,Y,NA,-,99,0,0,1,0,0,0,1,0,0,-,-,NA,NA,LOS ANGELES,LOS ANGELES,-118.57102966308594,34.215579986572266
9245175,2021,2021-04-07,1942,2021-03-14,0100,42787,0395,7,5,7,1942,0,0,0,C,0,3A99,WESTERN AV,42ND PL,0,NA,Y,A,-,N,NA,NA,NA,NA,NA,NA,NA,NA,NA,Y,4,0,1,2,A,-,03,22350,NA,N,C,C,A,A,H,-,C,D,0,NA,NA,NA,NA,Y,NA,A,01,0,0,1,0,0,0,0,0,0,-,-,NA,NA,LOS ANGELES,LOS ANGELES,-118.30892944335938,34.00607681274414
9245176,2021,2021-04-07,1942,2021-03-11,2300,43142,0363,4,5,7,1942,0,0,0,C,0,3A63,SANTO TOMAS DR,MARLTON AV,100,W,N,A,-,N,NA,NA,NA,NA,NA,NA,NA,NA,NA,Y,4,0,2,4,A,-,03,22348,NA,N,A,C,A,A,H,-,C,D,0,NA,NA,NA,NA,Y,NA,A,01,0,0,2,0,0,0,0,0,0,-,-,NA,NA,LOS ANGELES,LOS ANGELES,-118.34291076660156,34.00884246826172
9245177,2021,2021-04-07,1942,2021-03-19,1740,42364,1208,5,5,7,1942,0,0,0,L,0,12A15,S FIGUEROA ST,W 51ST ST,0,NA,Y,A,-,N,NA,NA,NA,NA,NA,NA,NA,NA,NA,Y,3,0,4,4,A,-,12,21453,A,F,D,C,A,A,H,-,A,A,0,NA,NA,NA,NA,Y,NA,-,99,0,1,3,0,0,0,0,0,0,-,-,NA,NA,LOS ANGELES,LOS ANGELES,-118.28271484375,33.996482849121094
9245178,2021,2021-04-07,1942,2021-03-19,1315,41747,1841,5,5,7,1942,0,0,0,R,0,18A41,W 108TH ST,S VERMONT AV,0,NA,Y,A,-,N,NA,NA,NA,NA,NA,NA,NA,NA,NA,Y,4,0,1,2,A,-,12,21453,A,F,D,C,A,-,H,-,A,A,0,NA,NA,NA,NA,Y,NA,-,99,0,0,1,0,0,0,0,0,0,-,-,NA,NA,LOS ANGELES,LOS ANGELES,-118.29161071777344,33.93819046020508
9245179,2021,2021-04-07,1942,2021-03-18,1615,39745,1245,4,5,7,1942,0,0,0,L,0,12A45,DALTON AV,FLORENCE AV,0,NA,Y,A,-,N,NA,NA,NA,NA,NA,NA,NA,NA,NA,N,3,0,1,2,A,-,09,21801,A,F,D,D,A,A,H,-,A,D,0,NA,NA,Y,NA,Y,NA,-,99,0,1,0,0,0,0,0,0,1,-,-,NA,NA,LOS ANGELES,LOS ANGELES,-118.30354309082033,33.97456741333008
9245180,2021,2021-04-07,1942,2021-03-15,0100,7146,0563,1,5,7,1942,0,0,0,E,0,25TL27,N GAFFEY ST,E 11TH ST,50,S,N,A,B,N,NA,NA,NA,NA,NA,NA,NA,NA,NA,N,4,0,2,2,A,-,03,22350,NA,F,C,C,A,B,H,-,-,A,0,NA,NA,NA,NA,Y,NA,-,99,0,0,2,0,0,0,0,0,0,-,-,NA,NA,LOS ANGELES,LOS ANGELES,-118.2923583984375,33.734092712402344
9245181,2021,2021-04-20,1942,2021-03-14,0740,43133,0312,7,5,7,1942,0,0,0,C,0,3A1,S LA BREA AV,JEFFEERSON BL,21,S,N,A,-,N,NA,NA,NA,NA,NA,NA,NA,NA,NA,Y,2,0,7,4,A,-,05,21650,NA,N,A,C,A,A,H,-,A,A,0,NA,NA,NA,NA,Y,NA,A,01,5,0,2,0,0,0,0,0,0,-,-,NA,NA,LOS ANGELES,LOS ANGELES,-118.35488891601564,34.02546691894531
9245182,2021,2021-04-17,1942,2021-03-14,1520,42364,1267,7,5,7,1942,0,0,0,L,0,18A1,W MANCHESTER AV,S HOOVER ST,0,NA,Y,A,-,N,NA,NA,NA,NA,NA,NA,NA,NA,NA,Y,4,0,2,4,A,-,12,21453,A,F,D,C,A,A,H,-,A,A,0,NA,NA,NA,NA,Y,NA,A,07,0,0,2,0,0,0,0,0,0,-,-,NA,NA,LOS ANGELES,LOS ANGELES,-118.28705596923828,33.960052490234375
9245183,2021,2021-04-17,1942,2021-03-14,2020,40105,1269,7,5,7,1942,0,0,0,L,0,12A69,E MANCHESTER AV,AVALON BL,0,NA,Y,B,-,N,NA,NA,NA,NA,NA,NA,NA,NA,NA,N,2,0,1,4,A,-,11,21950,B,F,G,B,E,A,H,-,C,A,0,Y,NA,NA,NA,Y,NA,N,60,1,0,0,0,1,0,0,0,0,-,-,NA,NA,LOS ANGELES,LOS ANGELES,-118.26512908935548,33.96013259887695
9245184,2021,2021-04-07,1900,2021-03-01,1226,600799,0534,1,5,5,1959,0,0,0,NA,0,53B1AM,ROSEMEAD PL,GARVEY AV,0,NA,Y,A,-,N,NA,NA,NA,NA,NA,NA,NA,NA,NA,N,2,0,1,2,A,-,05,21202,A,N,D,G,A,-,H,-,A,A,0,NA,Y,NA,NA,Y,NA,L,04,1,0,0,0,0,0,1,0,0,-,-,34.062599182128906,-118.07309722900392,LOS ANGELES,ROSEMEAD,-118.07328033447266,34.06264114379883
9245185,2021,2021-04-17,1900,2021-03-09,1600,546256,0532,2,5,5,1959,0,0,0,NA,0,53T1PM,SAN GABRIEL BL,DOROTHY ST,326,N,N,A,-,N,NA,NA,NA,NA,NA,NA,NA,NA,NA,N,3,0,1,2,A,-,09,21804,A,N,D,C,A,-,H,-,A,D,0,NA,NA,NA,NA,Y,NA,A,07,0,1,0,0,0,0,0,0,0,-,-,34.06871032714844,-118.09069061279295,LOS ANGELES,ROSEMEAD,-118.09058380126952,34.06862258911133
9245186,2021,2021-04-17,1900,2021-03-08,1740,546256,0532,1,5,5,1959,0,0,0,NA,0,53T1PM,EMERSON PL,ISABEL AV,0,NA,Y,A,-,N,NA,NA,NA,NA,NA,NA,NA,NA,NA,N,3,0,1,2,A,-,09,21802,A,N,D,C,A,A,H,-,A,A,0,NA,NA,NA,NA,Y,NA,A,01,0,1,0,0,0,0,0,0,0,-,-,34.066261291503906,-118.10236358642578,LOS ANGELES,ROSEMEAD,-118.10236358642578,34.06623458862305
9245187,2021,2021-04-17,1900,2021-03-05,1930,614031,0562,5,5,3,1968,0,0,0,NA,0,55T1PM,DURFEE AV,RUSH ST,270,N,N,A,-,N,NA,NA,NA,NA,NA,NA,NA,NA,NA,Y,3,0,1,3,A,-,08,22107,NA,N,D,D,A,A,H,-,C,D,0,NA,NA,NA,NA,Y,NA,A,01,0,1,0,0,0,0,0,0,0,-,-,34.04637908935547,-118.02921295166016,LOS ANGELES,SOUTH EL MONTE,-118.02926635742188,34.04623794555664
9245188,2021,2021-04-17,1900,2021-03-18,1812,546256,0530,4,5,5,1959,0,0,0,NA,0,53T1PM,MISSION DR,MUSCATEL AV,0,NA,Y,A,-,N,NA,NA,NA,NA,NA,NA,NA,NA,NA,Y,3,0,2,2,A,-,09,21801,A,N,D,C,A,A,H,-,A,A,0,NA,NA,NA,NA,Y,NA,A,01,0,2,0,0,0,0,0,0,0,-,-,34.08597183227539,-118.0777587890625,LOS ANGELES,ROSEMEAD,-118.07774353027344,34.08602523803711
9245189,2021,2021-04-17,1900,2021-03-17,1715,546256,0534,3,5,5,1959,0,0,0,NA,0,53T1PM,WALNUT GROVE AV,EDISON WY,44,S,N,A,-,N,NA,NA,NA,NA,NA,NA,NA,NA,NA,N,4,0,3,2,A,-,03,22350,NA,N,C,C,A,A,H,-,A,A,0,NA,NA,NA,NA,Y,NA,A,07,0,0,3,0,0,0,0,0,0,-,-,34.05419158935547,-118.0818328857422,LOS ANGELES,ROSEMEAD,-118.08197021484376,34.05426788330078
9245193,2021,2021-04-17,1900,2021-03-07,1400,609942,0622,7,5,6,1985,0,0,0,NA,0,64T1,VALENCIA BL,MCBEAN PKWY,0,NA,Y,A,-,N,NA,NA,NA,NA,NA,NA,NA,NA,NA,N,3,0,1,2,A,-,10,21950,A,M,G,B,B,A,H,-,A,A,0,Y,NA,NA,NA,Y,NA,A,01,0,1,0,0,1,0,0,0,0,-,-,34.413429260253906,-118.5601806640625,LOS ANGELES,SANTA CLARITA,-118.55998992919922,34.413265228271484
9245194,2021,2021-04-17,1900,2021-03-06,1713,636151,0613,6,5,6,1985,0,0,0,NA,0,61T1,SOLEDAD CANYON RD,SHANGRILA,0,NA,Y,A,-,N,NA,NA,NA,NA,NA,NA,NA,NA,NA,Y,4,0,2,2,A,-,12,21453,A,N,D,C,A,A,H,-,A,A,0,NA,NA,NA,NA,Y,NA,A,07,0,0,2,0,0,0,0,0,0,-,-,34.416038513183594,-118.45865631103516,LOS ANGELES,SANTA CLARITA,-118.45866394042967,34.416080474853516
9245195,2021,2021-04-17,1900,2021-03-13,1719,476466,0633,6,5,6,1985,0,0,0,NA,0,61T1,LOST CANYON RD,BRANT WY,557,S,N,B,-,N,NA,NA,NA,NA,NA,NA,NA,NA,NA,Y,2,0,2,2,A,-,05,21460,A,N,A,C,A,B,H,-,A,D,0,NA,NA,NA,NA,Y,NA,A,07,2,0,0,0,0,0,0,0,0,-,-,34.399200439453125,-118.458251953125,LOS ANGELES,SANTA CLARITA,-118.45665740966795,34.39970016479492
9245196,2021,2021-04-17,1900,2021-03-21,0753,480768,0639,7,5,6,1985,0,0,0,NA,0,61T1,JASON DR,OAKMONT DR,0,NA,Y,A,-,N,NA,NA,NA,NA,NA,NA,NA,NA,NA,Y,3,0,3,2,A,-,21,22106,NA,N,D,C,A,A,H,-,A,D,0,NA,NA,NA,NA,Y,NA,A,01,0,1,2,0,0,0,0,0,0,-,-,34.40726089477539,-118.45397186279295,LOS ANGELES,SANTA CLARITA,-118.45423889160156,34.40693664550781
9245197,2021,2021-04-17,1900,2021-03-16,1430,407357,0617,2,5,6,1985,0,0,0,NA,0,63T1,HIDAWAY AV,SOLEDAD CANYON RD,427,S,N,A,-,N,NA,NA,NA,NA,NA,NA,NA,NA,NA,N,4,0,1,2,A,-,03,22350,NA,N,D,C,A,A,H,-,A,D,0,NA,NA,Y,NA,Y,NA,C,02,0,0,1,0,0,0,0,0,1,-,-,34.41455078125,-118.46900939941406,LOS ANGELES,SANTA CLARITA,-118.4690170288086,34.41453170776367
9245198,2021,2021-04-17,1900,2021-03-15,1029,609942,0649,1,5,6,1985,0,0,0,NA,0,64T1,GARNET CANYON RD,GOLD CANYON DR,452,N,N,B,C,N,NA,NA,NA,NA,NA,NA,NA,NA,NA,Y,4,0,1,2,A,-,08,22107,NA,N,C,E,A,B,H,-,A,D,0,NA,NA,NA,NA,Y,NA,A,01,0,0,1,0,0,0,0,0,0,-,-,33.496681213378906,-118.52252960205078,LOS ANGELES,SANTA CLARITA,NA,NA
9245199,2021,2021-04-07,1900,2021-03-16,1400,609942,0673,2,5,6,1985,0,0,0,NA,0,64T1,AVENIDA RANHO TESORO,RANCHO TESORO DR,320,S,N,A,-,N,NA,NA,NA,NA,NA,NA,NA,NA,NA,Y,4,0,1,1,A,-,03,22350,NA,N,E,I,A,-,H,-,A,D,0,NA,NA,NA,NA,Y,NA,A,07,0,0,1,0,0,0,0,0,0,-,-,34.46651840209961,-118.55416107177734,LOS ANGELES,SANTA CLARITA,-118.55423736572266,34.46657180786133
9245200,2021,2021-04-17,1900,2021-03-15,1600,635564,0454,1,5,6,1949,0,0,0,NA,0,45K3P,BLOOMFIELD AV,IMPERIAL HWY,186,N,N,B,G,N,NA,NA,NA,NA,NA,NA,NA,NA,NA,Y,3,0,1,2,A,-,08,22107,NA,N,B,C,A,A,H,-,A,D,0,NA,NA,NA,NA,Y,NA,A,01,0,1,0,0,0,0,0,0,0,-,-,NA,NA,LOS ANGELES,NORWALK,-118.06391143798828,33.91767883300781
9245217,2021,2021-04-14,1941,2021-03-09,0718,5498,NA,2,5,7,1941,0,0,0,NA,0,NA,ANAHEIM ST,ALABAMA AV,0,NA,Y,B,-,N,NA,NA,NA,NA,NA,NA,NA,NA,NA,N,4,0,1,2,D,-,00,NA,NA,N,D,C,A,A,H,-,A,A,0,NA,NA,NA,NA,Y,NA,-,-,0,0,1,0,0,0,0,0,0,-,-,NA,NA,LOS ANGELES,LONG BEACH,-118.20751953125,33.78266906738281
9245218,2021,2021-04-14,1941,2021-03-14,0147,11395,NA,7,5,7,1941,0,0,0,NA,0,NA,REDONDO AV,REDONDO AVE 820,0,NA,N,A,-,N,NA,NA,NA,NA,NA,NA,NA,NA,NA,Y,4,0,1,2,A,-,00,12500,A,N,D,-,A,A,H,-,C,A,0,NA,NA,NA,NA,Y,NA,A,NA,0,0,1,0,0,0,0,0,0,-,-,NA,NA,LOS ANGELES,LONG BEACH,-118.152415,33.777386
9245219,2021,2021-04-14,1941,2021-03-13,1619,11246,NA,6,5,7,1941,0,0,0,NA,0,NA,SAN ANTONIO DR,ELM AVE,0,NA,Y,A,-,N,NA,NA,NA,NA,NA,NA,NA,NA,NA,Y,4,0,1,3,A,-,09,21802,A,N,D,C,A,A,H,-,A,A,0,NA,NA,Y,NA,Y,NA,A,NA,0,0,1,0,0,0,0,0,1,-,-,NA,NA,LOS ANGELES,LONG BEACH,-118.1880111694336,33.835357666015625
9245220,2021,2021-04-14,1941,2021-03-13,1707,11126,NA,6,5,7,1941,0,0,0,NA,0,NA,PLEASANT ST,ATLANTIC AVE,300,W,N,A,-,N,NA,NA,NA,NA,NA,NA,NA,NA,NA,N,4,0,1,2,A,-,11,21954,A,N,G,G,A,A,H,-,A,D,0,NA,Y,NA,NA,Y,NA,L,NA,0,0,1,0,0,0,1,0,0,-,-,NA,NA,LOS ANGELES,LONG BEACH,-118.18593597412108,33.8467903137207
9245221,2021,2021-04-07,1941,2021-03-08,0619,11416,NA,1,5,7,1941,0,0,0,NA,0,NA,LONG BEACH BL,52ND ST,0,NA,Y,A,-,N,NA,NA,NA,NA,NA,NA,NA,NA,NA,Y,4,0,1,2,A,-,08,22107,NA,N,B,E,A,A,H,-,A,A,0,NA,NA,NA,NA,Y,NA,A,NA,0,0,1,0,0,0,0,0,0,-,-,NA,NA,LOS ANGELES,LONG BEACH,-118.19522094726564,33.85045623779297
9245222,2021,2021-04-07,1941,2021-03-14,1540,11540,NA,7,5,7,1941,0,0,0,NA,0,NA,PACIFIC COAST HWY,OUTER TRAFFIC CIR,0,NA,Y,B,-,N,NA,NA,NA,NA,NA,NA,NA,NA,NA,Y,4,0,1,2,A,-,07,21658,A,N,B,C,A,A,H,-,A,D,0,NA,NA,Y,NA,Y,NA,A,NA,0,0,1,0,0,0,0,0,1,-,-,NA,NA,LOS ANGELES,LONG BEACH,-118.14431762695313,33.789852142333984
9245227,2021,2021-04-07,1941,2021-03-02,1939,10836,NA,2,5,7,1941,0,0,0,NA,0,NA,ATLANTIC AV,60TH ST,223,N,N,A,-,N,NA,NA,NA,NA,NA,NA,NA,NA,NA,Y,4,0,1,4,A,-,08,22107,NA,N,C,E,A,A,H,-,C,A,0,NA,NA,NA,NA,Y,NA,A,NA,0,0,1,0,0,0,0,0,0,-,-,NA,NA,LOS ANGELES,LONG BEACH,-118.1850814819336,33.864322662353516
9245229,2021,2021-04-07,1941,2021-03-01,0953,6179,NA,1,5,7,1941,0,0,0,NA,0,NA,PINE AV,12TH ST,0,NA,Y,A,-,N,NA,NA,NA,NA,NA,NA,NA,NA,NA,Y,4,0,1,2,A,-,09,21802,A,N,D,C,A,A,H,-,A,A,0,NA,NA,NA,NA,Y,NA,A,NA,0,0,1,0,0,0,0,0,0,-,-,NA,NA,LOS ANGELES,LONG BEACH,-118.19239044189452,33.781436920166016
9245230,2021,2021-04-07,1941,2021-03-01,0624,11266,NA,1,5,7,1941,0,0,0,NA,0,NA,1ST ST,LIVINGSTON DR,0,NA,Y,A,-,N,NA,NA,NA,NA,NA,NA,NA,NA,NA,N,4,0,1,2,A,-,10,21950,A,N,D,B,B,A,H,-,A,A,0,Y,NA,NA,NA,Y,NA,A,NA,0,0,1,0,1,0,0,0,0,-,-,NA,NA,LOS ANGELES,LONG BEACH,-118.14508056640624,33.7608528137207
9245231,2021,2021-04-07,1941,2021-03-01,0117,11558,NA,1,5,7,1941,0,0,0,NA,0,NA,EAST 4TH ST,LIGHT POLE #288254,23,W,N,A,-,N,NA,NA,NA,NA,NA,NA,NA,NA,NA,Y,3,0,1,3,A,-,07,21658,A,N,C,E,A,A,H,-,C,D,0,NA,NA,NA,NA,Y,NA,A,NA,0,1,0,0,0,0,0,0,0,-,-,NA,NA,LOS ANGELES,LONG BEACH,NA,NA
9245232,2021,2021-04-07,1942,2021-03-06,1820,39745,1203,6,5,7,1942,0,0,0,L,0,25MQ12,W VERNON AV,WESTERN AV,0,NA,Y,A,-,N,NA,NA,NA,NA,NA,NA,NA,NA,NA,Y,4,0,1,2,A,-,12,21453,A,F,D,C,A,A,H,-,C,A,0,NA,NA,NA,NA,Y,NA,-,99,0,0,1,0,0,0,0,0,0,-,-,NA,NA,LOS ANGELES,LOS ANGELES,-118.30892944335938,34.003719329833984
9245233,2021,2021-04-07,1942,2021-03-06,1630,33296,1215,6,5,7,1942,0,0,0,L,0,25MQ12,BUDLONG AV,53RD ST,0,NA,Y,A,-,N,NA,NA,NA,NA,NA,NA,NA,NA,NA,N,4,0,1,2,A,-,09,21802,A,F,D,C,A,A,H,-,A,A,0,NA,NA,NA,NA,Y,NA,-,99,0,0,1,0,0,0,0,0,0,-,-,NA,NA,LOS ANGELES,LOS ANGELES,-118.2958755493164,33.994117736816406
9245234,2021,2021-04-07,1942,2021-03-02,1250,33397,1839,2,5,7,1942,0,0,0,R,0,25MQ14,107TH ST,KALMIA ST,100,E,N,A,-,N,NA,NA,NA,NA,NA,NA,NA,NA,NA,N,4,0,1,2,A,-,06,21750,A,F,B,G,A,A,H,-,A,D,0,NA,Y,NA,NA,Y,NA,-,99,0,0,1,0,0,0,1,0,0,-,-,NA,NA,LOS ANGELES,LOS ANGELES,-118.23141479492188,33.938865661621094
9245235,2021,2021-04-19,1900,2021-03-10,0455,655212,1135,3,5,6,1992,0,0,0,NA,0,111T1,20TH ST E,AVENUE I,41,S,N,C,-,N,NA,NA,NA,NA,NA,NA,NA,NA,NA,Y,3,0,1,1,-,-,-,NA,NA,N,E,I,A,B,H,-,C,D,0,NA,NA,NA,NA,Y,NA,A,01,0,1,0,0,0,0,0,0,0,-,-,NA,NA,LOS ANGELES,LANCASTER,-118.09482574462892,34.70414352416992
9245236,2021,2021-04-07,1900,2021-03-09,2305,625432,1133,2,5,6,1992,0,0,0,NA,0,112T2,AVENUE J,CHALLENGER WY,34,W,N,A,-,N,NA,NA,NA,NA,NA,NA,NA,NA,NA,N,2,0,1,2,A,-,01,23152,A,F,C,C,A,A,H,-,C,A,0,NA,NA,NA,NA,Y,Y,A,01,1,0,0,0,0,0,0,0,0,-,-,NA,NA,LOS ANGELES,LANCASTER,-118.1127700805664,34.68947982788086
9245237,2021,2021-04-07,1900,2021-03-09,1231,627967,1136,2,5,6,1992,0,0,0,NA,0,111T4,AVENUE I,35TH ST EAST,0,NA,Y,A,-,N,NA,NA,NA,NA,NA,NA,NA,NA,NA,Y,4,0,5,2,A,-,09,21802,A,N,D,C,A,A,H,-,A,A,0,NA,NA,NA,NA,Y,NA,A,07,0,0,5,0,0,0,0,0,0,-,-,NA,NA,LOS ANGELES,LANCASTER,-118.06802368164064,34.70451354980469
9245238,2021,2021-04-07,1900,2021-03-04,1124,644792,1124,4,5,6,1992,0,0,0,NA,0,112T1,AVENUE L,5TH ST WEST,385,E,N,A,-,N,NA,NA,NA,NA,NA,NA,NA,NA,NA,Y,4,0,1,1,A,-,03,22350,NA,N,E,I,A,A,H,-,D,D,0,NA,NA,NA,NA,Y,NA,A,01,0,0,1,0,0,0,0,0,0,-,-,NA,NA,LOS ANGELES,LANCASTER,-118.11990356445313,34.6604118347168
9245239,2021,2021-04-07,1900,2021-03-06,1834,624976,1133,6,5,6,1992,0,0,0,NA,0,112T1,AVENUE I,DIVISION ST,36,N,N,A,-,N,NA,NA,NA,NA,NA,NA,NA,NA,NA,Y,4,0,1,1,A,-,08,22107,NA,N,A,I,A,A,H,-,B,A,0,NA,NA,NA,NA,Y,NA,A,01,0,0,1,0,0,0,0,0,0,-,-,NA,NA,LOS ANGELES,LANCASTER,-118.13043975830078,34.7039909362793
9245242,2021,2021-04-07,1942,2021-03-02,1740,41977,0392,2,5,7,1942,0,0,0,C,0,3A73,48TH ST,W CRENSHAW BL,30,W,N,A,-,N,NA,NA,NA,NA,NA,NA,NA,NA,NA,N,4,0,2,2,A,-,09,21801,A,N,D,C,A,A,H,-,C,A,0,NA,NA,NA,NA,Y,NA,-,99,0,0,2,0,0,0,0,0,0,-,-,NA,NA,LOS ANGELES,LOS ANGELES,-118.33106994628906,34
9245243,2021,2021-04-07,1900,2021-03-07,1503,616386,2260,7,5,2,1993,0,0,0,NA,0,226,LINDERO CANYON RD,AGOURA RD,35,S,N,A,-,N,NA,NA,NA,NA,NA,NA,NA,NA,NA,N,4,0,2,2,A,-,21,22106,NA,N,C,C,A,A,H,-,A,A,0,NA,NA,NA,NA,Y,NA,A,01,0,0,2,0,0,0,0,0,0,-,-,34.14569854736328,-118.80590057373048,LOS ANGELES,WESTLAKE VILLAGE,-118.80596160888672,34.1459846496582
9245244,2021,2021-04-07,1942,2021-03-02,1215,42539,1259,2,5,7,1942,0,0,0,L,0,12A69,S CENTRAL AV,74TH ST,0,NA,Y,A,-,N,NA,NA,NA,NA,NA,NA,NA,NA,NA,Y,4,0,1,1,A,-,05,21650,NA,N,E,I,A,A,H,-,A,A,0,NA,NA,NA,NA,Y,NA,A,01,0,0,1,0,0,0,0,0,0,-,-,NA,NA,LOS ANGELES,LOS ANGELES,-118.25643157958984,33.97300338745117
9245246,2021,2021-04-07,1925,2021-03-01,1750,25751,151,1,5,6,1925,0,0,0,NA,0,004,E CHEVY CHASE DR,SUSSEX CT,300,E,N,A,-,N,NA,NA,NA,NA,NA,NA,NA,NA,NA,N,4,0,3,2,A,-,08,22107,NA,N,B,C,A,A,H,-,D,D,0,NA,NA,NA,NA,Y,NA,A,01,0,0,3,0,0,0,0,0,0,-,-,NA,NA,LOS ANGELES,GLENDALE,-118.19931030273438,34.17306137084961
9245247,2021,2021-04-07,1941,2021-03-03,0100,11202,NA,3,5,7,1941,0,0,0,NA,0,NA,10TH ST,ORANGE,0,NA,Y,A,-,N,NA,NA,NA,NA,NA,NA,NA,NA,NA,Y,2,0,1,2,A,-,12,21453,A,N,D,C,A,A,H,-,C,A,0,NA,NA,Y,NA,Y,NA,C,NA,1,0,0,0,0,0,0,0,1,-,-,NA,NA,LOS ANGELES,LONG BEACH,-118.17636108398438,33.77900695800781
9245249,2021,2021-04-07,1941,2021-03-01,1542,11516,NA,1,5,7,1941,0,0,0,NA,0,NA,CEDAR AV,W 5TH ST,0,NA,Y,A,-,N,NA,NA,NA,NA,NA,NA,NA,NA,NA,N,3,0,1,2,A,-,10,21950,A,N,A,B,B,A,H,-,A,A,0,Y,NA,NA,NA,Y,NA,A,NA,0,1,0,0,1,0,0,0,0,-,-,NA,NA,LOS ANGELES,LONG BEACH,-118.19506072998048,33.77292251586914
9245251,2021,2021-04-07,1941,2021-03-01,1138,10574,NA,1,5,7,1941,0,0,0,NA,0,NA,MAGNOLIA AV,17TH ST,0,NA,Y,A,-,N,NA,NA,NA,NA,NA,NA,NA,NA,NA,Y,4,0,2,2,A,-,08,22107,NA,N,D,C,A,A,H,-,A,A,0,NA,NA,NA,NA,Y,NA,B,NA,0,0,2,0,0,0,0,0,0,-,-,NA,NA,LOS ANGELES,LONG BEACH,-118.19808959960938,33.78789138793945
9245252,2021,2021-04-07,1942,2021-03-07,1830,41973,1211,7,5,7,1942,0,0,0,L,0,12A31,S VAN NESS AV,W 57TH ST,95,N,N,A,-,N,NA,NA,NA,NA,NA,NA,NA,NA,NA,N,4,0,1,2,A,-,11,21956,A,N,H,B,D,A,H,-,C,D,0,Y,NA,NA,NA,Y,NA,N,60,0,0,1,0,1,0,0,0,0,-,-,NA,NA,LOS ANGELES,LOS ANGELES,-118.31713104248048,33.9911994934082
9245253,2021,2021-04-07,1942,2021-03-08,1245,35393,18011,1,5,7,1942,0,0,0,R,0,8A1,S FIGUEROA ST,W MANCHESTER AV,150,W,N,A,-,N,NA,NA,NA,NA,NA,NA,NA,NA,NA,N,4,0,1,2,A,-,09,21804,B,F,D,C,A,A,H,-,A,D,0,NA,NA,NA,NA,Y,NA,-,99,0,0,1,0,0,0,0,0,0,-,-,NA,NA,LOS ANGELES,LOS ANGELES,-118.28273010253906,33.960060119628906
9245256,2021,2021-04-07,1942,2021-03-07,1825,42011,18061,7,5,7,1942,0,0,0,R,0,8A3,S CENTRAL AV,E 92ND ST,150,S,N,A,-,N,NA,NA,NA,NA,NA,NA,NA,NA,NA,Y,4,0,2,5,A,-,08,22103,NA,F,D,C,A,A,H,-,C,A,0,NA,NA,NA,NA,Y,NA,A,01,0,0,2,0,0,0,0,0,0,-,-,NA,NA,LOS ANGELES,LOS ANGELES,-118.2563705444336,33.952877044677734
9245258,2021,2021-04-07,1902,2021-03-03,1222,809,4,3,5,5,1902,0,0,0,NA,0,001,FOOTHILL BL,2ND AV,0,NA,Y,C,-,N,NA,NA,NA,NA,NA,NA,NA,NA,NA,Y,3,0,1,2,A,-,09,21800,D,N,A,C,A,B,H,-,A,B,0,NA,NA,NA,NA,Y,NA,A,01,0,1,0,0,0,0,0,0,0,-,-,NA,NA,LOS ANGELES,ARCADIA,-118.0254135131836,34.151058197021484
9245259,2021,2021-04-07,1902,2021-03-04,1304,789,21,4,5,5,1902,0,0,0,NA,0,004,HUNTINGTON DR,SUNSET BL,143,E,N,A,-,N,NA,NA,NA,NA,NA,NA,NA,NA,NA,N,3,0,1,2,D,-,00,NA,NA,N,D,C,A,A,H,-,A,D,0,NA,NA,NA,NA,Y,NA,-,-,0,1,0,0,0,0,0,0,0,-,-,NA,NA,LOS ANGELES,ARCADIA,-118.06468200683594,34.13111877441406
9245260,2021,2021-04-07,1902,2021-03-03,1750,812,14,3,5,5,1902,0,0,0,NA,0,002,S 2ND AV,ALTA ST,50,S,N,B,-,N,NA,NA,NA,NA,NA,NA,NA,NA,NA,Y,3,0,1,1,A,-,03,22350,NA,N,H,I,A,A,H,-,B,D,0,NA,NA,Y,NA,Y,NA,C,02,0,1,0,0,0,0,0,0,1,-,-,NA,NA,LOS ANGELES,ARCADIA,-118.02515411376952,34.13887405395508