CASE_ID,ACCIDENT_YEAR,PROC_DATE,JURIS,COLLISION_DATE,COLLISION_TIME,OFFICER_ID,REPORTING_DISTRICT,DAY_OF_WEEK,CHP_SHIFT,POPULATION,CNTY_CITY_LOC,SPECIAL_COND,BEAT_TYPE,CHP_BEAT_TYPE,CITY_DIVISION_LAPD,CHP_BEAT_CLASS,BEAT_NUMBER,PRIMARY_RD,SECONDARY_RD,DISTANCE,DIRECTION,INTERSECTION,WEATHER_1,WEATHER_2,STATE_HWY_IND,CALTRANS_COUNTY,CALTRANS_DISTRICT,STATE_ROUTE,ROUTE_SUFFIX,POSTMILE_PREFIX,POSTMILE,LOCATION_TYPE,RAMP_INTERSECTION,SIDE_OF_HWY,TOW_AWAY,COLLISION_SEVERITY,NUMBER_KILLED,NUMBER_INJURED,PARTY_COUNT,PRIMARY_COLL_FACTOR,PCF_CODE_OF_VIOL,PCF_VIOL_CATEGORY,PCF_VIOLATION,PCF_VIOL_SUBSECTION,HIT_AND_RUN,TYPE_OF_COLLISION,MVIW,PED_ACTION,ROAD_SURFACE,ROAD_COND_1,ROAD_COND_2,LIGHTING,CONTROL_DEVICE,CHP_ROAD_TYPE,PEDESTRIAN_ACCIDENT,BICYCLE_ACCIDENT,MOTORCYCLE_ACCIDENT,TRUCK_ACCIDENT,NOT_PRIVATE_PROPERTY,ALCOHOL_INVOLVED,STWD_VEHTYPE_AT_FAULT,CHP_VEHTYPE_AT_FAULT,COUNT_SEVERE_INJ,COUNT_VISIBLE_INJ,COUNT_COMPLAINT_PAIN,COUNT_PED_KILLED,COUNT_PED_INJURED,COUNT_BICYCLIST_KILLED,COUNT_BICYCLIST_INJURED,COUNT_MC_KILLED,COUNT_MC_INJURED,PRIMARY_RAMP,SECONDARY_RAMP,LATITUDE,LONGITUDE,COUNTY,CITY,POINT_X,POINT_Y
9246308,2021,2021-04-19,1942,2021-03-22,1215,40404,1283,1,5,7,1942,0,0,0,L,0,12A73,S WESTERN AV,W CENTURY BL,0,NA,Y,A,-,N,NA,NA,NA,NA,NA,NA,NA,NA,NA,N,3,0,1,3,A,-,09,21801,A,F,D,C,A,A,H,-,A,A,0,NA,NA,NA,NA,Y,NA,A,07,0,1,0,0,0,0,0,0,0,-,-,NA,NA,LOS ANGELES,LOS ANGELES,-118.30902862548828,33.94545364379883
9246309,2021,2021-04-19,1942,2021-03-21,1815,38233,0557,7,5,7,1942,0,0,0,E,0,25MQ63,S GAFFEY  ST,5TH ST,0,NA,Y,A,-,N,NA,NA,NA,NA,NA,NA,NA,NA,NA,Y,2,0,1,2,A,-,12,21453,A,N,G,B,B,A,H,-,A,A,0,Y,NA,NA,NA,Y,NA,A,01,1,0,0,0,1,0,0,0,0,-,-,NA,NA,LOS ANGELES,LOS ANGELES,-118.29232788085938,33.73968505859375
9246310,2021,2021-04-19,1942,2021-03-21,0400,43106,1861,7,5,7,1942,0,0,0,R,0,18X95,SAN PEDRO,120TH ST,60,N,N,A,-,N,NA,NA,NA,NA,NA,NA,NA,NA,NA,Y,3,0,1,3,A,-,03,22350,NA,F,D,E,A,A,H,-,C,B,0,NA,NA,NA,NA,Y,Y,A,01,0,1,0,0,0,0,0,0,0,-,-,NA,NA,LOS ANGELES,LOS ANGELES,-118.2695770263672,33.92387390136719
9246311,2021,2021-04-23,1942,2021-03-20,0130,40032,182L,6,5,7,1942,0,0,0,R,0,18A17,MAIN ST,94TH ST,70,S,N,B,-,N,NA,NA,NA,NA,NA,NA,NA,NA,NA,Y,4,0,2,3,A,-,03,22350,NA,F,B,C,A,A,H,-,C,-,0,NA,NA,NA,NA,Y,Y,-,99,0,0,2,0,0,0,0,0,0,-,-,NA,NA,LOS ANGELES,LOS ANGELES,-118.27388763427734,33.950828552246094
9246312,2021,2021-04-19,1942,2021-03-20,0345,41517,1891,6,5,7,1942,0,0,0,R,0,18A3,167TH ST,VERMONT AV,0,NA,Y,A,-,N,NA,NA,NA,NA,NA,NA,NA,NA,NA,Y,4,0,1,2,A,-,03,22350,NA,N,A,E,A,A,H,-,C,A,0,NA,NA,NA,NA,Y,NA,A,01,0,0,1,0,0,0,0,0,0,-,-,NA,NA,LOS ANGELES,LOS ANGELES,-118.2912368774414,33.87978744506836
9246313,2021,2021-04-19,1942,2021-03-19,2155,42661,1836,5,5,7,1942,0,0,0,R,0,18A35,108TH ST,CENTRAL AV,350,E,N,A,-,N,NA,NA,NA,NA,NA,NA,NA,NA,NA,Y,3,0,3,4,A,-,03,22350,NA,N,C,C,A,A,H,-,C,D,0,NA,NA,NA,NA,Y,NA,A,01,0,2,1,0,0,0,0,0,0,-,-,NA,NA,LOS ANGELES,LOS ANGELES,-118.2530517578125,33.937808990478516
9246314,2021,2021-04-19,1942,2021-03-23,1720,42029,1045,2,5,7,1942,0,0,0,J,0,10A83,LINDLEY AV,CALIFA ST,0,NA,Y,A,-,N,NA,NA,NA,NA,NA,NA,NA,NA,NA,N,2,0,2,2,A,-,09,21802,A,N,D,C,A,A,H,-,A,A,0,NA,NA,NA,NA,Y,NA,A,01,1,0,1,0,0,0,0,0,0,-,-,NA,NA,LOS ANGELES,LOS ANGELES,-118.52728271484376,34.17784118652344
9246315,2021,2021-04-19,1942,2021-03-22,1800,38273,1759,1,5,7,1942,0,0,0,Q,0,17A49,LEMARSH ST,HASKELL AV,179,E,N,A,-,N,NA,NA,NA,NA,NA,NA,NA,NA,NA,Y,2,0,2,2,A,-,09,21804,A,N,D,C,A,A,H,-,A,D,0,NA,NA,Y,NA,Y,NA,C,06,1,0,1,0,0,0,0,0,1,-,-,NA,NA,LOS ANGELES,LOS ANGELES,-118.4755401611328,34.25548553466797
9246316,2021,2021-04-19,1942,2021-03-22,1645,38687,0914,1,5,7,1942,0,0,0,I,0,9A23,KESTER AV,VAN OWEN ST,0,NA,Y,A,-,N,NA,NA,NA,NA,NA,NA,NA,NA,NA,N,4,0,1,2,A,-,09,21801,A,F,D,C,A,A,H,-,A,A,0,NA,NA,NA,NA,Y,NA,A,01,0,0,1,0,0,0,0,0,0,-,-,NA,NA,LOS ANGELES,LOS ANGELES,-118.45744323730467,34.19391632080078
9246317,2021,2021-04-19,1942,2021-03-22,1935,36336,0906,1,5,7,1942,0,0,0,I,0,9A5,VAN NUYS BL,SATICOY ST,44,N,N,A,-,N,NA,NA,NA,NA,NA,NA,NA,NA,NA,N,2,0,1,2,A,-,11,21955,NA,N,G,B,D,A,H,-,C,D,0,Y,NA,NA,NA,Y,NA,N,60,1,0,0,0,1,0,0,0,0,-,-,NA,NA,LOS ANGELES,LOS ANGELES,-118.4487762451172,34.208580017089844
9246318,2021,2021-04-19,1942,2021-03-21,1715,38687,1635,7,5,7,1942,0,0,0,P,0,16A35,WHEATLAND AV,WENTWORTH ST,12,S,N,A,-,N,NA,NA,NA,NA,NA,NA,NA,NA,NA,N,2,0,2,2,A,-,03,22350,NA,N,D,C,A,A,H,-,A,D,0,NA,NA,NA,NA,Y,Y,A,07,2,0,0,0,0,0,0,0,0,-,-,NA,NA,LOS ANGELES,LOS ANGELES,-118.35419464111328,34.26589584350586
9246319,2021,2021-04-19,1942,2021-03-21,1515,41514,0904,7,5,7,1942,0,0,0,I,0,9A23,SEPULVEDA BL,SHERMAN WY,200,N,N,A,-,N,NA,NA,NA,NA,NA,NA,NA,NA,NA,N,3,0,1,2,A,-,10,21954,B,F,G,B,D,A,H,-,A,D,0,Y,NA,NA,NA,Y,NA,-,99,0,1,0,0,1,0,0,0,0,-,-,NA,NA,LOS ANGELES,LOS ANGELES,-118.46620178222656,34.20166778564453
9246376,2021,2021-04-01,1941,2021-01-24,0953,10947,NA,7,5,7,1941,0,0,0,NA,0,NA,LOCUST AV,5TH ST,0,NA,Y,-,-,N,NA,NA,NA,NA,NA,NA,NA,NA,NA,N,4,0,1,2,A,-,17,21657,NA,F,D,C,A,A,H,-,A,A,0,NA,NA,NA,NA,Y,NA,A,NA,0,0,1,0,0,0,0,0,0,-,-,NA,NA,LOS ANGELES,LONG BEACH,-118.18946075439452,33.77267837524414
9246404,2021,2021-04-17,1942,2021-03-14,0430,30452,0914,7,5,7,1942,0,0,0,I,0,9A5,KESTER AV,SHERMAN WY,0,NA,Y,A,-,N,NA,NA,NA,NA,NA,NA,NA,NA,NA,Y,2,0,5,2,A,-,12,21453,A,N,D,C,A,A,H,-,C,A,0,NA,NA,NA,NA,Y,NA,A,01,2,1,2,0,0,0,0,0,0,-,-,NA,NA,LOS ANGELES,LOS ANGELES,-118.45745849609376,34.201141357421875
9246430,2021,2021-04-12,1942,2021-02-27,0100,35161,1777,6,5,7,1942,0,0,0,Q,0,17A95,WOODLEY AV,PLUMMER ST,75,N,N,A,-,N,NA,NA,NA,NA,NA,NA,NA,NA,NA,N,4,0,1,2,A,-,03,22350,NA,N,B,E,A,A,H,-,C,D,0,NA,NA,NA,NA,Y,NA,A,01,0,0,1,0,0,0,0,0,0,-,-,NA,NA,LOS ANGELES,LOS ANGELES,-118.48501586914064,34.24311447143555
9246431,2021,2021-04-12,1942,2021-02-26,1640,40459,1846,5,5,7,1942,0,0,0,R,0,18B32,IMPERIAL HWY,SUCCESS AV,0,NA,Y,A,-,N,NA,NA,NA,NA,NA,NA,NA,NA,NA,Y,3,0,2,2,A,-,09,21801,A,F,D,C,A,A,H,-,A,D,0,NA,NA,NA,NA,Y,NA,-,99,0,1,1,0,0,0,0,0,0,-,-,NA,NA,LOS ANGELES,LOS ANGELES,-118.24932098388672,33.92947006225586
9246440,2021,2021-04-12,1955,2021-02-23,0004,42305,086,2,5,6,1955,0,0,0,NA,0,004,SAN ANTONIO AV,TELAMON LN,60,N,N,A,-,N,NA,NA,NA,NA,NA,NA,NA,NA,NA,Y,3,0,1,5,A,-,01,23152,A,N,C,E,A,A,H,-,C,A,0,NA,NA,NA,NA,Y,Y,A,07,0,1,0,0,0,0,0,0,0,-,-,NA,NA,LOS ANGELES,POMONA,-117.7363510131836,34.038692474365234
9246448,2021,2021-04-06,1975,2021-02-27,0019,436,WCPD,6,5,6,1975,0,0,0,NA,0,003,VINCENT AV,LAKES DR,24,N,N,A,-,N,NA,NA,NA,NA,NA,NA,NA,NA,NA,Y,3,0,1,2,A,-,01,23152,A,N,-,C,A,A,H,-,C,A,0,NA,NA,NA,NA,Y,Y,A,01,0,1,0,0,0,0,0,0,0,-,-,34.06978988647461,-117.92684936523438,LOS ANGELES,WEST COVINA,-117.92675018310548,34.069786071777344
9246449,2021,2021-04-06,1975,2021-02-26,1623,1006,CITRU,5,5,6,1975,0,0,0,NA,0,003,VINCENT AV,PLAZA DR,0,NA,Y,A,-,N,NA,NA,NA,NA,NA,NA,NA,NA,NA,Y,3,0,2,3,A,-,03,22350,NA,N,C,C,A,A,H,-,A,A,0,NA,NA,NA,NA,Y,NA,A,01,0,1,1,0,0,0,0,0,0,-,-,34.06978988647461,-117.92684936523438,LOS ANGELES,WEST COVINA,-117.92690277099608,34.06971740722656
9246450,2021,2021-04-06,1975,2021-02-14,1957,453,NA,7,5,6,1975,0,0,0,NA,0,NA,AZUSA AV,WALNUT CREEK PKWY S,30,W,N,A,-,N,NA,NA,NA,NA,NA,NA,NA,NA,NA,N,4,0,1,2,A,-,09,21801,A,N,D,C,A,A,H,-,C,A,0,NA,NA,NA,NA,Y,NA,A,01,0,0,1,0,0,0,0,0,0,-,-,34.06599044799805,-117.90779876708984,LOS ANGELES,WEST COVINA,-117.90786743164064,34.06591033935547
9246452,2021,2021-04-06,1900,2021-02-20,1656,478463,2928,6,5,5,1990,0,0,0,NA,0,292K4,CALBOURNE DR,CALPET DR,0,NA,Y,A,-,N,NA,NA,NA,NA,NA,NA,NA,NA,NA,N,3,0,1,2,A,-,10,21950,NA,F,-,B,B,A,H,-,A,A,0,Y,NA,NA,NA,Y,NA,-,99,0,1,0,0,1,0,0,0,0,-,-,NA,NA,LOS ANGELES,DIAMOND BAR,-117.8590087890625,33.99429702758789
9246453,2021,2021-04-06,1900,2021-02-20,1600,524692,2914,6,5,4,1974,0,0,0,NA,0,291K2,LEMON AV,SADDLECREST DR,552,S,N,A,-,N,NA,NA,NA,NA,NA,NA,NA,NA,NA,Y,4,0,3,2,A,-,05,21651,B,N,A,C,A,A,H,-,A,D,0,NA,NA,NA,NA,Y,NA,A,01,0,0,3,0,0,0,0,0,0,-,-,NA,NA,LOS ANGELES,WALNUT,-117.87438201904295,34.03022384643555
9246454,2021,2021-04-09,1900,2021-02-20,1916,630214,2914,6,5,4,1974,0,0,0,NA,0,291K1,LEMON AV,LA PUENTE RD,951,N,N,A,-,N,NA,NA,NA,NA,NA,NA,NA,NA,NA,N,3,0,1,2,A,-,11,21954,A,N,-,-,A,A,H,-,A,-,0,NA,NA,NA,NA,Y,NA,N,60,0,1,0,0,0,0,0,0,0,-,-,NA,NA,LOS ANGELES,WALNUT,-117.866455078125,34.02276611328125
92464650,2024,2024-08-14,9565,2024-07-10,940,023735,NA,3,1,5,1928,0,1,1,NA,2,060,I-405 SOUTHBOUND,ROSECRANS AVENUE,1100,N,N,A,-,Y,LA,NA,405,NA,NA,19.452,H,NA,L,Y,3,0,1,1,A,-,08,22107,NA,N,B,C,A,A,H,-,A,D,0,NA,NA,NA,NA,Y,NA,A,07,0,1,0,0,0,0,0,0,0,-,-,33.905181884765625,-118.37046813964844,LOS ANGELES,HAWTHORNE,-118.37055206298828,33.90517807006836
92464664,2024,2024-07-22,9525,2024-07-19,1149,022770,NA,5,1,5,1906,0,1,1,NA,2,103,I-10 W/B (SAN BERNARDINO FWY),FRANCISQUITO AVENUE,1584,E,N,A,-,Y,LA,NA,10,NA,NA,32.961,H,NA,L,Y,4,0,3,2,A,-,03,22350,NA,N,C,C,A,A,H,-,A,D,0,NA,NA,NA,NA,Y,NA,A,01,0,0,3,0,0,0,0,0,0,-,-,34.06938171386719,-117.96891784667967,LOS ANGELES,BALDWIN PARK,-117.96891021728516,34.0693359375
92464666,2024,2024-07-22,9545,2024-07-14,1635,022844,NA,7,2,9,1900,0,1,3,NA,1,042,SR-138 W/B,141ST ST  E,240,E,N,A,-,N,NA,NA,NA,NA,NA,NA,NA,NA,NA,Y,4,0,1,2,A,-,01,23152,A,N,C,C,A,A,H,-,A,D,0,NA,NA,NA,NA,Y,Y,D,22,0,0,1,0,0,0,0,0,0,-,-,34.5064697265625,-117.87828826904295,LOS ANGELES,UNINCORPORATED,NA,NA
92464678,2024,2024-07-22,9545,2024-07-13,1608,020547,NA,6,2,9,1900,0,1,3,NA,1,042,SR-138,96TH STREET EAST,2500,W,N,A,-,Y,LA,NA,138,NA,NA,55.734,H,NA,R,Y,4,0,1,2,A,-,03,22350,NA,N,D,D,A,A,H,-,A,D,0,NA,NA,NA,NA,Y,NA,A,01,0,0,1,0,0,0,0,0,0,-,-,34.52122116088867,-117.96563720703124,LOS ANGELES,UNINCORPORATED,-117.96563720703124,34.52116012573242
92464693,2024,2024-07-22,9545,2024-07-13,2140,023224,NA,6,2,9,1900,0,3,5,NA,2,002,SIERRA HWY,PEARBLOSSOM HWY,25,W,N,A,-,N,NA,NA,NA,NA,NA,NA,NA,NA,NA,Y,4,0,3,3,A,-,08,22107,NA,N,B,C,A,A,H,-,C,A,0,NA,NA,NA,NA,Y,NA,A,01,0,0,3,0,0,0,0,0,0,-,-,34.52193069458008,-118.09751892089844,LOS ANGELES,UNINCORPORATED,-118.09752655029295,34.52204895019531
9246511,2021,2021-04-16,1941,2021-03-06,1747,5878,901T,6,5,7,1941,0,0,0,NA,0,NA,GERALD DESM BR,EAST BRIDGE PILLAR,60,E,N,A,-,N,NA,NA,NA,NA,NA,NA,NA,NA,NA,Y,3,0,4,3,A,-,07,21658,A,N,B,C,A,A,H,-,A,D,0,NA,NA,Y,NA,Y,NA,A,NA,0,2,2,0,0,0,0,0,2,-,-,NA,NA,LOS ANGELES,LONG BEACH,NA,NA
9246512,2021,2021-04-16,1941,2021-03-10,1304,5615,NA,3,5,7,1941,0,0,0,NA,0,NA,WILLOW ST,PACIFIC AV,0,NA,Y,B,-,N,NA,NA,NA,NA,NA,NA,NA,NA,NA,Y,4,0,1,2,D,-,00,NA,NA,N,D,C,A,A,H,-,A,A,0,NA,NA,NA,NA,Y,NA,-,-,0,0,1,0,0,0,0,0,0,-,-,NA,NA,LOS ANGELES,LONG BEACH,-118.19371032714844,33.8043327331543
9246513,2021,2021-04-16,1941,2021-03-14,1426,6007,NA,7,5,7,1941,0,0,0,NA,0,NA,WILLOW ST,GOLDEN AV,74,E,N,A,-,N,NA,NA,NA,NA,NA,NA,NA,NA,NA,Y,4,0,2,4,A,-,08,22107,NA,N,A,C,A,A,H,-,A,A,0,NA,NA,NA,NA,Y,Y,-,NA,0,0,2,0,0,0,0,0,0,-,-,NA,NA,LOS ANGELES,LONG BEACH,-118.20220947265624,33.804359436035156
9246514,2021,2021-04-17,1941,2021-03-14,1829,11560,NA,7,5,7,1941,0,0,0,NA,0,NA,7TH ST,EUCLID AV,0,NA,Y,A,-,N,NA,NA,NA,NA,NA,NA,NA,NA,NA,Y,4,0,1,3,A,-,03,22350,NA,M,C,C,A,A,H,-,C,A,0,NA,NA,NA,NA,Y,Y,A,NA,0,0,1,0,0,0,0,0,0,-,-,NA,NA,LOS ANGELES,LONG BEACH,-118.14917755126952,33.77534484863281
9246558,2021,2021-04-14,1955,2021-02-20,0135,42725,10,6,5,6,1955,0,0,0,NA,0,003,GAREY AV,KINGSLEY AV,220,S,N,A,-,N,NA,NA,NA,NA,NA,NA,NA,NA,NA,Y,3,0,1,4,A,-,01,23152,A,N,C,E,A,A,H,-,C,A,0,NA,NA,NA,NA,Y,Y,A,01,0,1,0,0,0,0,0,0,0,-,-,NA,NA,LOS ANGELES,POMONA,-117.7512435913086,34.06608581542969
9246560,2021,2021-04-14,1955,2021-02-20,0334,42633,06,6,5,6,1955,0,0,0,NA,0,001,HOLT AV,MAIN ST,0,NA,Y,A,-,N,NA,NA,NA,NA,NA,NA,NA,NA,NA,Y,4,0,1,1,A,-,01,23152,A,N,E,I,A,A,H,-,C,D,0,NA,NA,NA,NA,Y,Y,A,01,0,0,1,0,0,0,0,0,0,-,-,NA,NA,LOS ANGELES,POMONA,-117.7524871826172,34.06232833862305
9246601,2021,2021-04-12,1910,2021-03-15,0814,360,NA,1,5,4,1910,0,0,0,NA,0,006,SUNSET BL,BEVERLY DR,110,E,N,C,-,N,NA,NA,NA,NA,NA,NA,NA,NA,NA,N,4,0,1,1,B,-,22,NA,NA,N,H,I,A,B,H,-,A,A,0,NA,NA,Y,NA,Y,NA,C,02,0,0,1,0,0,0,0,0,1,-,-,34.08197021484375,-118.41156768798828,LOS ANGELES,BEVERLY HILLS,-118.41176605224608,34.08187484741211
9246602,2021,2021-04-12,1910,2021-03-05,2106,4266,NA,5,5,4,1910,0,0,0,NA,0,004,CARMELITA AV,N BEVERLY DR,0,NA,Y,A,-,N,NA,NA,NA,NA,NA,NA,NA,NA,NA,Y,3,0,1,1,A,-,08,22107,NA,N,E,I,A,A,H,-,C,D,0,NA,NA,NA,NA,Y,NA,A,01,0,1,0,0,0,0,0,0,0,-,-,NA,NA,LOS ANGELES,BEVERLY HILLS,-118.4069366455078,34.07429885864258
9246609,2021,2021-04-14,1972,2021-03-11,0911,15554,NA,4,5,6,1972,0,0,0,NA,0,NA,EARL,EMERALD,0,NA,Y,A,-,N,NA,NA,NA,NA,NA,NA,NA,NA,NA,N,4,0,1,2,A,-,10,21950,A,N,G,B,B,A,H,-,A,D,0,Y,NA,NA,NA,Y,NA,A,NA,0,0,1,0,1,0,0,0,0,-,-,NA,NA,LOS ANGELES,TORRANCE,-118.35806274414064,33.84135818481445
9246612,2021,2021-04-12,1900,2021-03-20,1720,467505,1811,6,5,2,1904,0,0,0,NA,0,184,MARILLA AV,WHITTLEY AV,0,NA,Y,A,-,N,NA,NA,NA,NA,NA,NA,NA,NA,NA,N,3,0,1,1,A,-,03,22350,NA,N,E,I,A,A,H,-,A,D,0,NA,NA,NA,NA,Y,NA,M,96,0,1,0,0,0,0,0,0,0,-,-,NA,NA,LOS ANGELES,AVALON,-118.33120727539064,33.343379974365234
9246622,2021,2021-04-16,1900,2021-03-15,1338,635554,1900,1,5,3,1989,0,0,0,NA,0,224T1,LAS VIRGENES RD,MALIBU SCHOOL DISTRICT RD,0,NA,Y,A,-,N,NA,NA,NA,NA,NA,NA,NA,NA,NA,N,3,0,1,3,A,-,12,21453,A,N,D,C,A,A,H,-,A,A,0,NA,NA,NA,NA,Y,NA,A,01,0,1,0,0,0,0,0,0,0,-,-,NA,NA,LOS ANGELES,CALABASAS,NA,NA
9246623,2021,2021-04-16,1900,2021-03-11,0640,625556,2241,4,5,3,1989,0,0,0,NA,0,226T1,AGOURA RD,LOST HILLS RD,983,E,N,A,-,N,NA,NA,NA,NA,NA,NA,NA,NA,NA,Y,4,0,2,1,A,-,08,22107,NA,N,E,I,A,A,H,-,B,D,0,NA,NA,NA,NA,Y,NA,A,01,0,0,2,0,0,0,0,0,0,-,-,34.14036178588867,-118.70551300048828,LOS ANGELES,CALABASAS,-118.70572662353516,34.14035415649414
9246624,2021,2021-04-21,1900,2021-03-09,0014,651177,2248,2,5,3,1989,0,0,0,NA,0,225A,MULHOLLAND HWY,DRY CANYON COLD CREEK RD,230,E,N,A,-,N,NA,NA,NA,NA,NA,NA,NA,NA,NA,Y,2,0,1,1,A,-,03,22350,A,N,F,-,A,A,H,-,C,A,0,NA,NA,NA,NA,Y,NA,A,01,1,0,0,0,0,0,0,0,0,-,-,34.13600158691406,-118.64299774169922,LOS ANGELES,CALABASAS,-118.65496063232422,34.129520416259766
9246701,2021,2021-04-21,1976,2021-03-17,1248,541,1976,3,5,5,1976,0,0,0,NA,0,002,GREENLEAF AV,LAMBERT RD,42,S,N,A,-,N,NA,NA,NA,NA,NA,NA,NA,NA,NA,Y,3,0,2,2,A,-,05,21460,A,N,A,C,A,A,H,-,A,A,0,NA,NA,NA,NA,Y,NA,A,01,0,1,1,0,0,0,0,0,0,-,-,NA,NA,LOS ANGELES,WHITTIER,-118.0419921875,33.96082305908203
9246702,2021,2021-04-15,1976,2021-03-15,0457,540,NA,1,5,5,1976,0,0,0,NA,0,001,E BEVERLY BL,PIONEER BL,64,E,N,A,-,N,NA,NA,NA,NA,NA,NA,NA,NA,NA,Y,4,0,1,1,A,-,08,22107,NA,N,E,I,A,A,H,-,C,D,0,NA,NA,NA,NA,Y,NA,A,01,0,0,1,0,0,0,0,0,0,-,-,NA,NA,LOS ANGELES,WHITTIER,-118.06271362304688,34.003631591796875
9246703,2021,2021-04-15,1976,2021-03-14,0616,518,19761,7,5,5,1976,0,0,0,NA,0,NA,MAGNOLIA AV,BEVERLY DR,0,NA,Y,A,-,N,NA,NA,NA,NA,NA,NA,NA,NA,NA,Y,3,0,1,3,A,-,01,23152,A,N,D,E,A,A,H,-,C,A,0,NA,NA,NA,NA,Y,Y,A,01,0,1,0,0,0,0,0,0,0,-,-,NA,NA,LOS ANGELES,WHITTIER,-118.05033111572266,33.996185302734375
9246704,2021,2021-04-15,1976,2021-03-11,0851,516,NA,4,5,5,1976,0,0,0,NA,0,003,COLIMA RD,MURPHY RANCH RD,660,N,N,A,-,N,NA,NA,NA,NA,NA,NA,NA,NA,NA,Y,4,0,1,1,C,-,18,NA,NA,N,E,I,A,A,H,-,A,D,0,NA,NA,NA,NA,Y,NA,-,-,0,0,1,0,0,0,0,0,0,-,-,NA,NA,LOS ANGELES,WHITTIER,NA,NA
9246705,2021,2021-04-15,1976,2021-03-04,1420,474,NA,4,5,5,1976,0,0,0,NA,0,001,BEVERLY BL,PICKERING AV,160,W,N,A,-,N,NA,NA,NA,NA,NA,NA,NA,NA,NA,Y,3,0,1,2,A,-,09,21804,A,N,D,C,A,A,H,-,A,D,0,NA,NA,NA,NA,Y,NA,A,01,0,1,0,0,0,0,0,0,0,-,-,NA,NA,LOS ANGELES,WHITTIER,-118.04255676269533,33.98815155029297
9246706,2021,2021-04-15,1976,2021-03-06,1816,460,NA,6,5,5,1976,0,0,0,NA,0,001,BROADWAY,COURT ADAIR ST,27,W,N,A,-,N,NA,NA,NA,NA,NA,NA,NA,NA,NA,N,4,0,1,2,A,-,12,22450,A,N,H,H,A,A,H,-,B,A,0,NA,Y,NA,NA,Y,NA,L,04,0,0,1,0,0,0,1,0,0,-,-,NA,NA,LOS ANGELES,WHITTIER,-118.05188751220705,33.98632049560547
9246707,2021,2021-04-15,1900,2021-03-06,1509,644792,1137,6,5,6,1992,0,0,0,NA,0,112T2,CHALLENGER WY,AVENUE J-3,0,NA,Y,A,-,N,NA,NA,NA,NA,NA,NA,NA,NA,NA,Y,4,0,1,2,A,-,09,21802,A,F,D,C,A,A,H,-,A,A,0,NA,NA,NA,NA,Y,NA,A,01,0,0,1,0,0,0,0,0,0,-,-,NA,NA,LOS ANGELES,LANCASTER,-118.11260986328124,34.686710357666016
9246708,2021,2021-04-15,1900,2021-03-16,1714,655212,1135,2,5,6,1992,0,0,0,NA,0,112T1,AVENUE J,17TH ST EAST,0,NA,Y,A,-,N,NA,NA,NA,NA,NA,NA,NA,NA,NA,Y,4,0,1,2,A,-,12,21453,A,M,D,C,A,A,H,-,A,A,0,NA,NA,NA,NA,Y,NA,A,01,0,0,1,0,0,0,0,0,0,-,-,NA,NA,LOS ANGELES,LANCASTER,-118.09921264648438,34.689510345458984
9246709,2021,2021-04-15,1900,2021-03-13,1902,644792,1133,6,5,6,1992,0,0,0,NA,0,112T2,AVENUE J,5TH ST EAST,34,W,N,A,-,N,NA,NA,NA,NA,NA,NA,NA,NA,NA,N,4,0,2,2,A,-,03,22350,NA,M,C,C,A,A,H,-,C,A,0,NA,NA,Y,NA,Y,NA,C,02,0,0,2,0,0,0,0,0,0,-,-,NA,NA,LOS ANGELES,LANCASTER,-118.12161254882813,34.68946838378906
9246710,2021,2021-04-15,1900,2021-03-14,1413,617242,1132,7,5,6,1992,0,0,0,NA,0,111T1,FOXTON AV,KILDARE ST,30,N,N,A,-,N,NA,NA,NA,NA,NA,NA,NA,NA,NA,Y,4,0,1,2,A,-,01,23152,A,N,G,E,A,A,H,-,A,D,0,NA,NA,Y,NA,Y,Y,C,02,0,0,1,0,0,0,0,0,1,-,-,NA,NA,LOS ANGELES,LANCASTER,-118.12499237060548,34.69969177246094
9246711,2021,2021-04-15,1900,2021-03-15,1451,617242,1125,1,5,6,1992,0,0,0,NA,0,111T2,AVENUE J,LOWTREE AV,0,NA,Y,A,-,N,NA,NA,NA,NA,NA,NA,NA,NA,NA,Y,4,0,1,2,D,-,00,NA,NA,N,D,C,A,A,H,-,A,A,0,NA,NA,NA,NA,Y,NA,-,-,0,0,1,0,0,0,0,0,0,-,-,NA,NA,LOS ANGELES,LANCASTER,-118.15386962890624,34.689571380615234
9246712,2021,2021-04-15,1900,2021-03-11,1330,533418,2314,4,5,5,1919,0,0,0,NA,0,231M1,166TH ST,NORWALK BL,296,E,N,A,-,N,NA,NA,NA,NA,NA,NA,NA,NA,NA,Y,4,0,1,1,A,-,08,22107,NA,N,A,I,A,-,H,-,C,A,0,NA,NA,NA,NA,Y,NA,A,07,0,0,1,0,0,0,0,0,0,-,-,33.85969924926758,-118.06289672851564,LOS ANGELES,CERRITOS,-118.07176208496094,33.88043975830078
9246723,2021,2021-04-08,1900,2021-03-17,1226,627967,1126,3,5,6,1992,0,0,0,NA,0,111T4,17TH ST WEST,AVENUE K,236,S,N,A,-,N,NA,NA,NA,NA,NA,NA,NA,NA,NA,Y,4,0,1,2,A,-,09,21801,A,N,D,C,A,A,H,-,A,D,0,NA,NA,NA,NA,Y,NA,D,22,0,0,1,0,0,0,0,0,0,-,-,NA,NA,LOS ANGELES,LANCASTER,-118.16124725341795,34.67433166503906
9246739,2021,2021-04-08,1900,2021-03-05,2300,413834,2319,5,5,5,1919,0,0,0,NA,0,230T,VALLEY VIEW AV,PARK PL,78,N,N,A,-,N,NA,NA,NA,NA,NA,NA,NA,NA,NA,Y,4,0,1,2,A,-,03,22350,NA,N,-,C,A,A,H,-,D,A,0,NA,NA,NA,NA,Y,NA,A,01,0,0,1,0,0,0,0,0,0,-,-,NA,NA,LOS ANGELES,CERRITOS,-118.02894592285156,33.8786735534668
9246748,2021,2021-04-08,1910,2021-03-09,0848,03633,NA,2,5,4,1910,0,0,0,NA,0,004,BENEDICT CANYON DR,ROXBURY DR,0,NA,Y,A,-,N,NA,NA,NA,NA,NA,NA,NA,NA,NA,Y,3,0,2,2,A,-,09,21801,A,N,A,C,A,A,H,-,A,D,0,NA,NA,NA,NA,Y,NA,A,01,0,1,1,0,0,0,0,0,0,-,-,NA,NA,LOS ANGELES,BEVERLY HILLS,-118.42053985595705,34.08357620239258