CASE_ID,ACCIDENT_YEAR,PROC_DATE,JURIS,COLLISION_DATE,COLLISION_TIME,OFFICER_ID,REPORTING_DISTRICT,DAY_OF_WEEK,CHP_SHIFT,POPULATION,CNTY_CITY_LOC,SPECIAL_COND,BEAT_TYPE,CHP_BEAT_TYPE,CITY_DIVISION_LAPD,CHP_BEAT_CLASS,BEAT_NUMBER,PRIMARY_RD,SECONDARY_RD,DISTANCE,DIRECTION,INTERSECTION,WEATHER_1,WEATHER_2,STATE_HWY_IND,CALTRANS_COUNTY,CALTRANS_DISTRICT,STATE_ROUTE,ROUTE_SUFFIX,POSTMILE_PREFIX,POSTMILE,LOCATION_TYPE,RAMP_INTERSECTION,SIDE_OF_HWY,TOW_AWAY,COLLISION_SEVERITY,NUMBER_KILLED,NUMBER_INJURED,PARTY_COUNT,PRIMARY_COLL_FACTOR,PCF_CODE_OF_VIOL,PCF_VIOL_CATEGORY,PCF_VIOLATION,PCF_VIOL_SUBSECTION,HIT_AND_RUN,TYPE_OF_COLLISION,MVIW,PED_ACTION,ROAD_SURFACE,ROAD_COND_1,ROAD_COND_2,LIGHTING,CONTROL_DEVICE,CHP_ROAD_TYPE,PEDESTRIAN_ACCIDENT,BICYCLE_ACCIDENT,MOTORCYCLE_ACCIDENT,TRUCK_ACCIDENT,NOT_PRIVATE_PROPERTY,ALCOHOL_INVOLVED,STWD_VEHTYPE_AT_FAULT,CHP_VEHTYPE_AT_FAULT,COUNT_SEVERE_INJ,COUNT_VISIBLE_INJ,COUNT_COMPLAINT_PAIN,COUNT_PED_KILLED,COUNT_PED_INJURED,COUNT_BICYCLIST_KILLED,COUNT_BICYCLIST_INJURED,COUNT_MC_KILLED,COUNT_MC_INJURED,PRIMARY_RAMP,SECONDARY_RAMP,LATITUDE,LONGITUDE,COUNTY,CITY,POINT_X,POINT_Y
9249167,2021,2021-04-29,1900,2021-04-01,1024,526692,1414,4,5,1,1932,0,0,0,NA,0,141T2,HACIENDA BL,VALLEY BL,141,N,N,A,-,N,NA,NA,NA,NA,NA,NA,NA,NA,NA,N,2,0,1,2,A,-,08,22107,NA,N,B,C,A,A,H,-,A,D,0,NA,NA,NA,Y,Y,NA,G,25,1,0,0,0,0,0,0,0,0,-,-,34.02450942993164,-117.9580078125,LOS ANGELES,INDUSTRY,-117.9580307006836,34.02015686035156
9249172,2021,2021-04-29,1900,2021-02-07,2300,643411,1362,7,5,5,1952,0,0,0,NA,0,136AP,DOWNEY AV,GARDENDALE ST,0,NA,Y,A,-,N,NA,NA,NA,NA,NA,NA,NA,NA,NA,Y,3,0,2,2,A,-,12,21453,A,M,B,C,A,A,H,-,C,A,0,NA,NA,NA,NA,Y,NA,D,22,0,2,0,0,0,0,0,0,0,-,-,NA,NA,LOS ANGELES,PARAMOUNT,-118.15174865722656,33.91489028930664
9249176,2021,2021-04-26,1900,2021-03-01,1500,618671,1332,1,5,5,1908,0,0,0,NA,0,133T1,RT 19,ROSECRANS AV,0,NA,Y,A,-,N,NA,NA,19,NA,NA,NA,NA,NA,NA,Y,3,0,2,3,A,-,12,21453,A,N,D,C,A,A,H,-,A,A,0,NA,NA,NA,NA,Y,NA,A,07,0,1,1,0,0,0,0,0,0,-,-,33.903770446777344,-118.14286041259766,LOS ANGELES,BELLFLOWER,-118.14281463623048,33.903770446777344
9249177,2021,2021-04-29,1976,2021-03-22,0949,766,NA,1,5,3,1964,0,0,0,NA,0,NA,ROSECRANS AV,CARMENITA RD,22,E,N,A,-,N,NA,NA,NA,NA,NA,NA,NA,NA,NA,N,4,0,1,2,A,-,08,22107,NA,N,B,C,A,A,H,-,A,A,0,NA,NA,NA,Y,Y,NA,-,-,0,0,1,0,0,0,0,0,0,-,-,NA,NA,LOS ANGELES,SANTA FE SPRINGS,-118.04657745361328,33.90248107910156
9249187,2021,2021-05-06,1900,2021-04-09,1900,610211,0451,5,5,6,1949,0,0,0,NA,0,NA,IMPERIAL HWY,BENFIELD AV,0,E,N,A,-,N,NA,NA,NA,NA,NA,NA,NA,NA,NA,Y,3,0,1,2,A,-,03,22350,NA,N,C,C,A,A,H,-,A,D,0,NA,NA,NA,NA,Y,NA,D,22,0,1,0,0,0,0,0,0,0,-,-,NA,NA,LOS ANGELES,NORWALK,-118.09803771972656,33.9171028137207
9249188,2021,2021-04-27,1900,2021-03-15,1000,654688,1332,1,5,5,1908,0,0,0,NA,0,133T2,LAKEWOOD BL,SOMERSET BL,15,S,N,B,-,N,NA,NA,NA,NA,NA,NA,NA,NA,NA,Y,4,0,1,2,A,-,04,21703,NA,N,C,C,A,B,H,-,A,A,0,NA,NA,NA,NA,Y,NA,D,22,0,0,1,0,0,0,0,0,0,-,-,NA,NA,LOS ANGELES,BELLFLOWER,-118.14266204833984,33.896480560302734
9249235,2021,2021-04-29,1942,2021-04-08,2045,34561,1902,4,5,7,1942,0,0,0,NA,0,19A1,BLEDSOE ST,GLENOAKS BL,0,NA,Y,A,-,N,NA,NA,NA,NA,NA,NA,NA,NA,NA,Y,3,0,3,3,A,-,12,21453,A,N,D,C,A,A,G,-,C,A,0,NA,NA,NA,NA,Y,NA,D,22,0,1,2,0,0,0,0,0,0,-,-,NA,NA,LOS ANGELES,LOS ANGELES,-118.4566650390625,34.312984466552734
9249251,2021,2021-04-28,1941,2021-02-18,2006,10244,NA,4,5,7,1941,0,0,0,NA,0,NA,OCEAN BL,PIER S AV,0,NA,Y,A,-,N,NA,NA,NA,NA,NA,NA,NA,NA,NA,Y,4,0,1,1,A,-,03,22350,NA,N,F,I,A,A,H,-,C,A,0,NA,NA,NA,Y,Y,NA,G,NA,0,0,1,0,0,0,0,0,0,-,-,NA,NA,LOS ANGELES,LONG BEACH,-118.18946838378906,33.76681137084961
9249255,2021,2021-04-29,1941,2021-03-29,1406,5808,NA,1,5,7,1941,0,0,0,NA,0,NA,HARBOR SCENIC DR,S HARBOR PLZ,1320,S,N,A,-,N,NA,NA,NA,NA,NA,NA,NA,NA,NA,Y,4,0,1,2,A,-,08,22100,5,N,D,C,A,A,H,-,A,A,0,NA,NA,NA,Y,Y,NA,G,NA,0,0,1,0,0,0,0,0,0,-,-,NA,NA,LOS ANGELES,LONG BEACH,-118.19243621826172,33.75045394897461
9249271,2021,2021-05-04,1942,2021-04-12,2130,37304,2159,1,5,7,1942,0,0,0,NA,0,21A29,CORBIN AV,HAMLIN ST,65,S,N,A,-,N,NA,NA,NA,NA,NA,NA,NA,NA,NA,Y,3,0,1,2,A,-,01,23152,A,N,B,E,A,A,H,-,C,D,0,NA,NA,NA,NA,Y,Y,A,01,0,1,0,0,0,0,0,0,0,-,-,NA,NA,LOS ANGELES,LOS ANGELES,-118.5622100830078,34.188682556152344
9249275,2021,2021-05-04,1942,2021-04-10,1900,32774,1661,6,5,7,1942,0,0,0,P,0,16A77,TONOPAH ST,LAUREL CANYON BL,134,W,N,A,-,N,NA,NA,NA,NA,NA,NA,NA,NA,NA,N,3,0,1,2,A,-,05,21650,1,N,H,G,A,A,H,-,B,D,0,NA,Y,NA,NA,Y,NA,L,04,0,1,0,0,0,0,1,0,0,-,-,NA,NA,LOS ANGELES,LOS ANGELES,-118.40802001953124,34.23545837402344
9249281,2021,2021-04-23,1942,2021-03-28,1610,42768,1918,7,5,7,1942,0,0,0,NA,0,19A7,FOOTHILL BL,HUBBARD ST,60,N,N,A,-,N,NA,NA,NA,NA,NA,NA,NA,NA,NA,N,4,0,2,2,A,-,08,22107,NA,F,B,C,A,A,H,-,A,D,0,NA,NA,NA,NA,Y,NA,-,99,0,0,2,0,0,0,0,0,0,-,-,NA,NA,LOS ANGELES,LOS ANGELES,-118.43042755126952,34.307559967041016
9249285,2021,2021-04-21,1942,2021-03-29,0700,38191,1935,1,5,7,1942,0,0,0,NA,0,19A43,SOUTH BRAND BL,SHARP AV,366,W,N,A,-,N,NA,NA,NA,NA,NA,NA,NA,NA,NA,Y,2,0,1,1,A,-,08,22107,NA,N,E,I,A,A,H,-,A,D,0,NA,NA,NA,NA,Y,NA,A,01,1,0,0,0,0,0,0,0,0,-,-,NA,NA,LOS ANGELES,LOS ANGELES,-118.45433044433594,34.27177047729492
9249289,2021,2021-04-21,1942,2021-03-28,1815,42768,1935,7,5,7,1942,0,0,0,NA,0,19A43,SOUTH BRAND BL,COLUMBUS AV,0,NA,Y,A,-,N,NA,NA,NA,NA,NA,NA,NA,NA,NA,N,3,0,1,2,A,-,10,21950,A,F,G,B,B,A,H,-,A,D,0,Y,NA,NA,NA,Y,NA,-,99,0,1,0,0,1,0,0,0,0,-,-,NA,NA,LOS ANGELES,LOS ANGELES,-118.46314239501952,34.271488189697266
9249293,2021,2021-04-23,1942,2021-03-28,1410,37676,1045,7,5,7,1942,0,0,0,J,0,26M57,BURBANK BL,LINDLEY AV,0,NA,Y,A,-,N,NA,NA,NA,NA,NA,NA,NA,NA,NA,Y,3,0,2,2,A,-,01,23152,F,N,D,C,A,A,H,-,A,A,0,NA,NA,NA,NA,Y,NA,A,07,0,1,1,0,0,0,0,0,0,-,-,NA,NA,LOS ANGELES,LOS ANGELES,-118.52728271484376,34.1722526550293
9249297,2021,2021-04-23,1942,2021-03-27,2140,43822,1994,6,5,7,1942,0,0,0,NA,0,19A93,LANARK ST,WILLIS AV,0,NA,Y,A,-,N,NA,NA,NA,NA,NA,NA,NA,NA,NA,N,4,0,1,2,A,-,12,22450,A,F,D,C,A,A,H,-,C,A,0,NA,NA,NA,NA,Y,NA,-,99,0,0,1,0,0,0,0,0,0,-,-,NA,NA,LOS ANGELES,LOS ANGELES,-118.4552993774414,34.21791076660156
9249301,2021,2021-04-21,1942,2021-03-28,1620,40291,0994,7,5,7,1942,0,0,0,I,0,9A89,BEVERLY GLEN BL,BEVERLY RIDGE DR,0,NA,Y,A,-,N,NA,NA,NA,NA,NA,NA,NA,NA,NA,N,4,0,2,2,A,-,09,21801,A,F,D,C,A,A,H,-,A,D,0,NA,NA,NA,NA,Y,NA,-,99,0,0,2,0,0,0,0,0,0,-,-,NA,NA,LOS ANGELES,LOS ANGELES,-118.44859313964844,34.134220123291016
9249309,2021,2021-04-23,1942,2021-03-31,0840,39048,1964,3,5,7,1942,0,0,0,NA,0,19A85,NORDHOFF ST,CEDROS AV,0,NA,Y,A,-,N,NA,NA,NA,NA,NA,NA,NA,NA,NA,Y,2,0,3,3,A,-,09,21801,A,N,D,C,A,A,H,-,A,A,0,NA,NA,NA,NA,Y,NA,A,01,1,0,2,0,0,0,0,0,0,-,-,NA,NA,LOS ANGELES,LOS ANGELES,-118.45355224609376,34.235443115234375
9249313,2021,2021-04-21,1942,2021-03-24,0010,43203,VANNU,3,5,7,1942,0,0,0,NA,0,9XL55,HATTERAS ST,WOODMAN AV,0,NA,Y,A,-,N,NA,NA,NA,NA,NA,NA,NA,NA,NA,N,4,0,1,2,A,-,03,22350,NA,F,G,G,A,A,H,-,C,D,0,NA,Y,NA,NA,Y,NA,-,99,0,0,1,0,0,0,1,0,0,-,-,NA,NA,LOS ANGELES,LOS ANGELES,-118.43123626708984,34.17572784423828
9249317,2021,2021-04-23,1942,2021-03-26,2310,33504,1526,5,5,7,1942,0,0,0,O,0,15A39,LANKERSHIM BL,OXNARD ST,0,NA,Y,A,-,N,NA,NA,NA,NA,NA,NA,NA,NA,NA,N,3,0,1,2,A,-,11,21456,B,F,G,B,B,A,H,-,C,A,0,Y,NA,NA,NA,Y,Y,N,60,0,1,0,0,1,0,0,0,0,-,-,NA,NA,LOS ANGELES,LOS ANGELES,-118.38340759277344,34.17941665649414
9249321,2021,2021-04-29,1942,2021-03-26,2120,38119,1503,5,5,7,1942,0,0,0,O,0,15U1,LAUREL CANYON BL,KITTRIDGE ST,0,NA,Y,A,-,N,NA,NA,NA,NA,NA,NA,NA,NA,NA,N,4,0,1,2,A,-,08,22107,NA,F,-,C,A,A,H,-,C,A,0,NA,NA,NA,NA,Y,NA,-,99,0,0,1,0,0,0,0,0,0,-,-,NA,NA,LOS ANGELES,LOS ANGELES,-118.39652252197266,34.1903076171875
9249325,2021,2021-04-23,1942,2021-03-22,0030,43419,NA,1,5,7,1942,0,0,0,NA,0,NA,MULLHOLLAND DR,AVENUE SAN LUIS,0,NA,Y,A,-,N,NA,NA,NA,NA,NA,NA,NA,NA,NA,Y,4,0,1,2,A,-,09,21801,A,F,D,C,A,A,H,-,C,A,0,NA,NA,NA,NA,Y,NA,-,99,0,0,1,0,0,0,0,0,0,-,-,NA,NA,LOS ANGELES,LOS ANGELES,-118.6364288330078,34.15869903564453
9249350,2021,2021-04-21,1942,2021-03-30,1515,38326,1514,2,5,7,1942,0,0,0,O,0,15A3,LAUREL CANYON BL,ARCHWOOD ST,305,S,N,A,-,N,NA,NA,NA,NA,NA,NA,NA,NA,NA,N,2,0,1,2,A,-,09,21801,A,N,C,C,A,A,H,-,A,D,0,NA,NA,Y,NA,Y,NA,A,01,1,0,0,0,0,0,0,0,1,-,-,NA,NA,LOS ANGELES,LOS ANGELES,-118.3965072631836,34.1912727355957
9249358,2021,2021-04-23,1942,2021-03-30,1230,38326,1663,2,5,7,1942,0,0,0,P,0,16A77,ALLEGHENY ST,TELFAIR AV,50,E,N,A,-,N,NA,NA,NA,NA,NA,NA,NA,NA,NA,N,2,0,2,2,A,-,05,21650,NA,N,A,C,A,A,H,-,A,D,0,NA,NA,NA,NA,Y,NA,A,01,1,0,1,0,0,0,0,0,0,-,-,NA,NA,LOS ANGELES,LOS ANGELES,-118.39569091796876,34.235321044921875
9249821,2021,2021-04-21,1941,2021-01-31,1726,10363,NA,7,5,7,1941,0,0,0,NA,0,NA,DEL AMO BL,DAISY AV,0,NA,Y,A,-,N,NA,NA,NA,NA,NA,NA,NA,NA,NA,Y,2,0,1,2,A,-,09,21801,A,N,D,C,A,A,H,-,B,A,0,NA,NA,Y,NA,Y,NA,A,NA,1,0,0,0,0,0,0,0,1,-,-,NA,NA,LOS ANGELES,LONG BEACH,-118.19918823242188,33.846588134765625
9249822,2021,2021-04-26,1941,2021-01-30,2117,11600,NA,6,5,7,1941,0,0,0,NA,0,NA,PACIFIC AV,10TH ST,0,NA,N,A,-,N,NA,NA,NA,NA,NA,NA,NA,NA,NA,N,4,0,1,2,A,-,04,21703,NA,N,C,C,A,A,H,-,C,A,0,NA,NA,NA,NA,Y,NA,A,NA,0,0,1,0,0,0,0,0,0,-,-,NA,NA,LOS ANGELES,LONG BEACH,-118.1937255859375,33.77898025512695
9249823,2021,2021-04-29,1900,2021-01-21,1850,646988,1351,4,5,3,1927,0,0,0,NA,0,135B,221ST ST,VIOLETA AV,0,NA,Y,A,-,N,NA,NA,NA,NA,NA,NA,NA,NA,NA,N,4,0,1,3,A,-,12,22450,A,N,D,G,A,-,H,-,A,A,0,NA,Y,NA,NA,Y,NA,L,04,0,0,1,0,0,0,1,0,0,-,-,NA,NA,LOS ANGELES,HAWAIIAN GARDENS,-118.07931518554688,33.827606201171875
9249824,2021,2021-04-26,1900,2021-01-16,1624,641161,1333,6,5,5,1908,0,0,0,NA,0,133T1,WOODRUFF AV,ALONDRA BL,75,S,N,A,-,N,NA,NA,NA,NA,NA,NA,NA,NA,NA,N,4,0,1,2,A,-,08,22107,NA,N,B,C,A,A,H,-,A,D,0,NA,NA,NA,NA,Y,NA,-,-,0,0,1,0,0,0,0,0,0,-,-,33.88936996459961,-118.11734771728516,LOS ANGELES,BELLFLOWER,-118.1173858642578,33.88915252685547
9249842,2021,2021-04-22,1941,2021-02-07,0129,11244,NA,7,5,7,1941,0,0,0,NA,0,NA,10TH ST,MARTIN LUTHER KING JR AV,0,NA,Y,E,F,N,NA,NA,NA,NA,NA,NA,NA,NA,NA,N,2,0,1,2,A,-,11,21956,A,N,G,B,E,A,H,-,C,A,0,Y,NA,NA,NA,Y,NA,N,NA,1,0,0,0,1,0,0,0,0,-,-,NA,NA,LOS ANGELES,LONG BEACH,-118.18070220947266,33.77898025512695
9249844,2021,2021-04-26,1941,2021-02-28,0018,10559,NA,7,5,7,1941,0,0,0,NA,0,NA,ATLANTIC AV,60TH ST,0,NA,Y,A,-,N,NA,NA,NA,NA,NA,NA,NA,NA,NA,Y,2,0,1,2,A,-,01,23152,A,N,H,B,B,A,A,-,C,A,0,Y,NA,NA,NA,Y,Y,A,NA,1,0,0,0,1,0,0,0,0,-,-,NA,NA,LOS ANGELES,LONG BEACH,-118.18507385253906,33.863704681396484
9249845,2021,2021-04-22,1941,2021-02-22,1941,5497,NA,1,5,7,1941,0,0,0,NA,0,NA,WOODRUFF,HARCO,0,N,N,A,-,N,NA,NA,NA,NA,NA,NA,NA,NA,NA,N,4,0,2,2,A,-,03,22350,NA,N,C,C,A,A,H,-,C,A,0,NA,NA,NA,NA,Y,NA,A,NA,0,0,2,0,0,0,0,0,0,-,-,NA,NA,LOS ANGELES,LONG BEACH,-118.11659240722656,33.82764434814453
9249846,2021,2021-05-06,1941,2021-02-16,0222,11228,NA,2,5,7,1941,0,0,0,NA,0,NA,DEL AMO BL,VIRGINIA AV,142,W,N,B,-,N,NA,NA,NA,NA,NA,NA,NA,NA,NA,Y,3,0,2,2,-,-,-,NA,NA,N,D,-,A,A,-,-,C,D,0,NA,NA,NA,NA,Y,NA,A,NA,0,1,1,0,0,0,0,0,0,-,-,NA,NA,LOS ANGELES,LONG BEACH,-118.1974639892578,33.846588134765625
9249852,2021,2021-04-22,1900,2021-02-27,1030,610427,1368,6,5,5,1952,0,0,0,NA,0,136B,2ND ST,PARAMOUNT BL,0,NA,Y,A,-,N,NA,NA,NA,NA,NA,NA,NA,NA,NA,N,3,0,1,2,A,-,10,21950,A,M,G,B,D,A,H,-,A,D,0,Y,NA,NA,NA,Y,NA,A,01,0,1,0,0,1,0,0,0,0,-,-,NA,NA,LOS ANGELES,PARAMOUNT,-118.16022491455078,33.898231506347656
9249853,2021,2021-04-22,1900,2021-02-27,0120,615096,1326,6,5,5,1935,0,0,0,NA,0,132T1,WOODRUFF AV,SOUTH ST,910,S,N,A,-,N,NA,NA,NA,NA,NA,NA,NA,NA,NA,Y,4,0,1,1,A,-,08,22107,NA,N,A,I,A,A,H,-,C,D,0,NA,NA,NA,NA,Y,NA,A,01,0,0,1,0,0,0,0,0,0,-,-,NA,NA,LOS ANGELES,LAKEWOOD,-118.11682891845705,33.85588836669922
9249854,2021,2021-04-22,1900,2021-02-02,1311,602978,1335,2,5,5,1908,0,0,0,NA,0,133B,MAPLE ST,WOODRUFF AV,30,W,N,A,-,N,NA,NA,NA,NA,NA,NA,NA,NA,NA,Y,4,0,1,1,A,-,08,22107,NA,N,F,I,A,A,H,-,A,B,0,NA,NA,NA,NA,Y,NA,A,01,0,0,1,0,0,0,0,0,0,-,-,NA,NA,LOS ANGELES,BELLFLOWER,-118.11741638183594,33.88121795654297
9249855,2021,2021-04-22,1900,2021-02-12,1600,641161,1331,5,5,5,1908,0,0,0,NA,0,133T1,FOSTER AV,CLARK AV,120,E,N,A,-,N,NA,NA,NA,NA,NA,NA,NA,NA,NA,Y,4,0,1,3,A,-,08,22107,NA,N,B,C,A,A,H,-,A,D,0,NA,NA,NA,NA,Y,NA,A,01,0,0,1,0,0,0,0,0,0,-,-,33.90974044799805,-118.13410186767578,LOS ANGELES,BELLFLOWER,-118.13373565673828,33.90972900390625
9249856,2021,2021-04-22,1900,2021-02-22,1513,626678,1322,1,5,5,1935,0,0,0,NA,0,132DD,SOUTH ST,LAKEWOOD BL,50,E,N,A,-,N,NA,NA,NA,NA,NA,NA,NA,NA,NA,Y,4,0,1,1,A,-,08,22107,NA,N,A,I,A,A,H,-,A,D,0,NA,NA,NA,NA,Y,NA,A,07,0,0,1,0,0,0,0,0,0,-,-,NA,NA,LOS ANGELES,LAKEWOOD,-118.14225769042967,33.86024856567383
9249857,2021,2021-04-22,1900,2021-02-19,1420,629510,1337,5,5,5,1908,0,0,0,NA,0,133T1,WOODRUFF AV,SOMERSET BL,0,NA,Y,A,-,N,NA,NA,NA,NA,NA,NA,NA,NA,NA,Y,3,0,1,3,A,-,12,21453,A,N,D,C,A,A,H,-,A,A,0,NA,NA,NA,NA,Y,NA,A,01,0,1,0,0,0,0,0,0,0,-,-,NA,NA,LOS ANGELES,BELLFLOWER,-118.11660003662108,33.896636962890625
9249858,2021,2021-04-22,1900,2021-02-27,0414,635319,1453,6,5,2,1999,0,0,0,NA,0,147,HARBOR BL,FULLERTON RD,633,S,N,A,-,N,NA,NA,NA,NA,NA,NA,NA,NA,NA,Y,2,0,1,1,A,-,07,21658,A,N,E,I,A,A,H,-,C,A,0,NA,NA,NA,NA,Y,NA,A,01,1,0,0,0,0,0,0,0,0,-,-,33.95233917236328,-117.92594909667967,LOS ANGELES,LA HABRA HEIGHTS,-117.92601013183594,33.95240020751953
9249868,2021,2021-04-22,1922,2021-02-25,1430,693,NA,4,5,6,1922,0,0,0,NA,0,002,PECK RD,FOREST GROVE,0,NA,Y,A,-,N,NA,NA,NA,NA,NA,NA,NA,NA,NA,N,3,0,1,2,A,-,09,21801,B,F,D,C,A,A,H,-,A,A,0,NA,NA,NA,NA,Y,Y,A,01,0,1,0,0,0,0,0,0,0,-,-,34.076171875,-118.02133178710938,LOS ANGELES,EL MONTE,-118.02195739746094,34.07598114013672
9249872,2021,2021-04-22,1955,2021-02-20,1549,42415,94,6,5,6,1955,0,0,0,NA,0,004,TOWNE AV,GRAND AV,0,NA,Y,A,-,N,NA,NA,NA,NA,NA,NA,NA,NA,NA,Y,3,0,2,3,A,-,09,21801,A,N,D,C,A,A,H,-,A,A,0,NA,NA,NA,NA,Y,NA,A,01,0,2,0,0,0,0,0,0,0,-,-,NA,NA,LOS ANGELES,POMONA,-117.74105834960938,34.04805374145508
9249898,2021,2021-04-28,1955,2021-03-15,1800,42305,86,1,5,6,1955,0,0,0,NA,0,004,SAN ANTONIO AV,FRANKLIN AV,0,NA,Y,B,-,N,NA,NA,NA,NA,NA,NA,NA,NA,NA,NA,4,0,1,2,A,-,03,22350,NA,F,C,C,A,B,H,-,A,A,0,NA,NA,NA,NA,Y,NA,A,01,0,0,1,0,0,0,0,0,0,-,-,NA,NA,LOS ANGELES,POMONA,-117.73642730712892,34.040889739990234
9249901,2021,2021-04-23,1941,2021-03-28,1149,10913,NA,7,5,7,1941,0,0,0,NA,0,NA,OCEAN BL,MAGNOLIA AV,0,NA,Y,B,-,N,NA,NA,NA,NA,NA,NA,NA,NA,NA,N,2,0,1,2,A,-,09,21801,A,N,G,G,A,A,H,-,A,A,0,NA,Y,NA,NA,Y,NA,D,NA,1,0,0,0,0,0,1,0,0,-,-,NA,NA,LOS ANGELES,LONG BEACH,-118.19807434082033,33.76738739013672
9249902,2021,2021-04-23,1942,2021-03-30,0305,44157,1049,2,5,7,1942,0,0,0,J,0,10A17,WOODLEY AV,BURBANK AV,40,N,N,E,-,N,NA,NA,NA,NA,NA,NA,NA,NA,NA,Y,3,0,1,2,A,-,03,22350,NA,N,C,E,A,A,H,-,D,D,0,NA,NA,NA,NA,Y,NA,A,01,0,1,0,0,0,0,0,0,0,-,-,NA,NA,LOS ANGELES,LOS ANGELES,-118.47581481933594,34.17181396484375
9249926,2021,2021-04-22,1941,2021-03-27,1715,11230,901T,6,5,7,1941,0,0,0,NA,0,NA,LONG BEACH BL,LONG BEACH BL 3734,0,NA,Y,-,-,N,NA,NA,NA,NA,NA,NA,NA,NA,NA,Y,4,0,2,2,A,-,03,22350,NA,N,C,C,A,A,H,-,A,D,0,NA,NA,NA,NA,Y,NA,A,NA,0,0,2,0,0,0,0,0,0,-,-,NA,NA,LOS ANGELES,LONG BEACH,-118.19387817382813,33.8468132019043
9249927,2021,2021-04-22,1941,2021-03-31,1934,10140,NA,3,5,7,1941,0,0,0,NA,0,NA,SOUTH ST,CHERRY AV,0,NA,Y,A,-,N,NA,NA,NA,NA,NA,NA,NA,NA,NA,N,4,0,1,2,-,-,-,NA,NA,N,E,B,B,A,H,-,C,A,0,Y,NA,NA,NA,Y,NA,-,-,0,0,1,0,1,0,0,0,0,-,-,NA,NA,LOS ANGELES,LONG BEACH,-118.16855621337892,33.86014938354492
9249928,2021,2021-04-22,1941,2021-03-31,1527,6179,901T,3,5,7,1941,0,0,0,NA,0,NA,CHERRY AV,17TH ST,4,S,N,A,-,N,NA,NA,NA,NA,NA,NA,NA,NA,NA,Y,4,0,3,3,A,-,03,22350,NA,N,C,C,A,A,H,-,A,D,0,NA,NA,NA,NA,Y,NA,A,NA,0,0,3,0,0,0,0,0,0,-,-,NA,NA,LOS ANGELES,LONG BEACH,-118.16767120361328,33.788028717041016
9249929,2021,2021-04-22,1941,2021-03-31,1943,10877,NA,3,5,7,1941,0,0,0,NA,0,NA,HUNGERFORD PL,JOHN AV,0,NA,Y,A,-,N,NA,NA,NA,NA,NA,NA,NA,NA,NA,N,3,0,1,2,A,-,12,22450,A,N,D,G,A,A,H,-,C,D,0,NA,Y,NA,NA,Y,NA,L,NA,0,1,0,0,0,0,1,0,0,-,-,NA,NA,LOS ANGELES,LONG BEACH,-118.17250061035156,33.862831115722656
9249930,2021,2021-04-22,1941,2021-03-31,1639,10923,NA,3,5,7,1941,0,0,0,NA,0,NA,ATLANTIC AV,16TH ST,0,NA,Y,A,-,N,NA,NA,NA,NA,NA,NA,NA,NA,NA,Y,4,0,2,2,-,-,-,NA,NA,N,D,C,A,A,H,-,A,A,0,NA,NA,NA,NA,Y,NA,-,-,0,0,2,0,0,0,0,0,0,-,-,NA,NA,LOS ANGELES,LONG BEACH,-118.18502807617188,33.787132263183594
9249931,2021,2021-04-22,1941,2021-03-24,1232,10911,NA,3,5,7,1941,0,0,0,NA,0,NA,ELM AV,3RD ST,120,N,N,A,-,N,NA,NA,NA,NA,NA,NA,NA,NA,NA,N,4,0,1,2,A,-,06,21750,NA,N,B,C,A,A,H,-,A,D,0,NA,NA,NA,NA,Y,NA,A,NA,0,0,1,0,0,0,0,0,0,-,-,NA,NA,LOS ANGELES,LONG BEACH,-118.18766021728516,33.77083969116211
9249932,2021,2021-04-23,1941,2021-03-22,1636,10836,NA,1,5,7,1941,0,0,0,NA,0,NA,LONG BEACH BL,55TH ST,0,NA,Y,A,-,N,NA,NA,NA,NA,NA,NA,NA,NA,NA,Y,4,0,1,3,A,-,03,22350,NA,N,C,C,A,A,H,-,A,A,0,NA,NA,NA,NA,Y,NA,A,NA,0,0,1,0,0,0,0,0,0,-,-,NA,NA,LOS ANGELES,LONG BEACH,-118.19719696044922,33.85592269897461
9249933,2021,2021-04-23,1941,2021-03-11,0900,6117,NA,4,5,7,1941,0,0,0,NA,0,NA,E MARKET ST,ROSE AV,10,W,N,B,-,N,NA,NA,NA,NA,NA,NA,NA,NA,NA,Y,3,0,2,1,A,-,08,22107,NA,N,E,I,A,A,H,-,A,A,0,NA,NA,NA,NA,Y,NA,A,NA,0,1,1,0,0,0,0,0,0,-,-,NA,NA,LOS ANGELES,LONG BEACH,-118.17050933837892,33.85438919067383
9249934,2021,2021-04-23,1941,2021-03-04,1117,6179,NA,4,5,7,1941,0,0,0,NA,0,NA,ATLANTIC AV,7TH ST,0,NA,Y,A,-,N,NA,NA,NA,NA,NA,NA,NA,NA,NA,N,4,0,1,2,A,-,17,21200,A,N,D,G,A,A,H,-,A,A,0,NA,Y,NA,NA,Y,NA,L,04,0,0,1,0,0,0,1,0,0,-,-,NA,NA,LOS ANGELES,LONG BEACH,-118.18505096435548,33.77534484863281
9249935,2021,2021-04-23,1941,2021-03-13,0431,11273,901T,6,5,7,1941,0,0,0,NA,0,NA,GRAND AV,WILLOW ST,40,NA,N,A,-,N,NA,NA,NA,NA,NA,NA,NA,NA,NA,N,3,0,1,2,A,-,03,22350,NA,N,C,G,A,A,-,-,C,D,0,NA,Y,NA,NA,Y,NA,L,04,0,1,0,0,0,0,1,0,0,-,-,NA,NA,LOS ANGELES,LONG BEACH,-118.14794158935548,33.80400848388672
9249936,2021,2021-04-23,1941,2021-03-15,1615,11381,NA,1,5,7,1941,0,0,0,NA,0,NA,LONG BEACH BL,51ST ST,0,NA,Y,A,G,N,NA,NA,NA,NA,NA,NA,NA,NA,NA,Y,3,0,1,2,A,-,03,22350,NA,N,-,C,A,A,H,-,A,A,0,NA,NA,NA,NA,Y,NA,A,NA,0,1,0,0,0,0,0,0,0,-,-,NA,NA,LOS ANGELES,LONG BEACH,-118.1946029663086,33.84880065917969
9249937,2021,2021-04-23,1941,2021-03-16,1832,11097,NA,2,5,7,1941,0,0,0,NA,0,NA,MARKET ST,CHERRY AV,0,NA,Y,A,-,N,NA,NA,NA,NA,NA,NA,NA,NA,NA,N,4,0,1,2,A,-,03,22350,NA,N,C,C,A,A,H,-,A,A,0,NA,NA,NA,NA,Y,NA,A,NA,0,0,1,0,0,0,0,0,0,-,-,NA,NA,LOS ANGELES,LONG BEACH,-118.16776275634766,33.854408264160156