CASE_ID,ACCIDENT_YEAR,PROC_DATE,JURIS,COLLISION_DATE,COLLISION_TIME,OFFICER_ID,REPORTING_DISTRICT,DAY_OF_WEEK,CHP_SHIFT,POPULATION,CNTY_CITY_LOC,SPECIAL_COND,BEAT_TYPE,CHP_BEAT_TYPE,CITY_DIVISION_LAPD,CHP_BEAT_CLASS,BEAT_NUMBER,PRIMARY_RD,SECONDARY_RD,DISTANCE,DIRECTION,INTERSECTION,WEATHER_1,WEATHER_2,STATE_HWY_IND,CALTRANS_COUNTY,CALTRANS_DISTRICT,STATE_ROUTE,ROUTE_SUFFIX,POSTMILE_PREFIX,POSTMILE,LOCATION_TYPE,RAMP_INTERSECTION,SIDE_OF_HWY,TOW_AWAY,COLLISION_SEVERITY,NUMBER_KILLED,NUMBER_INJURED,PARTY_COUNT,PRIMARY_COLL_FACTOR,PCF_CODE_OF_VIOL,PCF_VIOL_CATEGORY,PCF_VIOLATION,PCF_VIOL_SUBSECTION,HIT_AND_RUN,TYPE_OF_COLLISION,MVIW,PED_ACTION,ROAD_SURFACE,ROAD_COND_1,ROAD_COND_2,LIGHTING,CONTROL_DEVICE,CHP_ROAD_TYPE,PEDESTRIAN_ACCIDENT,BICYCLE_ACCIDENT,MOTORCYCLE_ACCIDENT,TRUCK_ACCIDENT,NOT_PRIVATE_PROPERTY,ALCOHOL_INVOLVED,STWD_VEHTYPE_AT_FAULT,CHP_VEHTYPE_AT_FAULT,COUNT_SEVERE_INJ,COUNT_VISIBLE_INJ,COUNT_COMPLAINT_PAIN,COUNT_PED_KILLED,COUNT_PED_INJURED,COUNT_BICYCLIST_KILLED,COUNT_BICYCLIST_INJURED,COUNT_MC_KILLED,COUNT_MC_INJURED,PRIMARY_RAMP,SECONDARY_RAMP,LATITUDE,LONGITUDE,COUNTY,CITY,POINT_X,POINT_Y
9250150,2021,2021-05-04,1942,2021-04-08,2015,59071,765,4,5,7,1942,0,0,0,NA,0,26TL52,TAMPA AV,MERRIDY ST,150,N,N,A,-,N,NA,NA,NA,NA,NA,NA,NA,NA,NA,Y,4,0,2,2,A,-,01,23152,A,N,C,C,A,A,H,-,C,A,0,NA,NA,NA,NA,Y,Y,-,NA,0,0,2,0,0,0,0,0,0,-,-,NA,NA,LOS ANGELES,LOS ANGELES,-118.55357360839844,34.252540588378906
9250151,2021,2021-05-04,1942,2021-04-07,1154,41514,1028,3,5,7,1942,0,0,0,J,0,10A17,VICTORY BL,BALBOA BL,0,NA,Y,A,-,N,NA,NA,NA,NA,NA,NA,NA,NA,NA,N,4,0,1,2,A,-,04,21703,NA,N,C,C,A,A,H,-,A,A,0,NA,NA,NA,NA,Y,NA,A,01,0,0,1,0,0,0,0,0,0,-,-,NA,NA,LOS ANGELES,LOS ANGELES,-118.5010986328125,34.18662643432617
9250152,2021,2021-05-04,1942,2021-04-02,1145,40165,17231,5,5,7,1942,0,0,0,Q,0,7A23,DEVONSHIRE ST,DE SOTO AV,300,W,N,A,-,N,NA,NA,NA,NA,NA,NA,NA,NA,NA,N,2,0,1,2,A,-,09,21801,A,N,D,G,A,A,H,-,A,D,0,NA,Y,NA,NA,Y,NA,A,01,1,0,0,0,0,0,1,0,0,-,-,NA,NA,LOS ANGELES,LOS ANGELES,-118.58956909179688,34.25725173950195
9250153,2021,2021-05-04,1942,2021-04-01,1510,41274,0915,4,5,7,1942,0,0,0,I,0,9A19,VANOWEN ST,HAZELTINE AV,0,NA,Y,A,-,N,NA,NA,NA,NA,NA,NA,NA,NA,NA,Y,2,0,2,2,A,-,09,21801,A,N,D,C,A,A,H,-,A,A,0,NA,NA,NA,NA,Y,NA,A,07,1,0,1,0,0,0,0,0,0,-,-,NA,NA,LOS ANGELES,LOS ANGELES,-118.43997955322266,34.19394302368164
9250154,2021,2021-05-04,1942,2021-04-07,1600,39217,2183,3,5,7,1942,0,0,0,NA,0,21A73,AVENUE SAN LUIS,DUNMAN AV,545,W,N,A,-,N,NA,NA,NA,NA,NA,NA,NA,NA,NA,N,4,0,1,2,A,-,21,22106,NA,F,G,B,E,A,H,-,A,D,0,Y,NA,NA,NA,Y,NA,-,99,0,0,1,0,1,0,0,0,0,-,-,NA,NA,LOS ANGELES,LOS ANGELES,-118.63015747070313,34.16184997558594
9250155,2021,2021-05-04,1942,2021-04-06,2135,40972,1566,2,5,7,1942,0,0,0,O,0,15A67,MOORPARK ST,VINELAND AV,100,W,N,A,-,N,NA,NA,NA,NA,NA,NA,NA,NA,NA,N,3,0,1,2,A,-,08,22107,NA,F,C,G,A,A,H,-,C,A,0,NA,Y,NA,NA,Y,NA,-,99,0,1,0,0,0,0,1,0,0,-,-,NA,NA,LOS ANGELES,LOS ANGELES,-118.37069702148438,34.15037155151367
9250156,2021,2021-05-04,1942,2021-04-06,1540,37686,0941,2,5,7,1942,0,0,0,I,0,26M45,SEPULVEDA BL,OXNARD ST,200,N,N,A,-,N,NA,NA,NA,NA,NA,NA,NA,NA,NA,N,3,0,1,2,A,-,08,22107,NA,F,G,B,E,A,H,-,A,D,0,Y,NA,NA,NA,Y,NA,-,99,0,1,0,0,1,0,0,0,0,-,-,NA,NA,LOS ANGELES,LOS ANGELES,-118.46617126464844,34.1799201965332
9250157,2021,2021-05-04,1942,2021-04-05,1820,41198,15391,1,5,7,1942,0,0,0,O,0,5A39,BURBANK BL,VINELAND AV,0,NA,Y,A,-,N,NA,NA,NA,NA,NA,NA,NA,NA,NA,Y,4,0,2,3,A,-,12,21453,A,F,D,C,A,A,H,-,A,A,0,NA,NA,NA,NA,Y,NA,-,99,0,0,2,0,0,0,0,0,0,-,-,NA,NA,LOS ANGELES,LOS ANGELES,-118.37030029296876,34.17216110229492
9250158,2021,2021-05-04,1942,2021-04-03,1345,42768,0926,6,5,7,1942,0,0,0,I,0,9A19,VANOWEN ST,HAZELTINE AV,60,NA,N,A,-,N,NA,NA,NA,NA,NA,NA,NA,NA,NA,N,4,0,1,2,A,-,03,22350,NA,F,C,C,A,A,H,-,A,D,0,NA,NA,NA,NA,Y,NA,-,99,0,0,1,0,0,0,0,0,0,-,-,NA,NA,LOS ANGELES,LOS ANGELES,-118.43997955322266,34.19394302368164
9250159,2021,2021-05-04,1942,2021-04-03,1020,33947,1657,6,5,7,1942,0,0,0,P,0,16A59,COMMERCE AV,GREELEY ST,150,N,N,A,-,N,NA,NA,NA,NA,NA,NA,NA,NA,NA,N,4,0,1,2,A,-,09,21802,A,F,D,C,A,A,H,-,A,A,0,NA,NA,NA,NA,Y,NA,-,99,0,0,1,0,0,0,0,0,0,-,-,NA,NA,LOS ANGELES,LOS ANGELES,-118.28863525390624,34.2495002746582
9250160,2021,2021-05-04,1942,2021-04-03,1430,41514,15141,6,5,7,1942,0,0,0,O,0,5A3,LAUREL CANYON BL,ARCHWOOD ST,200,S,N,A,-,N,NA,NA,NA,NA,NA,NA,NA,NA,NA,N,2,0,1,2,A,-,11,21955,NA,N,G,B,D,A,H,-,A,D,0,Y,NA,NA,NA,Y,NA,N,60,1,0,0,0,1,0,0,0,0,-,-,NA,NA,LOS ANGELES,LOS ANGELES,-118.3965072631836,34.19156265258789
9250161,2021,2021-04-30,1942,2021-04-02,1110,40291,2156,5,5,7,1942,0,0,0,NA,0,21A57,VANOWEN ST,OWENSMOUTH AV,100,W,N,A,-,N,NA,NA,NA,NA,NA,NA,NA,NA,NA,N,4,0,1,2,A,-,09,21801,A,N,D,C,A,A,H,-,A,D,0,NA,NA,NA,NA,Y,NA,-,99,0,0,1,0,0,0,0,0,0,-,-,NA,NA,LOS ANGELES,LOS ANGELES,-118.6018524169922,34.19375228881836
9250162,2021,2021-04-30,1942,2021-04-01,2350,38669,1964,4,5,7,1942,0,0,0,NA,0,19A75,VAN NUYS BL,TUPPER ST,170,N,N,A,-,N,NA,NA,NA,NA,NA,NA,NA,NA,NA,Y,3,0,2,3,A,-,07,21658,NA,N,A,C,A,A,H,-,C,D,0,NA,NA,NA,NA,Y,Y,A,01,0,2,0,0,0,0,0,0,0,-,-,NA,NA,LOS ANGELES,LOS ANGELES,-118.45023345947266,34.239505767822266
9250163,2021,2021-04-30,1942,2021-04-01,2347,43456,1515,4,5,7,1942,0,0,0,O,0,15A12,VANOWEN ST,LANKERSHIM BL,0,NA,N,A,-,N,NA,NA,NA,NA,NA,NA,NA,NA,NA,N,3,0,1,2,A,-,08,22107,NA,F,G,G,A,A,H,-,C,A,0,NA,Y,NA,NA,Y,NA,-,NA,0,1,0,0,0,0,1,0,0,-,-,NA,NA,LOS ANGELES,LOS ANGELES,-118.38780212402344,34.19394302368164
9250164,2021,2021-05-06,1942,2021-04-11,2330,376181,871,7,5,7,1942,0,0,0,NA,0,25TL35,W ROSECRANS AV,S VERMONT AV,290,E,N,B,-,N,NA,NA,NA,NA,NA,NA,NA,NA,NA,Y,3,0,2,2,A,-,08,22107,NA,F,B,C,A,A,H,-,C,D,0,NA,NA,NA,NA,Y,NA,A,01,0,1,1,0,0,0,0,0,0,-,-,NA,NA,LOS ANGELES,LOS ANGELES,-118.29063415527344,33.90190124511719
9250165,2021,2021-04-30,1942,2021-04-07,2200,41683,1248,3,5,7,1942,0,0,0,L,0,12A49,S HOOVER ST,W 66TH ST,0,NA,Y,A,-,N,NA,NA,NA,NA,NA,NA,NA,NA,NA,N,3,0,1,2,A,-,10,21950,A,N,G,B,B,-,H,-,C,D,0,Y,NA,NA,NA,Y,Y,A,01,0,1,0,0,1,0,0,0,0,-,-,NA,NA,LOS ANGELES,LOS ANGELES,-118.2870864868164,33.97943878173828
9250172,2021,2021-04-30,1900,2021-04-05,0710,515583,1412,1,5,1,1932,0,0,0,NA,0,143T1,TEMPLE AV,BALDWIN PARK BL,409,E,N,A,-,N,NA,NA,NA,NA,NA,NA,NA,NA,NA,Y,3,0,1,2,A,-,08,22107,NA,N,B,A,A,A,H,-,A,D,0,NA,NA,NA,NA,Y,NA,A,07,0,1,0,0,0,0,0,0,0,-,-,34.05635070800781,-117.99062347412108,LOS ANGELES,INDUSTRY,-117.99070739746094,34.05650329589844
9250173,2021,2021-04-30,1900,2021-04-03,1900,642089,0453,6,5,6,1949,0,0,0,NA,0,45T1,IMPERIAL HWY,FIRESTONE BL,0,NA,Y,A,-,N,NA,NA,NA,NA,NA,NA,NA,NA,NA,Y,4,0,1,2,-,-,-,NA,A,N,D,C,A,A,H,-,D,A,0,NA,NA,NA,NA,Y,NA,A,01,0,0,1,0,0,0,0,0,0,-,-,NA,NA,LOS ANGELES,NORWALK,-118.09017181396484,33.9171028137207
9250174,2021,2021-04-30,1900,2021-04-04,2220,612130,0461,7,5,4,1936,0,0,0,NA,0,46T1E,BIOLA AV,HEFLIN DR,38,S,N,A,-,N,NA,NA,NA,NA,NA,NA,NA,NA,NA,Y,3,0,1,2,A,-,08,22107,NA,N,C,E,A,A,H,-,C,D,0,NA,NA,NA,NA,Y,NA,A,01,0,1,0,0,0,0,0,0,0,-,-,NA,NA,LOS ANGELES,LA MIRADA,-118.01898193359376,33.91654586791992
9250175,2021,2021-04-30,1900,2021-04-02,1823,605526,0467,5,5,4,1936,0,0,0,NA,0,46T1,HIGHPOINT DR,MANOR PL,0,NA,Y,A,-,N,NA,NA,NA,NA,NA,NA,NA,NA,NA,Y,3,0,1,2,A,-,09,21801,NA,N,D,C,A,A,H,-,A,A,0,NA,NA,NA,NA,Y,NA,-,NA,0,1,0,0,0,0,0,0,0,-,-,NA,NA,LOS ANGELES,LA MIRADA,-117.98255920410156,33.910865783691406
9250176,2021,2021-05-07,1900,2021-04-01,0900,440091,0455,4,5,6,1949,0,0,0,NA,0,43T1D,ALONDRA BL,RT605,0,NA,Y,A,-,N,NA,NA,NA,NA,NA,NA,NA,NA,NA,N,4,0,1,2,A,-,12,21453,NA,N,G,B,B,A,H,-,A,A,0,Y,NA,NA,NA,Y,NA,A,08,0,0,1,0,1,0,0,0,0,-,EO,NA,NA,LOS ANGELES,NORWALK,-118.10453033447266,33.88759231567383
9250207,2021,2021-04-23,1942,2021-04-11,2000,42364,1251,7,5,7,1942,0,0,0,L,0,12A51,8TH AV,W FLORENCE AV,0,NA,Y,A,-,N,NA,NA,NA,NA,NA,NA,NA,NA,NA,Y,4,0,2,2,A,-,12,21453,A,F,B,C,A,A,H,-,C,A,0,NA,NA,NA,NA,Y,NA,-,99,0,0,2,0,0,0,0,0,0,-,-,NA,NA,LOS ANGELES,LOS ANGELES,-118.32651519775392,33.97454833984375
9250208,2021,2021-04-23,1942,2021-04-10,0200,41579,1218,6,5,7,1942,0,0,0,L,0,12A15,S HOOVER ST,W 56TH ST,0,NA,Y,A,-,N,NA,NA,NA,NA,NA,NA,NA,NA,NA,Y,4,0,1,6,A,-,09,21802,A,N,D,C,A,A,H,-,C,A,0,NA,NA,NA,NA,Y,Y,A,01,0,0,1,0,0,0,0,0,0,-,-,NA,NA,LOS ANGELES,LOS ANGELES,-118.28713989257813,33.991432189941406
9250209,2021,2021-04-23,1942,2021-04-10,2210,41911,1837,6,5,7,1942,0,0,0,R,0,18A35,WILMINGTON AV,E 108TH ST,0,NA,Y,A,-,N,NA,NA,NA,NA,NA,NA,NA,NA,NA,Y,4,0,1,2,A,-,03,22350,NA,F,D,C,A,A,H,-,C,A,0,NA,NA,NA,NA,Y,NA,A,01,0,0,1,0,0,0,0,0,0,-,-,NA,NA,LOS ANGELES,LOS ANGELES,-118.23902893066406,33.93784713745117
9250214,2021,2021-04-23,1942,2021-04-02,1010,37080,1526,5,5,7,1942,0,0,0,O,0,15A27,COLFAX AV,ERWIN ST,59,N,N,A,-,N,NA,NA,NA,NA,NA,NA,NA,NA,NA,Y,4,0,1,2,A,-,03,22350,NA,F,C,C,A,A,H,-,A,D,0,NA,NA,NA,NA,Y,NA,A,01,0,0,1,0,0,0,0,0,0,-,-,NA,NA,LOS ANGELES,LOS ANGELES,-118.38778686523438,34.18321228027344
9250215,2021,2021-04-23,1941,2021-04-03,0137,11558,NA,6,5,7,1941,0,0,0,NA,0,NA,3RD ST,PINE AV,0,NA,Y,A,-,N,NA,NA,NA,NA,NA,NA,NA,NA,NA,Y,3,0,1,1,A,-,01,23152,NA,N,A,J,A,A,H,-,C,D,0,NA,NA,NA,NA,Y,Y,A,NA,0,1,0,0,0,0,0,0,0,-,-,NA,NA,LOS ANGELES,LONG BEACH,-118.19236755371094,33.770511627197266
9250216,2021,2021-04-23,1941,2021-04-04,1155,11104,901T,7,5,7,1941,0,0,0,NA,0,NA,CHERRY AV,PACIFIC COAST HWY,0,NA,Y,A,-,N,NA,NA,NA,NA,NA,NA,NA,NA,NA,Y,3,0,1,3,A,-,01,23152,A,N,B,E,A,A,H,-,A,D,0,NA,NA,NA,NA,Y,NA,A,NA,0,1,0,0,0,0,0,0,0,-,-,NA,NA,LOS ANGELES,LONG BEACH,-118.16766357421876,33.789859771728516
9250217,2021,2021-04-23,1942,2021-04-07,1919,42195,1535,3,5,7,1942,0,0,0,O,0,15A33W,BURBANK BL,LANKERSHIM BL,200,E,N,A,-,N,NA,NA,NA,NA,NA,NA,NA,NA,NA,Y,3,0,1,2,A,-,08,22107,NA,N,D,C,A,A,H,-,B,D,0,NA,NA,NA,NA,Y,NA,A,01,0,1,0,0,0,0,0,0,0,-,-,NA,NA,LOS ANGELES,LOS ANGELES,-118.37837982177734,34.17216110229492
9250218,2021,2021-04-23,1942,2021-04-11,1120,38687,2183,7,5,7,1942,0,0,0,NA,0,21A73,MULHOLLAND DR,SPIELBURG DR,120,N,N,A,-,N,NA,NA,NA,NA,NA,NA,NA,NA,NA,N,3,0,1,2,A,-,08,22107,NA,N,E,I,A,A,H,-,A,D,0,NA,NA,NA,NA,Y,NA,A,07,0,1,0,0,0,0,0,0,0,-,-,NA,NA,LOS ANGELES,LOS ANGELES,-118.63453674316406,34.15654373168945
9250219,2021,2021-04-23,1942,2021-04-11,1340,41514,1779,7,5,7,1942,0,0,0,Q,0,17A95,NORDHOFF ST,GAVIOTA AV,20,W,N,A,-,N,NA,NA,NA,NA,NA,NA,NA,NA,NA,N,3,0,1,2,A,-,01,23152,A,N,C,C,A,A,H,-,A,D,0,NA,NA,NA,NA,Y,Y,A,01,0,1,0,0,0,0,0,0,0,-,-,NA,NA,LOS ANGELES,LOS ANGELES,-118.48299407958984,34.23561096191406
9250227,2021,2021-04-23,1900,2021-04-03,1630,467505,1811,6,5,2,1904,0,0,0,NA,0,184,COUNTRY CLUB DR,BANNING DR,0,NA,Y,A,-,N,NA,NA,NA,NA,NA,NA,NA,NA,NA,N,4,0,1,1,A,-,09,21801,NA,N,F,A,A,A,H,-,A,D,0,NA,NA,NA,NA,Y,NA,-,NA,0,0,1,0,0,0,0,0,0,-,-,NA,NA,LOS ANGELES,AVALON,-118.32949066162108,33.34022903442383
9250242,2021,2021-04-29,1946,2021-02-07,1721,P3,NA,7,5,4,1946,0,0,0,NA,0,002,DUARTE RD,8TH ST,28,W,N,A,-,N,NA,NA,NA,NA,NA,NA,NA,NA,NA,Y,4,0,1,2,A,-,09,21804,NA,N,D,C,A,A,H,-,A,D,0,NA,NA,NA,NA,Y,NA,A,01,0,0,1,0,0,0,0,0,0,-,-,NA,NA,LOS ANGELES,MONROVIA,-118.0158233642578,34.13174819946289
9250245,2021,2021-05-19,1941,2021-04-01,1015,11104,NA,4,5,7,1941,0,0,0,NA,0,NA,PACIFIC AV,PACIFIC COAST HWY,0,NA,Y,A,-,Y,LA,7,1,-,-,6.511,I,6,S,N,4,0,2,3,A,-,10,21950,A,N,G,B,B,A,H,-,A,A,0,Y,NA,NA,Y,Y,NA,F,NA,0,0,2,0,2,0,0,0,0,-,-,NA,NA,LOS ANGELES,LONG BEACH,-118.19361877441406,33.7898063659668
9250253,2021,2021-04-30,1956,2021-04-08,1120,1244,68,4,5,5,1956,0,0,0,NA,0,003,ARTESIA BLVD,GREVILLEA AV,145,E,N,A,-,N,NA,NA,NA,NA,NA,NA,NA,NA,NA,Y,4,0,2,2,A,-,03,22350,NA,N,C,C,A,A,H,-,A,A,0,NA,NA,NA,NA,Y,NA,D,22,0,0,2,0,0,0,0,0,0,-,-,33.872859954833984,-118.35482788085938,LOS ANGELES,REDONDO BEACH,-118.35435485839844,33.872779846191406
9250275,2021,2021-04-29,1925,2021-03-28,1000,21057,246,7,5,6,1925,0,0,0,NA,0,003,TYLER ST,ACACIA AV,0,NA,Y,A,-,N,NA,NA,NA,NA,NA,NA,NA,NA,NA,N,3,0,1,2,A,-,08,22107,NA,M,B,G,E,A,H,-,A,A,0,Y,NA,NA,NA,Y,NA,A,01,0,1,0,0,1,0,0,0,0,-,-,NA,NA,LOS ANGELES,GLENDALE,-118.23967742919922,34.1348762512207
9250279,2021,2021-04-28,1925,2021-03-24,1546,21092,282,3,5,6,1925,0,0,0,NA,0,003,GLENDALE AV,PALMER AV,10,S,N,A,-,N,NA,NA,NA,NA,NA,NA,NA,NA,NA,N,3,0,1,2,A,-,00,21295,A,N,G,B,B,A,H,-,A,A,0,Y,NA,NA,NA,Y,NA,A,01,0,1,0,0,1,0,0,0,0,-,SF,NA,NA,LOS ANGELES,GLENDALE,-118.252197265625,34.13222122192383
9250282,2021,2021-04-29,1946,2021-02-25,1719,A6,1946,4,5,4,1946,0,0,0,NA,0,001,FOOTHILL,HELIOTROPE,70,W,N,A,-,N,NA,NA,NA,NA,NA,NA,NA,NA,NA,Y,3,0,1,2,A,-,08,22107,NA,N,C,E,A,A,H,-,B,D,0,NA,NA,NA,Y,Y,NA,-,-,0,1,0,0,0,0,0,0,0,-,-,NA,NA,LOS ANGELES,MONROVIA,-117.99240112304688,34.151458740234375
9250283,2021,2021-04-28,1925,2021-03-26,0638,25649,241,5,5,6,1925,0,0,0,NA,0,003,E COLORADO ST,LAFAYETTE ST,15,S,N,A,-,N,NA,NA,NA,NA,NA,NA,NA,NA,NA,Y,3,0,1,2,C,-,18,NA,NA,N,C,C,A,A,H,-,A,A,0,NA,NA,NA,NA,Y,NA,-,-,0,1,0,0,0,0,0,0,0,-,-,NA,NA,LOS ANGELES,GLENDALE,-118.23187255859376,34.142662048339844
9250287,2021,2021-04-28,1925,2021-03-30,1428,21092,255,2,5,6,1925,0,0,0,NA,0,003,GLENDALE AV,ELK AV,8,S,N,A,-,N,NA,NA,NA,NA,NA,NA,NA,NA,NA,N,3,0,1,2,A,-,10,21950,A,N,G,B,B,A,H,-,A,A,0,Y,NA,NA,NA,Y,NA,A,08,0,1,0,0,1,0,0,0,0,-,-,NA,NA,LOS ANGELES,GLENDALE,-118.24978637695313,34.141597747802734
9250288,2021,2021-05-07,1925,2021-03-29,1419,21057,238,1,5,6,1925,0,0,0,NA,0,003,BROADWAY,ADAMS ST,0,NA,Y,A,-,N,NA,NA,NA,NA,NA,NA,NA,NA,NA,Y,3,0,1,3,C,-,18,NA,NA,N,F,C,A,A,H,-,A,A,0,NA,NA,NA,NA,Y,NA,-,-,0,1,0,0,0,0,0,0,0,-,-,NA,NA,LOS ANGELES,GLENDALE,-118.2418212890625,34.14625930786133
9250295,2021,2021-04-28,1925,2021-03-26,1448,22783,277,5,5,6,1925,0,0,0,NA,0,002,SAN FERNANDO RD,MIRA LOMA AV,55,W,N,A,-,N,NA,NA,NA,NA,NA,NA,NA,NA,NA,N,4,0,1,2,A,-,21,22106,NA,N,C,C,A,A,H,-,A,D,0,NA,NA,NA,NA,Y,NA,A,01,0,0,1,0,0,0,0,0,0,-,-,NA,NA,LOS ANGELES,GLENDALE,-118.25591278076172,34.1247444152832
9250300,2021,2021-04-29,1925,2021-04-06,1330,21092,242,2,5,6,1925,0,0,0,NA,0,003,VERDUGO RD,COLORADO ST,51,S,N,A,-,N,NA,NA,NA,NA,NA,NA,NA,NA,NA,N,4,0,1,2,A,-,03,22350,NA,N,C,-,A,A,H,-,A,A,0,NA,NA,NA,NA,Y,NA,A,01,0,0,1,0,0,0,0,0,0,-,-,NA,NA,LOS ANGELES,GLENDALE,-118.23403167724608,34.142616271972656
9250325,2021,2021-04-30,1942,2021-04-12,1555,41683,1259,1,5,7,1942,0,0,0,L,0,12A69,EAST FLORENCE AV,AVALON BL,20,W,N,A,-,N,NA,NA,NA,NA,NA,NA,NA,NA,NA,Y,4,0,1,2,A,-,03,22350,NA,F,B,C,A,A,H,-,A,D,0,NA,NA,NA,NA,Y,NA,A,01,0,0,1,0,0,0,0,0,0,-,-,NA,NA,LOS ANGELES,LOS ANGELES,-118.26524353027344,33.974708557128906
9250332,2021,2021-05-03,1925,2021-04-02,0958,25649,252,5,5,6,1925,0,0,0,NA,0,005,COLORADO ST,ADAMS ST,170,E,N,A,-,N,NA,NA,NA,NA,NA,NA,NA,NA,NA,Y,3,0,2,3,A,-,03,22350,NA,N,C,C,A,A,H,-,A,A,0,NA,NA,NA,NA,Y,NA,A,01,0,2,0,0,0,0,0,0,0,-,-,NA,NA,LOS ANGELES,GLENDALE,-118.24124145507813,34.14265060424805
9250333,2021,2021-05-03,1925,2021-04-02,1713,22783,272,5,5,6,1925,0,0,0,NA,0,002,CENTRAL AV,WINDSOR RD,37,S,N,A,-,N,NA,NA,NA,NA,NA,NA,NA,NA,NA,N,4,0,1,2,A,-,03,22350,NA,N,C,C,A,A,H,-,A,D,0,NA,NA,NA,NA,Y,NA,A,07,0,0,1,0,0,0,0,0,0,-,-,34.13666915893555,-118.2578582763672,LOS ANGELES,GLENDALE,-118.25785064697266,34.136558532714844
9250334,2021,2021-05-05,1925,2021-04-02,1855,28091,245,5,5,6,1925,0,0,0,NA,0,003,E MAPLE ST,ZINNIA LN,125,W,N,A,-,N,NA,NA,NA,NA,NA,NA,NA,NA,NA,N,4,0,1,2,A,-,21,22106,NA,N,C,C,A,A,H,-,A,D,0,NA,NA,NA,NA,Y,NA,A,01,0,0,1,0,0,0,0,0,0,-,-,NA,NA,LOS ANGELES,GLENDALE,-118.23059844970705,34.13899612426758
9250335,2021,2021-05-03,1925,2021-04-06,2135,27752,265,2,5,6,1925,0,0,0,NA,0,002,W COLORADO ST,S CENTRAL AV,400,E,N,A,-,N,NA,NA,NA,NA,NA,NA,NA,NA,NA,N,3,0,1,2,A,-,12,21453,A,F,G,B,C,A,H,-,C,A,0,Y,NA,NA,NA,Y,NA,A,01,0,1,0,0,1,0,0,0,0,-,-,NA,NA,LOS ANGELES,GLENDALE,-118.25655364990234,34.142547607421875
9250336,2021,2021-05-03,1925,2021-04-10,1400,28536,2,6,5,6,1925,0,0,0,NA,0,263,ELDORADO ST,PACIFIC ST,186,E,N,A,-,N,NA,NA,NA,NA,NA,NA,NA,NA,NA,N,3,0,1,2,A,-,04,21703,NA,M,C,C,A,A,H,-,A,D,0,NA,NA,NA,NA,Y,Y,A,01,0,1,0,0,0,0,0,0,0,-,-,NA,NA,LOS ANGELES,GLENDALE,-124.20919799804688,41.75822830200195
9250337,2021,2021-05-03,1925,2021-04-10,0940,25361,2,6,5,6,1925,0,0,0,NA,0,270,CHEVY CHASE DR,SAN FERNANDO RD,470,W,N,A,-,N,NA,NA,NA,NA,NA,NA,NA,NA,NA,Y,4,0,1,2,A,-,09,21804,A,N,B,C,A,A,H,-,A,D,0,NA,NA,NA,NA,Y,NA,A,01,0,0,1,0,0,0,0,0,0,-,-,NA,NA,LOS ANGELES,GLENDALE,-118.26406860351564,34.133460998535156
9250338,2021,2021-05-07,1925,2021-04-09,0854,25649,278,5,5,6,1925,0,0,0,NA,0,002,LAUREL ST,BRAND BL,212,W,N,A,-,N,NA,NA,NA,NA,NA,NA,NA,NA,NA,Y,4,0,1,2,A,-,09,21801,A,N,D,C,A,A,H,-,A,D,0,NA,NA,NA,NA,Y,NA,A,01,0,0,1,0,0,0,0,0,0,-,-,NA,NA,LOS ANGELES,GLENDALE,-118.2556610107422,34.12759017944336
9250353,2021,2021-04-30,1955,2021-04-08,0400,40764,30,4,5,6,1955,0,0,0,NA,0,002,FOOTHILL BL,EQUATION RD,120,W,N,A,-,N,NA,NA,NA,NA,NA,NA,NA,NA,NA,Y,3,0,1,1,A,-,01,23152,A,N,E,I,A,A,H,-,C,D,0,NA,NA,NA,NA,Y,Y,A,07,0,1,0,0,0,0,0,0,0,-,-,34.10723876953125,-117.74642181396484,LOS ANGELES,POMONA,-117.74681091308594,34.107242584228516
9250354,2021,2021-04-30,1955,2021-04-07,1329,40624,94,3,5,6,1955,0,0,0,NA,0,004,9TH ST,TOWNE AV,12,E,N,A,-,N,NA,NA,NA,NA,NA,NA,NA,NA,NA,Y,4,0,1,2,A,-,01,23152,A,N,C,C,A,A,H,-,A,A,0,NA,NA,NA,NA,Y,Y,A,01,0,0,1,0,0,0,0,0,0,-,-,NA,NA,LOS ANGELES,POMONA,-117.74114990234376,34.05167007446289
9250357,2021,2021-04-30,1967,2021-04-02,1323,153,NA,5,5,2,1967,0,0,0,NA,0,NORTH,ORANGE AV,33RD ST,0,NA,Y,A,-,N,NA,NA,NA,NA,NA,NA,NA,NA,NA,Y,3,0,1,2,A,-,08,22100,5,N,D,C,A,A,H,-,A,A,0,NA,NA,NA,NA,Y,NA,A,01,0,1,0,0,0,0,0,0,0,-,-,NA,NA,LOS ANGELES,SIGNAL HILL,-118.1763153076172,33.81710433959961
9250481,2021,2021-04-27,1900,2021-04-04,1334,625464,2617,7,5,6,1950,0,0,0,NA,0,264T1,AVENIDA ENTRADA,VIA TRANQUILO,0,NA,Y,A,-,N,NA,NA,NA,NA,NA,NA,NA,NA,NA,N,2,0,1,2,A,-,11,21956,A,N,G,B,E,A,H,-,A,A,0,Y,NA,NA,NA,Y,NA,N,60,1,0,0,0,1,0,0,0,0,-,-,34.62725830078125,-118.23545837402344,LOS ANGELES,PALMDALE,-118.23543548583984,34.62724685668945
9250491,2021,2021-05-03,1956,2021-04-06,1409,1183,66,2,5,5,1956,0,0,0,NA,0,004,INGLEWOOD AV,RT 405,0,NA,Y,A,-,Y,LA,7,405,-,-,18.091,R,4,N,Y,4,0,1,2,D,-,00,NA,NA,N,D,C,A,A,H,-,A,A,0,NA,NA,NA,NA,Y,NA,-,-,0,0,1,0,0,0,0,0,0,-,NF,NA,NA,LOS ANGELES,REDONDO BEACH,-118.35910034179688,33.88948440551758
9250492,2021,2021-04-27,1956,2021-04-06,1824,1367,32,2,5,5,1956,0,0,0,NA,0,003,VAN HORNE LN,GOODMAN,0,NA,Y,A,-,N,NA,NA,NA,NA,NA,NA,NA,NA,NA,Y,3,0,1,1,A,-,03,22350,NA,N,A,J,A,A,H,-,A,A,0,NA,NA,NA,NA,Y,NA,A,01,0,1,0,0,0,0,0,0,0,-,-,NA,NA,LOS ANGELES,REDONDO BEACH,-118.38326263427734,33.858055114746094
9250493,2021,2021-04-27,1956,2021-04-09,2220,1368,24,5,5,5,1956,0,0,0,NA,0,002,GERTRUDA AV,CATALINA AV,0,NA,Y,A,-,N,NA,NA,NA,NA,NA,NA,NA,NA,NA,Y,3,0,2,1,A,-,01,23152,F,N,E,I,A,A,H,-,C,A,0,NA,NA,NA,NA,Y,NA,A,01,0,1,1,0,0,0,0,0,0,-,-,33.85102081298828,-118.39121246337892,LOS ANGELES,REDONDO BEACH,-118.39122009277344,33.851016998291016