CASE_ID,ACCIDENT_YEAR,PROC_DATE,JURIS,COLLISION_DATE,COLLISION_TIME,OFFICER_ID,REPORTING_DISTRICT,DAY_OF_WEEK,CHP_SHIFT,POPULATION,CNTY_CITY_LOC,SPECIAL_COND,BEAT_TYPE,CHP_BEAT_TYPE,CITY_DIVISION_LAPD,CHP_BEAT_CLASS,BEAT_NUMBER,PRIMARY_RD,SECONDARY_RD,DISTANCE,DIRECTION,INTERSECTION,WEATHER_1,WEATHER_2,STATE_HWY_IND,CALTRANS_COUNTY,CALTRANS_DISTRICT,STATE_ROUTE,ROUTE_SUFFIX,POSTMILE_PREFIX,POSTMILE,LOCATION_TYPE,RAMP_INTERSECTION,SIDE_OF_HWY,TOW_AWAY,COLLISION_SEVERITY,NUMBER_KILLED,NUMBER_INJURED,PARTY_COUNT,PRIMARY_COLL_FACTOR,PCF_CODE_OF_VIOL,PCF_VIOL_CATEGORY,PCF_VIOLATION,PCF_VIOL_SUBSECTION,HIT_AND_RUN,TYPE_OF_COLLISION,MVIW,PED_ACTION,ROAD_SURFACE,ROAD_COND_1,ROAD_COND_2,LIGHTING,CONTROL_DEVICE,CHP_ROAD_TYPE,PEDESTRIAN_ACCIDENT,BICYCLE_ACCIDENT,MOTORCYCLE_ACCIDENT,TRUCK_ACCIDENT,NOT_PRIVATE_PROPERTY,ALCOHOL_INVOLVED,STWD_VEHTYPE_AT_FAULT,CHP_VEHTYPE_AT_FAULT,COUNT_SEVERE_INJ,COUNT_VISIBLE_INJ,COUNT_COMPLAINT_PAIN,COUNT_PED_KILLED,COUNT_PED_INJURED,COUNT_BICYCLIST_KILLED,COUNT_BICYCLIST_INJURED,COUNT_MC_KILLED,COUNT_MC_INJURED,PRIMARY_RAMP,SECONDARY_RAMP,LATITUDE,LONGITUDE,COUNTY,CITY,POINT_X,POINT_Y
9250494,2021,2021-04-27,1941,2021-04-04,1358,10911,NA,7,5,7,1941,0,0,0,NA,0,901T,BROADWAY,GAVIOTA AV,0,NA,Y,A,-,N,NA,NA,NA,NA,NA,NA,NA,NA,NA,Y,3,0,1,2,A,-,09,21801,A,N,D,C,A,A,H,-,A,A,0,NA,NA,Y,NA,Y,NA,A,NA,0,1,0,0,0,0,0,0,1,-,-,NA,NA,LOS ANGELES,LONG BEACH,-118.17148590087892,33.767757415771484
9250495,2021,2021-04-27,1941,2021-04-07,1343,5881,NA,3,5,7,1941,0,0,0,NA,0,901T,PARAMOUNT BL,70TH ST,0,NA,Y,A,-,N,NA,NA,NA,NA,NA,NA,NA,NA,NA,Y,4,0,1,2,A,-,09,21801,NA,N,D,C,A,A,H,-,A,D,0,NA,NA,NA,NA,Y,NA,A,NA,0,0,1,0,0,0,0,0,0,-,-,NA,NA,LOS ANGELES,LONG BEACH,-118.16006469726564,33.88195037841797
9250496,2021,2021-04-30,1941,2021-04-04,1205,11354,NA,7,5,7,1941,0,0,0,NA,0,901T,DEL MAR AV,E COLUMBIA ST,0,NA,Y,A,-,N,NA,NA,NA,NA,NA,NA,NA,NA,NA,N,3,0,1,2,A,-,21,22106,NA,N,D,C,A,A,H,-,A,D,0,NA,NA,NA,NA,Y,NA,A,NA,0,1,0,0,0,0,0,0,0,-,-,NA,NA,LOS ANGELES,LONG BEACH,-118.19033050537108,33.80910110473633
9250497,2021,2021-04-30,1941,2021-04-08,1432,5599,NA,4,5,7,1941,0,0,0,NA,0,901T,37TH ST,LONG BEACH BL,264,E,N,A,-,N,NA,NA,NA,NA,NA,NA,NA,NA,NA,Y,3,0,1,1,C,-,18,NA,NA,N,E,I,A,A,H,-,A,D,0,NA,NA,NA,NA,Y,NA,-,-,0,1,0,0,0,0,0,0,0,-,-,NA,NA,LOS ANGELES,LONG BEACH,-118.18848419189452,33.824188232421875
9250498,2021,2021-04-27,1941,2021-04-06,2001,10022,NA,2,5,7,1941,0,0,0,NA,0,901T,JUNIPERO AV,6TH ST,0,NA,Y,A,-,N,NA,NA,NA,NA,NA,NA,NA,NA,NA,N,4,0,1,2,A,-,12,22450,A,N,D,G,A,A,H,-,C,A,0,NA,Y,NA,NA,Y,NA,-,NA,0,0,1,0,0,0,1,0,0,-,-,NA,NA,LOS ANGELES,LONG BEACH,-118.1638641357422,33.77351760864258
9250499,2021,2021-04-27,1941,2021-04-04,1518,11358,NA,7,5,7,1941,0,0,0,NA,0,901T,PINE AV,12TH ST,0,NA,Y,A,-,N,NA,NA,NA,NA,NA,NA,NA,NA,NA,Y,4,0,2,2,A,-,09,21804,A,N,D,C,A,A,H,-,A,D,0,NA,NA,NA,NA,Y,NA,A,NA,0,0,2,0,0,0,0,0,0,-,-,NA,NA,LOS ANGELES,LONG BEACH,-118.19239044189452,33.781436920166016
9250500,2021,2021-04-27,1941,2021-04-05,1119,10938,NA,1,5,7,1941,0,0,0,NA,0,901T,REDONDO,WILTON,54,N,N,A,-,N,NA,NA,NA,NA,NA,NA,NA,NA,NA,N,4,0,1,2,A,-,03,22350,NA,N,C,C,A,A,H,-,A,A,0,NA,NA,Y,NA,Y,NA,C,NA,0,0,1,0,0,0,0,0,1,-,-,NA,NA,LOS ANGELES,LONG BEACH,-118.15242004394533,33.78773880004883
9250501,2021,2021-04-26,1941,2021-04-04,2033,11521,NA,7,5,7,1941,0,0,0,NA,0,901T,OCEAN BL,6TH PL,0,NA,Y,A,-,N,NA,NA,NA,NA,NA,NA,NA,NA,NA,N,4,0,1,2,A,-,08,22107,NA,N,B,C,A,A,H,-,C,D,0,NA,NA,NA,NA,Y,NA,A,NA,0,0,1,0,0,0,0,0,0,-,-,NA,NA,LOS ANGELES,LONG BEACH,-118.17693328857422,33.765625
9250502,2021,2021-04-26,1941,2021-04-04,1512,11550,NA,7,5,7,1941,0,0,0,NA,0,901T,STUDEBAKER RD,SPRING AV,633,S,N,A,-,N,NA,NA,NA,NA,NA,NA,NA,NA,NA,Y,4,0,2,2,A,-,09,21802,A,N,-,C,A,A,H,-,A,D,0,NA,NA,NA,NA,Y,NA,A,NA,0,0,2,0,0,0,0,0,0,-,-,NA,NA,LOS ANGELES,LONG BEACH,-118.09942626953124,33.80851745605469
9250503,2021,2021-04-26,1941,2021-04-11,1229,11093,NA,7,5,7,1941,0,0,0,NA,0,NA,ARTESIA BL,PARAMOUNT BL,0,NA,Y,A,-,N,NA,NA,NA,NA,NA,NA,NA,NA,NA,Y,4,0,2,2,A,-,03,22350,NA,F,-,C,A,A,H,-,A,A,0,NA,NA,NA,NA,Y,Y,A,NA,0,0,2,0,0,0,0,0,0,-,-,NA,NA,LOS ANGELES,LONG BEACH,-118.16000366210938,33.8746223449707
9250504,2021,2021-04-28,1941,2021-04-11,1230,11673,NA,7,5,7,1941,0,0,0,NA,0,901T,CHERRY AV,ARTESIA BL,0,NA,Y,A,-,N,NA,NA,NA,NA,NA,NA,NA,NA,NA,Y,2,0,3,5,A,-,01,23153,A,N,A,C,A,A,H,-,A,A,0,NA,NA,NA,NA,Y,Y,A,NA,1,0,2,0,0,0,0,0,0,-,-,NA,NA,LOS ANGELES,LONG BEACH,-118.16867065429688,33.87458801269531
9250505,2021,2021-04-26,1941,2021-04-03,1534,11341,NA,6,5,7,1941,0,0,0,NA,0,901T,DAISY AV,DAISY AV   2357,0,NA,Y,A,-,N,NA,NA,NA,NA,NA,NA,NA,NA,NA,Y,3,0,1,1,A,-,03,22350,NA,N,A,I,A,A,H,-,A,D,0,NA,NA,NA,NA,Y,NA,-,-,0,1,0,0,0,0,0,0,0,-,-,NA,NA,LOS ANGELES,LONG BEACH,-118.19919,33.799903
9250506,2021,2021-04-30,1941,2021-04-01,1228,10147,NA,4,5,7,1941,0,0,0,NA,0,901T,PACIFIC ALY,WILLOW ST,0,NA,Y,A,-,N,NA,NA,NA,NA,NA,NA,NA,NA,NA,N,3,0,1,2,-,-,-,NA,NA,N,C,-,A,A,H,-,A,A,0,NA,Y,NA,NA,Y,NA,-,-,0,1,0,0,0,0,1,0,0,-,-,NA,NA,LOS ANGELES,LONG BEACH,-118.19371032714844,33.8043327331543
9250507,2021,2021-04-30,1941,2021-04-01,1330,11366,NA,4,5,7,1941,0,0,0,NA,0,901CPD,CARSON ST,PALO VERDE AV,0,NA,Y,A,-,N,NA,NA,NA,NA,NA,NA,NA,NA,NA,Y,4,0,3,3,-,-,-,NA,NA,M,B,C,A,A,H,-,A,A,0,NA,NA,NA,NA,Y,NA,A,NA,0,0,3,0,0,0,0,0,0,-,-,NA,NA,LOS ANGELES,LONG BEACH,-118.10779571533205,33.832313537597656
9250508,2021,2021-04-27,1941,2021-04-01,1359,11349,NA,4,5,7,1941,0,0,0,NA,0,901T,ATHERTON ST,STUDEBAKER RD,0,NA,Y,A,-,N,NA,NA,NA,NA,NA,NA,NA,NA,NA,Y,3,0,3,2,A,-,08,22107,NA,N,A,C,A,A,H,-,A,A,0,NA,NA,NA,NA,Y,NA,D,NA,0,2,1,0,0,0,0,0,0,-,-,NA,NA,LOS ANGELES,LONG BEACH,-118.09960174560548,33.78849411010742
9250509,2021,2021-04-27,1941,2021-04-01,1850,11234,NA,4,5,7,1941,0,0,0,NA,0,901T,ATLANTIC AV,6TH ST,0,NA,Y,A,-,N,NA,NA,NA,NA,NA,NA,NA,NA,NA,NA,4,0,1,2,A,-,12,21453,A,N,D,C,A,A,H,-,B,A,0,NA,NA,NA,NA,Y,NA,A,NA,0,0,1,0,0,0,0,0,0,-,-,NA,NA,LOS ANGELES,LONG BEACH,-118.18505096435548,33.774147033691406
9250510,2021,2021-04-27,1941,2021-04-02,0737,5767,NA,5,5,7,1941,0,0,0,NA,0,901T,GARDENIA AV,EAST 7TH ST,30,N,N,A,-,N,NA,NA,NA,NA,NA,NA,NA,NA,NA,Y,3,0,1,2,A,-,05,21650,NA,N,A,C,A,A,H,-,A,D,0,NA,NA,NA,NA,Y,NA,A,NA,0,1,0,0,0,0,0,0,0,-,-,NA,NA,LOS ANGELES,LONG BEACH,-118.16877746582033,33.77543258666992
9250511,2021,2021-04-27,1941,2021-04-02,1444,11550,NA,5,5,7,1941,0,0,0,NA,0,901T,10TH ST,GLADYS AV,0,NA,Y,A,-,N,NA,NA,NA,NA,NA,NA,NA,NA,NA,Y,4,0,1,4,A,-,09,21802,A,N,D,C,A,A,H,-,A,A,0,NA,NA,NA,NA,Y,NA,A,NA,0,0,1,0,0,0,0,0,0,-,-,NA,NA,LOS ANGELES,LONG BEACH,-118.15784454345705,33.77899932861328
9250512,2021,2021-04-27,1941,2021-04-02,1503,5615,NA,5,5,7,1941,0,0,0,NA,0,901T,PACIFIC AV,HILL ST,0,NA,Y,A,-,N,NA,NA,NA,NA,NA,NA,NA,NA,NA,N,3,0,1,2,A,-,10,21950,A,N,G,B,B,A,H,-,A,A,0,Y,NA,NA,NA,Y,NA,A,NA,0,1,0,0,1,0,0,0,0,-,-,NA,NA,LOS ANGELES,LONG BEACH,-118.19377136230467,33.797122955322266
9250513,2021,2021-04-30,1941,2021-04-02,1829,11540,NA,5,5,7,1941,0,0,0,NA,0,901T,EAST 7TH ST,XIMENO AV,0,NA,Y,-,-,N,NA,NA,NA,NA,NA,NA,NA,NA,NA,Y,3,0,2,2,A,-,09,21801,A,N,A,C,A,A,H,-,A,A,0,NA,NA,NA,NA,Y,NA,A,NA,0,2,0,0,0,0,0,0,0,-,-,NA,NA,LOS ANGELES,LONG BEACH,-118.1415786743164,33.775325775146484
9250521,2021,2021-04-26,1900,2021-03-28,1234,609138,2607,7,5,6,1950,0,0,0,NA,0,263T1,SADDLEBACK RD,42ND ST EAST,265,E,N,A,-,N,NA,NA,NA,NA,NA,NA,NA,NA,NA,N,2,0,1,2,A,-,11,21956,A,N,G,B,E,A,H,-,A,D,0,Y,NA,NA,NA,Y,NA,N,60,1,0,0,0,1,0,0,0,0,-,-,34.573551177978516,-118.05348205566406,LOS ANGELES,PALMDALE,-118.05355072021484,34.57355880737305
9250522,2021,2021-04-23,1900,2021-03-25,1447,618391,2608,4,5,6,1950,0,0,0,NA,0,263T1,25TH ST EAST,AVE R-12,0,NA,Y,A,-,N,NA,NA,NA,NA,NA,NA,NA,NA,NA,Y,3,0,2,2,A,-,09,21802,A,N,D,C,A,A,H,-,A,A,0,NA,NA,NA,NA,Y,NA,A,01,0,2,0,0,0,0,0,0,0,-,-,34.561920166015625,-118.08480834960938,LOS ANGELES,PALMDALE,-118.08496856689452,34.57272720336914
9250523,2021,2021-04-26,1900,2021-03-27,1725,622429,2607,6,5,6,1950,0,0,0,NA,0,263T1,AVE R,40TH ST EAST,0,NA,Y,A,-,N,NA,NA,NA,NA,NA,NA,NA,NA,NA,N,4,0,2,2,A,-,03,22350,NA,M,C,C,A,A,H,-,A,A,0,NA,NA,NA,NA,Y,NA,A,01,0,0,2,0,0,0,0,0,0,-,-,34.57318115234375,-118.05829620361328,LOS ANGELES,PALMDALE,-118.05821990966795,34.573211669921875
9250524,2021,2021-04-28,1900,2021-03-28,0700,538684,2607,7,5,6,1950,0,0,0,NA,0,264T1,PALMDALE BL,51ST ST EAST,692,E,N,A,-,N,NA,NA,NA,NA,NA,NA,NA,NA,NA,Y,4,0,1,1,A,-,08,22107,NA,N,E,J,A,A,H,-,A,D,0,NA,NA,NA,NA,Y,NA,A,01,0,0,1,0,0,0,0,0,0,-,-,34.57981872558594,-118.03595733642578,LOS ANGELES,PALMDALE,-118.04074096679688,34.57996368408203
9250525,2021,2021-04-23,1900,2021-03-31,1850,618391,2619,3,5,6,1950,0,0,0,NA,0,263T1,SIERRA HWY,RANCHO VISTA BL,231,S,N,A,-,N,NA,NA,NA,NA,NA,NA,NA,NA,NA,N,3,0,3,2,A,-,05,21651,A,N,D,C,A,A,H,-,A,D,0,NA,NA,NA,NA,Y,NA,A,01,0,1,2,0,0,0,0,0,0,-,-,34.601070404052734,-118.12126159667967,LOS ANGELES,PALMDALE,-118.12120819091795,34.60118103027344
9250526,2021,2021-04-28,1900,2021-03-18,1713,625464,2607,4,5,6,1950,0,0,0,NA,0,264T1,AVE R,55TH ST EAST,380,E,N,A,-,N,NA,NA,NA,NA,NA,NA,NA,NA,NA,N,4,0,1,2,A,-,03,22350,NA,N,C,C,A,A,H,-,A,A,0,NA,NA,NA,NA,Y,NA,A,01,0,0,1,0,0,0,0,0,0,-,-,34.57257080078125,-118.03028106689452,LOS ANGELES,PALMDALE,-118.03040313720705,34.57255935668945
9250527,2021,2021-04-26,1900,2021-03-24,1625,625597,2608,3,5,6,1950,0,0,0,NA,0,263T1,AVE R,35TH ST EAST,0,NA,Y,A,-,N,NA,NA,NA,NA,NA,NA,NA,NA,NA,N,4,0,1,2,D,-,00,NA,NA,N,D,C,A,A,D,-,-,A,0,NA,NA,NA,NA,Y,NA,-,-,0,0,1,0,0,0,0,0,0,-,-,34.57305908203125,-118.06730651855467,LOS ANGELES,PALMDALE,-118.06729125976564,34.5729866027832
9250528,2021,2021-04-29,1900,2021-03-31,0825,514671,2619,3,5,6,1950,0,0,0,NA,0,261T1,10TH ST WEST,RANCHO VISTA BL,0,NA,Y,A,-,N,NA,NA,NA,NA,NA,NA,NA,NA,NA,Y,4,0,1,3,A,-,12,21453,A,N,D,C,A,A,H,-,A,A,0,NA,NA,NA,NA,Y,NA,A,01,0,0,1,0,0,0,0,0,0,-,-,34.601741790771484,-118.14756011962892,LOS ANGELES,PALMDALE,-118.14781188964844,34.601741790771484
9250553,2021,2021-04-28,1946,2021-02-12,1206,P41,1946,5,5,4,1946,0,0,0,NA,0,003,IVY,HUNTINGTON,0,NA,Y,A,-,N,NA,NA,NA,NA,NA,NA,NA,NA,NA,N,4,0,1,2,A,-,10,21950,A,N,G,B,B,A,H,-,A,D,0,Y,NA,NA,NA,Y,NA,A,01,0,0,1,0,1,0,0,0,0,-,-,NA,NA,LOS ANGELES,MONROVIA,-117.99864959716795,34.1403923034668
9250561,2021,2021-04-28,1942,2021-03-15,2100,41973,1249,1,5,7,1942,0,0,0,L,0,12A49,S FIGUEROA ST,W 69TH ST,0,NA,Y,A,-,N,NA,NA,NA,NA,NA,NA,NA,NA,NA,N,2,0,1,2,A,-,09,21801,A,F,D,C,A,A,H,-,C,A,0,NA,NA,Y,NA,Y,NA,-,99,1,0,0,0,0,0,0,0,1,-,-,NA,NA,LOS ANGELES,LOS ANGELES,-118.28269958496094,33.97734832763672
9250562,2021,2021-04-28,1942,2021-03-21,2028,44346,1269,7,5,7,1942,0,0,0,L,0,12A15,CENTRAL AV,MANCHESTER,20,N,N,A,-,N,NA,NA,NA,NA,NA,NA,NA,NA,NA,N,2,0,1,2,A,-,09,21801,NA,F,A,C,A,A,H,-,C,A,0,NA,NA,Y,NA,Y,NA,-,99,1,0,0,0,0,0,0,0,1,-,-,NA,NA,LOS ANGELES,LOS ANGELES,-118.25641632080078,33.9602165222168
9250563,2021,2021-04-30,1942,2021-03-20,2100,43839,1802,6,5,7,1942,0,0,0,R,0,18A35,BROADWAY,90TH ST,0,NA,Y,A,-,N,NA,NA,NA,NA,NA,NA,NA,NA,NA,Y,2,0,1,2,A,-,09,21802,A,N,B,C,A,A,H,-,C,D,0,NA,NA,Y,NA,Y,NA,C,02,1,0,0,0,0,0,0,0,1,-,-,NA,NA,LOS ANGELES,LOS ANGELES,-118.27821350097656,33.95458984375
9250564,2021,2021-04-28,1942,2021-03-15,0640,42118,0355,1,5,7,1942,0,0,0,C,0,3A55,OBAMA BL,GRAMERCY PL,70,W,N,B,C,N,NA,NA,NA,NA,NA,NA,NA,NA,NA,N,2,0,1,2,A,-,05,21650,1,N,D,G,A,B,H,-,B,A,0,NA,Y,NA,NA,Y,NA,L,04,1,0,0,0,0,0,1,0,0,-,-,NA,NA,LOS ANGELES,LOS ANGELES,-118.31350708007813,34.018245697021484
9250572,2021,2021-04-29,1941,2021-03-28,1555,BLINCOE,NA,7,5,7,1941,0,0,0,NA,0,NA,E WILLOW ST,CLARK,0,NA,Y,A,-,N,NA,NA,NA,NA,NA,NA,NA,NA,NA,Y,4,0,1,3,A,-,01,23153,A,F,A,-,A,A,H,-,A,A,0,NA,NA,NA,NA,Y,Y,D,NA,0,0,1,0,0,0,0,0,0,-,-,NA,NA,LOS ANGELES,LONG BEACH,-118.13394927978516,33.80320739746094
9250573,2021,2021-04-29,1941,2021-03-29,0214,5163,NA,1,5,7,1941,0,0,0,NA,0,NA,WOODRUFF AV,MEZZANINE WY,10,S,N,A,-,N,NA,NA,NA,NA,NA,NA,NA,NA,NA,Y,3,0,1,1,A,-,08,22107,NA,N,-,I,A,-,H,-,C,D,0,NA,NA,NA,NA,Y,NA,D,NA,0,1,0,0,0,0,0,0,0,-,-,NA,NA,LOS ANGELES,LONG BEACH,-118.11676025390624,33.815242767333984
9250601,2021,2021-04-29,1942,2021-04-17,1655,42364,1248,6,5,7,1942,0,0,0,L,0,12A57,W FLORENCE AV,S HOOVER ST,0,NA,Y,A,-,N,NA,NA,NA,NA,NA,NA,NA,NA,NA,Y,4,0,1,2,A,-,12,21453,A,F,D,C,A,A,H,-,A,A,0,NA,NA,NA,NA,Y,NA,-,99,0,0,1,0,0,0,0,0,0,-,-,NA,NA,LOS ANGELES,LOS ANGELES,-118.287109375,33.974639892578125
9250602,2021,2021-05-06,1942,2021-04-15,0045,42069,1821,4,5,7,1942,0,0,0,R,0,18A17,S HOOVER ST,W CENTURY BL,0,NA,Y,A,-,N,NA,NA,NA,NA,NA,NA,NA,NA,NA,Y,3,0,1,3,A,-,01,23152,A,N,D,C,A,A,H,-,C,A,0,NA,NA,NA,NA,Y,Y,A,01,0,1,0,0,0,0,0,0,0,-,-,NA,NA,LOS ANGELES,LOS ANGELES,-118.28697204589844,33.94550704956055
9250603,2021,2021-04-29,1942,2021-04-14,0720,37146,1215,3,5,7,1942,0,0,0,L,0,12A15,CRENSHAW BL,60TH ST,0,NA,Y,A,-,N,NA,NA,NA,NA,NA,NA,NA,NA,NA,N,4,0,1,3,A,-,12,21453,A,N,C,C,F,A,H,-,A,A,0,Y,NA,NA,NA,Y,NA,A,01,0,0,1,0,1,0,0,0,0,-,-,NA,NA,LOS ANGELES,LOS ANGELES,-118.33087158203124,33.98540496826172
9250604,2021,2021-04-29,1942,2021-04-10,1720,43875,1203,6,5,7,1942,0,0,0,L,0,12A15,S SAINT ANDREWS PL,W 48TH ST,0,NA,Y,A,-,N,NA,NA,NA,NA,NA,NA,NA,NA,NA,Y,2,0,1,2,A,-,12,21453,NA,F,D,C,A,A,H,-,A,A,0,NA,NA,NA,NA,Y,NA,A,01,1,0,0,0,0,0,0,0,0,-,-,NA,NA,LOS ANGELES,LOS ANGELES,-118.31134796142578,34.00004577636719
9250605,2021,2021-04-29,1942,2021-04-04,1400,41747,1844,7,5,7,1942,0,0,0,R,0,18A34,E 108TH ST,AVALON BL,20,E,N,A,-,N,NA,NA,NA,NA,NA,NA,NA,NA,NA,Y,3,0,7,2,A,-,01,23152,A,N,B,I,A,A,H,-,A,A,0,NA,NA,NA,NA,Y,Y,A,07,0,2,5,0,0,0,0,0,0,-,-,NA,NA,LOS ANGELES,LOS ANGELES,-118.26513671875,33.93828201293945
9250606,2021,2021-04-29,1942,2021-04-14,2015,42069,1821,3,5,7,1942,0,0,0,R,0,18A17,95TH ST,VERMONT AV,185,W,N,A,-,N,NA,NA,NA,NA,NA,NA,NA,NA,NA,N,3,0,1,2,A,-,11,21955,NA,N,A,B,D,A,H,-,C,D,0,Y,NA,NA,NA,Y,NA,N,60,0,1,0,0,1,0,0,0,0,-,-,NA,NA,LOS ANGELES,LOS ANGELES,-118.29251098632813,33.94972229003906
9250607,2021,2021-04-29,1942,2021-04-13,1855,40440,0308,2,5,7,1942,0,0,0,C,0,3A19,S SCARFF ST,SAINT JAMES PARK,50,S,N,A,-,N,NA,NA,NA,NA,NA,NA,NA,NA,NA,Y,4,0,4,3,A,-,01,23152,A,N,B,E,A,A,H,-,C,D,0,NA,NA,NA,NA,Y,Y,A,01,0,0,4,0,0,0,0,0,0,-,-,NA,NA,LOS ANGELES,LOS ANGELES,-118.28090667724608,34.03145980834961
9250608,2021,2021-04-29,1942,2021-04-11,1705,42364,0566,7,5,7,1942,0,0,0,E,0,5A59,S CENTRE ST,W 10TH ST,0,NA,Y,A,-,N,NA,NA,NA,NA,NA,NA,NA,NA,NA,Y,2,0,1,2,A,-,12,22450,A,N,D,C,A,A,H,-,A,A,0,NA,NA,Y,NA,Y,NA,C,03,1,0,0,0,0,0,0,0,1,-,-,NA,NA,LOS ANGELES,LOS ANGELES,-118.28359985351564,33.735130310058594
9250609,2021,2021-04-29,1942,2021-04-11,1120,35393,1263,7,5,7,1942,0,0,0,L,0,12A53,S WESTERN AV,W 84TH ST,75,S,N,A,-,N,NA,NA,NA,NA,NA,NA,NA,NA,NA,Y,2,0,2,2,A,-,05,21651,A,N,A,C,A,A,H,-,A,D,0,NA,NA,NA,NA,Y,NA,A,08,1,1,0,0,0,0,0,0,0,-,-,NA,NA,LOS ANGELES,LOS ANGELES,-118.30901336669922,33.962493896484375
9250610,2021,2021-04-29,1942,2021-04-06,2330,39065,0378,2,5,7,1942,0,0,0,C,0,3X21,MLK,VERMONT,0,NA,Y,A,-,N,NA,NA,NA,NA,NA,NA,NA,NA,NA,N,4,0,1,2,A,-,09,21801,NA,N,D,C,A,A,H,-,C,A,0,NA,NA,NA,NA,Y,NA,A,01,0,0,1,0,0,0,0,0,0,-,-,NA,NA,LOS ANGELES,LOS ANGELES,-118.29153442382813,34.0108757019043
9250611,2021,2021-04-29,1942,2021-04-04,1245,33397,1259,7,5,7,1942,0,0,0,L,0,12A69,MCKINLEY AV,E 76TH PL,0,NA,Y,A,-,N,NA,NA,NA,NA,NA,NA,NA,NA,NA,N,2,0,1,2,A,-,09,21801,A,N,E,I,A,A,H,-,A,D,0,NA,NA,Y,NA,Y,NA,A,01,1,0,0,0,0,0,0,0,1,-,-,NA,NA,LOS ANGELES,LOS ANGELES,-118.26081085205078,33.97025680541992
9250612,2021,2021-04-29,1942,2021-04-17,1120,35936,0557,6,5,7,1942,0,0,0,E,0,5A55,S GAFFEY ST,W 7TH ST,0,NA,Y,A,-,N,NA,NA,NA,NA,NA,NA,NA,NA,NA,N,4,0,1,2,A,-,03,22350,NA,F,C,C,A,A,H,-,A,A,0,NA,NA,NA,NA,Y,NA,-,99,0,0,1,0,0,0,0,0,0,-,-,NA,NA,LOS ANGELES,LOS ANGELES,-118.29235076904295,33.737876892089844
9250632,2021,2021-05-07,1951,2021-04-10,1200,755,707,6,5,3,1951,0,0,0,NA,0,002,PALOS VERDES DR W,PALOS VERDES DR W UPPER BARREL,0,NA,Y,A,-,N,NA,NA,NA,NA,NA,NA,NA,NA,NA,N,3,0,1,2,A,-,06,21755,NA,N,B,G,A,A,H,-,A,A,0,NA,Y,NA,NA,Y,NA,L,04,0,1,0,0,0,0,1,0,0,-,-,NA,NA,LOS ANGELES,PALOS VERDES EST,-118.38771057128906,33.801509857177734
9250644,2021,2021-04-28,1956,2021-04-14,1547,1375,51,3,5,5,1956,0,0,0,NA,0,003,ARTESIA BL,INGLEWOOD AV,0,NA,Y,A,-,N,NA,NA,NA,NA,NA,NA,NA,NA,NA,N,4,0,1,2,A,-,04,21703,NA,N,C,C,A,A,C,-,A,A,0,NA,NA,NA,NA,Y,NA,A,01,0,0,1,0,0,0,0,0,0,-,-,33.872840881347656,-118.36131286621094,LOS ANGELES,REDONDO BEACH,-118.36129760742188,33.87279510498047
9250645,2021,2021-04-29,1956,2021-04-15,1100,1244,24,4,5,5,1956,0,0,0,NA,0,002,HARBOR DR,YACHT CLUB WY,22,S,N,A,-,N,NA,NA,NA,NA,NA,NA,NA,NA,NA,N,3,0,1,1,A,-,03,22350,NA,N,E,I,A,A,A,-,A,A,0,NA,Y,NA,NA,Y,NA,L,04,0,1,0,0,0,0,1,0,0,-,-,NA,NA,LOS ANGELES,REDONDO BEACH,-118.39707946777344,33.851924896240234
9250646,2021,2021-04-28,1956,2021-04-16,1817,1272,54,5,5,5,1956,0,0,0,NA,0,004,INGLEWOOD AV,NELSON AV,0,NA,Y,A,-,N,NA,NA,NA,NA,NA,NA,NA,NA,NA,Y,3,0,2,2,A,-,09,21801,A,N,D,C,A,A,H,-,A,D,0,NA,NA,NA,NA,Y,NA,A,07,0,1,1,0,0,0,0,0,0,-,-,33.87467956542969,-118.36122894287108,LOS ANGELES,REDONDO BEACH,-118.36132049560548,33.87474822998047
9250647,2021,2021-04-28,1956,2021-04-17,1519,1370,31,6,5,5,1956,0,0,0,NA,0,002,ANITA ST,HARKNESS LN,0,NA,Y,A,-,N,NA,NA,NA,NA,NA,NA,NA,NA,NA,Y,4,0,2,2,A,-,12,21453,A,N,D,C,A,A,H,-,A,A,0,NA,NA,NA,NA,Y,NA,A,01,0,0,2,0,0,0,0,0,0,-,-,33.8574104309082,-118.3811264038086,LOS ANGELES,REDONDO BEACH,-118.38113403320313,33.85735321044922
9250666,2021,2021-04-28,1942,2021-04-15,0010,32142,1851,4,5,7,1942,0,0,0,R,0,18X96,135TH ST,HOOVER ST,0,NA,Y,A,-,N,NA,NA,NA,NA,NA,NA,NA,NA,NA,N,4,0,1,2,A,-,09,21801,A,N,B,D,A,A,H,-,C,D,0,NA,NA,NA,NA,Y,NA,-,99,0,0,1,0,0,0,0,0,0,-,-,NA,NA,LOS ANGELES,LOS ANGELES,-118.28720855712892,33.909175872802734
9250802,2021,2021-04-28,1976,2021-03-26,1416,442,NA,5,5,3,1964,0,0,0,NA,0,001,TELEGRAPH RD,GREENLEAF AV,0,NA,Y,A,-,N,NA,NA,NA,NA,NA,NA,NA,NA,NA,Y,4,0,1,3,A,-,09,21804,A,N,D,C,A,A,H,-,A,A,0,NA,NA,NA,NA,Y,NA,A,07,0,0,1,0,0,0,0,0,0,-,-,NA,NA,LOS ANGELES,SANTA FE SPRINGS,-118.05526733398438,33.941932678222656
9250810,2021,2021-04-30,1976,2021-03-27,1409,518,1976,6,5,5,1976,0,0,0,NA,0,001,BEVERLY BL,GREGORY AV,4188,W,N,A,-,N,NA,NA,NA,NA,NA,NA,NA,NA,NA,Y,3,0,1,1,A,-,08,22107,NA,N,E,I,A,A,H,-,A,D,0,NA,NA,NA,NA,Y,NA,D,22,0,1,0,0,0,0,0,0,0,-,-,NA,NA,LOS ANGELES,WHITTIER,-118.05438995361328,33.997413635253906
9250814,2021,2021-04-30,1976,2021-03-19,1444,518,NA,5,5,5,1976,0,0,0,NA,0,001,BEVERLY BL,MAGNOLIA BL,120,E,N,A,-,N,NA,NA,NA,NA,NA,NA,NA,NA,NA,Y,4,0,1,3,A,-,03,22350,NA,N,C,C,A,A,H,-,A,D,0,NA,NA,NA,NA,Y,NA,D,22,0,0,1,0,0,0,0,0,0,-,-,NA,NA,LOS ANGELES,WHITTIER,-118.05014038085938,33.990962982177734