CASE_ID,ACCIDENT_YEAR,PROC_DATE,JURIS,COLLISION_DATE,COLLISION_TIME,OFFICER_ID,REPORTING_DISTRICT,DAY_OF_WEEK,CHP_SHIFT,POPULATION,CNTY_CITY_LOC,SPECIAL_COND,BEAT_TYPE,CHP_BEAT_TYPE,CITY_DIVISION_LAPD,CHP_BEAT_CLASS,BEAT_NUMBER,PRIMARY_RD,SECONDARY_RD,DISTANCE,DIRECTION,INTERSECTION,WEATHER_1,WEATHER_2,STATE_HWY_IND,CALTRANS_COUNTY,CALTRANS_DISTRICT,STATE_ROUTE,ROUTE_SUFFIX,POSTMILE_PREFIX,POSTMILE,LOCATION_TYPE,RAMP_INTERSECTION,SIDE_OF_HWY,TOW_AWAY,COLLISION_SEVERITY,NUMBER_KILLED,NUMBER_INJURED,PARTY_COUNT,PRIMARY_COLL_FACTOR,PCF_CODE_OF_VIOL,PCF_VIOL_CATEGORY,PCF_VIOLATION,PCF_VIOL_SUBSECTION,HIT_AND_RUN,TYPE_OF_COLLISION,MVIW,PED_ACTION,ROAD_SURFACE,ROAD_COND_1,ROAD_COND_2,LIGHTING,CONTROL_DEVICE,CHP_ROAD_TYPE,PEDESTRIAN_ACCIDENT,BICYCLE_ACCIDENT,MOTORCYCLE_ACCIDENT,TRUCK_ACCIDENT,NOT_PRIVATE_PROPERTY,ALCOHOL_INVOLVED,STWD_VEHTYPE_AT_FAULT,CHP_VEHTYPE_AT_FAULT,COUNT_SEVERE_INJ,COUNT_VISIBLE_INJ,COUNT_COMPLAINT_PAIN,COUNT_PED_KILLED,COUNT_PED_INJURED,COUNT_BICYCLIST_KILLED,COUNT_BICYCLIST_INJURED,COUNT_MC_KILLED,COUNT_MC_INJURED,PRIMARY_RAMP,SECONDARY_RAMP,LATITUDE,LONGITUDE,COUNTY,CITY,POINT_X,POINT_Y
9251422,2021,2022-02-01,1942,2021-03-26,1520,36733,1522,5,5,7,1942,0,0,0,O,0,15A21,COLDWATER CANYON AV,VICTORY BL,0,NA,Y,A,-,N,NA,NA,NA,NA,NA,NA,NA,NA,NA,Y,4,0,1,2,A,-,09,21801,A,F,D,C,A,A,H,-,A,B,0,NA,NA,NA,NA,Y,NA,A,01,0,0,1,0,0,0,0,0,0,-,-,NA,NA,LOS ANGELES,LOS ANGELES,-118.41381072998048,34.18667984008789
9251423,2021,2021-04-21,1942,2021-03-25,1640,41158,0981,4,5,7,1942,0,0,0,I,0,9A89,SAUGUS AV,N SEPULVEDA BL,50,E,N,A,-,N,NA,NA,NA,NA,NA,NA,NA,NA,NA,N,4,0,1,2,A,-,06,21750,NA,F,D,C,A,A,H,-,A,D,0,NA,NA,NA,NA,Y,NA,-,99,0,0,1,0,0,0,0,0,0,-,-,NA,NA,LOS ANGELES,LOS ANGELES,-118.46623992919922,34.15251922607422
9251424,2021,2021-04-17,1942,2021-03-24,1910,42309,19841,3,5,7,1942,0,0,0,NA,0,19A93,ROSCOE BL,LANGDON AV,0,NA,Y,A,-,N,NA,NA,NA,NA,NA,NA,NA,NA,NA,Y,4,0,2,2,A,-,01,23152,A,N,D,C,A,-,H,-,B,A,0,NA,NA,NA,NA,Y,NA,A,01,0,0,2,0,0,0,0,0,0,-,-,NA,NA,LOS ANGELES,LOS ANGELES,-118.46993255615234,34.22139358520508
9251425,2021,2021-04-21,1942,2021-03-23,0345,40189,1612,2,5,7,1942,0,0,0,P,0,16X41,LAUREL CYN BL,GAIN ST,100,S,N,A,-,N,NA,NA,NA,NA,NA,NA,NA,NA,NA,Y,3,0,2,4,A,-,05,21650,NA,N,C,E,A,A,H,-,D,D,0,NA,NA,NA,NA,Y,NA,-,NA,0,1,1,0,0,0,0,0,0,-,-,NA,NA,LOS ANGELES,LOS ANGELES,-118.42716979980467,34.25411605834961
9251426,2021,2021-04-21,1942,2021-03-23,0700,30452,1703,2,5,7,1942,0,0,0,Q,0,17A35,SESNON BL,BEAUFAIT AV,20,E,N,A,-,N,NA,NA,NA,NA,NA,NA,NA,NA,NA,Y,4,0,2,1,A,-,03,22350,NA,N,E,I,A,A,H,-,A,-,0,NA,NA,NA,NA,Y,NA,A,07,0,0,2,0,0,0,0,0,0,-,-,NA,NA,LOS ANGELES,LOS ANGELES,-118.54176330566406,34.29652404785156
9251427,2021,2021-04-21,1942,2021-03-23,1500,41158,1025,2,5,7,1942,0,0,0,J,0,10A3,SHERMAN WY,LINDLEY AV,25,W,N,A,-,N,NA,NA,NA,NA,NA,NA,NA,NA,NA,N,4,0,1,2,A,-,03,22350,NA,F,C,C,A,A,H,-,A,A,0,NA,NA,NA,NA,Y,NA,-,99,0,0,1,0,0,0,0,0,0,-,-,NA,NA,LOS ANGELES,LOS ANGELES,-118.52738189697266,34.20107650756836
9251428,2021,2021-04-17,1942,2021-03-20,1515,44210,2147,6,5,7,1942,0,0,0,NA,0,21A57,DE SOTO,SHERRMAN WY,0,NA,Y,A,-,N,NA,NA,NA,NA,NA,NA,NA,NA,NA,Y,2,0,5,2,C,-,18,NA,NA,N,A,C,A,A,H,-,A,-,0,NA,NA,NA,NA,Y,NA,-,-,2,0,3,0,0,0,0,0,0,-,-,NA,NA,LOS ANGELES,LOS ANGELES,-118.58844757080078,34.20098876953125
9251429,2021,2021-04-20,1942,2021-03-19,2208,44146,1999,5,5,7,1942,0,0,0,NA,0,19A93,WOODMAN AV,ROSCOE BL,400,S,N,B,-,N,NA,NA,NA,NA,NA,NA,NA,NA,NA,N,4,0,1,2,A,-,08,22100,B,N,D,C,A,A,H,-,C,D,0,NA,NA,NA,NA,Y,NA,-,NA,0,0,1,0,0,0,0,0,0,-,-,NA,NA,LOS ANGELES,LOS ANGELES,-118.43257904052734,34.22060012817383
9251430,2021,2021-04-17,1942,2021-03-19,1340,42768,2138,5,5,7,1942,0,0,0,NA,0,21A29,SHERMAN WY,MASON AV,0,NA,Y,A,-,N,NA,NA,NA,NA,NA,NA,NA,NA,NA,Y,2,0,1,2,A,-,09,21801,A,N,D,C,A,A,H,-,A,A,0,NA,NA,NA,NA,Y,NA,A,07,1,0,0,0,0,0,0,0,0,-,-,NA,NA,LOS ANGELES,LOS ANGELES,-118.57972717285156,34.20100784301758
9251431,2021,2021-04-17,1942,2021-03-11,1545,39746,0966,4,5,7,1942,0,0,0,I,0,9A37,CHANDLER BL,WOODMAN AV,0,NA,Y,A,-,N,NA,NA,NA,NA,NA,NA,NA,NA,NA,N,4,0,1,2,A,-,09,21801,A,F,D,C,A,A,H,-,A,A,0,NA,NA,NA,NA,Y,NA,A,01,0,0,1,0,0,0,0,0,0,-,WO,NA,NA,LOS ANGELES,LOS ANGELES,-118.43125152587892,34.168373107910156
9251432,2021,2021-04-21,1942,2021-03-30,2300,42029,1958,2,5,7,1942,0,0,0,NA,0,19A75,VAN NUYS BL,WOODMAN AV,720,E,N,A,-,N,NA,NA,NA,NA,NA,NA,NA,NA,NA,Y,4,0,1,4,A,-,01,23152,A,N,B,-,A,A,H,-,C,D,0,NA,NA,NA,NA,Y,Y,A,01,0,0,1,0,0,0,0,0,0,-,-,NA,NA,LOS ANGELES,LOS ANGELES,-118.44639587402344,34.24838638305664
9251433,2021,2021-04-21,1942,2021-03-27,1000,30452,1567,6,5,7,1942,0,0,0,O,0,15A67,E CAHUENGA BL,LANKERSHIM BL,250,N,N,A,-,N,NA,NA,NA,NA,NA,NA,NA,NA,NA,N,4,0,1,2,A,-,08,22107,NA,N,C,E,A,A,H,-,A,D,0,NA,NA,NA,NA,Y,NA,A,01,0,0,1,0,0,0,0,0,0,-,-,NA,NA,LOS ANGELES,LOS ANGELES,-118.36329650878906,34.13719940185547
9251434,2021,2021-04-21,1942,2021-03-26,0715,38947,1047,5,5,7,1942,0,0,0,J,0,10A17,OXNARD ST,LASAINE AV,21,W,N,A,-,N,NA,NA,NA,NA,NA,NA,NA,NA,NA,Y,4,0,1,1,A,-,03,22350,NA,N,E,I,A,A,H,-,A,D,0,NA,NA,NA,NA,Y,NA,A,01,0,0,1,0,0,0,0,0,0,-,-,NA,NA,LOS ANGELES,LOS ANGELES,-118.51053619384766,34.180118560791016
9251435,2021,2021-04-17,1942,2021-03-25,1021,41553,1687,4,5,7,1942,0,0,0,P,0,16A81,VINELAND AV,STRATHERN ST,0,NA,Y,B,-,N,NA,NA,NA,NA,NA,NA,NA,NA,NA,Y,3,0,4,4,A,-,12,21453,A,N,A,D,A,A,H,-,A,A,0,NA,NA,NA,NA,Y,Y,A,01,0,1,3,0,0,0,0,0,0,-,-,NA,NA,LOS ANGELES,LOS ANGELES,-118.37034606933594,34.215721130371094
9251436,2021,2021-05-06,1942,2021-03-22,0755,38947,1079,1,5,7,1942,0,0,0,J,0,10A99,VENTURA BL,RT 101,0,NA,Y,A,-,Y,LA,7,101,-,-,25.649,R,4,S,N,4,0,1,2,A,-,09,21801,A,N,D,G,A,A,H,-,A,A,0,NA,Y,NA,NA,Y,NA,-,NA,0,0,1,0,0,0,1,0,0,-,NO,NA,NA,LOS ANGELES,LOS ANGELES,-118.61072540283205,34.16999816894531
9251437,2021,2021-04-17,1942,2021-03-22,2240,37653,1027,1,5,7,1942,0,0,0,J,0,10A47,SHERMAN WY,LOUISE AV,0,NA,Y,A,-,N,NA,NA,NA,NA,NA,NA,NA,NA,NA,Y,3,0,2,2,A,-,12,21453,A,N,D,C,A,A,H,-,C,A,0,NA,NA,NA,NA,Y,NA,-,NA,0,2,0,0,0,0,0,0,0,-,-,NA,NA,LOS ANGELES,LOS ANGELES,-118.5098114013672,34.201107025146484
9251438,2021,2021-04-17,1942,2021-03-22,1740,42251,1522,1,5,7,1942,0,0,0,O,0,15A21,VANOWEN ST,COLDWATER CANYON AV,0,NA,Y,A,-,N,NA,NA,NA,NA,NA,NA,NA,NA,NA,N,4,0,1,2,A,-,01,23152,F,N,B,C,A,-,H,-,A,A,0,NA,NA,NA,NA,Y,NA,A,01,0,0,1,0,0,0,0,0,0,-,-,NA,NA,LOS ANGELES,LOS ANGELES,-118.41380310058594,34.19394302368164
9251439,2021,2021-04-19,1942,2021-03-21,2100,42309,1007,7,5,7,1942,0,0,0,J,0,10A17,SATICOY ST,LOUISE AV,182,W,N,A,-,N,NA,NA,NA,NA,NA,NA,NA,NA,NA,Y,4,0,1,2,A,-,03,22350,NA,N,C,E,A,A,H,-,C,D,0,NA,NA,NA,NA,Y,Y,A,01,0,0,1,0,0,0,0,0,0,-,-,NA,NA,LOS ANGELES,LOS ANGELES,-118.51044464111328,34.20840835571289
9251440,2021,2021-04-19,1942,2021-03-21,2245,39217,NA,7,5,7,1942,0,0,0,NA,0,NA,LA TUNA CANYON RD,ELBEN AV,0,NA,Y,A,-,N,NA,NA,NA,NA,NA,NA,NA,NA,NA,N,4,0,1,1,A,-,01,23152,A,N,E,I,A,A,H,-,C,D,0,NA,NA,NA,NA,Y,NA,A,01,0,0,1,0,0,0,0,0,0,-,-,NA,NA,LOS ANGELES,LOS ANGELES,-118.33506774902344,34.236358642578125
9251441,2021,2021-04-17,1942,2021-03-19,1655,43153,1007,5,5,7,1942,0,0,0,J,0,10X88,BALBOA BL,ROSCOE BL,0,NA,Y,B,-,N,NA,NA,NA,NA,NA,NA,NA,NA,NA,N,3,0,1,2,A,-,08,22100,B,N,D,C,A,A,H,-,A,A,0,NA,NA,Y,NA,Y,NA,C,02,0,1,0,0,0,0,0,0,1,-,-,NA,NA,LOS ANGELES,LOS ANGELES,-118.5026397705078,34.2212028503418
9251442,2021,2021-04-17,1942,2021-03-20,0300,44388,0946,6,5,7,1942,0,0,0,I,0,9A89,WOODMAN AV,WOODMAN AV 5524,0,NA,N,A,-,N,NA,NA,NA,NA,NA,NA,NA,NA,NA,Y,2,0,2,4,A,-,01,23153,NA,N,B,E,A,A,H,-,C,D,0,NA,NA,NA,NA,Y,Y,A,01,1,0,1,0,0,0,0,0,0,-,-,NA,NA,LOS ANGELES,LOS ANGELES,-118.43125152587892,34.207218170166016
9251443,2021,2021-04-17,1942,2021-03-18,0205,41198,1033,4,5,7,1942,0,0,0,J,0,10A21,VICTORY BL,RESEDA BL,180,E,N,A,-,N,NA,NA,NA,NA,NA,NA,NA,NA,NA,Y,4,0,3,2,A,-,01,23152,A,N,D,C,A,A,H,-,C,D,0,NA,NA,NA,NA,Y,Y,A,01,0,0,3,0,0,0,0,0,0,-,-,NA,NA,LOS ANGELES,LOS ANGELES,-118.5354232788086,34.186561584472656
9251444,2021,2021-04-17,1942,2021-03-17,2145,39646,1049,3,5,7,1942,0,0,0,J,0,10A39,BURBANK BL,WOODLEY AV,0,NA,N,A,-,Y,NA,NA,NA,NA,NA,NA,NA,NA,NA,Y,3,0,2,2,A,-,05,21650,NA,N,A,C,A,A,H,-,C,A,0,NA,NA,NA,NA,Y,NA,-,NA,0,2,0,0,0,0,0,0,0,-,-,NA,NA,LOS ANGELES,LOS ANGELES,-118.47576904296876,34.171714782714844
9251446,2021,2021-04-17,1941,2021-03-30,1820,10022,NA,2,5,7,1941,0,0,0,NA,0,NA,W MOUNTAIN VIEW,W MOUNTAIN VIEW 146,0,NA,N,A,-,N,NA,NA,NA,NA,NA,NA,NA,NA,NA,N,4,0,1,2,A,-,10,21952,NA,N,A,B,A,A,H,-,A,D,0,NA,NA,NA,NA,Y,NA,A,NA,0,0,1,0,0,0,0,0,0,-,-,NA,NA,LOS ANGELES,LONG BEACH,-118.19567108154295,33.851707458496094
9251447,2021,2021-04-17,1972,2021-03-12,1930,21205,NA,5,5,6,1972,0,0,0,NA,0,NA,SEPULVEDA BL,SEPULVEDA BL 2976,0,NA,N,A,-,N,NA,NA,NA,NA,NA,NA,NA,NA,NA,N,4,0,1,2,D,-,00,NA,NA,N,A,B,D,A,H,-,C,D,0,Y,NA,NA,NA,Y,Y,-,-,0,0,1,0,1,0,0,0,0,-,-,NA,NA,LOS ANGELES,TORRANCE,-118.32362365722656,33.8210334777832
9251456,2021,2021-04-17,1900,2021-03-04,1827,646149,1514,4,5,5,1954,0,0,0,NA,0,151T2,WHITTIER BL,GREGG RD,536,E,N,A,-,N,NA,NA,NA,NA,NA,NA,NA,NA,NA,Y,4,0,1,4,A,-,03,22350,NA,N,C,D,A,A,H,-,C,D,0,NA,NA,NA,NA,Y,NA,A,01,0,0,1,0,0,0,0,0,0,-,-,33.59449005126953,-118.04218292236328,LOS ANGELES,PICO RIVERA,-118.07266998291016,33.99590301513672
9251458,2021,2021-04-17,1900,2021-03-14,1407,448685,1518,7,5,5,1954,0,0,0,NA,0,151T1,ROSEMEAD BL,MAXINE ST,20,N,N,A,-,N,NA,NA,NA,NA,NA,NA,NA,NA,NA,Y,3,0,1,2,A,-,08,22107,A,N,B,-,A,-,H,-,A,A,0,NA,NA,NA,NA,Y,NA,A,01,0,1,0,0,0,0,0,0,0,-,-,33.96561813354492,-118.10759735107422,LOS ANGELES,PICO RIVERA,-118.10769653320313,33.96546173095703
9251459,2021,2021-04-17,1900,2021-03-09,2336,499039,1513,2,5,5,1954,0,0,0,NA,0,151T3,PARAMOUNT BL,ROSEHEDGE DR,139,S,N,A,-,N,NA,NA,NA,NA,NA,NA,NA,NA,NA,N,4,0,2,1,A,-,03,22350,NA,N,E,I,A,B,H,-,C,D,0,NA,NA,NA,NA,Y,NA,A,01,0,0,2,0,0,0,0,0,0,-,-,33.997779846191406,-118.09203338623048,LOS ANGELES,PICO RIVERA,-118.0920181274414,33.997806549072266
9251460,2021,2021-04-17,1900,2021-03-11,1415,616054,0642,4,5,6,1985,0,0,0,NA,0,64T1,MCBEAN PKWY,FAIRVIEW DR,0,NA,Y,A,B,N,NA,NA,NA,NA,NA,NA,NA,NA,NA,Y,3,0,2,2,-,-,-,NA,NA,N,B,C,A,B,H,-,-,A,0,NA,NA,NA,NA,Y,NA,A,08,0,1,1,0,0,0,0,0,0,-,-,34.43442916870117,-118.55596160888672,LOS ANGELES,SANTA CLARITA,-118.55608367919922,34.43442153930664
9251602,2021,2021-06-04,1926,2021-04-03,1153,0075,NA,6,5,5,1926,0,0,0,NA,0,002,RT 66,LE MAR PARK,0,NA,Y,A,-,N,NA,NA,NA,NA,NA,NA,NA,NA,NA,N,3,0,1,2,A,-,09,21801,A,N,D,C,A,A,H,-,A,D,0,NA,NA,Y,NA,Y,NA,A,01,0,1,0,0,0,0,0,0,1,-,-,34.12866973876953,-117.85659790039064,LOS ANGELES,GLENDORA,-117.85660552978516,34.128692626953125
9251603,2021,2021-05-05,1902,2021-04-04,2132,759,5,7,5,5,1902,0,0,0,NA,0,001,N SANTA ANITA AVE,FOOTHILL BL,0,NA,Y,A,-,N,NA,NA,NA,NA,NA,NA,NA,NA,NA,Y,4,0,2,2,A,-,09,21453,C,N,-,C,A,A,H,-,C,A,0,NA,NA,NA,NA,Y,NA,A,01,0,0,2,0,0,0,0,0,0,-,-,NA,NA,LOS ANGELES,ARCADIA,-118.03172302246094,34.15092468261719
9251604,2021,2021-05-17,1902,2021-04-02,1014,789,34,5,5,5,1902,0,0,0,NA,0,005,EL MONTE AVE,LAS TUNAS DR,0,NA,Y,A,-,N,NA,NA,NA,NA,NA,NA,NA,NA,NA,N,3,0,1,2,A,-,17,21451,A,N,H,A,A,A,H,-,A,A,0,NA,NA,Y,NA,Y,NA,A,01,0,1,0,0,0,0,0,0,1,-,-,NA,NA,LOS ANGELES,ARCADIA,-118.03824615478516,34.107696533203125
9251605,2021,2021-05-17,1902,2021-04-02,0809,798,24,5,5,5,1902,0,0,0,NA,0,004,SANTA ANITA AVE,DUARTE RD,0,NA,Y,A,-,N,NA,NA,NA,NA,NA,NA,NA,NA,NA,Y,4,0,2,2,D,-,00,NA,NA,N,D,C,A,A,H,-,A,A,0,NA,NA,NA,NA,Y,NA,-,-,0,0,2,0,0,0,0,0,0,-,-,NA,NA,LOS ANGELES,ARCADIA,-118.03130340576172,34.129493713378906
9251606,2021,2021-05-17,1972,2021-04-02,1845,22116,NA,5,5,6,1972,0,0,0,NA,0,NA,CARSON,ABALONE,0,NA,Y,A,-,N,NA,NA,NA,NA,NA,NA,NA,NA,NA,N,3,0,1,2,A,-,12,21453,A,N,A,B,B,A,H,-,A,A,0,Y,NA,NA,NA,Y,NA,B,NA,0,1,0,0,1,0,0,0,0,-,-,NA,NA,LOS ANGELES,TORRANCE,-118.3117218017578,33.831478118896484
9251608,2021,2021-05-17,1942,2021-04-01,0845,41712,0668,4,5,7,1942,0,0,0,F,0,6A67,WESTERN AV,FERNWOOD AV,25,E,N,A,-,N,NA,NA,NA,NA,NA,NA,NA,NA,NA,Y,4,0,1,2,A,-,08,22107,A,F,D,C,A,A,G,-,A,A,0,NA,NA,Y,NA,Y,NA,A,01,0,0,1,0,0,0,0,0,1,-,-,NA,NA,LOS ANGELES,LOS ANGELES,-118.30919647216795,34.09553909301758
9251609,2021,2021-05-17,1942,2021-04-08,0130,41579,0392,4,5,7,1942,0,0,0,C,0,2ST35,ARLINGTON AV,W VERNON AV,570,S,N,A,-,N,NA,NA,NA,NA,NA,NA,NA,NA,NA,Y,4,0,1,4,A,-,03,22350,NA,F,C,C,A,A,H,-,C,A,0,NA,NA,NA,NA,Y,NA,A,01,0,0,1,0,0,0,0,0,0,-,-,NA,NA,LOS ANGELES,LOS ANGELES,-118.3181381225586,34.002140045166016
9251703,2021,2021-04-27,1961,2021-03-17,0021,10418,1631,3,5,3,1961,0,0,0,NA,0,001,SAN FERNANDO RD,SAN FERNANDO MISSION BL,0,NA,Y,A,-,N,NA,NA,NA,NA,NA,NA,NA,NA,NA,Y,4,0,3,2,A,-,12,21453,A,N,D,C,A,A,H,-,C,A,0,NA,NA,NA,NA,Y,NA,A,01,0,0,3,0,0,0,0,0,0,-,-,NA,NA,LOS ANGELES,SAN FERNANDO,-118.44295501708984,34.2841682434082
9251721,2021,2021-04-22,1961,2021-03-15,2211,10418,1961,1,5,3,1961,0,0,0,NA,0,001,SAN FERNANDO MISSION BL,SAN FERNANDO RD,0,NA,Y,A,-,N,NA,NA,NA,NA,NA,NA,NA,NA,NA,N,4,0,1,2,A,-,08,22107,NA,N,D,G,A,A,H,-,C,A,0,NA,Y,NA,NA,Y,NA,A,01,0,0,1,0,0,0,1,0,0,-,-,NA,NA,LOS ANGELES,SAN FERNANDO,-118.44295501708984,34.2841682434082
9251726,2021,2021-04-22,1975,2021-03-24,1919,462,NA,3,5,6,1975,0,0,0,NA,0,001,VINCENT AV,PUENTE AV,0,NA,Y,A,-,N,NA,NA,NA,NA,NA,NA,NA,NA,NA,N,4,0,1,2,A,-,09,21801,A,N,A,C,A,A,H,-,C,A,0,NA,NA,NA,NA,Y,NA,A,07,0,0,1,0,0,0,0,0,0,-,-,34.08277130126953,-117.92565155029295,LOS ANGELES,WEST COVINA,-117.92568969726564,34.08275604248047
9251727,2021,2021-04-22,1975,2021-03-25,1253,377,NA,4,5,6,1975,0,0,0,NA,0,004,HOLLY PL,VINE AV,0,NA,Y,A,-,N,NA,NA,NA,NA,NA,NA,NA,NA,NA,Y,4,0,2,3,A,-,09,21802,A,N,D,C,A,A,H,-,A,A,0,NA,NA,NA,NA,Y,NA,A,07,0,0,2,0,0,0,0,0,0,-,-,34.057701110839844,-117.92980194091795,LOS ANGELES,WEST COVINA,-117.92983245849608,34.0576286315918
9251728,2021,2021-04-22,1975,2021-03-30,1901,468,1975,2,5,6,1975,0,0,0,NA,0,003,GARVEY AV SOUTH,WEST COVINA PKWY,2640,E,N,A,-,N,NA,NA,NA,NA,NA,NA,NA,NA,NA,N,4,0,2,2,A,-,04,21703,NA,N,C,C,A,A,H,-,A,D,0,NA,NA,NA,NA,Y,NA,A,01,0,0,2,0,0,0,0,0,0,-,-,34.071659088134766,-117.9420166015625,LOS ANGELES,WEST COVINA,-117.9419403076172,34.07173156738281
9251729,2021,2021-04-22,1975,2021-03-30,1348,427,NA,2,5,6,1975,0,0,0,NA,0,NA,CAMERON AV,LARK ELLEN AV,0,NA,Y,A,-,N,NA,NA,NA,NA,NA,NA,NA,NA,NA,N,4,0,2,2,A,-,09,21801,A,N,D,C,A,A,H,-,A,A,0,NA,NA,NA,NA,Y,NA,A,01,0,0,2,0,0,0,0,0,0,-,-,34.06121826171875,-117.9167022705078,LOS ANGELES,WEST COVINA,-117.91673278808594,34.06116485595703
9251734,2021,2021-04-22,1967,2021-03-31,0716,142,NA,3,5,2,1967,0,0,0,NA,0,SOUTH,CHERRY AV,BURNETT ST,0,NA,Y,A,-,N,NA,NA,NA,NA,NA,NA,NA,NA,NA,Y,4,0,2,2,A,-,12,21453,A,N,D,C,A,A,H,-,A,A,0,NA,NA,NA,NA,Y,NA,A,01,0,0,2,0,0,0,0,0,0,-,-,33.80073928833008,-118.16751098632813,LOS ANGELES,SIGNAL HILL,-118.1677017211914,33.800750732421875
9251735,2021,2021-04-22,1900,2021-03-03,1547,609942,0610,3,5,6,1985,0,0,0,NA,0,61T1,SOLEDAD CANYON RD,RAINBOW GLEN DR,0,NA,Y,A,-,N,NA,NA,NA,NA,NA,NA,NA,NA,NA,Y,3,0,1,2,C,-,18,NA,NA,N,A,D,A,A,H,-,A,A,0,NA,NA,NA,NA,Y,NA,-,-,0,1,0,0,0,0,0,0,0,-,-,34.42168045043945,-118.4900131225586,LOS ANGELES,SANTA CLARITA,-118.4902572631836,34.421607971191406
9251742,2021,2021-04-26,1942,2021-02-22,1900,44508,2034,1,5,7,1942,0,0,0,NA,0,20A88,7TH ST,KINGSLEY DR,0,NA,Y,A,-,N,NA,NA,NA,NA,NA,NA,NA,NA,NA,Y,4,0,1,2,A,-,12,22450,A,F,A,C,A,A,H,-,C,D,0,NA,NA,NA,NA,Y,NA,A,01,0,0,1,0,0,0,0,0,0,-,-,NA,NA,LOS ANGELES,LOS ANGELES,-118.3031005859375,34.059715270996094
9251743,2021,2021-05-03,1942,2021-02-05,1730,42660,0824,5,5,7,1942,0,0,0,H,0,8A1,PACIFIC COAST HWY,ENTRADA DR,0,NA,Y,A,-,Y,LA,7,1,-,-,37.001,I,5,S,Y,4,0,1,2,A,-,08,22100,B,N,D,C,A,A,H,-,B,A,0,NA,NA,NA,NA,Y,NA,A,01,0,0,1,0,0,0,0,0,0,-,-,NA,NA,LOS ANGELES,LOS ANGELES,-118.51885223388672,34.02774429321289
9251744,2021,2021-04-26,1942,2021-02-10,1150,42630,0858,3,5,7,1942,0,0,0,H,0,8A28W4,ALLOT ST,LIVONIA AV,0,E,N,A,-,N,NA,NA,NA,NA,NA,NA,NA,NA,NA,N,4,0,1,2,A,-,21,22106,NA,N,G,B,F,A,H,-,A,D,0,Y,NA,NA,NA,Y,NA,A,01,0,0,1,0,1,0,0,0,0,-,-,NA,NA,LOS ANGELES,LOS ANGELES,-118.38639831542967,34.054107666015625
9251745,2021,2021-04-26,1942,2021-02-20,1900,42852,0837,6,5,7,1942,0,0,0,H,0,8A53W3,OLYMPIC BL,BALSAM AV,0,NA,Y,A,-,N,NA,NA,NA,NA,NA,NA,NA,NA,NA,N,3,0,1,2,A,-,11,21954,A,N,G,B,E,A,H,-,C,D,0,Y,NA,NA,NA,Y,NA,N,60,0,1,0,0,1,0,0,0,0,-,-,NA,NA,LOS ANGELES,LOS ANGELES,-118.42367553710938,34.04860305786133
9251746,2021,2021-04-26,1942,2021-02-04,1720,43920,0749,4,5,7,1942,0,0,0,G,0,7XL2,OLYMPIC BL,LE CLAIRE BL,0,NA,Y,A,-,N,NA,NA,NA,NA,NA,NA,NA,NA,NA,N,4,0,3,2,A,-,09,21801,NA,N,A,C,A,A,H,-,A,D,0,NA,NA,NA,NA,Y,NA,A,01,0,0,3,0,0,0,0,0,0,-,-,NA,NA,LOS ANGELES,LOS ANGELES,-118.32884216308594,34.0555305480957
9251747,2021,2021-04-26,1942,2021-02-27,1850,43890,0717,6,5,7,1942,0,0,0,G,0,7A76,LA BREA AV,BEVERLY BL,0,NA,Y,A,-,N,NA,NA,NA,NA,NA,NA,NA,NA,NA,Y,4,0,1,2,A,-,12,21453,A,N,A,C,A,A,H,-,C,D,0,NA,NA,NA,NA,Y,NA,A,01,0,0,1,0,0,0,0,0,0,-,-,NA,NA,LOS ANGELES,LOS ANGELES,-118.3440399169922,34.076168060302734
9251749,2021,2021-04-29,1941,2021-02-07,1950,5948,NA,7,5,7,1941,0,0,0,NA,0,NA,PACIFIC AV,10TH ST,0,NA,Y,A,-,N,NA,NA,NA,NA,NA,NA,NA,NA,NA,N,4,0,1,2,A,-,00,21180,A,F,G,B,B,A,H,-,C,-,0,Y,NA,NA,NA,Y,NA,A,NA,0,0,1,0,1,0,0,0,0,-,-,NA,NA,LOS ANGELES,LONG BEACH,-118.1937255859375,33.77898025512695
9251750,2021,2021-04-26,1941,2021-02-03,0528,5572,NA,3,5,7,1941,0,0,0,NA,0,NA,7TH ST,CHANNEL DR,10,E,N,B,-,N,NA,NA,NA,NA,NA,NA,NA,NA,NA,NA,4,0,1,2,A,-,11,21954,A,F,G,-,E,A,H,-,C,A,0,Y,NA,NA,NA,Y,NA,N,NA,0,0,1,0,1,0,0,0,0,-,-,NA,NA,LOS ANGELES,LONG BEACH,-118.11895751953124,33.77524185180664
9251762,2021,2021-04-30,1970,2021-03-05,1933,210,1970,5,5,4,1970,0,0,0,NA,0,004,FREMONT AV,ROLLIN ST,16,S,N,A,-,N,NA,NA,NA,NA,NA,NA,NA,NA,NA,Y,4,0,1,3,A,-,03,22350,NA,N,C,C,A,A,H,-,C,A,0,NA,NA,NA,NA,Y,NA,-,NA,0,0,1,0,0,0,0,0,0,-,-,NA,NA,LOS ANGELES,SOUTH PASADENA,-118.15318298339844,34.10884475708008
9251766,2021,2021-04-23,1970,2021-03-25,0949,169,4,4,5,4,1970,0,0,0,NA,0,004,HUNTINGTON DR,FLETCHER AV,0,NA,Y,B,-,N,NA,NA,NA,NA,NA,NA,NA,NA,NA,NA,4,0,2,4,A,-,12,21453,A,N,D,C,A,A,C,H,A,A,0,NA,NA,NA,NA,Y,NA,A,01,0,0,2,0,0,0,0,0,0,-,-,NA,NA,LOS ANGELES,SOUTH PASADENA,-118.14251708984376,34.104122161865234
9251844,2021,2021-04-26,1955,2021-02-17,1918,41365,35,3,5,6,1955,0,0,0,NA,0,002,PARK AV,MCKINLEY AV,0,NA,Y,A,-,N,NA,NA,NA,NA,NA,NA,NA,NA,NA,Y,3,0,1,2,A,-,12,22450,A,N,A,C,A,-,H,-,C,A,0,NA,NA,NA,NA,Y,NA,A,01,0,1,0,0,0,0,0,0,0,-,-,NA,NA,LOS ANGELES,POMONA,-117.75425720214844,34.075286865234375