CASE_ID,ACCIDENT_YEAR,PROC_DATE,JURIS,COLLISION_DATE,COLLISION_TIME,OFFICER_ID,REPORTING_DISTRICT,DAY_OF_WEEK,CHP_SHIFT,POPULATION,CNTY_CITY_LOC,SPECIAL_COND,BEAT_TYPE,CHP_BEAT_TYPE,CITY_DIVISION_LAPD,CHP_BEAT_CLASS,BEAT_NUMBER,PRIMARY_RD,SECONDARY_RD,DISTANCE,DIRECTION,INTERSECTION,WEATHER_1,WEATHER_2,STATE_HWY_IND,CALTRANS_COUNTY,CALTRANS_DISTRICT,STATE_ROUTE,ROUTE_SUFFIX,POSTMILE_PREFIX,POSTMILE,LOCATION_TYPE,RAMP_INTERSECTION,SIDE_OF_HWY,TOW_AWAY,COLLISION_SEVERITY,NUMBER_KILLED,NUMBER_INJURED,PARTY_COUNT,PRIMARY_COLL_FACTOR,PCF_CODE_OF_VIOL,PCF_VIOL_CATEGORY,PCF_VIOLATION,PCF_VIOL_SUBSECTION,HIT_AND_RUN,TYPE_OF_COLLISION,MVIW,PED_ACTION,ROAD_SURFACE,ROAD_COND_1,ROAD_COND_2,LIGHTING,CONTROL_DEVICE,CHP_ROAD_TYPE,PEDESTRIAN_ACCIDENT,BICYCLE_ACCIDENT,MOTORCYCLE_ACCIDENT,TRUCK_ACCIDENT,NOT_PRIVATE_PROPERTY,ALCOHOL_INVOLVED,STWD_VEHTYPE_AT_FAULT,CHP_VEHTYPE_AT_FAULT,COUNT_SEVERE_INJ,COUNT_VISIBLE_INJ,COUNT_COMPLAINT_PAIN,COUNT_PED_KILLED,COUNT_PED_INJURED,COUNT_BICYCLIST_KILLED,COUNT_BICYCLIST_INJURED,COUNT_MC_KILLED,COUNT_MC_INJURED,PRIMARY_RAMP,SECONDARY_RAMP,LATITUDE,LONGITUDE,COUNTY,CITY,POINT_X,POINT_Y
9254112,2021,2021-04-30,1955,2021-03-23,1849,41638,09,2,5,6,1955,0,0,0,NA,0,003,HOLT AV,GAREY AV,75,E,N,A,-,N,NA,NA,NA,NA,NA,NA,NA,NA,NA,NA,4,0,1,2,A,-,08,22107,NA,N,B,C,A,A,H,-,A,A,0,NA,NA,NA,Y,Y,NA,F,55,0,0,1,0,0,0,0,0,0,-,-,34.062381744384766,-117.75034332275392,LOS ANGELES,POMONA,-117.75008392333984,34.06239700317383
9254113,2021,2021-05-04,1942,2021-04-12,1805,42029,1009,1,5,7,1942,0,0,0,J,0,10A39,HAYVENHURST AV,ROSCOE BL,0,NA,Y,A,-,N,NA,NA,NA,NA,NA,NA,NA,NA,NA,Y,2,0,1,3,A,-,09,21801,A,N,D,C,A,A,H,-,A,A,0,NA,NA,NA,NA,Y,NA,A,01,1,0,0,0,0,0,0,0,0,-,-,NA,NA,LOS ANGELES,LOS ANGELES,-118.49211120605467,34.2213020324707
9254125,2021,2021-04-29,1942,2021-04-14,1350,42768,1987,3,5,7,1942,0,0,0,NA,0,19A75,CHASE ST,HAZELTINE AV,80,E,N,A,-,N,NA,NA,NA,NA,NA,NA,NA,NA,NA,Y,4,0,5,3,A,-,08,22107,NA,N,B,C,A,A,H,-,A,D,0,NA,NA,NA,NA,Y,NA,D,22,0,0,5,0,0,0,0,0,0,-,-,NA,NA,LOS ANGELES,LOS ANGELES,-118.44021606445313,34.22545623779297
9254126,2021,2021-05-03,1900,2021-04-11,1410,616639,0453,7,5,6,1949,0,0,0,NA,0,46T1P,IMPERIAL HWY,STUDEBAKER RD,140,W,N,A,-,N,NA,NA,NA,NA,NA,NA,NA,NA,NA,N,4,0,1,2,A,-,09,21801,A,N,D,C,A,A,H,-,A,D,0,NA,NA,NA,NA,Y,NA,D,22,0,0,1,0,0,0,0,0,0,-,-,NA,NA,LOS ANGELES,NORWALK,-118.09976959228516,33.917030334472656
9254144,2021,2021-05-04,1910,2021-04-12,1143,03633,NA,1,5,4,1910,0,0,0,NA,0,007,DOHENY DR,CLIFTON WY,0,NA,Y,A,-,N,NA,NA,NA,NA,NA,NA,NA,NA,NA,Y,3,0,2,2,A,-,12,21453,A,N,D,C,A,A,H,-,A,A,0,NA,NA,NA,NA,Y,NA,D,22,0,1,1,0,0,0,0,0,0,-,-,NA,NA,LOS ANGELES,BEVERLY HILLS,-118.38973236083984,34.06928253173828
9254146,2021,2021-05-03,1900,2021-04-07,1345,626564,0456,3,5,6,1949,0,0,0,NA,0,43T1,ALONDRA BL,BLACKBURN AV,6,E,N,A,-,N,NA,NA,NA,NA,NA,NA,NA,NA,NA,Y,3,0,1,2,A,-,08,22107,NA,N,D,C,A,A,H,-,A,D,0,NA,NA,NA,NA,Y,NA,-,NA,0,1,0,0,0,0,0,0,0,-,-,NA,NA,LOS ANGELES,NORWALK,-118.05864715576172,33.88771057128906
9254165,2021,2021-05-04,1900,2021-04-03,1517,644792,1120,6,5,6,1992,0,0,0,NA,0,112T2,AVENUE I,25TH ST WEST,0,NA,Y,A,-,N,NA,NA,NA,NA,NA,NA,NA,NA,NA,Y,3,0,3,2,A,-,12,21453,A,N,D,C,A,A,H,-,A,A,0,NA,NA,NA,NA,Y,NA,A,01,0,2,1,0,0,0,0,0,0,-,-,NA,NA,LOS ANGELES,LANCASTER,-118.17457580566406,34.66033172607422
9254177,2021,2021-05-03,1900,2021-04-08,0934,652873,1122,4,5,6,1992,0,0,0,NA,0,112T2,MILLING ST,DATE AV,165,W,N,A,-,N,NA,NA,NA,NA,NA,NA,NA,NA,NA,N,4,0,1,2,A,-,06,21755,A,N,-,C,A,A,H,-,A,D,0,NA,NA,NA,Y,Y,NA,A,01,0,0,1,0,0,0,0,0,0,-,-,NA,NA,LOS ANGELES,LANCASTER,-118.14102935791016,34.69606018066406
9254181,2021,2021-05-04,1900,2021-04-03,1228,629461,1135,6,5,6,1992,0,0,0,NA,0,111T1,12TH ST EAST,DONATELLO ST,236,S,N,A,-,N,NA,NA,NA,NA,NA,NA,NA,NA,NA,Y,3,0,2,3,A,-,01,23152,A,N,A,C,A,A,H,-,A,D,0,NA,NA,NA,NA,Y,Y,D,22,0,1,1,0,0,0,0,0,0,-,-,NA,NA,LOS ANGELES,LANCASTER,-118.1082000732422,34.69402313232422
9254185,2021,2021-05-03,1900,2021-04-07,0956,627967,1126,3,5,6,1992,0,0,0,NA,0,111T4,AVENUE K,12TH ST WEST,125,W,N,A,-,N,NA,NA,NA,NA,NA,NA,NA,NA,NA,Y,4,0,1,2,A,-,04,21703,NA,N,C,C,A,A,H,-,A,D,0,NA,NA,NA,NA,Y,NA,A,07,0,0,1,0,0,0,0,0,0,-,-,NA,NA,LOS ANGELES,LANCASTER,-118.15274810791016,34.674983978271484
9254197,2021,2021-05-07,1900,2021-03-27,1141,629461,1124,6,5,6,1992,0,0,0,NA,0,111T1,AVENUE M,4TH ST W,0,NA,Y,A,-,N,NA,NA,NA,NA,NA,NA,NA,NA,NA,Y,2,0,2,2,A,-,09,21801,A,N,D,C,A,A,H,-,A,A,0,NA,NA,NA,NA,Y,NA,A,01,2,0,0,0,0,0,0,0,0,-,-,NA,NA,LOS ANGELES,LANCASTER,-118.13661193847656,34.645843505859375
9254201,2021,2021-05-04,1900,2021-04-02,1823,644792,1126,5,5,6,1992,0,0,0,NA,0,111T2,AVENUE K-8,20TH ST WEST,0,NA,Y,A,-,N,NA,NA,NA,NA,NA,NA,NA,NA,NA,Y,4,0,1,2,A,-,12,21453,A,N,D,C,A,A,H,-,B,A,0,NA,NA,NA,NA,Y,NA,D,22,0,0,1,0,0,0,0,0,0,-,-,NA,NA,LOS ANGELES,LANCASTER,-118.16569519042967,34.667667388916016
9254209,2021,2021-04-30,1955,2021-03-29,2344,41883,0092,1,5,6,1955,0,0,0,NA,0,004,RESERVOIR ST,PHILLIPS BL,525,N,N,A,-,N,NA,NA,NA,NA,NA,NA,NA,NA,NA,NA,3,0,1,2,A,-,11,21954,A,F,B,B,D,A,H,-,C,A,0,Y,NA,NA,NA,Y,NA,N,60,0,1,0,0,1,0,0,0,0,-,-,34.044620513916016,-117.7322235107422,LOS ANGELES,POMONA,-117.73225402832033,34.04606628417969
9254235,2021,2021-05-05,1955,2021-04-04,2349,42661,3,7,5,6,1955,0,0,0,NA,0,014,INDIAN HILL BL,KINGSLEY AV,0,NA,Y,A,-,N,NA,NA,NA,NA,NA,NA,NA,NA,NA,NA,4,0,4,2,A,-,01,23152,A,N,D,C,A,A,H,-,C,A,0,NA,NA,NA,NA,Y,Y,A,01,0,0,4,0,0,0,0,0,0,-,-,34.066978454589844,-117.71925354003906,LOS ANGELES,POMONA,-117.71920776367188,34.066925048828125
9254242,2021,2021-04-30,1900,2021-04-03,1806,617242,1133,6,5,6,1992,0,0,0,NA,0,112T1,PALM VISTA AV,PONDERA ST,0,NA,Y,A,-,N,NA,NA,NA,NA,NA,NA,NA,NA,NA,Y,3,0,4,2,A,-,09,21800,B,N,D,C,A,A,H,-,A,D,0,NA,NA,NA,NA,Y,NA,A,01,0,3,1,0,0,0,0,0,0,-,-,NA,NA,LOS ANGELES,LANCASTER,-118.10872650146484,34.69048309326172
9254275,2021,2021-05-11,1925,2021-04-08,1500,26039,231,4,5,6,1925,0,0,0,NA,0,004,KENWOOD ST,LEXINGTON DR,0,NA,Y,A,-,N,NA,NA,NA,NA,NA,NA,NA,NA,NA,N,4,0,2,2,A,-,12,22450,A,N,D,C,A,A,H,-,A,A,0,NA,NA,NA,NA,Y,NA,A,01,0,0,2,0,0,0,0,0,0,-,-,34.151798248291016,-118.25137329101564,LOS ANGELES,GLENDALE,-118.25141143798828,34.15176773071289
9254276,2021,2021-05-20,1925,2021-04-07,2500,25163,126,3,5,6,1925,0,0,0,NA,0,005,HONOLULU AV,GLENWOOD AV,0,NA,Y,A,-,N,NA,NA,NA,NA,NA,NA,NA,NA,NA,N,3,0,1,2,A,-,00,21760,NA,M,B,G,A,A,H,-,B,-,0,NA,Y,NA,NA,Y,NA,A,07,0,1,0,0,0,0,1,0,0,-,-,NA,NA,LOS ANGELES,GLENDALE,-118.24243927001952,34.21298599243164
9254277,2021,2021-05-20,1925,2021-04-11,2230,28380,119,7,5,6,1925,0,0,0,NA,0,005,HONOLULU AV,PENNSYLVANIA AV,0,NA,Y,A,-,N,NA,NA,NA,NA,NA,NA,NA,NA,NA,Y,4,0,1,1,A,-,01,23152,A,N,E,I,A,A,H,-,C,A,0,NA,NA,NA,NA,Y,Y,A,07,0,0,1,0,0,0,0,0,0,-,-,NA,NA,LOS ANGELES,GLENDALE,-118.2487564086914,34.22049331665039
9254278,2021,2021-05-20,1925,2021-04-02,1410,26039,NA,5,5,6,1925,0,0,0,NA,0,NA,CENTRAL AV,ACACIA AV,35,N,N,A,-,N,NA,NA,NA,NA,NA,NA,NA,NA,NA,N,3,0,1,2,B,-,22,NA,NA,N,G,B,F,-,H,-,A,D,0,Y,NA,NA,NA,Y,Y,N,60,0,1,0,0,1,0,0,0,0,-,-,34.13447952270508,-118.2578582763672,LOS ANGELES,GLENDALE,-118.25788116455078,34.13493728637695
9254279,2021,2021-05-11,1925,2021-04-15,0043,25649,151,4,5,6,1925,0,0,0,NA,0,004,CHEVY CHASE DR,CHEVY OAKS DR,19,E,N,A,-,N,NA,NA,NA,NA,NA,NA,NA,NA,NA,Y,4,0,1,2,A,-,08,22107,NA,N,C,E,A,A,H,-,D,D,0,NA,NA,NA,NA,Y,NA,A,07,0,0,1,0,0,0,0,0,0,-,-,NA,NA,LOS ANGELES,GLENDALE,-118.21958923339844,34.158203125
9254280,2021,2021-06-24,1925,2021-04-10,1844,28120,5,6,5,6,1925,0,0,0,NA,0,123,HONOLULU AV,LA CRESCENTA AV,242,E,N,A,-,N,NA,NA,NA,NA,NA,NA,NA,NA,NA,N,4,0,1,2,A,-,21,22106,NA,N,B,C,A,A,-,-,A,D,0,NA,NA,NA,NA,Y,NA,A,01,0,0,1,0,0,0,0,0,0,-,-,NA,NA,LOS ANGELES,GLENDALE,-118.23936462402344,34.2110595703125
9254292,2021,2021-04-29,1910,2021-03-26,1218,04407,NA,5,5,4,1910,0,0,0,NA,0,006,N BEVERLY DR,N REXFORD DR,0,NA,Y,A,-,N,NA,NA,NA,NA,NA,NA,NA,NA,NA,Y,4,0,1,2,A,-,09,21802,A,N,D,C,A,A,H,-,A,A,0,NA,NA,NA,NA,Y,NA,D,22,0,0,1,0,0,0,0,0,0,-,-,34.087158203125,-118.4127197265625,LOS ANGELES,BEVERLY HILLS,-118.41267395019533,34.08717727661133
9254293,2021,2021-04-29,1910,2021-03-28,1820,05290,NA,7,5,4,1910,0,0,0,NA,0,005,N BEDFORD DR S,BRIGHTON WY,0,NA,Y,A,-,N,NA,NA,NA,NA,NA,NA,NA,NA,NA,Y,4,0,1,2,A,-,08,22107,NA,N,B,C,A,A,H,-,A,A,0,NA,NA,Y,NA,Y,NA,A,01,0,0,1,0,0,0,0,0,1,-,-,NA,NA,LOS ANGELES,BEVERLY HILLS,-118.40496063232422,34.06782531738281
9254294,2021,2021-04-29,1910,2021-03-28,1505,01755,NA,7,5,4,1910,0,0,0,NA,0,NA,N HILLCREST RD,ELEVADO AV,100,N,N,A,-,N,NA,NA,NA,NA,NA,NA,NA,NA,NA,Y,3,0,1,1,D,-,00,NA,NA,N,A,I,A,A,H,-,A,D,0,NA,NA,NA,NA,Y,NA,-,-,0,1,0,0,0,0,0,0,0,-,-,NA,NA,LOS ANGELES,BEVERLY HILLS,-118.39773559570313,34.08488464355469
9254296,2021,2021-04-30,1955,2021-03-29,0803,41897,68,1,5,6,1955,0,0,0,NA,0,001,TEMPLE AV,POMONA BL,0,NA,Y,A,-,N,NA,NA,NA,NA,NA,NA,NA,NA,NA,N,4,0,1,2,A,-,12,21453,A,N,D,C,A,A,H,-,A,A,0,NA,NA,NA,NA,Y,NA,A,07,0,0,1,0,0,0,0,0,0,-,-,34.04766082763672,-117.81021881103516,LOS ANGELES,POMONA,-117.81024169921876,34.047603607177734
9254297,2021,2021-04-30,1955,2021-03-26,1745,42606,089,5,5,6,1955,0,0,0,NA,0,004,RESERVOIR ST,PHILADELPHIA ST,12,S,N,A,-,N,NA,NA,NA,NA,NA,NA,NA,NA,NA,Y,4,0,1,2,A,-,03,22350,NA,N,C,C,A,A,H,-,A,A,0,NA,NA,NA,NA,Y,NA,A,01,0,0,1,0,0,0,0,0,0,-,-,34.033729553222656,-117.73175811767578,LOS ANGELES,POMONA,-117.73176574707033,34.033687591552734
9254298,2021,2021-04-30,1955,2021-03-24,1354,41974,5,3,5,6,1955,0,0,0,NA,0,004,MISSION BL,GIBBS ST,0,NA,Y,A,-,N,NA,NA,NA,NA,NA,NA,NA,NA,NA,Y,4,0,2,2,A,-,09,21802,A,N,D,C,A,A,H,-,A,A,0,NA,NA,NA,NA,Y,NA,A,01,0,0,2,0,0,0,0,0,0,-,-,NA,NA,LOS ANGELES,POMONA,-117.74787902832033,34.055171966552734
9254299,2021,2021-04-30,1955,2021-03-23,1844,41900,43,2,5,6,1955,0,0,0,NA,0,001,MURCHISON AV,RIDGEWAY ST,0,NA,Y,A,-,N,NA,NA,NA,NA,NA,NA,NA,NA,NA,Y,3,0,1,1,A,-,03,22350,NA,N,E,I,A,A,H,-,A,A,0,NA,NA,NA,NA,Y,NA,A,01,0,1,0,0,0,0,0,0,0,-,-,NA,NA,LOS ANGELES,POMONA,-117.79957580566406,34.06795120239258
9254300,2021,2021-04-30,1955,2021-03-23,1147,42150,0049,2,5,6,1955,0,0,0,NA,0,001,HAMILTON BL,HOLT AV,0,NA,Y,A,-,N,NA,NA,NA,NA,NA,NA,NA,NA,NA,N,4,0,1,2,A,-,12,21453,A,F,D,C,A,A,H,-,A,A,0,NA,NA,NA,NA,Y,NA,A,07,0,0,1,0,0,0,0,0,0,-,-,34.062068939208984,-117.76344299316406,LOS ANGELES,POMONA,-117.76341247558594,34.062049865722656
9254332,2021,2021-05-05,1941,2021-04-06,1411,10911,NA,2,5,7,1941,0,0,0,NA,0,NA,3RD ST,ATLANTIC AV,0,NA,Y,A,-,N,NA,NA,NA,NA,NA,NA,NA,NA,NA,N,4,0,1,2,D,-,00,NA,NA,N,B,-,A,A,H,-,A,A,0,NA,NA,Y,NA,Y,NA,-,-,0,0,1,0,0,0,0,0,1,-,-,NA,NA,LOS ANGELES,LONG BEACH,-118.1850357055664,33.770511627197266
9254354,2021,2021-05-03,1900,2021-02-27,1356,629461,1192,6,5,6,1992,0,0,0,NA,0,111T1,AVENUE L,30TH ST W,97,E,N,A,-,N,NA,NA,NA,NA,NA,NA,NA,NA,NA,N,4,0,3,2,A,-,21,22106,NA,N,C,C,A,A,H,-,A,A,0,NA,NA,NA,NA,Y,NA,A,01,0,0,3,0,0,0,0,0,0,-,-,NA,NA,LOS ANGELES,LANCASTER,-118.18315887451172,34.66027069091797
9254482,2021,2021-05-11,1900,2021-04-10,1351,644792,1135,6,5,6,1992,0,0,0,NA,0,111T1,AVENUE J,27TH ST EAST,0,NA,Y,A,-,N,NA,NA,NA,NA,NA,NA,NA,NA,NA,Y,4,0,1,2,A,-,09,21802,A,N,D,C,A,A,H,-,A,A,0,NA,NA,NA,NA,Y,NA,A,07,0,0,1,0,0,0,0,0,0,-,-,NA,NA,LOS ANGELES,LANCASTER,-118.08140563964844,34.689842224121094
9254486,2021,2021-05-18,1900,2021-04-05,1027,627967,1132,1,5,6,1992,0,0,0,NA,0,111T4,AVENUE J,DIVISION ST,280,E,N,A,-,N,NA,NA,NA,NA,NA,NA,NA,NA,NA,Y,4,0,3,3,A,-,08,21460,5,N,B,C,A,A,H,-,A,D,0,NA,NA,NA,NA,Y,NA,A,01,0,0,3,0,0,0,0,0,0,-,-,NA,NA,LOS ANGELES,LANCASTER,-118.13037109375,34.68947982788086
9254490,2021,2021-05-18,1900,2021-04-03,1831,610418,1137,6,5,6,1992,0,0,0,NA,0,111T1,AVENUE J-8,20TH ST EAST,0,NA,Y,A,-,N,NA,NA,NA,NA,NA,NA,NA,NA,NA,Y,4,0,2,2,A,-,12,21453,A,N,B,C,A,A,H,-,A,A,0,NA,NA,NA,NA,Y,NA,A,07,0,0,2,0,0,0,0,0,0,-,-,NA,NA,LOS ANGELES,LANCASTER,-118.09471130371094,34.68232727050781
9254491,2021,2021-05-03,1900,2021-03-22,0046,603000,1133,1,5,6,1992,0,0,0,NA,0,112T2,AVE J-7,GLENRAVEN RD,105,E,N,A,-,N,NA,NA,NA,NA,NA,NA,NA,NA,NA,Y,4,0,2,2,A,-,01,23152,F,M,C,C,A,A,H,-,C,D,0,NA,NA,NA,NA,Y,Y,A,01,0,0,2,0,0,0,0,0,0,-,-,NA,NA,LOS ANGELES,LANCASTER,-118.12326049804688,34.68255615234375
9254495,2021,2021-05-13,1901,2021-03-20,1612,295,6,6,5,5,1901,0,0,0,NA,0,001,GARFIELD AV,COMMONWEALTH AV,0,NA,Y,A,-,N,NA,NA,NA,NA,NA,NA,NA,NA,NA,N,3,0,1,2,A,-,12,21453,A,N,D,C,A,A,H,-,A,A,0,NA,NA,NA,NA,Y,NA,A,01,0,1,0,0,0,0,0,0,0,-,-,34.092159271240234,-118.12477111816406,LOS ANGELES,ALHAMBRA,-118.12474060058594,34.09210968017578
9254506,2021,2021-04-30,1925,2021-04-18,2024,26159,2,7,5,6,1925,0,0,0,NA,0,269,CENTRAL,LOMITA,0,NA,Y,A,-,N,NA,NA,NA,NA,NA,NA,NA,NA,NA,Y,3,0,1,2,A,-,01,23152,A,N,A,C,A,A,H,-,C,A,0,NA,NA,NA,NA,Y,Y,A,01,0,1,0,0,0,0,0,0,0,-,-,NA,NA,LOS ANGELES,GLENDALE,-118.2578582763672,34.13990783691406
9254510,2021,2021-04-30,1925,2021-04-16,1848,28123,3,5,5,6,1925,0,0,0,NA,0,248,COLORADO ST,LOUISE ST,79,W,N,A,-,N,NA,NA,NA,NA,NA,NA,NA,NA,NA,Y,4,0,2,2,A,-,01,23152,A,N,C,C,A,A,H,-,A,D,0,NA,NA,NA,NA,Y,Y,A,01,0,0,2,0,0,0,0,0,0,-,-,NA,NA,LOS ANGELES,GLENDALE,-118.25286102294922,34.14259338378906
9254514,2021,2021-04-30,1910,2021-04-09,1520,03410,NA,5,5,4,1910,0,0,0,NA,0,006,NORTH SANTA MONICA BL,N HILLCREST DR,0,NA,Y,A,-,N,NA,NA,NA,NA,NA,NA,NA,NA,NA,N,4,0,1,2,A,-,08,22107,NA,F,D,G,A,A,H,-,A,D,0,NA,Y,NA,NA,Y,NA,A,01,0,0,1,0,0,0,1,0,0,-,-,NA,NA,LOS ANGELES,BEVERLY HILLS,-118.39451599121094,34.07793426513672
9254518,2021,2021-04-30,1910,2021-04-05,1335,03633,NA,1,5,4,1910,0,0,0,NA,0,006,REXFORD DR,LEXINGTON RD,300,N,N,A,-,N,NA,NA,NA,NA,NA,NA,NA,NA,NA,Y,4,0,1,1,A,-,03,22350,NA,N,E,I,A,A,H,-,A,D,0,NA,NA,NA,NA,Y,NA,A,01,0,0,1,0,0,0,0,0,0,-,-,NA,NA,LOS ANGELES,BEVERLY HILLS,-118.41168212890624,34.08696746826172
9254522,2021,2021-04-30,1910,2021-04-14,0917,03209,NA,3,5,4,1910,0,0,0,NA,0,004,N BEVERLY DR,LEXINGTON AV,0,NA,Y,B,-,N,NA,NA,NA,NA,NA,NA,NA,NA,NA,Y,4,0,1,3,A,-,12,21453,A,N,D,C,A,A,H,-,A,A,0,NA,NA,NA,NA,Y,NA,A,01,0,0,1,0,0,0,0,0,0,-,-,NA,NA,LOS ANGELES,BEVERLY HILLS,-118.41275024414064,34.085575103759766
9254526,2021,2021-04-30,1910,2021-04-09,1730,03633,NA,5,5,4,1910,0,0,0,NA,0,NA,SANTA MONICA BL,HILLCREST RD,200,E,N,A,-,N,NA,NA,NA,NA,NA,NA,NA,NA,NA,N,3,0,2,2,A,-,03,22350,NA,N,C,C,A,A,H,-,A,D,0,NA,NA,NA,NA,Y,NA,A,01,0,1,1,0,0,0,0,0,0,-,-,NA,NA,LOS ANGELES,BEVERLY HILLS,-118.39401245117188,34.07828140258789
9254530,2021,2021-04-30,1910,2021-04-12,1430,04267,NA,1,5,4,1910,0,0,0,NA,0,009,CLIFTON WY,SAN VICENTE,0,NA,Y,A,-,N,NA,NA,NA,NA,NA,NA,NA,NA,NA,Y,4,0,1,2,A,-,03,22350,NA,N,C,C,A,A,H,-,A,D,0,NA,NA,NA,NA,Y,NA,A,01,0,0,1,0,0,0,0,0,0,-,-,NA,NA,LOS ANGELES,BEVERLY HILLS,-118.37541198730467,34.0693473815918
9254549,2021,2021-05-18,1900,2021-04-02,1145,629461,1126,5,5,6,1992,0,0,0,NA,0,1126,17TH ST WEST,AVENUE K,108,N,N,A,-,N,NA,NA,NA,NA,NA,NA,NA,NA,NA,N,4,0,1,2,A,-,21,22106,NA,N,C,C,A,A,H,-,A,A,0,NA,NA,NA,NA,Y,NA,A,07,0,0,1,0,0,0,0,0,0,-,-,NA,NA,LOS ANGELES,LANCASTER,-118.1612548828125,34.67527770996094
9254552,2021,2021-04-30,1901,2021-01-13,1718,170,2,3,5,5,1901,0,0,0,NA,0,001,3RD ST,MAIN ST,0,NA,Y,A,-,N,NA,NA,NA,NA,NA,NA,NA,NA,NA,N,4,0,1,2,A,-,10,21950,A,N,G,B,B,A,H,-,B,A,0,Y,NA,NA,NA,Y,NA,A,01,0,0,1,0,1,0,0,0,0,-,-,34.09368133544922,-118.13008880615234,LOS ANGELES,ALHAMBRA,-118.13011932373048,34.0936279296875
9254553,2021,2021-06-07,1900,2021-04-15,2141,629461,1137,4,5,6,1992,0,0,0,NA,0,111T1,CHALLENGER WY,AVENUE J,177,S,N,A,-,N,NA,NA,NA,NA,NA,NA,NA,NA,NA,Y,3,0,2,2,A,-,03,22350,NA,N,C,C,A,A,H,-,A,A,0,NA,NA,Y,NA,Y,NA,C,02,0,1,1,0,0,0,0,0,1,-,-,NA,NA,LOS ANGELES,LANCASTER,-118.11265563964844,34.688995361328125
9254556,2021,2021-04-30,1901,2021-01-08,1556,161,4,5,5,5,1901,0,0,0,NA,0,001,HIDALGO AV,MAIN ST,107,N,N,A,-,N,NA,NA,NA,NA,NA,NA,NA,NA,NA,N,2,0,1,2,A,-,11,21956,A,N,G,B,D,A,H,-,A,D,0,Y,NA,NA,NA,Y,NA,N,60,1,0,0,0,1,0,0,0,0,-,-,34.09846878051758,-118.11992645263672,LOS ANGELES,ALHAMBRA,-118.1199188232422,34.09843826293945
9254557,2021,2021-05-18,1900,2021-04-11,1100,636283,1133,7,5,6,1992,0,0,0,NA,0,112T2,DIVISION ST,CARRIAGE LANE,164,N,N,A,-,N,NA,NA,NA,NA,NA,NA,NA,NA,NA,Y,4,0,1,2,A,-,03,22350,NA,N,C,C,A,A,H,-,A,D,0,NA,NA,NA,NA,Y,NA,A,01,0,0,1,0,0,0,0,0,0,-,-,NA,NA,LOS ANGELES,LANCASTER,-118.13019561767578,34.676918029785156
9254582,2021,2021-04-29,1900,2021-02-28,1812,605526,0460,7,5,4,1936,0,0,0,NA,0,46T1,IMPERIAL HWY,LA MIRADA BL,21,E,N,A,-,N,NA,NA,NA,NA,NA,NA,NA,NA,NA,Y,3,0,2,3,A,-,03,22350,NA,F,C,C,A,A,H,-,A,A,0,NA,NA,NA,NA,Y,NA,A,01,0,1,1,0,0,0,0,0,0,-,-,NA,NA,LOS ANGELES,LA MIRADA,-118.01192474365234,33.91712951660156
9254638,2021,2021-05-05,1969,2021-01-21,1209,20226,TRAFF,4,5,5,1969,0,0,0,NA,0,005,IMPERIAL HWY,AMERY AV,0,NA,Y,A,-,N,NA,NA,NA,NA,NA,NA,NA,NA,NA,Y,4,0,2,2,D,-,00,NA,NA,N,D,C,A,A,H,-,A,A,0,NA,NA,NA,NA,Y,NA,-,-,0,0,2,0,0,0,0,0,0,-,-,33.92945861816406,-118.16448211669922,LOS ANGELES,SOUTH GATE,-118.16494750976564,33.92953109741211
9254644,2021,2021-05-05,1976,2021-04-10,2135,490,NA,6,5,5,1976,0,0,0,NA,0,NA,HADLEY ST,MAGNOLIA AV,0,NA,Y,A,-,N,NA,NA,NA,NA,NA,NA,NA,NA,NA,Y,4,0,1,2,A,-,01,23152,A,N,D,C,A,A,H,-,C,A,0,NA,NA,NA,NA,Y,Y,A,01,0,0,1,0,0,0,0,0,0,-,-,NA,NA,LOS ANGELES,WHITTIER,-118.05023956298828,33.98273849487305
9254645,2021,2021-05-05,1976,2021-04-10,1831,552,NA,6,5,5,1976,0,0,0,NA,0,002,MULBERRY DR,GREENLEAF AV,231,W,N,A,-,N,NA,NA,NA,NA,NA,NA,NA,NA,NA,Y,4,0,1,2,A,-,07,21658,NA,N,E,I,A,A,H,-,B,D,0,NA,NA,NA,NA,Y,NA,A,01,0,0,1,0,0,0,0,0,0,-,-,NA,NA,LOS ANGELES,WHITTIER,-118.0474090576172,33.95652389526367
9254656,2021,2021-05-05,1902,2021-04-19,1610,631,21,1,5,5,1902,0,0,0,NA,0,004,ARCADIA AV,BALDWIN AV,360,E,N,A,-,N,NA,NA,NA,NA,NA,NA,NA,NA,NA,N,4,0,1,2,A,-,09,21804,A,N,G,B,D,A,A,-,A,D,0,Y,NA,NA,NA,Y,NA,A,07,0,0,1,0,1,0,0,0,0,-,-,NA,NA,LOS ANGELES,ARCADIA,-118.05477142333984,34.127288818359375
9254657,2021,2021-05-05,1902,2021-04-20,1148,814,18,2,5,5,1902,0,0,0,NA,0,003,COLORADO ST,BALDDWIN AV EXTENSION,0,NA,Y,A,-,N,NA,NA,NA,NA,NA,NA,NA,NA,NA,Y,3,0,5,2,A,-,12,21453,A,N,D,C,A,A,H,-,A,A,0,NA,NA,NA,NA,Y,NA,A,01,0,2,3,0,0,0,0,0,0,-,-,NA,NA,LOS ANGELES,ARCADIA,-118.05033111572266,34.148338317871094
9254658,2021,2021-05-05,1902,2021-04-22,0916,813,36,4,5,5,1902,0,0,0,NA,0,005,PECK RD,RANDOLPH ST,97,N,N,A,-,N,NA,NA,NA,NA,NA,NA,NA,NA,NA,Y,4,0,1,2,A,-,09,21802,A,N,D,C,A,A,H,-,A,A,0,NA,NA,NA,NA,Y,NA,A,01,0,0,1,0,0,0,0,0,0,-,-,NA,NA,LOS ANGELES,ARCADIA,-118.00940704345705,34.101226806640625
9254659,2021,2021-05-05,1902,2021-04-23,0724,798,21,5,5,5,1902,0,0,0,NA,0,004,DUARTE RD,SUNSET BL,150,E,N,A,-,N,NA,NA,NA,NA,NA,NA,NA,NA,NA,Y,3,0,1,3,A,-,07,21658,A,N,B,E,A,A,H,-,A,D,0,NA,NA,NA,NA,Y,NA,A,01,0,1,0,0,0,0,0,0,0,-,-,NA,NA,LOS ANGELES,ARCADIA,-118.06400299072266,34.124752044677734