CASE_ID,ACCIDENT_YEAR,PROC_DATE,JURIS,COLLISION_DATE,COLLISION_TIME,OFFICER_ID,REPORTING_DISTRICT,DAY_OF_WEEK,CHP_SHIFT,POPULATION,CNTY_CITY_LOC,SPECIAL_COND,BEAT_TYPE,CHP_BEAT_TYPE,CITY_DIVISION_LAPD,CHP_BEAT_CLASS,BEAT_NUMBER,PRIMARY_RD,SECONDARY_RD,DISTANCE,DIRECTION,INTERSECTION,WEATHER_1,WEATHER_2,STATE_HWY_IND,CALTRANS_COUNTY,CALTRANS_DISTRICT,STATE_ROUTE,ROUTE_SUFFIX,POSTMILE_PREFIX,POSTMILE,LOCATION_TYPE,RAMP_INTERSECTION,SIDE_OF_HWY,TOW_AWAY,COLLISION_SEVERITY,NUMBER_KILLED,NUMBER_INJURED,PARTY_COUNT,PRIMARY_COLL_FACTOR,PCF_CODE_OF_VIOL,PCF_VIOL_CATEGORY,PCF_VIOLATION,PCF_VIOL_SUBSECTION,HIT_AND_RUN,TYPE_OF_COLLISION,MVIW,PED_ACTION,ROAD_SURFACE,ROAD_COND_1,ROAD_COND_2,LIGHTING,CONTROL_DEVICE,CHP_ROAD_TYPE,PEDESTRIAN_ACCIDENT,BICYCLE_ACCIDENT,MOTORCYCLE_ACCIDENT,TRUCK_ACCIDENT,NOT_PRIVATE_PROPERTY,ALCOHOL_INVOLVED,STWD_VEHTYPE_AT_FAULT,CHP_VEHTYPE_AT_FAULT,COUNT_SEVERE_INJ,COUNT_VISIBLE_INJ,COUNT_COMPLAINT_PAIN,COUNT_PED_KILLED,COUNT_PED_INJURED,COUNT_BICYCLIST_KILLED,COUNT_BICYCLIST_INJURED,COUNT_MC_KILLED,COUNT_MC_INJURED,PRIMARY_RAMP,SECONDARY_RAMP,LATITUDE,LONGITUDE,COUNTY,CITY,POINT_X,POINT_Y
9255322,2021,2021-05-11,1900,2021-04-12,1026,601485,2627,1,5,6,1950,0,0,0,NA,0,260T1,20TH ST E,AVENUE L,0,NA,Y,A,-,N,NA,NA,NA,NA,NA,NA,NA,NA,NA,Y,3,0,2,2,A,-,09,21801,A,N,A,C,A,A,H,-,A,A,0,NA,NA,NA,NA,Y,NA,A,01,0,1,1,0,0,0,0,0,0,-,-,34.6605110168457,-118.09451293945313,LOS ANGELES,PALMDALE,-118.0945281982422,34.6605110168457
9255323,2021,2021-05-11,1900,2021-04-04,2014,613742,2612,7,5,6,1950,0,0,0,NA,0,262T1,TRADE CENTER DR,TECHNOLOGY DR,0,NA,Y,A,-,N,NA,NA,NA,NA,NA,NA,NA,NA,NA,Y,3,0,3,2,A,-,12,21453,A,N,D,C,A,A,H,-,C,A,0,NA,NA,NA,NA,Y,NA,A,01,0,3,0,0,0,0,0,0,0,-,-,34.352718353271484,-118.83580017089844,LOS ANGELES,PALMDALE,-118.14315032958984,34.594451904296875
9255324,2021,2021-05-11,1900,2021-04-04,1435,625464,2603,7,5,6,1950,0,0,0,NA,0,264T1,PEAR BLOSSOM HWY,25TH ST E,110,W,N,A,-,N,NA,NA,NA,NA,NA,NA,NA,NA,NA,Y,4,0,1,1,A,-,08,22107,NA,N,F,I,A,A,H,-,A,A,0,NA,NA,NA,NA,Y,NA,A,07,0,0,1,0,0,0,0,0,0,-,-,34.5377082824707,-118.08296966552734,LOS ANGELES,PALMDALE,-118.08275604248048,34.53770446777344
9255325,2021,2021-05-11,1900,2021-04-06,0246,639633,2619,2,5,6,1950,0,0,0,NA,0,263T1,AVENUE M,SIERRA HWY,427,W,N,A,-,N,NA,NA,NA,NA,NA,NA,NA,NA,NA,N,2,0,1,2,A,-,09,21804,A,N,D,D,A,A,H,-,C,D,0,NA,NA,Y,NA,Y,NA,A,01,1,0,0,0,0,0,0,0,1,-,-,34.6457405090332,-118.12995910644533,LOS ANGELES,PALMDALE,-118.12966918945313,34.64585876464844
9255326,2021,2021-05-11,1900,2021-04-12,1730,473617,2610,1,5,6,1950,0,0,0,NA,0,263T1,PALMDALE BL,5TH ST EAST,394,W,N,A,-,N,NA,NA,138,NA,NA,NA,NA,NA,NA,N,4,0,1,2,A,-,09,21801,A,N,-,C,A,A,H,-,D,D,0,NA,NA,NA,NA,Y,NA,A,08,0,0,1,0,0,0,0,0,0,-,-,34.58000183105469,-118.12200164794922,LOS ANGELES,PALMDALE,-118.12201690673828,34.57981491088867
9255327,2021,2021-05-11,1900,2021-04-08,0845,625464,2608,4,5,6,1950,0,0,0,NA,0,264T1,AVENUE S,25TH ST E,42,E,N,A,-,N,NA,NA,NA,NA,NA,NA,NA,NA,NA,Y,4,0,1,2,A,-,03,22350,NA,N,C,C,A,A,H,-,A,D,0,NA,NA,NA,NA,Y,NA,-,-,0,0,1,0,0,0,0,0,0,-,-,34.55815887451172,-118.08454895019533,LOS ANGELES,PALMDALE,-118.08474731445313,34.558082580566406
9255328,2021,2021-05-11,1900,2021-04-02,1125,502363,2607,5,5,6,1950,0,0,0,NA,0,263T1,FORT TEJON RD,AVENUE T,0,NA,Y,A,-,N,NA,NA,NA,NA,NA,NA,NA,NA,NA,N,4,0,1,2,A,-,03,22350,NA,N,C,C,A,A,H,-,A,D,0,NA,NA,NA,NA,Y,NA,A,08,0,0,1,0,0,0,0,0,0,-,-,34.54296112060547,-118.03074645996094,LOS ANGELES,PALMDALE,-118.03037261962892,34.542720794677734
9255329,2021,2021-05-11,1900,2021-04-03,0225,606079,2636,6,5,6,1950,0,0,0,NA,0,260T1,50TH ST E,AVENUE M,0,NA,Y,A,-,N,NA,NA,NA,NA,NA,NA,NA,NA,NA,Y,3,0,1,1,A,-,01,23152,A,M,E,I,A,A,H,-,D,A,0,NA,NA,NA,NA,Y,Y,A,01,0,1,0,0,0,0,0,0,0,-,-,34.645931243896484,-118.04077911376952,LOS ANGELES,PALMDALE,-118.0408935546875,34.64602279663086
9255330,2021,2021-05-11,1900,2021-04-06,0919,625464,2636,2,5,6,1950,0,0,0,NA,0,264T1,50TH ST E,AVENUE P,260,S,N,A,-,N,NA,NA,NA,NA,NA,NA,NA,NA,NA,Y,3,0,2,2,A,-,01,23152,A,N,B,C,A,A,H,-,A,D,0,NA,NA,NA,NA,Y,Y,A,01,0,1,1,0,0,0,0,0,0,-,-,34.60123062133789,-118.04087829589844,LOS ANGELES,PALMDALE,-118.04100799560548,34.65987777709961
9255331,2021,2021-05-11,1900,2021-04-10,0956,622105,2607,6,5,6,1950,0,0,0,NA,0,264T1,FORT TEJON RD,GOLDENVIEW WY,0,NA,Y,A,-,N,NA,NA,NA,NA,NA,NA,NA,NA,NA,Y,3,0,1,3,A,-,09,21801,A,N,A,C,A,A,H,-,A,D,0,NA,NA,NA,NA,Y,NA,A,01,0,1,0,0,0,0,0,0,0,-,-,34.55112075805664,-118.04115295410156,LOS ANGELES,PALMDALE,-118.04125213623048,34.55067443847656
9255332,2021,2021-05-19,1900,2021-04-09,1630,633461,2603,5,5,6,1950,0,0,0,NA,0,264T1,57TH ST EAST,LAUREL AV,0,NA,Y,A,-,N,NA,NA,NA,NA,NA,NA,NA,NA,NA,Y,4,0,2,2,A,-,05,21650,NA,N,A,C,A,A,H,-,A,D,0,NA,NA,NA,NA,Y,NA,-,-,0,0,2,0,0,0,0,0,0,-,-,34.554039001464844,-118.02818298339844,LOS ANGELES,PALMDALE,-118.02816772460938,34.55399703979492
9255333,2021,2021-05-11,1900,2021-04-08,1952,625597,2608,4,5,6,1950,0,0,0,NA,0,263T1,AVENUE S-8,42ND ST E,0,NA,Y,A,-,N,NA,NA,NA,NA,NA,NA,NA,NA,NA,Y,4,0,1,2,A,-,08,22107,NA,N,B,C,A,A,H,-,C,D,0,NA,NA,NA,NA,Y,NA,A,01,0,0,1,0,0,0,0,0,0,-,-,34.549949645996094,-118.05435943603516,LOS ANGELES,PALMDALE,-118.05411529541016,34.550010681152344
9255334,2021,2021-05-11,1900,2021-04-19,1258,430275,1510,1,5,5,1954,0,0,0,NA,0,151T1,WHITTIER BL,ROSEMEAD BL,156,W,N,A,-,N,NA,NA,NA,NA,NA,NA,NA,NA,NA,N,4,0,1,2,A,-,03,22350,NA,M,G,B,F,A,H,-,A,D,0,Y,NA,NA,NA,Y,NA,A,07,0,0,1,0,1,0,0,0,0,-,-,34.00189971923828,-118.08450317382813,LOS ANGELES,PICO RIVERA,-118.08429718017578,34.00144958496094
9255335,2021,2021-05-11,1900,2021-04-14,0830,40275,1517,3,5,5,1954,0,0,0,NA,0,151T1,SLAUSON AV,SERAPIS AV,22,E,N,B,-,N,NA,NA,NA,NA,NA,NA,NA,NA,NA,N,4,0,1,3,A,-,03,22350,NA,N,-,C,A,A,H,-,A,-,0,NA,NA,NA,NA,Y,NA,-,99,0,0,1,0,0,0,0,0,0,-,-,33.96989822387695,-118.10060119628906,LOS ANGELES,PICO RIVERA,-118.10091400146484,33.969661712646484
9255336,2021,2021-05-11,1900,2021-04-03,2221,499039,1517,6,5,5,1954,0,0,0,NA,0,151T3,SLAUSON AV,PASSONS BL,39,E,N,A,-,N,NA,NA,NA,NA,NA,NA,NA,NA,NA,N,3,0,3,2,A,-,21,22106,NA,N,C,C,A,A,H,-,B,A,0,NA,NA,NA,NA,Y,NA,A,01,0,3,0,0,0,0,0,0,0,-,-,33.96855926513672,-118.09696197509766,LOS ANGELES,PICO RIVERA,-118.09710693359376,33.968502044677734
9255337,2021,2021-05-11,1900,2021-04-19,1210,430275,1513,1,5,5,1954,0,0,0,NA,0,151T1,ROSEMEAD BL,WHITTIER BL,36,S,N,A,-,N,NA,NA,NA,NA,NA,NA,NA,NA,NA,Y,4,0,1,1,A,-,03,22350,NA,N,E,I,A,A,H,-,A,A,0,NA,NA,NA,NA,Y,NA,A,08,0,0,1,0,0,0,0,0,0,-,-,34.00130081176758,-118.08380126953124,LOS ANGELES,PICO RIVERA,-118.08386993408205,34.00115203857422
9255338,2021,2021-05-11,1900,2021-04-02,1420,646149,1513,5,5,5,1954,0,0,0,NA,0,151T2,PARAMOUNT BL,WASHINGTON BL,0,NA,Y,A,-,N,NA,NA,NA,NA,NA,NA,NA,NA,NA,Y,4,0,1,2,D,-,00,NA,NA,N,G,C,A,A,H,-,A,A,0,NA,NA,NA,NA,Y,NA,-,-,0,0,1,0,0,0,0,0,0,-,-,33.59156036376953,-118.06185913085938,LOS ANGELES,PICO RIVERA,-118.10523223876952,33.987545013427734
9255339,2021,2021-05-11,1900,2021-04-14,1948,499039,1511,3,5,5,1954,0,0,0,NA,0,151T2,SAN GABRIEL RIVER PKWY,CYPRESS POINT DR,39,E,N,A,-,N,NA,NA,NA,NA,NA,NA,NA,NA,NA,N,3,0,1,1,A,-,08,22107,NA,N,F,I,A,A,H,-,B,D,0,NA,NA,NA,NA,Y,NA,A,07,0,1,0,0,0,0,0,0,0,-,-,34.01359176635742,-118.06356048583984,LOS ANGELES,PICO RIVERA,-118.06509399414064,34.01371765136719
9255351,2021,2021-05-11,1976,2021-04-16,0002,553,1976,5,5,5,1976,0,0,0,NA,0,004,LEFFINGWELL RD,SANTA GERTRUDES AV,36,E,N,B,-,N,NA,NA,NA,NA,NA,NA,NA,NA,NA,Y,4,0,1,2,A,-,09,21801,A,N,D,C,A,A,H,-,C,A,0,NA,NA,NA,NA,Y,NA,A,01,0,0,1,0,0,0,0,0,0,-,-,NA,NA,LOS ANGELES,WHITTIER,-117.9931182861328,33.93121337890625
9255352,2021,2021-05-11,1976,2021-04-15,1050,424,1976,4,5,5,1976,0,0,0,NA,0,001,PAINTER AV,BROADWAY,0,NA,Y,A,-,N,NA,NA,NA,NA,NA,NA,NA,NA,NA,N,3,0,1,2,D,-,00,NA,NA,N,-,G,A,A,H,-,A,A,0,NA,Y,NA,NA,Y,NA,-,-,0,1,0,0,0,0,1,0,0,-,-,NA,NA,LOS ANGELES,WHITTIER,-118.0326690673828,33.98626708984375
92553577,2024,2024-07-23,9545,2024-07-21,2315,023381,NA,7,3,9,1900,0,3,5,NA,2,004,96TH STREET  EAST,AVENUE T,0,NA,Y,A,-,N,NA,NA,NA,NA,NA,NA,NA,NA,NA,Y,3,0,1,2,A,-,01,23152,A,N,D,C,A,A,H,-,C,A,0,NA,NA,NA,NA,Y,Y,A,01,0,1,0,0,0,0,0,0,0,-,-,34.54296112060547,-117.9581298828125,LOS ANGELES,UNINCORPORATED,-117.95812225341795,34.54293441772461
9255385,2021,2021-05-11,1900,2021-04-27,1911,616639,0155,2,5,6,1949,0,0,0,NA,0,43T1,ALONDRA BL,LEIBACHER AV,84,E,N,A,-,N,NA,NA,NA,NA,NA,NA,NA,NA,NA,N,3,0,1,2,A,-,08,22107,NA,M,B,C,A,A,H,-,A,D,0,NA,NA,Y,NA,Y,NA,A,01,0,1,0,0,0,0,0,0,1,-,-,NA,NA,LOS ANGELES,NORWALK,-118.10233306884766,33.88768005371094
9255386,2021,2021-05-11,1900,2021-04-16,1731,642089,0464,5,5,4,1936,0,0,0,NA,0,46T2,SANTA GERTRUDES AV,ADELFA DR,420,S,N,A,-,N,NA,NA,NA,NA,NA,NA,NA,NA,NA,Y,4,0,1,1,A,-,08,22107,NA,M,E,I,A,A,H,-,A,A,0,NA,NA,NA,NA,Y,NA,A,01,0,0,1,0,0,0,0,0,0,-,-,NA,NA,LOS ANGELES,LA MIRADA,-118.00059509277344,33.8925666809082
9255387,2021,2021-05-11,1900,2021-04-16,2056,605526,0468,5,5,4,1936,0,0,0,NA,0,46T1,BEACH BL,ROSECRANS AV,90,N,N,A,-,N,NA,NA,NA,NA,NA,NA,NA,NA,NA,Y,3,0,3,2,A,-,09,21801,A,N,D,C,A,A,H,-,C,D,0,NA,NA,NA,NA,Y,NA,A,01,0,1,2,0,0,0,0,0,0,-,-,NA,NA,LOS ANGELES,LA MIRADA,-117.98706817626952,33.89645767211914
9255389,2021,2021-05-11,1975,2021-04-04,0739,469,NA,7,5,6,1975,0,0,0,NA,0,001,AZUSA CANYON RD,LOS ANGELES ST,78,S,N,A,-,N,NA,NA,NA,NA,NA,NA,NA,NA,NA,Y,4,0,1,1,A,-,03,22350,NA,N,E,J,A,A,H,-,A,A,0,NA,NA,NA,NA,Y,NA,A,07,0,0,1,0,0,0,0,0,0,-,-,34.092620849609375,-117.94302368164064,LOS ANGELES,WEST COVINA,-117.94303131103516,34.092491149902344
9255501,2021,2021-05-12,1920,2021-04-04,0010,14077,NA,7,5,6,1920,0,0,0,NA,0,005,FIRESTONE BL,LAKEWOOD BL,0,NA,Y,A,-,N,NA,NA,NA,NA,NA,NA,NA,NA,NA,Y,4,0,1,2,A,-,09,21801,A,N,D,C,A,A,H,-,C,A,0,NA,NA,NA,NA,Y,NA,A,01,0,0,1,0,0,0,0,0,0,-,-,NA,NA,LOS ANGELES,DOWNEY,-118.12395477294922,33.93549728393555
9255502,2021,2021-05-12,1920,2021-04-01,2115,13965,NA,4,5,6,1920,0,0,0,NA,0,005,DOWNEY AV,6TH ST,47,S,N,A,-,N,NA,NA,NA,NA,NA,NA,NA,NA,NA,N,4,0,1,1,A,-,03,22350,NA,N,E,I,A,A,H,-,C,A,0,NA,NA,Y,NA,Y,NA,C,02,0,0,1,0,0,0,0,0,1,-,-,NA,NA,LOS ANGELES,DOWNEY,-118.1301040649414,33.94491195678711
9255503,2021,2021-05-12,1920,2021-04-07,1951,13500,1920,3,5,6,1920,0,0,0,NA,0,001,COLUMBIA WY,ANGELL ST,106,N,N,A,-,N,NA,NA,NA,NA,NA,NA,NA,NA,NA,Y,3,0,5,3,A,-,03,22350,NA,N,C,C,A,A,H,-,C,D,0,NA,NA,NA,NA,Y,NA,A,01,0,1,4,0,0,0,0,0,0,-,-,NA,NA,LOS ANGELES,DOWNEY,-118.13413238525392,33.912559509277344
9255504,2021,2021-05-12,1920,2021-04-09,2135,13965,NA,5,5,6,1920,0,0,0,NA,0,003,PARAMOUNT BL,GALLATIN RD,805,N,N,A,-,N,NA,NA,NA,NA,NA,NA,NA,NA,NA,Y,4,0,1,2,A,-,09,21802,A,F,D,C,A,A,H,-,C,A,0,NA,NA,NA,NA,Y,NA,B,07,0,0,1,0,0,0,0,0,0,-,-,NA,NA,LOS ANGELES,DOWNEY,-118.12142944335938,33.96344757080078
9255505,2021,2021-05-12,1920,2021-04-02,2115,13499,1920,5,5,6,1920,0,0,0,NA,0,004,LAKEWOOD BL,FLORENCE AV,50,S,N,A,-,N,NA,NA,NA,NA,NA,NA,NA,NA,NA,N,4,0,5,4,A,-,03,22350,NA,N,C,C,A,A,H,-,C,A,0,NA,NA,NA,NA,Y,Y,A,01,0,0,5,0,0,0,0,0,0,-,-,NA,NA,LOS ANGELES,DOWNEY,-118.1172103881836,33.94732666015625
9255506,2021,2021-05-12,1920,2021-04-02,1949,13635,NA,5,5,6,1920,0,0,0,NA,0,NA,FLORENCE AV,WOODRUFF AV,0,NA,Y,A,-,N,NA,NA,NA,NA,NA,NA,NA,NA,NA,N,4,0,1,2,A,-,09,21801,A,N,H,G,A,A,H,-,C,A,0,NA,Y,NA,NA,Y,NA,A,01,0,0,1,0,0,0,1,0,0,-,-,NA,NA,LOS ANGELES,DOWNEY,-118.11036682128906,33.94403839111328
9255507,2021,2021-05-17,1920,2021-04-03,0943,13118,1920,6,5,6,1920,0,0,0,NA,0,003,PARAMOUNT BL,7TH ST,0,NA,Y,B,-,N,NA,NA,NA,NA,NA,NA,NA,NA,NA,Y,3,0,2,2,A,-,12,21453,A,N,D,C,A,A,H,-,A,A,0,NA,NA,NA,NA,Y,NA,-,-,0,2,0,0,0,0,0,0,0,-,-,NA,NA,LOS ANGELES,DOWNEY,-118.1337890625,33.94837951660156
9255514,2021,2021-05-12,1925,2021-04-25,0628,24582,241,7,5,6,1925,0,0,0,NA,0,003,COLORADO ST,VERDUGO RD,65,E,N,A,-,N,NA,NA,NA,NA,NA,NA,NA,NA,NA,N,2,0,1,2,A,-,08,22107,NA,F,G,B,F,A,H,-,A,D,0,Y,NA,NA,NA,Y,NA,B,01,1,0,0,0,1,0,0,0,0,-,-,NA,NA,LOS ANGELES,GLENDALE,-118.23385620117188,34.14275360107422
9255515,2021,2021-05-12,1925,2021-04-27,1116,21092,163,2,5,6,1925,0,0,0,NA,0,004,GLENOAKS BL,ISABEL ST,61,E,N,B,-,N,NA,NA,NA,NA,NA,NA,NA,NA,NA,Y,4,0,1,2,A,-,09,21801,A,N,D,C,A,A,H,-,A,D,0,NA,NA,NA,NA,Y,NA,A,01,0,0,1,0,0,0,0,0,0,-,-,NA,NA,LOS ANGELES,GLENDALE,-118.24885559082033,34.1583137512207
9255516,2021,2021-05-12,1920,2021-04-16,1613,13373,NA,5,5,6,1920,0,0,0,NA,0,NA,TELEGRAPH RD,STOAKES AV,0,NA,Y,A,-,N,NA,NA,NA,NA,NA,NA,NA,NA,NA,N,4,0,1,2,A,-,09,21801,A,N,A,C,A,A,H,-,A,D,0,NA,NA,NA,NA,Y,NA,A,01,0,0,1,0,0,0,0,0,0,-,-,NA,NA,LOS ANGELES,DOWNEY,-118.11124420166016,33.96202087402344
9255517,2021,2021-05-12,1920,2021-04-14,1701,13500,1920,3,5,6,1920,0,0,0,NA,0,001,STEWART AND GRAY RD,BELLFLOWER BL,0,NA,Y,A,-,N,NA,NA,NA,NA,NA,NA,NA,NA,NA,Y,3,0,1,2,A,-,09,21801,A,F,H,C,A,A,H,-,A,A,0,NA,NA,Y,NA,Y,NA,-,99,0,1,0,0,0,0,0,0,1,-,-,NA,NA,LOS ANGELES,DOWNEY,-118.12541198730467,33.92782974243164
9255518,2021,2021-05-12,1920,2021-04-13,1859,13500,1920,2,5,6,1920,0,0,0,NA,0,002,PARAMOUNT BL,ALBIA ST,0,NA,Y,A,-,N,NA,NA,NA,NA,NA,NA,NA,NA,NA,Y,4,0,4,2,A,-,09,21802,A,N,D,C,A,A,H,-,A,D,0,NA,NA,NA,NA,Y,Y,A,01,0,0,4,0,0,0,0,0,0,-,-,NA,NA,LOS ANGELES,DOWNEY,-118.1465301513672,33.93123245239258
9255519,2021,2021-05-12,1920,2021-04-13,1123,12605,1920,2,5,6,1920,0,0,0,NA,0,003,OLD RIVER SCHOOL RD,FIRESTONE PL,12,N,N,A,-,N,NA,NA,NA,NA,NA,NA,NA,NA,NA,Y,3,0,2,2,A,-,08,22107,NA,N,A,C,A,A,H,-,A,D,0,NA,NA,NA,NA,Y,NA,A,01,0,2,0,0,0,0,0,0,0,-,-,NA,NA,LOS ANGELES,DOWNEY,-118.14795684814452,33.948707580566406
9255520,2021,2021-05-12,1920,2021-04-23,1027,13118,1920,5,5,6,1920,0,0,0,NA,0,003,PARAMOUNT BL,GALLATIN RD,287,S,N,B,-,N,NA,NA,NA,NA,NA,NA,NA,NA,NA,Y,3,0,1,2,A,-,08,22107,NA,N,C,E,A,A,H,-,A,D,0,NA,NA,NA,NA,Y,NA,A,01,0,1,0,0,0,0,0,0,0,-,-,NA,NA,LOS ANGELES,DOWNEY,-118.12381744384766,33.961639404296875
9255561,2021,2021-05-13,1942,2021-04-29,1830,42011,0376,4,5,7,1942,0,0,0,C,0,3A99,W MARTIN LUTHER KING JR BL,S NORMANDIE AV,170,W,N,A,-,N,NA,NA,NA,NA,NA,NA,NA,NA,NA,N,4,0,1,2,A,-,09,21804,A,F,B,C,A,A,H,-,A,A,0,NA,NA,NA,NA,Y,NA,-,99,0,0,1,0,0,0,0,0,0,-,-,NA,NA,LOS ANGELES,LOS ANGELES,-118.30074310302734,34.010860443115234
9255562,2021,2021-05-13,1942,2021-04-23,1825,41262,0336,5,5,7,1942,0,0,0,C,0,3A32,ARLINGTON,JEFFERSON,0,NA,Y,B,-,N,NA,NA,NA,NA,NA,NA,NA,NA,NA,N,4,0,1,2,A,-,08,22107,NA,N,D,C,A,A,H,-,A,B,0,NA,NA,NA,NA,Y,NA,A,01,0,0,1,0,0,0,0,0,0,-,-,NA,NA,LOS ANGELES,LOS ANGELES,-118.31765747070313,34.0255241394043
9255563,2021,2021-05-13,1942,2021-04-21,0455,43088,0504,3,5,7,1942,0,0,0,E,0,5A1W3,DENKER AV,TORRANCE BL,0,NA,Y,A,-,N,NA,NA,NA,NA,NA,NA,NA,NA,NA,Y,4,0,1,1,A,-,03,22350,NA,N,E,I,A,A,H,-,C,A,0,NA,NA,NA,NA,Y,NA,A,01,0,0,1,0,0,0,0,0,0,-,-,NA,NA,LOS ANGELES,LOS ANGELES,-118.3039779663086,33.84159469604492
9255571,2021,2021-05-19,1900,2021-04-26,1140,525754,2917,1,5,4,1974,0,0,0,NA,0,291K1,NOGALES ST,FRANCESCA DR,30,N,N,A,-,N,NA,NA,NA,NA,NA,NA,NA,NA,NA,N,3,0,2,2,A,-,04,21703,NA,N,C,C,A,A,C,D,A,A,0,NA,NA,NA,NA,Y,NA,A,07,0,2,0,0,0,0,0,0,0,-,-,34.02510070800781,-117.89459991455078,LOS ANGELES,WALNUT,-117.89450073242188,34.024959564208984
9255572,2021,2021-05-13,1900,2021-04-30,1720,639869,2913,5,5,4,1974,0,0,0,NA,0,291K1,LEMON AV,VALLEY BL,20,N,N,A,-,N,NA,NA,NA,NA,NA,NA,NA,NA,NA,Y,3,0,1,1,A,-,21,22106,NA,N,E,I,A,A,-,-,A,A,0,NA,NA,Y,NA,Y,Y,C,02,0,1,0,0,0,0,0,0,1,-,-,34.009971618652344,-117.85890197753906,LOS ANGELES,WALNUT,-117.8589324951172,34.00981140136719
9255573,2021,2021-05-13,1900,2021-04-20,1250,429339,2915,2,5,4,1974,0,0,0,NA,0,291K3,AMAR RD,REGAL CANYON RD,459,W,N,A,-,N,NA,NA,NA,NA,NA,NA,NA,NA,NA,Y,3,0,1,2,A,-,09,21804,A,N,B,C,A,A,H,-,A,D,0,NA,NA,NA,NA,Y,NA,A,01,0,1,0,0,0,0,0,0,0,-,-,NA,NA,LOS ANGELES,WALNUT,-117.85028839111328,34.04227828979492
9255574,2021,2021-05-13,1900,2021-04-23,2211,525754,2922,5,5,5,1990,0,0,0,NA,0,292K4,GRAND AV,GOLDEN SPRINGS DR,0,NA,Y,A,-,N,NA,NA,NA,NA,NA,NA,NA,NA,NA,Y,2,0,3,2,D,-,00,NA,NA,N,A,C,A,A,C,D,C,A,0,NA,NA,NA,NA,Y,NA,-,-,2,1,0,0,0,0,0,0,0,-,-,34.00659942626953,-117.82170104980467,LOS ANGELES,DIAMOND BAR,-117.82184600830078,34.00657272338867
9255575,2021,2021-05-13,1900,2021-04-18,0123,600544,2111,7,5,5,1943,0,0,0,NA,0,212T4,IMPERIAL HWY,LONG BEACH BL,200,W,N,A,-,N,NA,NA,NA,NA,NA,NA,NA,NA,NA,NA,2,0,1,1,A,-,08,22107,NA,N,E,I,A,A,H,-,C,D,0,NA,NA,NA,NA,Y,NA,A,01,1,0,0,0,0,0,0,0,0,-,-,NA,NA,LOS ANGELES,LYNWOOD,-118.21228790283205,33.930355072021484
9255576,2021,2021-05-13,1900,2021-04-08,1554,644370,2116,4,5,5,1943,0,0,0,NA,0,212B1,SANTA FE AV,EUCLID AV,10,N,N,A,-,N,NA,NA,NA,NA,NA,NA,NA,NA,NA,N,3,0,1,2,A,-,11,21954,A,N,G,B,D,A,H,-,A,A,0,Y,NA,NA,NA,Y,NA,N,60,0,1,0,0,1,0,0,0,0,-,-,NA,NA,LOS ANGELES,LYNWOOD,-118.21696472167967,33.9132080078125
9255664,2021,2021-05-19,1900,2021-04-15,1154,625464,2607,4,5,6,1950,0,0,0,NA,0,264T1,AV R-14,WESLEY CT,0,NA,Y,A,-,N,NA,NA,NA,NA,NA,NA,NA,NA,NA,N,4,0,1,2,A,-,09,21802,A,N,D,C,A,A,H,-,A,A,0,NA,NA,NA,NA,Y,NA,A,01,0,0,1,0,0,0,0,0,0,-,-,34.5726318359375,-118.03968048095705,LOS ANGELES,PALMDALE,-118.03969573974608,34.572689056396484
9255665,2021,2021-06-07,1900,2021-04-17,1755,633461,2610,6,5,6,1950,0,0,0,NA,0,263T1,PALMDALE BL,15TH ST EAST,0,NA,Y,A,-,N,NA,NA,138,NA,NA,NA,NA,NA,NA,Y,3,0,3,2,A,-,09,21802,A,N,D,C,A,A,H,-,A,D,0,NA,NA,NA,NA,Y,NA,A,01,0,2,1,0,0,0,0,0,0,-,-,34.5796012878418,-118.10285186767578,LOS ANGELES,PALMDALE,-118.10285186767578,34.57963180541992
9255666,2021,2021-05-19,1900,2021-04-18,0930,602995,2612,7,5,6,1950,0,0,0,NA,0,262T1,AV P-8,25TH ST WEST,43,W,N,A,-,N,NA,NA,NA,NA,NA,NA,NA,NA,NA,N,4,0,1,2,A,-,03,22350,NA,N,C,C,A,A,H,-,A,A,0,NA,NA,NA,NA,Y,NA,A,01,0,0,1,0,0,0,0,0,0,-,-,34.59431838989258,-118.17437744140624,LOS ANGELES,PALMDALE,-118.1742706298828,34.59434127807617
9255667,2021,2022-03-16,1900,2021-04-19,1725,626465,2611,1,5,6,1950,0,0,0,NA,0,262T1,TIERRA SUBIDA AV,DATE PALM DR,0,NA,Y,A,-,N,NA,NA,NA,NA,NA,NA,NA,NA,NA,N,4,0,2,2,A,-,12,21453,A,N,D,C,A,A,H,-,A,A,0,NA,NA,NA,NA,Y,NA,A,01,0,0,2,0,0,0,0,0,0,-,-,35.58916091918945,-118.13490295410156,LOS ANGELES,PALMDALE,-118.1474609375,34.583778381347656
9255668,2021,2021-05-19,1900,2021-04-22,1659,625597,2621,4,5,6,1950,0,0,0,NA,0,263T1,AV P,10TH ST E,385,W,N,A,-,N,NA,NA,NA,NA,NA,NA,NA,NA,NA,Y,4,0,1,4,A,-,07,21658,A,N,C,C,A,A,H,-,A,D,0,NA,NA,NA,NA,Y,NA,A,01,0,0,1,0,0,0,0,0,0,-,-,34.60186004638672,-118.11344909667967,LOS ANGELES,PALMDALE,-118.11329650878906,34.601890563964844