CASE_ID,ACCIDENT_YEAR,PROC_DATE,JURIS,COLLISION_DATE,COLLISION_TIME,OFFICER_ID,REPORTING_DISTRICT,DAY_OF_WEEK,CHP_SHIFT,POPULATION,CNTY_CITY_LOC,SPECIAL_COND,BEAT_TYPE,CHP_BEAT_TYPE,CITY_DIVISION_LAPD,CHP_BEAT_CLASS,BEAT_NUMBER,PRIMARY_RD,SECONDARY_RD,DISTANCE,DIRECTION,INTERSECTION,WEATHER_1,WEATHER_2,STATE_HWY_IND,CALTRANS_COUNTY,CALTRANS_DISTRICT,STATE_ROUTE,ROUTE_SUFFIX,POSTMILE_PREFIX,POSTMILE,LOCATION_TYPE,RAMP_INTERSECTION,SIDE_OF_HWY,TOW_AWAY,COLLISION_SEVERITY,NUMBER_KILLED,NUMBER_INJURED,PARTY_COUNT,PRIMARY_COLL_FACTOR,PCF_CODE_OF_VIOL,PCF_VIOL_CATEGORY,PCF_VIOLATION,PCF_VIOL_SUBSECTION,HIT_AND_RUN,TYPE_OF_COLLISION,MVIW,PED_ACTION,ROAD_SURFACE,ROAD_COND_1,ROAD_COND_2,LIGHTING,CONTROL_DEVICE,CHP_ROAD_TYPE,PEDESTRIAN_ACCIDENT,BICYCLE_ACCIDENT,MOTORCYCLE_ACCIDENT,TRUCK_ACCIDENT,NOT_PRIVATE_PROPERTY,ALCOHOL_INVOLVED,STWD_VEHTYPE_AT_FAULT,CHP_VEHTYPE_AT_FAULT,COUNT_SEVERE_INJ,COUNT_VISIBLE_INJ,COUNT_COMPLAINT_PAIN,COUNT_PED_KILLED,COUNT_PED_INJURED,COUNT_BICYCLIST_KILLED,COUNT_BICYCLIST_INJURED,COUNT_MC_KILLED,COUNT_MC_INJURED,PRIMARY_RAMP,SECONDARY_RAMP,LATITUDE,LONGITUDE,COUNTY,CITY,POINT_X,POINT_Y
9258650,2021,2021-05-26,1955,2021-04-08,2206,42602,0013,4,5,6,1955,0,0,0,NA,0,003,INDIAN HILL BL,LINCOLN AVE,0,NA,Y,A,-,N,NA,NA,NA,NA,NA,NA,NA,NA,NA,Y,4,0,1,2,A,-,12,21453,A,N,D,C,A,A,H,-,C,A,0,NA,NA,NA,NA,Y,NA,A,01,0,0,1,0,0,0,0,0,0,-,-,34.07094955444336,-117.71925354003906,LOS ANGELES,POMONA,-117.71923828125,34.0709114074707
9258651,2021,2021-05-03,1955,2021-04-13,1805,41900,85,2,5,6,1955,0,0,0,NA,0,004,GAREY AVE,BEAVER CT,0,NA,Y,A,-,N,NA,NA,NA,NA,NA,NA,NA,NA,NA,Y,4,0,2,2,A,-,09,21801,A,N,D,C,A,A,H,-,A,A,0,NA,NA,NA,NA,Y,NA,A,01,0,0,2,0,0,0,0,0,0,-,-,34.04246139526367,-117.74961853027344,LOS ANGELES,POMONA,-117.74965667724608,34.04240036010742
9258652,2021,2021-05-03,1955,2021-04-08,1959,40764,28,4,5,6,1955,0,0,0,NA,0,002,TOWNE AV,BONITA AV,0,NA,Y,A,-,N,NA,NA,NA,NA,NA,NA,NA,NA,NA,Y,4,0,2,2,A,-,09,21801,A,N,A,C,A,A,H,-,C,A,0,NA,NA,NA,NA,Y,NA,A,07,0,0,2,0,0,0,0,0,0,-,-,34.096309661865234,-117.73680114746094,LOS ANGELES,POMONA,-117.73678588867188,34.0962028503418
9258679,2021,2021-05-19,1931,2021-04-23,0023,5333,1931,5,5,5,1931,0,0,0,NA,0,003,FLORENCE AV,ALAMEDA ST,0,NA,Y,A,-,N,NA,NA,NA,NA,NA,NA,NA,NA,NA,Y,4,0,3,2,A,-,12,21453,A,N,D,C,A,A,H,-,C,A,0,NA,NA,NA,NA,Y,NA,A,01,0,0,3,0,0,0,0,0,0,-,-,NA,NA,LOS ANGELES,HUNTINGTON PARK,-118.2343521118164,33.9747314453125
9258681,2021,2021-05-07,1900,2021-03-05,1700,649707,0331,5,5,4,1939,0,0,0,NA,0,35T1,REDONDO BEACH BL,HAWTHORNE BL,400,W,N,A,-,N,NA,NA,NA,NA,NA,NA,NA,NA,NA,N,3,0,1,2,A,-,09,21804,A,M,D,C,A,A,H,-,A,D,0,NA,NA,NA,NA,Y,NA,A,01,0,1,0,0,0,0,0,0,0,-,-,33.89619827270508,-118.3488998413086,LOS ANGELES,LAWNDALE,-118.35369873046876,33.8735466003418
9258682,2021,2021-05-07,1900,2021-03-02,2236,642875,0334,2,5,4,1939,0,0,0,NA,0,35T1,ALLEY WEST OF PRAIRIE AV,167TH ST,115,S,N,A,-,N,NA,NA,NA,NA,NA,NA,NA,NA,NA,N,4,0,1,2,A,-,21,22106,NA,F,G,B,E,A,H,-,C,D,0,Y,NA,NA,NA,Y,NA,-,99,0,0,1,0,1,0,0,0,0,-,-,33.8790397644043,-118.34432983398438,LOS ANGELES,LAWNDALE,NA,NA
9258683,2021,2021-05-07,1900,2021-03-20,1315,635299,0331,6,5,4,1939,0,0,0,NA,0,35T1,HAWTHORNE BL,MARINE AV,40,S,N,A,-,N,NA,NA,NA,NA,NA,NA,NA,NA,NA,N,4,0,2,2,A,-,04,21703,NA,M,C,C,A,A,H,-,A,A,0,NA,NA,NA,NA,Y,NA,A,07,0,0,2,0,0,0,0,0,0,-,-,33.89445114135742,-118.35240173339844,LOS ANGELES,LAWNDALE,-118.3527374267578,33.89453125
9258684,2021,2021-05-07,1900,2021-03-20,1705,635299,0331,6,5,4,1939,0,0,0,NA,0,35T1,EASTWOOD AV,147TH ST,168,S,N,A,-,N,NA,NA,NA,NA,NA,NA,NA,NA,NA,N,3,0,1,3,A,-,21,22106,NA,N,H,C,-,A,H,-,A,D,0,Y,NA,NA,NA,Y,NA,A,01,0,1,0,0,1,0,0,0,0,-,-,33.89773941040039,-118.34754180908205,LOS ANGELES,LAWNDALE,-118.34754943847656,33.89781951904297
9258685,2021,2021-05-07,1900,2021-03-28,1545,651536,0334,7,5,4,1939,0,0,0,NA,0,35T1P,HAWTHORNE BL,167TH ST,24,S,N,A,-,N,NA,NA,NA,NA,NA,NA,NA,NA,NA,Y,3,0,1,2,A,-,06,21754,NA,N,B,C,A,A,H,-,A,D,0,NA,NA,Y,NA,Y,NA,C,02,0,1,0,0,0,0,0,0,1,-,-,33.879329681396484,-118.3523406982422,LOS ANGELES,LAWNDALE,-118.35270690917967,33.87937545776367
9258698,2021,2021-05-07,1900,2021-03-26,0830,527455,0540,5,5,3,1921,0,0,0,NA,0,58T1AM,EARLINGTON AV,DUARTE RD,467,S,N,A,-,N,NA,NA,NA,NA,NA,NA,NA,NA,NA,N,4,0,1,2,A,-,03,22350,NA,N,D,C,A,A,H,-,A,D,0,NA,NA,NA,NA,Y,NA,A,07,0,0,1,0,0,0,0,0,0,-,-,34.13085174560547,-117.97875213623048,LOS ANGELES,DUARTE,-117.97877502441406,34.13092803955078
9258699,2021,2021-05-07,1900,2021-03-31,1019,530855,0521,3,5,4,1971,0,0,0,NA,0,52T1AM,ROSEMEAD BL,LONGDEN AV,129,S,N,A,-,N,NA,NA,NA,NA,NA,NA,NA,NA,NA,N,4,0,1,2,A,-,21,22106,NA,M,H,C,A,A,H,-,A,A,0,NA,NA,NA,NA,Y,NA,B,07,0,0,1,0,0,0,0,0,0,-,-,34.11294174194336,-118.07360076904295,LOS ANGELES,TEMPLE CITY,-118.07363128662108,34.11320495605469
9258700,2021,2021-05-07,1900,2021-03-29,0815,523201,0560,1,5,3,1968,0,0,0,NA,0,55T1D,RUSH ST,POTRERO AV,2,E,N,A,-,N,NA,NA,NA,NA,NA,NA,NA,NA,NA,N,3,0,1,2,D,-,00,NA,NA,N,D,C,A,A,H,-,A,A,0,NA,NA,Y,NA,Y,NA,-,-,0,1,0,0,0,0,0,0,1,-,-,34.051849365234375,-118.05565643310548,LOS ANGELES,SOUTH EL MONTE,-118.05562591552734,34.05183029174805
9258705,2021,2021-05-07,1900,2021-04-18,1522,532124,0532,7,5,5,1959,0,0,0,NA,0,53T1P,SAN GABRIEL AV,HELLMAN AV,239,N,N,A,-,N,NA,NA,NA,NA,NA,NA,NA,NA,NA,Y,4,0,1,2,A,-,04,21703,NA,N,C,C,A,A,H,-,A,D,0,NA,NA,NA,NA,Y,NA,A,01,0,0,1,0,0,0,0,0,0,-,-,NA,NA,LOS ANGELES,ROSEMEAD,-118.09061431884766,34.070556640625
9258706,2021,2021-05-07,1900,2021-04-17,2345,627716,0533,6,5,5,1959,0,0,0,NA,0,53T1E,SAN GABRIEL BL,HELLMAN AV,0,NA,Y,A,-,N,NA,NA,NA,NA,NA,NA,NA,NA,NA,Y,4,0,1,2,A,-,08,22107,NA,N,B,C,A,A,H,-,C,A,0,NA,NA,NA,NA,Y,NA,A,01,0,0,1,0,0,0,0,0,0,-,-,34.06983947753906,-118.09059143066406,LOS ANGELES,ROSEMEAD,-118.0905990600586,34.06989669799805
9258707,2021,2021-05-07,1900,2021-04-02,2105,614031,0562,5,5,3,1968,0,0,0,NA,0,55T1PM,THIENES AV,DURFEE AV,0,NA,Y,A,-,N,NA,NA,NA,NA,NA,NA,NA,NA,NA,N,3,0,1,2,A,-,08,22107,NA,N,B,G,A,A,H,-,B,A,0,NA,Y,NA,NA,Y,NA,A,01,0,1,0,0,0,0,1,0,0,-,-,34.04314041137695,-118.03308868408205,LOS ANGELES,SOUTH EL MONTE,-118.03298950195313,34.04319381713867
9258719,2021,2021-05-07,1942,2021-04-19,1720,41029,1984,1,5,7,1942,0,0,0,NA,0,19A85,PARTHENIA ST,KESTER AV,0,NA,Y,A,-,N,NA,NA,NA,NA,NA,NA,NA,NA,NA,N,4,0,1,2,A,-,12,21453,A,F,B,C,A,A,H,-,A,A,0,NA,NA,NA,NA,Y,NA,-,99,0,0,1,0,0,0,0,0,0,-,-,NA,NA,LOS ANGELES,LOS ANGELES,-118.45746612548828,34.22813415527344
9258785,2021,2021-05-07,1967,2021-04-02,2114,159,NA,5,5,2,1967,0,0,0,NA,0,SOUTH,ORANGE AV,WILLOW ST,165,S,N,A,-,N,NA,NA,NA,NA,NA,NA,NA,NA,NA,Y,3,0,2,3,A,-,01,23152,A,N,C,C,A,A,H,-,C,A,0,NA,NA,NA,NA,Y,Y,A,01,0,1,1,0,0,0,0,0,0,-,-,NA,NA,LOS ANGELES,SIGNAL HILL,-118.17633819580078,33.80384826660156
9258789,2021,2021-05-11,1900,2021-04-25,1435,602979,1810,7,5,2,1904,0,0,0,NA,0,184,WRIGLEY RD,MIDDLE CANYON RD,0,NA,Y,B,-,N,NA,NA,NA,NA,NA,NA,NA,NA,NA,N,3,0,3,1,A,-,03,22350,NA,N,E,I,A,A,H,-,A,A,0,NA,NA,NA,NA,Y,NA,M,96,0,2,1,0,0,0,0,0,0,-,-,NA,NA,LOS ANGELES,AVALON,-118.32232666015624,33.34014892578125
9258790,2021,2021-05-07,1900,2021-04-22,1843,520761,1811,4,5,2,1904,0,0,0,NA,0,184,BEACON ST,METROPOLE AV,90,E,N,A,-,N,NA,NA,NA,NA,NA,NA,NA,NA,NA,N,3,0,1,2,A,-,01,23152,A,N,B,E,A,A,H,-,B,D,0,NA,NA,NA,NA,Y,Y,M,96,0,1,0,0,0,0,0,0,0,-,-,33.342498779296875,-118.3279037475586,LOS ANGELES,AVALON,-118.32803344726564,33.342655181884766
92587982,2024,2024-07-23,9565,2024-07-21,45,023841,NA,7,3,7,1942,0,1,1,NA,2,061,I-405 S/B (SAN DIEGO FWY),HOWARD HUGHES PKY,500,N,N,A,-,Y,LA,NA,405,NA,NA,25.232,H,NA,L,Y,2,0,2,1,A,-,01,23152,A,N,E,I,A,A,H,-,C,D,0,NA,NA,NA,NA,Y,Y,A,01,1,1,0,0,0,0,0,0,0,-,-,33.9788703918457,-118.39230346679688,LOS ANGELES,LOS ANGELES,-118.39214324951172,33.97900390625
9258814,2021,2021-05-07,1931,2021-04-20,1606,5315,1931,2,5,5,1931,0,0,0,NA,0,004,STATE ST,LIVE OAK ST,80,S,N,A,-,NA,NA,NA,NA,NA,NA,NA,NA,NA,NA,NA,4,0,1,2,A,-,09,21804,A,N,B,C,A,A,H,-,A,D,0,NA,NA,NA,NA,Y,NA,A,08,0,0,1,0,0,0,0,0,0,-,-,NA,NA,LOS ANGELES,HUNTINGTON PARK,-118.20994567871094,33.96983337402344
9258844,2021,2021-05-12,1900,2021-04-19,1910,508705,0622,1,5,6,1985,0,0,0,NA,0,62T1,MCBEAN PKWY,GRANARY SQUARE,300,S,N,A,-,N,NA,NA,NA,NA,NA,NA,NA,NA,NA,Y,3,0,1,2,A,-,01,23152,A,M,B,C,A,A,H,-,C,D,0,NA,NA,NA,NA,Y,Y,D,22,0,1,0,0,0,0,0,0,0,-,-,34.401798248291016,-118.55120086669922,LOS ANGELES,SANTA CLARITA,NA,NA
9258845,2021,2021-05-10,1900,2021-04-08,1311,529395,0532,4,5,5,1959,0,0,0,NA,0,53T1/A,GARVEY AV,STRATHMORE AV,0,NA,Y,A,-,N,NA,NA,NA,NA,NA,NA,NA,NA,NA,Y,4,0,2,2,A,-,09,21801,A,N,D,C,A,A,H,-,A,D,0,NA,NA,NA,NA,Y,NA,D,22,0,0,2,0,0,0,0,0,0,-,-,34.06270980834961,-118.0971908569336,LOS ANGELES,ROSEMEAD,-118.09712982177734,34.06264114379883
9258856,2021,2021-05-12,1900,2021-04-14,0955,923588,0628,3,5,6,1985,0,0,0,NA,0,62T1,EBELDEN AV,ADAMSBORO DR,99,S,N,A,-,N,NA,NA,NA,NA,NA,NA,NA,NA,NA,N,3,0,1,3,A,-,03,22350,NA,N,G,B,E,A,H,-,A,D,0,Y,NA,NA,NA,Y,NA,E,22,0,1,0,0,0,0,0,0,0,-,-,34.564239501953125,-118.54531097412108,LOS ANGELES,SANTA CLARITA,-118.54569244384766,34.36443328857422
9258857,2021,2021-05-07,1900,2021-03-29,1722,541469,0524,1,5,4,1971,0,0,0,NA,0,52T1PM,ARDEN DR,LOWER AZUSA RD,0,NA,Y,A,-,N,NA,NA,NA,NA,NA,NA,NA,NA,NA,Y,3,0,1,3,A,-,09,21801,A,N,A,C,A,A,H,-,A,A,0,NA,NA,NA,NA,Y,NA,A,01,0,1,0,0,0,0,0,0,0,-,-,34.05289840698242,-118.02330017089844,LOS ANGELES,TEMPLE CITY,-118.04280090332033,34.09158706665039
9258861,2021,2021-05-07,1900,2021-04-06,1305,600019,0561,2,5,3,1968,0,0,0,NA,0,55T1/A,POTRERO AV,MAX SHAPIRO WY,5,N,N,A,-,N,NA,NA,NA,NA,NA,NA,NA,NA,NA,Y,3,0,1,4,A,-,08,22107,NA,N,B,C,A,A,H,-,A,D,0,NA,NA,NA,NA,Y,NA,A,07,0,1,0,0,0,0,0,0,0,-,-,34.045921325683594,-118.05567169189452,LOS ANGELES,SOUTH EL MONTE,-118.05564880371094,34.04585266113281
9258864,2021,2021-05-12,1900,2021-04-07,1600,636151,0627,3,5,6,1985,0,0,0,NA,0,62T1,NEWHALL AV,RAIL ROAD AV,0,NA,Y,A,-,N,NA,NA,NA,NA,NA,NA,NA,NA,NA,Y,4,0,1,2,A,-,03,22350,NA,N,C,C,A,A,H,-,A,A,0,NA,NA,Y,NA,Y,NA,C,02,0,0,1,0,0,0,0,0,1,-,-,34.375518798828125,-118.52422332763672,LOS ANGELES,SANTA CLARITA,-118.52418518066406,34.37556457519531
9258941,2021,2021-05-25,1902,2021-05-02,1850,757,18,7,5,5,1902,0,0,0,NA,0,003,HUNTINGTON DR,GOLDEN WEST AV,0,NA,Y,B,-,N,NA,NA,NA,NA,NA,NA,NA,NA,NA,Y,3,0,3,2,A,-,12,21453,A,N,D,C,A,A,H,-,B,A,0,NA,NA,NA,NA,Y,NA,D,23,0,1,2,0,0,0,0,0,0,-,-,NA,NA,LOS ANGELES,ARCADIA,-118.06079864501952,34.13139343261719
9258955,2021,2021-05-17,1942,2021-04-28,1345,41514,1515,3,5,7,1942,0,0,0,O,0,15A3,VOSE ST,LANKERSHIM BL,0,NA,Y,A,-,N,NA,NA,NA,NA,NA,NA,NA,NA,NA,Y,2,0,5,3,A,-,09,21802,A,N,D,C,A,A,H,-,A,A,0,NA,NA,Y,Y,Y,NA,F,26,1,4,0,0,0,0,0,0,1,-,-,NA,NA,LOS ANGELES,LOS ANGELES,-118.38779449462892,34.19841766357422
9258981,2021,2021-05-12,1926,2021-04-28,2203,0097,4,3,5,5,1926,0,0,0,NA,0,004,GLADSTONE ST,SHELLMAN AV,0,NA,Y,A,-,N,NA,NA,NA,NA,NA,NA,NA,NA,NA,Y,4,0,1,2,D,-,00,NA,NA,N,D,C,A,A,H,-,C,A,0,NA,NA,NA,NA,Y,NA,-,-,0,0,1,0,0,0,0,0,0,-,-,34.1138916015625,-117.8363037109375,LOS ANGELES,GLENDORA,-117.8354721069336,34.11395263671875
9259000,2021,2021-05-12,1928,2021-04-11,1926,50419,NA,7,5,5,1928,0,0,0,NA,0,NA,CORDARY AV,135TH ST,0,NA,Y,A,-,N,NA,NA,NA,NA,NA,NA,NA,NA,NA,Y,4,0,1,6,A,-,12,22450,A,N,D,C,A,A,H,-,A,D,0,NA,NA,NA,NA,Y,NA,A,01,0,0,1,0,0,0,0,0,0,-,-,33.90919876098633,-118.34117889404295,LOS ANGELES,HAWTHORNE,-118.34172058105467,33.909175872802734
9259008,2021,2021-05-20,1909,2021-04-17,1617,602,1909,6,5,4,1909,0,0,0,NA,0,NORTH,GAGE AV,DARWELL AV,9,E,N,A,-,N,NA,NA,NA,NA,NA,NA,NA,NA,NA,N,3,0,1,2,A,-,12,21453,A,F,G,B,B,A,H,-,A,A,0,Y,NA,NA,NA,Y,NA,A,01,0,1,0,0,1,0,0,0,0,-,-,33.97412872314453,-118.15029907226564,LOS ANGELES,BELL GARDENS,-118.15029144287108,33.97413635253906
9259010,2021,2021-05-13,1900,2021-04-09,1944,636151,0627,5,5,6,1985,0,0,0,NA,0,64T1,PINE ST,6TH ST,20,N,N,A,-,N,NA,NA,NA,NA,NA,NA,NA,NA,NA,N,3,0,1,2,D,-,00,NA,NA,F,C,G,A,A,H,-,C,D,0,NA,Y,NA,NA,Y,NA,-,-,0,1,0,0,0,0,1,0,0,-,-,34.378318786621094,-118.52568817138672,LOS ANGELES,SANTA CLARITA,-118.52567291259766,34.37827682495117
9259011,2021,2021-05-13,1900,2021-04-14,1750,623588,0644,3,5,6,1985,0,0,0,NA,0,64T1,RIVERCHASE DR,FAIRWAY DR,220,E,N,A,-,N,NA,NA,NA,NA,NA,NA,NA,NA,NA,N,3,0,1,2,A,-,09,21801,A,N,D,G,A,A,H,-,A,D,0,NA,Y,NA,NA,Y,NA,A,01,0,1,0,0,0,0,1,0,0,-,-,34.42081069946289,-118.56523895263672,LOS ANGELES,SANTA CLARITA,-118.56843566894533,34.423091888427734
9259012,2021,2021-05-13,1900,2021-04-17,0755,618139,0617,6,5,6,1985,0,0,0,NA,0,61T1,SIERRA HWY,FRIENDLY VALLEY PKWY,0,NA,Y,A,-,N,NA,NA,NA,NA,NA,NA,NA,NA,NA,N,4,0,1,2,A,-,10,21950,A,N,G,B,B,A,H,-,A,A,0,Y,NA,NA,NA,Y,NA,A,01,0,0,1,0,1,0,0,0,0,-,-,34.39965057373047,-118.47371673583984,LOS ANGELES,SANTA CLARITA,-118.47389221191406,34.39967346191406
9259013,2021,2021-05-13,1900,2021-04-19,1930,480759,0622,1,5,6,1985,0,0,0,NA,0,64T1,MCBEAN PKWY,VALENCIA BL,0,NA,Y,A,-,N,NA,NA,NA,NA,NA,NA,NA,NA,NA,N,3,0,1,2,A,-,17,21663,NA,N,D,C,A,A,H,-,C,B,0,NA,NA,NA,NA,Y,NA,M,94,0,1,0,0,0,0,0,0,0,-,-,34.413368225097656,-118.56015014648438,LOS ANGELES,SANTA CLARITA,-118.55998992919922,34.413265228271484
9259014,2021,2021-05-13,1900,2021-04-11,1410,653491,0642,7,5,6,1985,0,0,0,NA,0,64T1,NEWHALL RANCH RD,RYE CANYON RD,0,NA,Y,A,-,N,NA,NA,NA,NA,NA,NA,NA,NA,NA,Y,4,0,1,2,A,-,09,21453,C,N,D,C,A,A,H,-,A,A,0,NA,NA,NA,NA,Y,NA,A,01,0,0,1,0,0,0,0,0,0,-,-,34.44292068481445,-118.57544708251952,LOS ANGELES,SANTA CLARITA,-118.5791244506836,34.443153381347656
9259015,2021,2021-05-19,1900,2021-04-17,2130,476466,0631,6,5,6,1985,0,0,0,NA,0,61T1,SOLEDAD CANYON RD,RT 14,0,NA,Y,A,-,Y,LA,7,14,-,R,52.042,R,4,S,Y,3,0,2,2,A,-,01,23152,A,N,D,C,A,A,H,-,C,A,0,NA,NA,NA,NA,Y,Y,A,01,0,2,0,0,0,0,0,0,0,-,SF,34.4268798828125,-118.4226303100586,LOS ANGELES,SANTA CLARITA,-118.14210510253906,34.48635482788086
9259016,2021,2021-05-13,1900,2021-04-26,0600,508705,0612,1,5,6,1985,0,0,0,NA,0,61T1,SIERRA HWY,SIERRA HWY 17211,0,NA,-,A,-,N,NA,NA,NA,NA,NA,NA,NA,NA,NA,N,4,0,1,2,A,-,09,21804,A,N,D,C,A,A,H,-,A,D,0,NA,NA,NA,NA,Y,NA,A,01,0,0,1,0,0,0,0,0,0,-,-,34.43550109863281,-118.43409729003906,LOS ANGELES,SANTA CLARITA,-118.12741088867188,34.64015579223633
9259017,2021,2021-05-14,1900,2021-04-07,1940,476466,0631,3,5,6,1985,0,0,0,NA,0,61T1,SAND CANYON RD,RT 14,309,S,N,A,-,N,NA,NA,NA,NA,NA,NA,NA,NA,NA,Y,4,0,1,2,A,-,09,21804,A,N,D,C,A,A,H,-,C,D,0,NA,NA,NA,NA,Y,NA,A,01,0,0,1,0,0,0,0,0,0,-,NF,NA,NA,LOS ANGELES,SANTA CLARITA,-118.42357635498048,34.42428207397461
9259018,2021,2021-05-13,1900,2021-04-02,1357,649535,0628,5,5,6,1985,0,0,0,NA,0,61T1,RAILROAD AV,NEWHALL AV,0,NA,Y,A,-,N,NA,NA,NA,NA,NA,NA,NA,NA,NA,Y,4,0,1,3,A,-,01,23152,A,N,B,C,A,A,H,-,A,A,0,NA,NA,NA,NA,Y,Y,A,01,0,0,1,0,0,0,0,0,0,-,-,34.37580871582031,-118.52445220947266,LOS ANGELES,SANTA CLARITA,-118.52418518066406,34.37556457519531
9259019,2021,2021-05-13,1900,2021-04-04,1715,649535,0632,7,5,6,1985,0,0,0,NA,0,61T1,SAND CANYON RD,ROBINSON RANCH RD,0,NA,Y,A,-,N,NA,NA,NA,NA,NA,NA,NA,NA,NA,Y,4,0,1,2,A,-,09,21802,A,N,D,C,A,A,H,-,A,A,0,NA,NA,NA,NA,Y,NA,A,01,0,0,1,0,0,0,0,0,0,-,-,34.41099166870117,-118.42015838623048,LOS ANGELES,SANTA CLARITA,-118.42012786865234,34.41171646118164
9259101,2021,2021-05-25,1900,2021-04-22,1115,629461,1126,4,5,6,1992,0,0,0,NA,0,111T1,AVENU K-8,16TH ST WEST,73,E,N,A,-,N,NA,NA,NA,NA,NA,NA,NA,NA,NA,Y,4,0,1,2,A,-,07,21658,A,N,B,C,A,A,H,-,A,D,0,NA,NA,NA,NA,Y,NA,A,07,0,0,1,0,0,0,0,0,0,-,-,NA,NA,LOS ANGELES,LANCASTER,-118.15874481201172,34.66765594482422
9259102,2021,2021-05-25,1900,2021-04-17,1917,644792,1135,6,5,6,1992,0,0,0,NA,0,112T2,AVENUE J,26TH ST EAST,0,NA,Y,A,-,N,NA,NA,NA,NA,NA,NA,NA,NA,NA,Y,3,0,1,2,A,-,09,21802,A,N,D,C,A,A,H,-,B,A,0,NA,NA,NA,NA,Y,NA,A,01,0,1,0,0,0,0,0,0,0,-,-,NA,NA,LOS ANGELES,LANCASTER,-118.08363342285156,34.689796447753906
9259103,2021,2021-05-25,1900,2021-04-27,1406,627967,1123,2,5,6,1992,0,0,0,NA,0,111T4,BEECH AV,AVENUE J-2,139,S,N,A,-,N,NA,NA,NA,NA,NA,NA,NA,NA,NA,N,3,0,1,2,A,-,21,22106,NA,N,A,C,A,A,H,-,A,D,0,NA,NA,Y,NA,Y,NA,C,02,0,1,0,0,0,0,0,0,1,-,-,NA,NA,LOS ANGELES,LANCASTER,-118.13688659667967,34.687198638916016
9259104,2021,2021-05-25,1900,2021-04-26,1039,627967,1192,1,5,6,1992,0,0,0,NA,0,111T4,30TH ST WEST,AVENUE K-8,0,NA,Y,A,-,N,NA,NA,NA,NA,NA,NA,NA,NA,NA,N,4,0,1,3,A,-,09,21801,A,N,D,C,A,A,H,-,A,A,0,NA,NA,Y,NA,Y,NA,A,01,0,0,1,0,0,0,0,0,1,-,-,NA,NA,LOS ANGELES,LANCASTER,-118.1835479736328,34.66754150390625
9259105,2021,2021-05-25,1900,2021-04-25,2004,644792,1135,7,5,6,1992,0,0,0,NA,0,112T2,AVENUE J,PALM VISTA AV,0,NA,Y,A,-,N,NA,NA,NA,NA,NA,NA,NA,NA,NA,Y,3,0,2,2,A,-,09,21801,A,N,D,C,A,A,H,-,C,D,0,NA,NA,NA,NA,Y,NA,A,07,0,1,1,0,0,0,0,0,0,-,-,NA,NA,LOS ANGELES,LANCASTER,-118.10874176025392,34.68985366821289
9259106,2021,2021-05-25,1900,2021-04-21,1509,647475,1136,3,5,6,1992,0,0,0,NA,0,111T2,LANCASTER BL,43RD ST EAST,290,E,N,A,G,N,NA,NA,NA,NA,NA,NA,NA,NA,NA,Y,4,0,2,2,A,-,04,21703,NA,N,D,C,A,A,H,-,A,-,0,NA,NA,NA,NA,Y,NA,A,01,0,0,2,0,0,0,0,0,0,-,-,NA,NA,LOS ANGELES,LANCASTER,-118.05152893066406,34.69723129272461
9259107,2021,2021-05-25,1900,2021-04-18,1556,644792,1135,7,5,6,1992,0,0,0,NA,0,112T2,AVENUE J,PALM VISTA AV,0,NA,Y,A,-,N,NA,NA,NA,NA,NA,NA,NA,NA,NA,Y,4,0,1,2,A,-,09,21801,A,N,D,C,A,A,H,-,A,D,0,NA,NA,NA,NA,Y,NA,A,01,0,0,1,0,0,0,0,0,0,-,-,NA,NA,LOS ANGELES,LANCASTER,-118.10874176025392,34.68985366821289
9259108,2021,2021-05-28,1900,2021-04-23,1701,510509,1124,5,5,6,1992,0,0,0,NA,0,112T4,SIERRA HWY,AVENUE K,39,S,N,A,-,N,NA,NA,NA,NA,NA,NA,NA,NA,NA,N,4,0,1,2,A,-,08,22107,NA,M,C,C,A,A,H,-,A,A,0,NA,NA,NA,NA,Y,NA,A,01,0,0,1,0,0,0,0,0,0,-,-,NA,NA,LOS ANGELES,LANCASTER,-118.13292694091795,34.67487335205078
9259109,2021,2021-05-25,1900,2021-04-11,1925,617242,1127,7,5,6,1992,0,0,0,NA,0,111T1,LANCASTER BL,31ST WEST,64,E,N,A,-,N,NA,NA,NA,NA,NA,NA,NA,NA,NA,Y,4,0,1,1,A,-,01,23152,A,N,E,I,A,A,H,-,B,D,0,NA,NA,NA,NA,Y,Y,A,07,0,0,1,0,0,0,0,0,0,-,-,NA,NA,LOS ANGELES,LANCASTER,-118.18579864501952,34.696693420410156
9259119,2021,2021-05-26,1941,2021-04-27,1615,11672,NA,2,5,7,1941,0,0,0,NA,0,NA,ANAHEIM ST,HAYES AV,0,NA,Y,A,-,N,NA,NA,NA,NA,NA,NA,NA,NA,NA,N,4,0,1,2,A,-,09,21801,A,F,D,C,A,A,H,-,A,A,0,NA,NA,NA,NA,Y,NA,A,NA,0,0,1,0,0,0,0,0,0,-,-,NA,NA,LOS ANGELES,LONG BEACH,-118.21878051757813,33.78276062011719
9259120,2021,2021-05-25,1941,2021-04-25,2034,11240,NA,7,5,7,1941,0,0,0,NA,0,NA,ANAHEIM ST,MAGNOLIA AV,0,NA,Y,A,-,N,NA,NA,NA,NA,NA,NA,NA,NA,NA,Y,4,0,1,3,A,-,03,22350,NA,N,B,C,A,A,H,-,B,A,0,NA,NA,NA,NA,Y,Y,A,NA,0,0,1,0,0,0,0,0,0,-,-,NA,NA,LOS ANGELES,LONG BEACH,-118.19802856445313,33.782596588134766