CASE_ID,ACCIDENT_YEAR,PROC_DATE,JURIS,COLLISION_DATE,COLLISION_TIME,OFFICER_ID,REPORTING_DISTRICT,DAY_OF_WEEK,CHP_SHIFT,POPULATION,CNTY_CITY_LOC,SPECIAL_COND,BEAT_TYPE,CHP_BEAT_TYPE,CITY_DIVISION_LAPD,CHP_BEAT_CLASS,BEAT_NUMBER,PRIMARY_RD,SECONDARY_RD,DISTANCE,DIRECTION,INTERSECTION,WEATHER_1,WEATHER_2,STATE_HWY_IND,CALTRANS_COUNTY,CALTRANS_DISTRICT,STATE_ROUTE,ROUTE_SUFFIX,POSTMILE_PREFIX,POSTMILE,LOCATION_TYPE,RAMP_INTERSECTION,SIDE_OF_HWY,TOW_AWAY,COLLISION_SEVERITY,NUMBER_KILLED,NUMBER_INJURED,PARTY_COUNT,PRIMARY_COLL_FACTOR,PCF_CODE_OF_VIOL,PCF_VIOL_CATEGORY,PCF_VIOLATION,PCF_VIOL_SUBSECTION,HIT_AND_RUN,TYPE_OF_COLLISION,MVIW,PED_ACTION,ROAD_SURFACE,ROAD_COND_1,ROAD_COND_2,LIGHTING,CONTROL_DEVICE,CHP_ROAD_TYPE,PEDESTRIAN_ACCIDENT,BICYCLE_ACCIDENT,MOTORCYCLE_ACCIDENT,TRUCK_ACCIDENT,NOT_PRIVATE_PROPERTY,ALCOHOL_INVOLVED,STWD_VEHTYPE_AT_FAULT,CHP_VEHTYPE_AT_FAULT,COUNT_SEVERE_INJ,COUNT_VISIBLE_INJ,COUNT_COMPLAINT_PAIN,COUNT_PED_KILLED,COUNT_PED_INJURED,COUNT_BICYCLIST_KILLED,COUNT_BICYCLIST_INJURED,COUNT_MC_KILLED,COUNT_MC_INJURED,PRIMARY_RAMP,SECONDARY_RAMP,LATITUDE,LONGITUDE,COUNTY,CITY,POINT_X,POINT_Y
9266125,2021,2021-06-03,1900,2021-04-21,1258,629461,111,3,5,6,1992,0,0,0,NA,0,111T1,10TH ST WEST,AVENUE I,245,N,N,A,-,N,NA,NA,NA,NA,NA,NA,NA,NA,NA,Y,4,0,2,2,A,-,09,21804,A,M,D,C,A,A,H,-,A,D,0,NA,NA,NA,NA,Y,NA,A,01,0,0,2,0,0,0,0,0,0,-,-,NA,NA,LOS ANGELES,LANCASTER,-118.1481475830078,34.704620361328125
9266204,2021,2021-06-08,1970,2021-04-28,1334,169,4,3,5,4,1970,0,0,0,NA,0,004,LYNDON ST,LYNDON ST 1831,0,NA,-,A,-,N,NA,NA,NA,NA,NA,NA,NA,NA,NA,Y,3,0,1,3,A,-,08,22107,NA,N,B,E,A,A,H,-,A,D,0,NA,NA,NA,NA,Y,NA,A,01,0,1,0,0,0,0,0,0,0,-,-,NA,NA,LOS ANGELES,SOUTH PASADENA,-118.39807891845705,33.8529052734375
9266205,2021,2021-06-03,1970,2021-04-18,1351,213,ALHAM,7,5,4,1970,0,0,0,NA,0,003,MONTEREY RD,INDIANA AV,1177,W,N,A,-,N,NA,NA,NA,NA,NA,NA,NA,NA,NA,N,4,0,1,2,A,-,11,21954,A,N,D,B,E,A,H,-,A,D,0,Y,NA,NA,NA,Y,NA,N,60,0,0,1,0,1,0,0,0,0,-,-,NA,NA,LOS ANGELES,SOUTH PASADENA,-118.16885375976564,34.11146926879883
9266215,2021,2021-06-03,1900,2021-04-26,1040,488341,0458,1,5,6,1949,0,0,0,NA,0,45241D,NORWALK BL,161ST ST,50,S,N,A,-,N,NA,NA,NA,NA,NA,NA,NA,NA,NA,Y,4,0,1,2,A,-,21,22106,NA,N,D,C,A,A,H,-,A,D,0,NA,NA,NA,NA,Y,NA,A,01,0,0,1,0,0,0,0,0,0,-,-,NA,NA,LOS ANGELES,NORWALK,-118.07280731201172,33.88460159301758
9266216,2021,2021-06-03,1900,2021-04-19,1816,494990,0460,1,5,4,1936,0,0,0,NA,0,46T1,TELEGRAPH RD,HUTCHINS DR,0,NA,Y,A,-,N,NA,NA,NA,NA,NA,NA,NA,NA,NA,Y,4,0,1,2,A,-,09,21802,A,N,D,C,A,A,H,-,A,A,0,NA,NA,NA,NA,Y,NA,A,01,0,0,1,0,0,0,0,0,0,-,-,NA,NA,LOS ANGELES,LA MIRADA,-118.0144271850586,33.9185791015625
9266219,2021,2021-06-03,1972,2021-04-24,0102,21737,NA,6,5,6,1972,0,0,0,NA,0,NA,CARSON ST,GREENWOOD AV,0,NA,Y,A,-,N,NA,NA,NA,NA,NA,NA,NA,NA,NA,Y,3,0,1,4,A,-,08,22107,NA,N,B,C,A,A,H,-,C,D,0,NA,NA,NA,NA,Y,NA,A,NA,0,1,0,0,0,0,0,0,0,-,-,NA,NA,LOS ANGELES,TORRANCE,-118.33341979980467,33.83125305175781
9266221,2021,2021-06-03,1942,2021-05-20,0800,39473,0943,4,5,7,1942,0,0,0,I,0,9A41,HAZELTINE AV,OXNARD ST,0,NA,Y,A,-,N,NA,NA,NA,NA,NA,NA,NA,NA,NA,Y,4,0,1,2,A,-,12,21453,A,F,D,C,A,A,H,-,A,A,0,NA,NA,NA,NA,Y,NA,A,01,0,0,1,0,0,0,0,0,0,-,-,NA,NA,LOS ANGELES,LOS ANGELES,-118.43997192382813,34.17939758300781
9266222,2021,2021-06-03,1942,2021-05-20,1440,41125,0943,4,5,7,1942,0,0,0,I,0,9A41,VAN NUYS BL,OXNARD ST,0,NA,Y,A,-,N,NA,NA,NA,NA,NA,NA,NA,NA,NA,Y,4,0,3,3,A,-,09,21801,A,N,D,C,A,A,H,-,A,A,0,NA,NA,NA,NA,Y,NA,A,01,0,0,3,0,0,0,0,0,0,-,-,NA,NA,LOS ANGELES,LOS ANGELES,-118.44873809814452,34.17939758300781
9266223,2021,2021-06-03,1942,2021-05-20,1045,30452,1728,4,5,7,1942,0,0,0,Q,0,17A35,ETIWANDA AV,TRIBUNE ST,35,N,N,A,-,N,NA,NA,NA,NA,NA,NA,NA,NA,NA,N,3,0,2,1,A,-,01,23152,A,N,E,I,A,A,H,-,A,A,0,NA,NA,NA,NA,Y,Y,A,07,0,2,0,0,0,0,0,0,0,-,-,NA,NA,LOS ANGELES,LOS ANGELES,-118.53170013427734,34.2673454284668
9266224,2021,2021-06-03,1942,2021-05-19,1450,37550,2159,3,5,7,1942,0,0,0,NA,0,21A29,CORBIN AV,VICTORY BL,140,S,N,A,-,N,NA,NA,NA,NA,NA,NA,NA,NA,NA,N,4,0,1,2,A,-,03,22350,NA,F,D,C,A,A,H,-,A,A,0,NA,NA,NA,NA,Y,NA,-,-,0,0,1,0,0,0,0,0,0,-,-,NA,NA,LOS ANGELES,LOS ANGELES,-118.56220245361328,34.186195373535156
9266225,2021,2021-06-03,1942,2021-05-19,1000,38326,1001,3,5,7,1942,0,0,0,J,0,10A3,SATICOY ST 210,TAMPA AV,10,E,N,A,-,N,NA,NA,NA,NA,NA,NA,NA,NA,NA,N,4,0,1,2,A,-,10,21950,A,F,G,B,B,A,H,-,A,A,0,Y,NA,NA,NA,Y,NA,-,99,0,0,1,0,1,0,0,0,0,-,-,NA,NA,LOS ANGELES,LOS ANGELES,-118.55347442626952,34.20835876464844
9266226,2021,2021-06-03,1942,2021-05-19,2110,32774,0935,3,5,7,1942,0,0,0,I,0,9A41,VICTORY BL,CALHOUN AV,98,W,N,A,-,N,NA,NA,NA,NA,NA,NA,NA,NA,NA,N,2,0,1,2,A,-,11,21954,A,N,G,B,D,A,H,-,C,D,0,Y,NA,NA,NA,Y,NA,N,60,1,0,0,0,1,0,0,0,0,-,-,NA,NA,LOS ANGELES,LOS ANGELES,-118.44248199462892,34.186668395996094
9266227,2021,2021-06-03,1942,2021-05-18,0955,30452,1758,2,5,7,1942,0,0,0,Q,0,17A49,W LASSEN ST,WOODLEY AV,0,NA,Y,A,-,N,NA,NA,NA,NA,NA,NA,NA,NA,NA,Y,3,0,2,2,A,-,08,22107,NA,F,D,C,A,A,H,-,A,A,0,NA,NA,NA,NA,Y,NA,A,07,0,1,1,0,0,0,0,0,0,-,-,NA,NA,LOS ANGELES,LOS ANGELES,-118.4849090576172,34.25014877319336
9266228,2021,2021-06-03,1942,2021-05-18,1400,36479,1024,2,5,7,1942,0,0,0,J,0,26M43,SHERMAN WAY,RHEA AV,10,E,N,A,-,N,NA,NA,NA,NA,NA,NA,NA,NA,NA,Y,4,0,1,2,A,-,09,21802,A,F,A,I,A,A,H,-,A,A,0,NA,NA,NA,NA,Y,NA,-,99,0,0,1,0,0,0,0,0,0,-,-,NA,NA,LOS ANGELES,LOS ANGELES,-118.54151916503906,34.2010498046875
9266229,2021,2021-06-03,1942,2021-05-18,2020,42818,2136,2,5,7,1942,0,0,0,NA,0,21A57,SHERMAN WAY,DEERING AV,0,NA,Y,A,-,N,NA,NA,NA,NA,NA,NA,NA,NA,NA,N,2,0,1,2,A,-,11,21954,A,N,G,B,E,A,H,-,C,A,0,Y,NA,NA,NA,Y,NA,N,60,1,0,0,0,1,0,0,0,0,-,-,NA,NA,LOS ANGELES,LOS ANGELES,-118.5966339111328,34.201080322265625
9266230,2021,2021-06-03,1942,2021-05-18,2040,37304,1911,2,5,7,1942,0,0,0,NA,0,19A1,TELFAIR AV,ROXFORD ST,430,S,N,A,-,N,NA,NA,NA,NA,NA,NA,NA,NA,NA,Y,3,0,1,4,A,-,01,23152,A,N,A,E,A,A,H,-,C,D,0,NA,NA,NA,NA,Y,Y,A,01,0,1,0,0,0,0,0,0,0,-,-,NA,NA,LOS ANGELES,LOS ANGELES,-118.4753875732422,34.30631637573242
9266231,2021,2021-06-03,1942,2021-05-17,0750,39154,1761,1,5,7,1942,0,0,0,Q,0,17A23,LASSEN ST,OLD DEPOT PLAZA RD,0,NA,Y,A,-,N,NA,NA,NA,NA,NA,NA,NA,NA,NA,N,4,0,1,2,A,-,09,21804,A,F,D,G,A,A,H,-,A,A,0,NA,Y,NA,NA,Y,NA,-,99,0,0,1,0,0,0,1,0,0,-,-,NA,NA,LOS ANGELES,LOS ANGELES,-118.59902954101564,34.24998474121094
9266232,2021,2021-06-03,1942,2021-05-16,0345,43995,17A3,7,5,7,1942,0,0,0,Q,0,17A35-,ETIWANDA,DEVONSHIRE,0,NA,Y,A,-,N,NA,NA,NA,NA,NA,NA,NA,NA,NA,N,3,0,1,2,A,-,00,20001,A,F,-,G,A,A,H,-,C,A,0,NA,Y,NA,NA,Y,NA,-,-,0,1,0,0,0,0,1,0,0,-,-,NA,NA,LOS ANGELES,LOS ANGELES,-118.5317153930664,34.25727462768555
9266233,2021,2021-06-03,1942,2021-05-16,1035,40876,1791,7,5,7,1942,0,0,0,Q,0,17A81,ROSCOE BL,MASON AV,15,W,N,A,-,N,NA,NA,NA,NA,NA,NA,NA,NA,NA,N,2,0,1,2,A,-,08,22107,NA,N,H,G,A,A,H,-,A,A,0,NA,Y,NA,NA,Y,NA,A,01,1,0,0,0,0,0,1,0,0,-,-,NA,NA,LOS ANGELES,LOS ANGELES,-118.57982635498048,34.220088958740234
9266234,2021,2021-06-03,1942,2021-05-16,2215,38291,RD:10,7,5,7,1942,0,0,0,NA,0,NA,VANOWEN ST,DENSMORE AV,0,NA,Y,A,-,NA,NA,NA,NA,NA,NA,NA,NA,NA,NA,Y,4,0,1,4,A,-,03,22350,NA,N,B,E,A,A,H,-,C,D,0,NA,NA,NA,NA,Y,NA,-,NA,0,0,1,0,0,0,0,0,0,-,-,NA,NA,LOS ANGELES,LOS ANGELES,-118.47722625732422,34.19391632080078
9266235,2021,2021-06-03,1942,2021-05-16,0145,40388,0906,7,5,7,1942,0,0,0,I,0,9A5,VALERIO ST,TYRONE AV,117,W,N,B,-,N,NA,NA,NA,NA,NA,NA,NA,NA,NA,N,2,0,1,1,C,-,18,NA,NA,N,H,A,A,A,G,-,C,A,0,NA,NA,NA,NA,Y,NA,-,-,1,0,0,0,0,0,0,0,0,-,-,NA,NA,LOS ANGELES,LOS ANGELES,-118.44474792480467,34.20481872558594
9266236,2021,2021-06-03,1942,2021-05-14,1930,30452,1591,5,5,7,1942,0,0,0,O,0,15A85,LAUREL CANYON BL,MULHOLLAND DR,100,N,N,B,-,N,NA,NA,NA,NA,NA,NA,NA,NA,NA,N,4,0,1,2,A,-,03,22350,NA,F,C,C,A,A,H,-,B,D,0,NA,NA,NA,NA,Y,NA,-,99,0,0,1,0,0,0,0,0,0,-,-,NA,NA,LOS ANGELES,LOS ANGELES,-118.37556457519533,34.12379455566406
9266237,2021,2021-06-03,1912,2021-05-13,1825,38326,1506,4,5,6,1912,0,0,0,NA,0,15A3,SHERMAN WAY,VINELAND AV,300,W,N,A,-,N,NA,NA,NA,NA,NA,NA,NA,NA,NA,N,3,0,1,3,A,-,08,22102,NA,F,D,C,A,A,H,-,A,D,0,NA,NA,NA,NA,Y,NA,A,01,0,1,0,0,0,0,0,0,0,-,-,NA,NA,LOS ANGELES,BURBANK,-118.37130737304688,34.20117950439453
9266238,2021,2021-06-03,1942,2021-05-12,2355,38692,1908,3,5,7,1942,0,0,0,NA,0,19A7,ELDRIDGE AV,BEAVER ST,0,NA,Y,A,-,N,NA,NA,NA,NA,NA,NA,NA,NA,NA,N,3,0,1,2,A,-,11,21956,A,F,G,B,E,A,H,-,C,D,0,Y,NA,NA,NA,Y,NA,N,60,0,1,0,0,1,0,0,0,0,-,-,NA,NA,LOS ANGELES,LOS ANGELES,-118.42308044433594,34.316749572753906
9266239,2021,2021-06-03,1942,2021-05-11,1315,38326,1067,2,5,7,1942,0,0,0,J,0,10A99,VENTURA BL,AMESTOY AV,307,W,N,A,-,N,NA,NA,NA,NA,NA,NA,NA,NA,NA,N,2,0,2,2,A,-,05,21650,NA,N,A,C,A,A,H,-,A,D,0,NA,NA,NA,NA,Y,NA,A,01,2,0,0,0,0,0,0,0,0,-,-,NA,NA,LOS ANGELES,LOS ANGELES,-118.50642395019533,34.160377502441406
9266240,2021,2021-06-03,1942,2021-05-11,2045,37613,1011,2,5,7,1942,0,0,0,J,0,10A3,CORBIN AV,SATICOY ST,440,S,N,A,-,N,NA,NA,NA,NA,NA,NA,NA,NA,NA,N,2,0,1,2,A,-,08,22103,NA,N,H,A,A,A,H,-,C,D,0,NA,NA,Y,NA,Y,NA,A,07,1,0,0,0,0,0,0,0,1,-,-,NA,NA,LOS ANGELES,LOS ANGELES,-118.56226348876952,34.20713424682617
92663843,2024,2024-08-29,9535,2024-06-22,1300,023286,NA,6,1,6,1922,0,1,1,NA,2,401,I-10  W/B (SAN BERNARDINO FREEWAY),SANTA ANITA AVE,792,W,N,A,-,Y,LA,NA,10,NA,NA,28.514,H,NA,L,Y,3,0,2,3,A,-,03,22350,NA,N,C,C,A,A,H,-,A,D,0,NA,NA,NA,NA,Y,NA,D,22,0,1,1,0,0,0,0,0,0,-,-,34.069461822509766,-118.04493713378906,LOS ANGELES,EL MONTE,-118.0449447631836,34.069454193115234
9266438,2021,2021-06-14,1946,2021-03-08,0902,P15,MONRO,1,5,4,1946,0,0,0,NA,0,003,CALIFORNIA,CENTRAL,0,NA,Y,-,-,N,NA,NA,NA,NA,NA,NA,NA,NA,NA,Y,2,0,2,2,A,-,12,21453,A,N,D,C,A,A,H,-,A,A,0,NA,NA,NA,NA,Y,NA,A,01,1,1,0,0,0,0,0,0,0,-,-,NA,NA,LOS ANGELES,MONROVIA,-117.99504852294922,34.1358642578125
9266481,2021,2021-06-14,1900,2021-03-29,1550,622126,1135,1,5,6,1992,0,0,0,NA,0,112T2,AVENUE 0-8,10TH ST E,76,E,N,A,-,N,NA,NA,NA,NA,NA,NA,NA,NA,NA,N,4,0,3,2,A,-,04,21703,NA,N,C,D,A,A,H,-,A,D,0,NA,NA,NA,NA,Y,NA,A,01,0,0,3,0,0,0,0,0,0,-,-,NA,NA,LOS ANGELES,LANCASTER,NA,NA
9266484,2021,2021-06-17,1900,2021-05-04,0945,623588,0622,2,5,6,1985,0,0,0,NA,0,62T1,VALENCIA BL,RT 5,0,NA,Y,A,-,Y,LA,7,5,-,R,52.296,R,1,N,N,3,0,1,2,A,-,10,21950,A,N,G,B,B,A,H,-,A,A,0,Y,NA,NA,NA,Y,NA,D,22,0,1,0,0,1,0,0,0,0,-,NF,34.393829345703125,-118.57363128662108,LOS ANGELES,SANTA CLARITA,-118.57515716552734,34.40602493286133
9266497,2021,2021-06-16,1942,2021-05-15,1840,40388,1557,6,5,7,1942,0,0,0,O,0,15A67,E CAHUENGA BL,CAMARILLO ST,323,N,N,B,-,N,NA,NA,NA,NA,NA,NA,NA,NA,NA,N,3,0,1,2,A,-,01,23152,A,N,C,C,A,A,H,-,A,A,0,NA,NA,Y,NA,Y,Y,C,02,0,1,0,0,0,0,0,0,1,-,-,NA,NA,LOS ANGELES,LOS ANGELES,-118.3615493774414,34.15855407714844
9266508,2021,2021-06-09,1900,2021-05-03,1350,609942,0647,1,5,6,1985,0,0,0,NA,0,6Y71,RAILROAD AV,DRAYTON ST,0,NA,Y,A,-,N,NA,NA,NA,NA,NA,NA,NA,NA,NA,Y,4,0,1,4,A,-,01,23152,F,N,C,C,A,A,H,-,A,A,0,NA,NA,NA,NA,Y,NA,A,07,0,0,1,0,0,0,0,0,0,-,-,34.4117317199707,-118.54077911376952,LOS ANGELES,SANTA CLARITA,-118.54061889648438,34.411338806152344
9266511,2021,2021-06-21,1972,2021-05-13,0918,19767,NA,4,5,6,1972,0,0,0,NA,0,NA,HAWTHORNE BL,SEPULVEDA BL,200,S,N,A,-,Y,LA,7,107,-,-,1.35,H,-,N,Y,3,0,1,3,A,-,03,22350,NA,N,C,C,A,A,H,-,A,D,0,NA,NA,NA,NA,Y,NA,D,NA,0,1,0,0,0,0,0,0,0,-,-,NA,NA,LOS ANGELES,TORRANCE,-118.3511199951172,33.82472229003906
9266520,2021,2021-06-09,1900,2021-05-10,1742,476466,NA,1,5,6,1985,0,0,0,NA,0,61T1,SIERRA HWY,FRIENDLY VALLEY PKWY,0,NA,Y,A,-,N,NA,NA,NA,NA,NA,NA,NA,NA,NA,N,4,0,1,2,A,-,04,21703,NA,N,C,C,A,A,H,-,A,D,0,NA,NA,NA,NA,Y,NA,A,01,0,0,1,0,0,0,0,0,0,-,-,34.39921188354492,-118.4740982055664,LOS ANGELES,SANTA CLARITA,-118.47389221191406,34.39967346191406
9266531,2021,2021-06-09,1976,2021-05-06,1503,531,CA019,4,5,3,1964,0,0,0,NA,0,002,FLORENCE AV,PIONEER BL,831,E,N,A,-,N,NA,NA,NA,NA,NA,NA,NA,NA,NA,Y,3,0,2,2,A,-,07,21658,A,N,B,C,A,A,H,-,A,D,0,NA,NA,NA,NA,Y,NA,A,01,0,1,1,0,0,0,0,0,0,-,-,NA,NA,LOS ANGELES,SANTA FE SPRINGS,-118.07910919189452,33.935325622558594
9266535,2021,2021-06-30,1976,2021-05-05,0900,552,NA,3,5,3,1964,0,0,0,NA,0,NA,LOS NIETOS RD,JOHN ST,69,W,N,A,-,N,NA,NA,NA,NA,NA,NA,NA,NA,NA,Y,4,0,1,2,A,-,09,21802,A,N,C,C,A,A,H,-,A,A,0,NA,NA,NA,NA,Y,NA,A,01,0,0,1,0,0,0,0,0,0,-,-,NA,NA,LOS ANGELES,SANTA FE SPRINGS,-118.06364440917967,33.95213317871094
9266541,2021,2021-06-16,1967,2021-05-10,1506,142,NA,1,5,2,1967,0,0,0,NA,0,SOUTH,ORANGE AV,25TH,55,S,N,A,-,N,NA,NA,NA,NA,NA,NA,NA,NA,NA,Y,4,0,1,3,A,-,03,22350,NA,N,C,C,A,A,H,-,A,D,0,NA,NA,NA,NA,Y,NA,A,07,0,0,1,0,0,0,0,0,0,-,-,33.80261993408203,-118.1762924194336,LOS ANGELES,SIGNAL HILL,-118.17633819580078,33.80244064331055
9266542,2021,2021-06-17,1942,2021-05-18,2300,40388,1969,2,5,7,1942,0,0,0,NA,0,19A9,BRANFORD ST,SHARP AV,860,W,N,A,-,N,NA,NA,NA,NA,NA,NA,NA,NA,NA,Y,4,0,1,8,A,-,01,23152,A,N,B,E,A,A,H,-,C,A,0,NA,NA,NA,NA,Y,Y,D,22,0,0,1,0,0,0,0,0,0,-,-,NA,NA,LOS ANGELES,LOS ANGELES,-118.41883087158205,34.23681640625
9266545,2021,2021-06-17,1967,2021-05-04,1645,142,NA,2,5,2,1967,0,0,0,NA,0,SOUTH,WILLOW,WALNUT AV,0,NA,Y,A,-,N,NA,NA,NA,NA,NA,NA,NA,NA,NA,Y,4,0,2,2,A,-,09,21801,A,N,D,C,A,A,H,-,A,A,0,NA,NA,NA,Y,Y,NA,A,07,0,0,2,0,0,0,0,0,0,-,-,NA,NA,LOS ANGELES,SIGNAL HILL,-118.17198181152344,33.804298400878906
9266547,2021,2021-06-07,1976,2021-04-06,0037,548,NA,2,5,3,1964,0,0,0,NA,0,003,CARMENITA RD,ROSECRANS AV,0,NA,Y,A,-,N,NA,NA,NA,NA,NA,NA,NA,NA,NA,N,4,0,2,2,A,-,03,22350,NA,N,C,C,A,A,H,-,C,A,0,NA,NA,NA,NA,Y,NA,A,01,0,0,2,0,0,0,0,0,0,-,-,NA,NA,LOS ANGELES,SANTA FE SPRINGS,-118.0466537475586,33.9024772644043
9266548,2021,2021-06-07,1900,2021-04-04,1520,605526,0460,7,5,4,1936,0,0,0,NA,0,46T1,IMPERIAL HWY,LA MIRADA BL,37,E,N,A,-,N,NA,NA,NA,NA,NA,NA,NA,NA,NA,Y,3,0,3,3,A,-,03,22350,NA,N,C,C,A,A,H,-,A,D,0,NA,NA,NA,NA,Y,NA,A,07,0,2,1,0,0,0,0,0,0,-,-,NA,NA,LOS ANGELES,LA MIRADA,-118.01187133789064,33.91712951660156
9266560,2021,2021-06-10,1900,2021-04-26,1250,488341,0451,1,5,6,1949,0,0,0,NA,0,43T1,FIRESTONE BL,TARGET,0,NA,Y,A,-,N,NA,NA,NA,NA,NA,NA,NA,NA,NA,N,3,0,1,2,A,-,03,22350,NA,N,A,C,A,A,H,-,A,A,0,NA,NA,Y,NA,Y,NA,C,02,0,1,0,0,0,0,0,0,1,-,-,NA,NA,LOS ANGELES,NORWALK,NA,NA
9266561,2021,2021-06-17,1942,2021-05-14,0830,39473,1663,5,5,7,1942,0,0,0,P,0,16A77,SHELDON ST,GOLDEN STATE WY,0,NA,Y,A,-,N,NA,NA,NA,NA,NA,NA,NA,NA,NA,N,4,0,1,2,A,-,09,21801,A,N,D,C,A,A,H,-,A,A,0,NA,NA,NA,NA,Y,NA,D,22,0,0,1,0,0,0,0,0,0,-,-,NA,NA,LOS ANGELES,LOS ANGELES,-118.4043197631836,34.231536865234375
9266565,2021,2021-06-14,1942,2021-05-14,0230,42768,1911,5,5,7,1942,0,0,0,NA,0,19A1,ROXFORD ST,ENCINITAS AV,0,NA,Y,A,-,N,NA,NA,NA,NA,NA,NA,NA,NA,NA,Y,3,0,3,2,A,-,12,21453,A,N,D,C,A,A,H,-,C,A,0,NA,NA,NA,Y,Y,NA,D,22,0,1,2,0,0,0,0,0,0,-,-,NA,NA,LOS ANGELES,LOS ANGELES,-118.47885894775392,34.3038330078125
9266569,2021,2021-06-17,1942,2021-05-17,1245,39192,2141,1,5,7,1942,0,0,0,NA,0,21A43,VALLEY CIRCLE BL,VANOWEN ST,15,S,N,A,-,N,NA,NA,NA,NA,NA,NA,NA,NA,NA,Y,4,0,1,2,A,-,03,22350,NA,N,C,C,A,A,H,-,A,D,0,NA,NA,NA,NA,Y,NA,D,22,0,0,1,0,0,0,0,0,0,-,-,NA,NA,LOS ANGELES,LOS ANGELES,-118.65683746337892,34.1949577331543
9266573,2021,2021-06-25,1942,2021-05-15,0750,40065,2169,6,5,7,1942,0,0,0,NA,0,21A29,VICTORY BL,TOPHAM ST,102,E,N,A,-,N,NA,NA,NA,NA,NA,NA,NA,NA,NA,Y,3,0,1,1,C,-,18,NA,NA,N,E,I,A,A,H,-,A,A,0,NA,NA,NA,NA,Y,NA,-,-,0,1,0,0,0,0,0,0,0,-,-,NA,NA,LOS ANGELES,LOS ANGELES,-118.56746673583984,34.185997009277344
9266578,2021,2021-06-08,1910,2021-02-27,2329,04616,NA,6,5,4,1910,0,0,0,NA,0,004,NORTH SANTA MONICA BL,REXFORD DR,0,NA,Y,A,-,N,NA,NA,NA,NA,NA,NA,NA,NA,NA,N,4,0,1,2,A,-,09,21801,A,N,D,C,A,A,H,-,C,A,0,NA,NA,NA,Y,Y,NA,A,01,0,0,1,0,0,0,0,0,0,-,-,NA,NA,LOS ANGELES,BEVERLY HILLS,-118.40061950683594,34.07375717163086
9266581,2021,2021-06-17,1942,2021-05-12,1505,40165,1698,3,5,7,1942,0,0,0,P,0,16A81,SAN FERNANDO RD,ARCOLA AV,90,N,N,A,-,N,NA,NA,NA,NA,NA,NA,NA,NA,NA,Y,3,0,1,3,A,-,01,23152,A,N,C,E,A,A,H,-,A,D,0,NA,NA,NA,NA,Y,Y,A,01,0,1,0,0,0,0,0,0,0,-,-,NA,NA,LOS ANGELES,LOS ANGELES,-118.35335540771484,34.20896911621094
9266586,2021,2021-06-09,1942,2021-04-29,2055,40105,1259,4,5,7,1942,0,0,0,L,0,12A69,S CENTRAL AV,W 78TH ST,0,NA,Y,A,-,N,NA,NA,NA,NA,NA,NA,NA,NA,NA,Y,2,0,3,4,A,-,09,21801,A,N,B,C,A,A,H,-,C,A,0,NA,NA,NA,NA,Y,NA,A,01,1,2,0,0,0,0,0,0,0,-,-,NA,NA,LOS ANGELES,LOS ANGELES,-118.25641632080078,33.968467712402344
9266589,2021,2021-06-21,1942,2021-05-13,1255,38326,1017,4,5,7,1942,0,0,0,J,0,10A17,BALBOA BL,SHERMAN WY,300,N,N,A,-,N,NA,NA,NA,NA,NA,NA,NA,NA,NA,N,3,0,5,4,A,-,08,22107,NA,N,A,C,A,A,H,-,A,D,0,NA,NA,NA,Y,Y,NA,D,22,0,2,3,0,0,0,0,0,0,-,-,NA,NA,LOS ANGELES,LOS ANGELES,-118.50115966796876,34.20195388793945
9266590,2021,2021-06-16,1942,2021-05-21,0035,40972,1027,5,5,7,1942,0,0,0,J,0,10A17,VANOWEN ST,LOUISE AV,23,E,N,A,-,N,NA,NA,NA,NA,NA,NA,NA,NA,NA,Y,3,0,1,2,A,-,01,23152,A,N,D,E,A,A,H,-,C,A,0,NA,NA,NA,NA,Y,Y,D,22,0,1,0,0,0,0,0,0,0,-,-,NA,NA,LOS ANGELES,LOS ANGELES,-118.50978088378906,34.19388198852539
9266594,2021,2021-06-16,1942,2021-05-20,0855,39154,1664,4,5,7,1942,0,0,0,P,0,16A77,GLENOAKS BL,SHELDON ST,0,NA,Y,A,-,N,NA,NA,NA,NA,NA,NA,NA,NA,NA,Y,4,0,2,3,A,-,08,22107,NA,N,B,C,A,A,H,-,A,A,0,NA,NA,NA,NA,Y,NA,A,01,0,0,2,0,0,0,0,0,0,-,-,NA,NA,LOS ANGELES,LOS ANGELES,-118.38394165039064,34.246429443359375
9266602,2021,2021-06-16,1942,2021-05-23,0940,30921,0929,7,5,7,1942,0,0,0,I,0,9A37,VICTORY BL,VARNA AV,5,E,N,A,-,N,NA,NA,NA,NA,NA,NA,NA,NA,NA,Y,3,0,1,5,A,-,01,23152,A,N,B,E,A,A,H,-,A,D,0,NA,NA,NA,Y,Y,Y,F,26,0,1,0,0,0,0,0,0,0,-,-,NA,NA,LOS ANGELES,LOS ANGELES,-118.42471313476564,34.186668395996094
9266605,2021,2021-06-14,1942,2021-05-05,1420,38996,1676,3,5,7,1942,0,0,0,P,0,16A77,GLENOAKS BL,SUNLAND BL,0,NA,Y,A,-,N,NA,NA,NA,NA,NA,NA,NA,NA,NA,N,3,0,1,2,A,-,04,21703,NA,N,C,C,A,A,H,-,A,A,0,NA,NA,NA,Y,Y,NA,F,76,0,1,0,0,0,0,0,0,0,-,-,NA,NA,LOS ANGELES,LOS ANGELES,-118.36650848388672,34.22993469238281
9266618,2021,2021-06-16,1942,2021-05-17,0840,41514,2104,1,5,7,1942,0,0,0,NA,0,21A5,CANOGA AV,NORDHOFF ST,0,NA,Y,A,-,N,NA,NA,NA,NA,NA,NA,NA,NA,NA,Y,3,0,4,4,A,-,12,21453,A,N,D,C,A,A,H,-,A,A,0,NA,NA,Y,NA,Y,NA,A,07,0,1,3,0,0,0,0,0,1,-,-,NA,NA,LOS ANGELES,LOS ANGELES,-118.59754943847656,34.235469818115234
9266619,2021,2021-06-09,1942,2021-05-15,0500,44463,1836,6,5,7,1942,0,0,0,R,0,18A35,107TH ST,SAMORA AV,0,NA,Y,B,-,N,NA,NA,NA,NA,NA,NA,NA,NA,NA,Y,3,0,1,4,A,-,03,22350,NA,N,C,E,A,A,H,-,C,D,0,NA,NA,NA,NA,Y,NA,A,01,0,1,0,0,0,0,0,0,0,-,-,NA,NA,LOS ANGELES,LOS ANGELES,-118.25176,33.93884
9266630,2021,2021-06-16,1942,2021-05-19,0435,36479,1708,3,5,7,1942,0,0,0,Q,0,26M43,RINALDI ST,HAYVENHURST AV,18,E,N,A,-,N,NA,NA,NA,NA,NA,NA,NA,NA,NA,Y,4,0,2,2,A,-,01,23152,A,F,C,C,A,A,H,-,A,A,0,NA,NA,NA,NA,Y,Y,A,08,0,0,2,0,0,0,0,0,0,-,-,NA,NA,LOS ANGELES,LOS ANGELES,-118.49333190917967,34.279239654541016