CASE_ID,ACCIDENT_YEAR,PROC_DATE,JURIS,COLLISION_DATE,COLLISION_TIME,OFFICER_ID,REPORTING_DISTRICT,DAY_OF_WEEK,CHP_SHIFT,POPULATION,CNTY_CITY_LOC,SPECIAL_COND,BEAT_TYPE,CHP_BEAT_TYPE,CITY_DIVISION_LAPD,CHP_BEAT_CLASS,BEAT_NUMBER,PRIMARY_RD,SECONDARY_RD,DISTANCE,DIRECTION,INTERSECTION,WEATHER_1,WEATHER_2,STATE_HWY_IND,CALTRANS_COUNTY,CALTRANS_DISTRICT,STATE_ROUTE,ROUTE_SUFFIX,POSTMILE_PREFIX,POSTMILE,LOCATION_TYPE,RAMP_INTERSECTION,SIDE_OF_HWY,TOW_AWAY,COLLISION_SEVERITY,NUMBER_KILLED,NUMBER_INJURED,PARTY_COUNT,PRIMARY_COLL_FACTOR,PCF_CODE_OF_VIOL,PCF_VIOL_CATEGORY,PCF_VIOLATION,PCF_VIOL_SUBSECTION,HIT_AND_RUN,TYPE_OF_COLLISION,MVIW,PED_ACTION,ROAD_SURFACE,ROAD_COND_1,ROAD_COND_2,LIGHTING,CONTROL_DEVICE,CHP_ROAD_TYPE,PEDESTRIAN_ACCIDENT,BICYCLE_ACCIDENT,MOTORCYCLE_ACCIDENT,TRUCK_ACCIDENT,NOT_PRIVATE_PROPERTY,ALCOHOL_INVOLVED,STWD_VEHTYPE_AT_FAULT,CHP_VEHTYPE_AT_FAULT,COUNT_SEVERE_INJ,COUNT_VISIBLE_INJ,COUNT_COMPLAINT_PAIN,COUNT_PED_KILLED,COUNT_PED_INJURED,COUNT_BICYCLIST_KILLED,COUNT_BICYCLIST_INJURED,COUNT_MC_KILLED,COUNT_MC_INJURED,PRIMARY_RAMP,SECONDARY_RAMP,LATITUDE,LONGITUDE,COUNTY,CITY,POINT_X,POINT_Y
9274309,2021,2021-06-21,1953,2021-03-26,1148,5651,1953,5,5,6,1953,0,0,0,NA,0,002,ORANGE GROVE BL,LINCOLN AV,0,NA,Y,A,-,N,NA,NA,NA,NA,NA,NA,NA,NA,NA,N,3,0,2,2,A,-,12,21453,NA,N,D,C,A,A,H,-,A,A,0,NA,NA,NA,NA,Y,NA,J,41,0,2,0,0,0,0,0,0,0,-,-,NA,NA,LOS ANGELES,PASADENA,-118.15480041503906,34.15571212768555
9274311,2021,2021-06-22,1944,2021-03-06,1141,329,SOUTH,6,5,4,1944,0,0,0,NA,0,003,MANHATTAN BEACH BL,VALLEY DR,106,W,N,A,-,N,NA,NA,NA,NA,NA,NA,NA,NA,NA,N,3,0,1,2,A,-,08,22102,NA,N,D,G,A,A,H,-,A,D,0,NA,Y,NA,NA,Y,NA,A,01,0,1,0,0,0,0,1,0,0,-,-,33.8857307434082,-118.40785217285156,LOS ANGELES,MANHATTAN BEACH,-118.40812683105467,33.88566207885742
9274313,2021,2021-06-22,1901,2021-03-29,1626,291,12,1,5,5,1901,0,0,0,NA,0,002,ALMANSOR ST,SHORB ST,0,NA,Y,A,-,N,NA,NA,NA,NA,NA,NA,NA,NA,NA,Y,4,0,2,2,A,-,12,22450,A,N,D,C,A,A,H,-,A,A,0,NA,NA,NA,NA,Y,NA,A,07,0,0,2,0,0,0,0,0,0,-,-,34.080711364746094,-118.1169662475586,LOS ANGELES,ALHAMBRA,-118.1169204711914,34.08075714111328
9274314,2021,2021-06-22,1901,2021-03-27,1222,299,28,6,5,5,1901,0,0,0,NA,0,003,COMMONWEALTH AV,ELECTRIC AV,0,NA,Y,A,-,N,NA,NA,NA,NA,NA,NA,NA,NA,NA,N,4,0,1,2,A,-,12,22450,A,N,D,C,A,A,H,-,A,A,0,NA,NA,NA,NA,Y,NA,A,01,0,0,1,0,0,0,0,0,0,-,-,34.08749008178711,-118.13954925537108,LOS ANGELES,ALHAMBRA,-118.13953399658205,34.08749008178711
9274315,2021,2021-06-22,1901,2021-03-13,1109,204,16,6,5,5,1901,0,0,0,NA,0,004,VALLEY BL,GRAND VIEW DR,7,W,N,A,-,N,NA,NA,NA,NA,NA,NA,NA,NA,NA,N,4,0,2,2,A,-,03,22350,NA,N,C,C,A,A,H,-,A,A,0,NA,NA,NA,NA,Y,NA,A,01,0,0,2,0,0,0,0,0,0,-,-,34.07667922973633,-118.15493774414064,LOS ANGELES,ALHAMBRA,-118.15496826171876,34.07666015625
9274316,2021,2021-06-22,1901,2021-03-13,1211,204,18,6,5,5,1901,0,0,0,NA,0,004,ATLANTIC BL,GLENDON WY,45,N,N,A,-,N,NA,NA,NA,NA,NA,NA,NA,NA,NA,N,4,0,1,2,A,-,03,22350,NA,N,C,C,A,A,H,-,A,A,0,NA,NA,NA,NA,Y,NA,A,01,0,0,1,0,0,0,0,0,0,-,-,34.07392120361328,-118.13448333740234,LOS ANGELES,ALHAMBRA,-118.13448333740234,34.074031829833984
9274317,2021,2021-06-22,1901,2021-03-15,1158,287,16,1,5,5,1901,0,0,0,NA,0,003,MISSION RD,FREMONT AV,0,NA,Y,A,-,N,NA,NA,NA,NA,NA,NA,NA,NA,NA,Y,4,0,2,2,A,-,09,21801,A,N,D,C,A,B,H,-,A,A,0,NA,NA,NA,NA,Y,NA,A,07,0,0,2,0,0,0,0,0,0,-,-,34.07931900024414,-118.15191650390624,LOS ANGELES,ALHAMBRA,-118.15198516845705,34.07931137084961
9274318,2021,2021-06-22,1901,2021-03-24,1142,287,15,3,5,5,1901,0,0,0,NA,0,002,MARSHALL ST,NEW AV,0,NA,Y,A,-,N,NA,NA,NA,NA,NA,NA,NA,NA,NA,N,3,0,1,2,A,-,05,21650,1,N,A,G,A,A,H,-,A,A,0,NA,Y,NA,NA,Y,NA,L,04,0,1,0,0,0,0,1,0,0,-,-,34.07514953613281,-118.10829925537108,LOS ANGELES,ALHAMBRA,-118.10826110839844,34.07516860961914
9274319,2021,2021-06-22,1901,2021-03-23,1316,296,4,2,5,5,1901,0,0,0,NA,0,001,ALHAMBRA RD,HIDALGO AV,0,NA,Y,A,-,N,NA,NA,NA,NA,NA,NA,NA,NA,NA,Y,4,0,1,2,A,-,09,21802,A,N,D,C,A,A,H,-,A,A,0,NA,NA,NA,NA,Y,NA,A,01,0,0,1,0,0,0,0,0,0,-,-,34.10395050048828,-118.12389373779295,LOS ANGELES,ALHAMBRA,-118.12387084960938,34.10394287109375
9274320,2021,2021-06-22,1901,2021-03-24,1730,287,17,3,5,5,1901,0,0,0,NA,0,004,FREMONT AV,SHORB ST,50,N,N,A,-,N,NA,NA,NA,NA,NA,NA,NA,NA,NA,N,4,0,3,2,A,-,08,22107,NA,N,B,C,A,A,H,-,A,D,0,NA,NA,NA,NA,Y,NA,A,01,0,0,3,0,0,0,0,0,0,-,-,34.07770919799805,-118.15186309814452,LOS ANGELES,ALHAMBRA,-118.15196990966795,34.077857971191406
9274371,2021,2021-06-29,1976,2021-05-23,1220,860,NA,7,5,5,1976,0,0,0,NA,0,004,WHITTIER BL,WHITTWOOD DR,60,E,N,A,-,N,NA,NA,NA,NA,NA,NA,NA,NA,NA,Y,4,0,1,3,A,-,03,22350,NA,N,C,C,A,A,H,-,A,A,0,NA,NA,NA,NA,Y,NA,A,01,0,0,1,0,0,0,0,0,0,-,-,NA,NA,LOS ANGELES,WHITTIER,-117.99836730957033,33.94618225097656
9274448,2021,2021-07-06,1931,2021-06-11,1257,5315,1931,5,5,5,1931,0,0,0,NA,0,004,FLORENCE AV,SALT LAKE AV,125,E,N,A,-,N,NA,NA,NA,NA,NA,NA,NA,NA,NA,NA,4,0,2,2,A,-,03,22350,NA,N,C,C,A,A,H,-,A,D,0,NA,NA,NA,NA,Y,NA,A,08,0,0,2,0,0,0,0,0,0,-,-,NA,NA,LOS ANGELES,HUNTINGTON PARK,-118.20303344726564,33.971885681152344
9274449,2021,2021-07-06,1931,2021-06-01,1930,5322,1931,2,5,5,1931,0,0,0,NA,0,001,PACIFIC BL,GAGE AV,0,NA,Y,B,-,N,NA,NA,NA,NA,NA,NA,NA,NA,NA,Y,4,0,1,2,A,-,09,21801,A,N,D,C,A,A,H,-,A,A,0,NA,NA,NA,NA,Y,Y,A,01,0,0,1,0,0,0,0,0,0,-,-,NA,NA,LOS ANGELES,HUNTINGTON PARK,-118.22520446777344,33.98164367675781
9274450,2021,2021-07-06,1931,2021-06-09,2043,5315,1931,3,5,5,1931,0,0,0,NA,0,001,MALABAR ST,54TH ST,8,N,N,A,-,N,NA,NA,NA,NA,NA,NA,NA,NA,NA,NA,3,0,1,2,A,-,10,21950,A,N,G,B,B,A,H,-,C,D,0,Y,NA,NA,NA,Y,NA,A,01,0,1,0,0,1,0,0,0,0,-,-,NA,NA,LOS ANGELES,HUNTINGTON PARK,-118.22784423828124,33.993892669677734
9274451,2021,2021-07-06,1942,2021-06-13,1725,40165,1049,7,5,7,1942,0,0,0,J,0,10A17,WOODLEY AV,BURBANK BL,395,N,N,A,-,N,NA,NA,NA,NA,NA,NA,NA,NA,NA,Y,3,0,1,1,A,-,01,23152,F,N,E,I,A,A,H,-,A,D,0,NA,NA,NA,NA,Y,NA,A,07,0,1,0,0,0,0,0,0,0,-,-,NA,NA,LOS ANGELES,LOS ANGELES,-118.47621917724608,34.172725677490234
9274453,2021,2021-07-06,1942,2021-06-11,2100,33504,1037,5,5,7,1942,0,0,0,J,0,10A17,LOUISE AV,VICTORY BL,50,N,N,A,-,N,NA,NA,NA,NA,NA,NA,NA,NA,NA,Y,4,0,3,2,A,-,01,23152,A,M,A,C,A,A,H,-,C,A,0,NA,NA,NA,NA,Y,Y,A,07,0,0,3,0,0,0,0,0,0,-,-,NA,NA,LOS ANGELES,LOS ANGELES,-118.51007080078124,34.18695831298828
9274454,2021,2021-07-06,1942,2021-06-11,2115,39157,1029,5,5,7,1942,0,0,0,J,0,10A39,SHERMAN WY,WOODLEY AV,150,E,N,A,-,N,NA,NA,NA,NA,NA,NA,NA,NA,NA,Y,4,0,1,2,A,-,09,21801,A,F,D,C,A,A,H,-,C,D,0,NA,NA,NA,NA,Y,NA,-,99,0,0,1,0,0,0,0,0,0,-,-,NA,NA,LOS ANGELES,LOS ANGELES,-118.48319244384766,34.20111846923828
9274455,2021,2021-08-09,1942,2021-06-10,1520,38687,1523,4,5,7,1942,0,0,0,O,0,15A43,OXNARD ST,GOODLAND AV,250,E,N,A,-,N,NA,NA,NA,NA,NA,NA,NA,NA,NA,N,3,0,1,3,A,-,01,23152,A,N,C,E,A,A,H,-,A,D,0,NA,NA,NA,NA,Y,Y,A,01,0,1,0,0,0,0,0,0,0,-,-,NA,NA,LOS ANGELES,LOS ANGELES,-118.41077423095705,34.17940902709961
9274456,2021,2021-07-06,1942,2021-06-09,1735,38273,1729,3,5,7,1942,0,0,0,Q,0,17A35,BALBOA BL,SAN FERNANDO MISSION BL,200,N,N,A,-,N,NA,NA,NA,NA,NA,NA,NA,NA,NA,Y,4,0,2,3,A,-,01,23152,F,N,D,C,A,A,H,-,A,A,0,NA,NA,NA,NA,Y,NA,A,01,0,0,2,0,0,0,0,0,0,-,-,NA,NA,LOS ANGELES,LOS ANGELES,-118.502197265625,34.27259826660156
9274457,2021,2021-07-06,1942,2021-06-09,0115,41316,0929,3,5,7,1942,0,0,0,I,0,6A37,VICTORY BL,FULTON AV,35,E,N,A,-,N,NA,NA,NA,NA,NA,NA,NA,NA,NA,N,4,0,1,2,A,-,08,22107,NA,F,B,C,A,A,H,-,A,A,0,NA,NA,NA,NA,Y,NA,-,99,0,0,1,0,0,0,0,0,0,-,-,NA,NA,LOS ANGELES,LOS ANGELES,-118.4223861694336,34.18667984008789
9274458,2021,2021-07-06,1942,2021-06-06,2325,41654,1622,7,5,7,1942,0,0,0,P,0,16A11,TELFAIR,TELFAIR  10950,0,NA,Y,A,-,N,NA,NA,NA,NA,NA,NA,NA,NA,NA,Y,3,0,1,3,A,-,03,22350,NA,F,B,E,A,-,-,-,C,D,0,NA,NA,NA,NA,Y,NA,-,NA,0,1,0,0,0,0,0,0,0,-,-,NA,NA,LOS ANGELES,LOS ANGELES,NA,NA
9274459,2021,2021-07-06,1942,2021-06-05,2030,44522,1921,6,5,7,1942,0,0,0,NA,0,19A1,SAN FERNANDO RD,LAKESIDE ST,120,S,N,A,-,N,NA,NA,NA,NA,NA,NA,NA,NA,NA,Y,4,0,1,2,A,-,09,21804,A,F,D,C,A,A,H,-,C,-,0,NA,NA,NA,NA,Y,NA,-,NA,0,0,1,0,0,0,0,0,0,-,-,NA,NA,LOS ANGELES,LOS ANGELES,-118.46131896972656,34.30080032348633
9274460,2021,2021-07-06,1942,2021-06-05,1520,33294,1031,6,5,7,1942,0,0,0,J,0,26M37,VICTORY BL,TAMPA AV,75,W,N,A,-,N,NA,NA,NA,NA,NA,NA,NA,NA,NA,N,4,0,1,2,A,-,03,22350,NA,F,C,C,A,A,H,-,A,A,0,NA,NA,NA,NA,Y,NA,-,99,0,0,1,0,0,0,0,0,0,-,-,NA,NA,LOS ANGELES,LOS ANGELES,-118.55377960205078,34.18656921386719
9274480,2021,2021-07-30,1902,2021-06-15,2356,759,11,2,5,5,1902,0,0,0,NA,0,001,E HUNTINGTON DR,N 2ND AV,60,W,N,A,-,N,NA,NA,NA,NA,NA,NA,NA,NA,NA,Y,3,0,1,1,A,-,08,22107,NA,N,E,I,A,A,H,-,C,D,0,NA,NA,NA,NA,Y,Y,A,01,0,1,0,0,0,0,0,0,0,-,-,NA,NA,LOS ANGELES,ARCADIA,-118.02508544921876,34.14012908935547
9274541,2021,2021-08-09,1925,2021-06-13,1930,27926,1,7,5,6,1925,0,0,0,NA,0,197,SAN FERNANDO RD,GRANDVIEW AV,380,E,N,A,-,N,NA,NA,NA,NA,NA,NA,NA,NA,NA,Y,4,0,1,1,A,-,08,22107,NA,N,F,I,A,A,H,-,A,D,0,NA,NA,NA,NA,Y,NA,A,01,0,0,1,0,0,0,0,0,0,-,-,NA,NA,LOS ANGELES,GLENDALE,-118.28174591064452,34.160953521728516
9274542,2021,2021-08-05,1925,2021-06-11,1556,27016,164,5,5,6,1925,0,0,0,NA,0,004,LOUISE ST,FAIRVIEW AV,8,E,N,A,-,N,NA,NA,NA,NA,NA,NA,NA,NA,NA,Y,4,0,2,2,A,-,09,21802,A,N,D,C,A,A,H,-,A,A,0,NA,NA,NA,NA,Y,NA,A,07,0,0,2,0,0,0,0,0,0,-,-,34.16025161743164,-118.25267791748048,LOS ANGELES,GLENDALE,-118.25269317626952,34.16025924682617
9274543,2021,2021-08-05,1925,2021-06-16,1914,27168,173,3,5,6,1925,0,0,0,NA,0,001,W GLENOAKS,CONCORD,652,E,N,B,-,N,NA,NA,NA,NA,NA,NA,NA,NA,NA,Y,3,0,3,3,A,-,04,21703,NA,N,C,C,A,A,H,-,A,D,0,NA,NA,NA,NA,Y,NA,A,01,0,1,2,0,0,0,0,0,0,-,-,NA,NA,LOS ANGELES,GLENDALE,-118.26870727539064,34.159698486328125
9274544,2021,2021-08-05,1925,2021-06-04,1456,22783,115,5,5,6,1925,0,0,0,NA,0,NA,FOOTHILL BL,MARYLAND AV,217,E,N,A,-,N,NA,NA,NA,NA,NA,NA,NA,NA,NA,N,3,0,1,2,A,-,09,21804,A,N,D,C,A,A,H,-,A,D,0,NA,NA,NA,NA,Y,NA,A,01,0,1,0,0,0,0,0,0,0,-,-,34.23094177246094,-119.25086975097656,LOS ANGELES,GLENDALE,-118.25027465820313,34.23057174682617
9274545,2021,2021-08-05,1925,2021-06-03,0949,22783,131,4,5,6,1925,0,0,0,NA,0,005,VERDUGO BL,VERDUGO RD,119,E,N,A,-,N,NA,NA,NA,NA,NA,NA,NA,NA,NA,Y,4,0,1,3,A,-,03,22350,NA,N,A,C,A,A,H,-,A,D,0,NA,NA,NA,NA,Y,NA,A,01,0,0,1,0,0,0,0,0,0,-,-,34.205020904541016,-118.22522735595705,LOS ANGELES,GLENDALE,-118.22484588623048,34.2049560546875
9274606,2021,2021-06-29,1925,2021-05-15,1205,25918,1,6,5,6,1925,0,0,0,NA,0,190,W GLENOAKS BL,LINDEN AV,119,W,N,A,-,N,NA,NA,NA,NA,NA,NA,NA,NA,NA,Y,3,0,1,4,A,-,03,22350,A,N,B,C,A,A,H,-,-,D,0,NA,NA,NA,NA,Y,NA,A,01,0,1,0,0,0,0,0,0,0,-,-,NA,NA,LOS ANGELES,GLENDALE,-118.2948760986328,34.17479705810547
9274607,2021,2021-06-29,1925,2021-05-31,2131,26160,225,1,5,6,1925,0,0,0,NA,0,002,MYRTLE ST,COLUMBUS AV,200,E,N,A,-,N,NA,NA,NA,NA,NA,NA,NA,NA,NA,N,2,0,1,2,A,-,08,22103,NA,N,D,C,A,A,H,-,C,D,0,NA,NA,Y,NA,Y,NA,A,07,1,0,0,0,0,0,0,0,1,-,-,NA,NA,LOS ANGELES,GLENDALE,-118.26072692871094,34.150787353515625
9274608,2021,2021-06-29,1925,2021-05-29,1418,28595,199,6,5,6,1925,0,0,0,NA,0,001,SONORA AV,FLOWER ST,0,NA,Y,A,-,N,NA,NA,NA,NA,NA,NA,NA,NA,NA,Y,3,0,1,2,A,-,09,21801,A,N,A,C,A,A,H,-,A,A,0,NA,NA,NA,NA,Y,NA,A,01,0,1,0,0,0,0,0,0,0,-,-,NA,NA,LOS ANGELES,GLENDALE,-118.29146575927734,34.16295623779297
9274617,2021,2021-07-12,1900,2021-05-26,0427,528315,2116,3,5,5,1943,0,0,0,NA,0,212T4,LONG BEACH BL,RT 105,0,NA,Y,A,-,Y,LA,7,105,-,R,11.746,R,4,E,N,2,0,1,2,A,-,11,21954,A,N,G,B,D,A,H,-,C,A,0,Y,NA,NA,NA,Y,NA,N,60,1,0,0,0,1,0,0,0,0,-,-,NA,NA,LOS ANGELES,LYNWOOD,-118.20704650878906,33.923423767089844
9274635,2021,2021-06-29,1900,2021-04-11,1510,625330,2112,7,5,5,1943,0,0,0,NA,0,212T3,LONG BEACH BL,IMPERIAL HWY,0,NA,Y,A,-,N,NA,NA,NA,NA,NA,NA,NA,NA,NA,Y,4,0,2,2,A,-,09,21801,A,N,A,C,A,A,H,-,A,D,0,NA,NA,NA,NA,Y,NA,A,01,0,0,2,0,0,0,0,0,0,-,-,NA,NA,LOS ANGELES,LYNWOOD,-118.21165466308594,33.930503845214844
9274637,2021,2021-06-29,1925,2021-04-04,0850,25649,220,7,5,6,1925,0,0,0,NA,0,001,BRAND BL,SANCHEZ DR,0,NA,Y,A,-,N,NA,NA,NA,NA,NA,NA,NA,NA,NA,Y,4,0,1,2,A,-,12,21453,NA,N,D,C,A,A,H,-,A,A,0,NA,NA,NA,NA,Y,NA,A,01,0,0,1,0,0,0,0,0,0,-,-,NA,NA,LOS ANGELES,GLENDALE,-118.25514221191406,34.15593719482422
9274638,2021,2021-07-06,1925,2021-04-11,1230,25361,2,7,5,6,1925,0,0,0,NA,0,225,MYRTLE ST,COLUMBUS AV,250,E,N,A,-,N,NA,NA,NA,NA,NA,NA,NA,NA,NA,Y,3,0,1,3,A,-,09,21804,A,N,D,C,A,-,H,-,A,D,0,NA,NA,NA,NA,Y,NA,A,08,0,1,0,0,0,0,0,0,0,-,-,NA,NA,LOS ANGELES,GLENDALE,-118.26056671142578,34.150794982910156
9274641,2021,2021-07-06,1942,2021-06-05,2110,38185,2134,6,5,7,1942,0,0,0,NA,0,21A1,TOPANGA CANYON BL,WYANDOTTE ST,0,NA,Y,B,-,N,NA,NA,NA,NA,NA,NA,NA,NA,NA,Y,3,0,2,2,A,-,08,22107,NA,M,C,C,A,A,H,-,C,A,0,NA,NA,NA,NA,Y,NA,A,01,0,2,0,0,0,0,0,0,0,-,-,NA,NA,LOS ANGELES,LOS ANGELES,-118.60595703125,34.202842712402344
9274642,2021,2021-07-06,1942,2021-06-05,1110,42671,0906,6,5,7,1942,0,0,0,I,0,9A23,VAN NUYS BL,VALERIO ST,40,S,N,A,-,N,NA,NA,NA,NA,NA,NA,NA,NA,NA,N,3,0,1,2,A,-,03,22350,NA,F,C,B,F,A,H,-,A,D,0,Y,Y,NA,NA,Y,NA,L,04,0,1,0,0,1,0,0,0,0,-,-,NA,NA,LOS ANGELES,LOS ANGELES,-118.4487533569336,34.20471954345703
9274643,2021,2021-07-06,1942,2021-06-03,1405,38326,2185,4,5,7,1942,0,0,0,NA,0,21A73,CALDERON RD,AVENUE SAN LUIS,0,NA,Y,A,-,N,NA,NA,NA,NA,NA,NA,NA,NA,NA,N,4,0,1,2,A,-,09,21802,A,F,D,C,A,A,H,-,A,A,0,NA,NA,NA,NA,Y,NA,-,99,0,0,1,0,0,0,0,0,0,-,-,NA,NA,LOS ANGELES,LOS ANGELES,-118.61652374267578,34.166259765625
9274644,2021,2021-07-06,1942,2021-06-15,2100,38503,0567,2,5,7,1942,0,0,0,E,0,5A59,PACIFIC AV,19TH ST,15,N,N,A,-,N,NA,NA,NA,NA,NA,NA,NA,NA,NA,N,4,0,2,2,A,-,03,22350,NA,F,C,C,A,A,H,-,C,A,0,NA,NA,NA,NA,Y,NA,-,99,0,0,2,0,0,0,0,0,0,-,-,NA,NA,LOS ANGELES,LOS ANGELES,-118.28797149658205,33.727012634277344
9274645,2021,2021-07-06,1942,2021-06-15,1826,42364,12322,2,5,7,1942,0,0,0,L,0,12A31,8TH AV,W SLAUSON AV,8,W,N,A,-,N,NA,NA,NA,NA,NA,NA,NA,NA,NA,N,3,0,1,2,A,-,10,21950,A,F,G,B,B,A,H,-,A,A,0,Y,NA,NA,NA,Y,NA,-,99,0,1,0,0,1,0,0,0,0,-,-,NA,NA,LOS ANGELES,LOS ANGELES,-118.32643127441406,33.989051818847656
9274647,2021,2021-07-14,1942,2021-06-02,2100,34350,0449,3,5,7,1942,0,0,0,D,0,24T34,FICKETT ST,POMEROY AV,0,NA,N,B,-,N,NA,NA,NA,NA,NA,NA,NA,NA,NA,N,4,0,2,2,A,-,05,21650,NA,F,B,C,A,A,H,-,C,D,0,NA,NA,NA,NA,Y,NA,-,-,0,0,2,0,0,0,0,0,0,-,-,NA,NA,LOS ANGELES,LOS ANGELES,-118.20068359375,34.05332565307617
9274656,2021,2021-06-28,1942,2021-05-18,1230,39397,0565,2,5,7,1942,0,0,0,E,0,25T225,W GAFFEY ST,SUMMERLAND AV,0,NA,Y,A,-,N,NA,NA,NA,NA,NA,NA,NA,NA,NA,Y,2,0,1,2,A,-,12,21453,A,N,A,C,A,A,H,-,A,A,0,NA,NA,Y,NA,Y,NA,C,02,1,0,0,0,0,0,0,0,1,-,-,NA,NA,LOS ANGELES,LOS ANGELES,-118.29290008544922,33.747650146484375
9274662,2021,2021-06-28,1900,2021-05-06,2045,621336,1519,4,5,5,1954,0,0,0,NA,0,151T3,PASSONS BL,CLAYMORE ST,0,NA,Y,A,-,N,NA,NA,NA,NA,NA,NA,NA,NA,NA,Y,3,0,2,3,D,-,00,NA,NA,N,G,G,A,A,H,-,B,A,0,NA,Y,NA,NA,Y,NA,-,-,0,2,0,0,0,0,2,0,0,-,-,33.95695114135742,-118.1020965576172,LOS ANGELES,PICO RIVERA,-118.10213470458984,33.95687484741211
9274663,2021,2021-06-29,1902,2021-06-15,1135,814,19,2,5,5,1902,0,0,0,NA,0,004,CAMPUS DR,EL MONTE AV,30,W,N,A,-,N,NA,NA,NA,NA,NA,NA,NA,NA,NA,Y,4,0,2,2,A,-,09,21802,A,N,D,D,A,A,H,-,A,A,0,NA,NA,NA,NA,Y,NA,A,01,0,0,2,0,0,0,0,0,0,-,-,NA,NA,LOS ANGELES,ARCADIA,-118.0411376953125,34.13068771362305
9274664,2021,2021-06-28,1902,2021-06-15,0630,814,14,2,5,5,1902,0,0,0,NA,0,002,1ST AV,BONITA ST,145,S,N,A,-,N,NA,NA,NA,NA,NA,NA,NA,NA,NA,Y,3,0,1,1,C,-,18,NA,NA,N,E,I,A,A,H,-,A,D,0,NA,NA,NA,NA,Y,NA,-,-,0,1,0,0,0,0,0,0,0,-,-,NA,NA,LOS ANGELES,ARCADIA,-118.02828979492188,34.137481689453125
9274690,2021,2021-06-29,1976,2021-05-28,1938,516,NA,5,5,5,1976,0,0,0,NA,0,003,PENN ST,YORK AV,245,W,N,A,-,N,NA,NA,NA,NA,NA,NA,NA,NA,NA,N,3,0,1,2,A,-,03,22350,NA,N,B,E,A,A,H,-,B,D,0,NA,NA,Y,NA,Y,NA,C,02,0,1,0,0,0,0,0,0,1,-,-,NA,NA,LOS ANGELES,WHITTIER,-118.0241928100586,33.97401428222656
9274691,2021,2021-06-29,1976,2021-05-22,2216,474,NA,6,5,5,1976,0,0,0,NA,0,001,MAGNOLIA AV,PILGRIM WY,0,NA,Y,A,-,N,NA,NA,NA,NA,NA,NA,NA,NA,NA,Y,3,0,2,2,A,-,09,21800,B,N,D,C,A,A,H,-,C,A,0,NA,NA,NA,NA,Y,NA,A,01,0,1,1,0,0,0,0,0,0,-,-,NA,NA,LOS ANGELES,WHITTIER,-118.05030822753906,33.988121032714844
9274700,2021,2021-06-28,1925,2021-05-15,1036,14676,219,6,5,6,1925,0,0,0,NA,0,001,CENTRAL AV,ARDEN,0,NA,Y,B,-,N,NA,NA,NA,NA,NA,NA,NA,NA,NA,Y,4,0,3,2,A,-,12,21453,A,N,D,C,A,A,H,-,A,A,0,NA,NA,NA,NA,Y,NA,A,01,0,0,3,0,0,0,0,0,0,-,-,NA,NA,LOS ANGELES,GLENDALE,-118.25804901123048,34.15850067138672
9274744,2021,2021-07-16,1942,2021-06-15,0230,33554,1101,2,5,7,1942,0,0,0,K,0,11A71,ZOO DR,RT 134,550,E,N,A,-,N,NA,NA,NA,NA,NA,NA,NA,NA,NA,Y,3,0,1,2,A,-,03,22350,NA,N,A,C,A,A,H,-,C,D,0,NA,NA,NA,Y,Y,NA,F,25,0,1,0,0,0,0,0,0,0,-,-,NA,NA,LOS ANGELES,LOS ANGELES,-118.27965545654295,34.15127944946289
9274755,2021,2021-07-13,1900,2021-06-10,1300,542191,2920,4,5,5,1990,0,0,0,NA,0,292K2,FLINTLOCK RD,HIGHLAND VALLEY RD,211,N,N,A,-,N,NA,NA,NA,NA,NA,NA,NA,NA,NA,Y,4,0,1,4,A,-,01,23152,A,N,C,E,A,A,H,-,A,D,0,NA,NA,NA,NA,Y,Y,D,22,0,0,1,0,0,0,0,0,0,-,-,34.036399841308594,-117.80477905273438,LOS ANGELES,DIAMOND BAR,-117.80467224121094,34.03651428222656
9274763,2021,2021-07-13,1900,2021-06-15,1005,520671,2922,2,5,5,1990,0,0,0,NA,0,292T1,DIAMOND BAR BL,CLEAR CREEK RD,462,S,N,A,-,N,NA,NA,NA,NA,NA,NA,NA,NA,NA,Y,4,0,1,2,A,-,09,21804,A,N,D,C,A,A,H,-,A,D,0,NA,NA,NA,NA,Y,NA,D,22,0,0,1,0,0,0,0,0,0,-,-,34.00307846069336,-117.80989837646484,LOS ANGELES,DIAMOND BAR,NA,NA
9274768,2021,2021-07-14,1925,2021-04-15,2155,27629,1,4,5,6,1925,0,0,0,NA,0,196,SONORA AV,GLENOAKS BL,494,S,N,A,-,N,NA,NA,NA,NA,NA,NA,NA,NA,NA,Y,4,0,3,3,A,-,08,22107,NA,N,C,C,A,A,H,-,C,D,0,NA,NA,NA,NA,Y,Y,A,01,0,0,3,0,0,0,0,0,0,-,-,NA,NA,LOS ANGELES,GLENDALE,-118.28697204589844,34.167232513427734
9274770,2021,2021-07-15,1922,2021-06-03,1325,584,NA,4,5,6,1922,0,0,0,NA,0,NA,GARVEY AV,MEEKER AV,10,E,N,A,-,N,NA,NA,NA,NA,NA,NA,NA,NA,NA,Y,4,0,1,2,A,-,08,22107,NA,N,C,E,A,A,H,-,A,D,0,NA,NA,NA,NA,Y,NA,A,01,0,0,1,0,0,0,0,0,0,-,-,34.062931060791016,-118.02678680419922,LOS ANGELES,EL MONTE,-118.02676391601564,34.06285095214844
9274772,2021,2021-07-13,1925,2021-04-01,2001,26161,193,4,5,6,1925,0,0,0,NA,0,001,GLENOAKS,NEWBY,10,W,N,A,-,N,NA,NA,NA,NA,NA,NA,NA,NA,NA,Y,3,0,1,3,A,-,03,22350,NA,N,C,C,A,A,H,-,C,D,0,NA,NA,NA,NA,Y,NA,A,01,0,1,0,0,0,0,0,0,0,-,-,NA,NA,LOS ANGELES,GLENDALE,-118.2826690673828,34.165897369384766
9274777,2021,2021-07-14,1925,2021-06-03,0856,27016,266,4,5,6,1925,0,0,0,NA,0,002,SAN FERNANDO RD,COLORADO ST,24,N,N,A,-,N,NA,NA,NA,NA,NA,NA,NA,NA,NA,N,3,0,1,2,A,-,03,22350,NA,N,C,C,A,A,H,-,A,A,0,NA,NA,NA,NA,Y,NA,D,22,0,1,0,0,0,0,0,0,0,-,-,NA,NA,LOS ANGELES,GLENDALE,-118.2693099975586,34.141910552978516