CASE_ID,ACCIDENT_YEAR,PROC_DATE,JURIS,COLLISION_DATE,COLLISION_TIME,OFFICER_ID,REPORTING_DISTRICT,DAY_OF_WEEK,CHP_SHIFT,POPULATION,CNTY_CITY_LOC,SPECIAL_COND,BEAT_TYPE,CHP_BEAT_TYPE,CITY_DIVISION_LAPD,CHP_BEAT_CLASS,BEAT_NUMBER,PRIMARY_RD,SECONDARY_RD,DISTANCE,DIRECTION,INTERSECTION,WEATHER_1,WEATHER_2,STATE_HWY_IND,CALTRANS_COUNTY,CALTRANS_DISTRICT,STATE_ROUTE,ROUTE_SUFFIX,POSTMILE_PREFIX,POSTMILE,LOCATION_TYPE,RAMP_INTERSECTION,SIDE_OF_HWY,TOW_AWAY,COLLISION_SEVERITY,NUMBER_KILLED,NUMBER_INJURED,PARTY_COUNT,PRIMARY_COLL_FACTOR,PCF_CODE_OF_VIOL,PCF_VIOL_CATEGORY,PCF_VIOLATION,PCF_VIOL_SUBSECTION,HIT_AND_RUN,TYPE_OF_COLLISION,MVIW,PED_ACTION,ROAD_SURFACE,ROAD_COND_1,ROAD_COND_2,LIGHTING,CONTROL_DEVICE,CHP_ROAD_TYPE,PEDESTRIAN_ACCIDENT,BICYCLE_ACCIDENT,MOTORCYCLE_ACCIDENT,TRUCK_ACCIDENT,NOT_PRIVATE_PROPERTY,ALCOHOL_INVOLVED,STWD_VEHTYPE_AT_FAULT,CHP_VEHTYPE_AT_FAULT,COUNT_SEVERE_INJ,COUNT_VISIBLE_INJ,COUNT_COMPLAINT_PAIN,COUNT_PED_KILLED,COUNT_PED_INJURED,COUNT_BICYCLIST_KILLED,COUNT_BICYCLIST_INJURED,COUNT_MC_KILLED,COUNT_MC_INJURED,PRIMARY_RAMP,SECONDARY_RAMP,LATITUDE,LONGITUDE,COUNTY,CITY,POINT_X,POINT_Y
9275764,2021,2021-06-22,1942,2021-05-29,1125,30452,1712,6,5,7,1942,0,0,0,Q,0,17A35,RINALDI ST,WILBUR AV,0,NA,Y,B,-,N,NA,NA,NA,NA,NA,NA,NA,NA,NA,Y,2,0,3,2,A,-,09,21806,A,N,D,C,A,A,H,-,A,A,0,NA,NA,NA,NA,Y,NA,A,01,1,0,2,0,0,0,0,0,0,-,-,NA,NA,LOS ANGELES,LOS ANGELES,-118.54726409912108,34.275482177734375
9275772,2021,2021-06-22,1942,2021-02-16,1300,06732,1494,2,5,7,1942,0,0,0,N,0,5M31,96TH ST,SEPULVEDA BL,0,NA,Y,A,-,N,NA,NA,NA,NA,NA,NA,NA,NA,NA,N,4,0,1,2,A,-,12,22450,A,N,C,C,A,A,H,-,A,D,0,NA,NA,NA,NA,Y,NA,J,49,0,0,1,0,0,0,0,0,0,-,-,NA,NA,LOS ANGELES,LOS ANGELES,-118.39633941650392,33.94871139526367
9275813,2021,2021-06-29,1956,2021-06-13,1917,1292,3,7,5,5,1956,0,0,0,NA,0,001,RT 1,AV I,0,NA,Y,A,-,Y,LA,7,1,-,-,18.161,I,5,S,Y,4,0,4,2,A,-,09,21801,A,N,D,C,A,A,H,-,A,D,0,NA,NA,NA,NA,Y,NA,A,01,0,0,4,0,0,0,0,0,0,-,-,33.81903076171875,-118.38468933105467,LOS ANGELES,REDONDO BEACH,-118.38445281982422,33.81894302368164
9275814,2021,2021-06-29,1956,2021-06-09,0243,1292,2,3,5,5,1956,0,0,0,NA,0,001,RT 1,PALOS VERDES BL,315,W,N,A,-,Y,LA,7,1,-,-,18.161,I,5,N,Y,3,0,1,1,A,-,01,23152,A,N,E,I,A,A,H,-,C,D,0,NA,NA,NA,NA,Y,Y,A,01,0,1,0,0,0,0,0,0,0,-,-,NA,NA,LOS ANGELES,REDONDO BEACH,-118.3843994140625,33.819034576416016
9275847,2021,2021-06-30,1900,2021-05-18,1650,618405,2113,2,5,5,1943,0,0,0,NA,0,212T3,IMPERIAL HWY,LINDEN ST,200,W,N,A,-,N,NA,NA,NA,NA,NA,NA,NA,NA,NA,Y,2,0,1,3,A,-,08,22107,NA,N,D,C,A,A,H,-,A,D,0,NA,NA,Y,NA,Y,NA,A,07,1,0,0,0,0,0,0,0,1,-,-,NA,NA,LOS ANGELES,LYNWOOD,-118.18537139892578,33.93085479736328
9275852,2021,2021-06-29,1929,2021-05-05,1242,158,SOUTH,3,5,3,1929,0,0,0,NA,0,003,PACIFIC COAST HWY,15TH ST,0,NA,Y,A,-,Y,LA,7,1,-,-,21.381,I,5,N,Y,4,0,1,2,A,-,09,21801,A,N,D,C,A,A,H,-,A,A,0,NA,NA,NA,NA,Y,NA,A,01,0,0,1,0,0,0,0,0,0,-,-,33.865501403808594,-118.39327239990234,LOS ANGELES,HERMOSA BEACH,-118.39319610595705,33.86558151245117
9275866,2021,2021-06-29,1942,2021-06-05,2115,38191,2146,6,5,7,1942,0,0,0,NA,0,21A57,SHERMAN WY,REMMET AV,75,E,N,A,-,N,NA,NA,NA,NA,NA,NA,NA,NA,NA,Y,4,0,2,2,A,-,08,22107,NA,N,C,C,A,A,H,-,C,A,0,NA,NA,NA,NA,Y,NA,A,07,0,0,2,0,0,0,0,0,0,-,-,NA,NA,LOS ANGELES,LOS ANGELES,-118.60002899169922,34.20103073120117
92758763,2024,2024-07-26,9590,2024-07-04,1415,023701,NA,4,2,7,1942,0,1,1,NA,2,010,SR-110 N/B (ARROYO SECO PARKWAY),COLLEGE ST,1572,N,N,A,-,Y,LA,NA,110,NA,NA,24.471,H,NA,R,N,4,0,1,2,A,-,03,22350,NA,N,C,C,A,A,H,-,A,D,0,NA,NA,NA,NA,Y,NA,A,01,0,0,1,0,0,0,0,0,0,-,-,34.06800079345703,-118.23786926269533,LOS ANGELES,LOS ANGELES,-118.23784637451172,34.067970275878906
9275895,2021,2021-07-16,1942,2021-06-19,0955,42282,1245,6,5,7,1942,0,0,0,L,0,25T25W,W FLORENCE AV,S NORMANDIE AV,0,NA,Y,A,-,N,NA,NA,NA,NA,NA,NA,NA,NA,NA,Y,3,0,3,2,A,-,09,21806,A,N,D,C,A,A,H,-,A,A,0,NA,NA,Y,NA,Y,NA,C,02,0,1,2,0,0,0,0,0,1,-,-,NA,NA,LOS ANGELES,LOS ANGELES,-118.30030059814452,33.974578857421875
9275899,2021,2021-07-16,1942,2021-06-17,1146,38326,1017,4,5,7,1942,0,0,0,J,0,10A17,BALBOA BL,SATICOY ST,303,N,N,A,-,N,NA,NA,NA,NA,NA,NA,NA,NA,NA,N,3,0,2,3,A,-,08,22102,NA,N,D,C,A,A,H,-,A,A,0,NA,NA,NA,NA,Y,NA,J,48,0,1,1,0,0,0,0,0,0,-,-,NA,NA,LOS ANGELES,LOS ANGELES,-118.50115203857422,34.209251403808594
9275910,2021,2021-06-30,1900,2021-06-10,1245,602995,2610,4,5,6,1950,0,0,0,NA,0,263T1,SIERRA HWY,AVENUE Q,38,S,N,A,-,N,NA,NA,NA,NA,NA,NA,NA,NA,NA,Y,3,0,2,2,A,-,-,NA,NA,N,C,C,A,A,H,-,A,A,0,NA,NA,NA,NA,Y,NA,J,48,0,1,1,0,0,0,0,0,0,-,-,34.58699035644531,-118.11772918701172,LOS ANGELES,PALMDALE,-118.11781311035156,34.58710479736328
9275984,2021,2021-07-15,1900,2021-04-05,1030,633643,2814,1,5,5,1915,0,0,0,NA,0,281,OLEANDER AV,SCHOOL ST,0,NA,Y,A,-,N,NA,NA,NA,NA,NA,NA,NA,NA,NA,N,4,0,2,3,A,-,09,21802,A,N,D,C,A,A,H,-,A,A,0,NA,NA,NA,NA,Y,NA,A,01,0,0,2,0,0,0,0,0,0,-,-,NA,NA,LOS ANGELES,COMPTON,-118.22886657714844,33.89760971069336
9275998,2021,2021-07-20,1900,2021-06-22,1435,514671,2610,2,5,6,1950,0,0,0,NA,0,261T1,PALMDALE BL,9TH STREET EAST,21,NA,N,A,-,Y,LA,7,138,-,-,44.5,H,-,W,N,4,0,1,2,B,-,22,NA,NA,N,C,C,A,A,H,-,A,A,0,NA,NA,NA,NA,Y,NA,J,48,0,0,1,0,0,0,0,0,0,-,-,34.5796012878418,-118.11522674560548,LOS ANGELES,PALMDALE,-118.11521911621094,34.579532623291016
9275999,2021,2021-07-15,1900,2021-06-11,1103,610418,2616,5,5,6,1950,0,0,0,NA,0,111T1,MIRAMAR LANE,67TH ST,369,W,N,A,-,N,NA,NA,NA,NA,NA,NA,NA,NA,NA,N,4,0,1,2,A,-,21,22106,NA,N,C,C,A,A,H,-,A,D,0,NA,NA,NA,NA,Y,NA,A,01,0,0,1,0,0,0,0,0,0,-,-,NA,NA,LOS ANGELES,PALMDALE,-118.25041198730467,34.64497375488281
9276011,2021,2021-07-21,1906,2021-05-13,1209,4429,342,4,5,5,1906,0,0,0,NA,0,003,VINELAND AV,REXWOOD AV,115,S,N,A,-,N,NA,NA,NA,NA,NA,NA,NA,NA,NA,N,4,0,1,2,A,-,03,22350,NA,N,D,G,A,A,H,-,A,D,0,NA,Y,NA,NA,Y,NA,J,48,0,0,1,0,0,0,1,0,0,-,-,NA,NA,LOS ANGELES,BALDWIN PARK,-117.96878814697266,34.07175827026367
9276013,2021,2021-07-21,1900,2021-06-21,1030,524703,0815,1,5,4,1960,0,0,0,NA,0,81K3,BONITA AV,IGLESIA ST,110,W,N,A,-,N,NA,NA,NA,NA,NA,NA,NA,NA,NA,Y,3,0,2,3,A,-,04,21703,NA,N,C,C,A,A,H,-,A,A,0,NA,NA,NA,NA,Y,NA,A,01,0,2,0,0,0,0,0,0,0,-,-,34.10663986206055,-117.80304718017578,LOS ANGELES,SAN DIMAS,-117.80527496337892,34.10668182373047
9276021,2021,2021-07-22,1931,2021-07-03,2155,5325,1931,6,5,5,1931,0,0,0,NA,0,BELL,BELL AV,GIFFORD AV,18,W,N,A,-,N,NA,NA,NA,NA,NA,NA,NA,NA,NA,Y,4,0,1,2,A,-,21,22106,NA,N,C,C,A,A,H,-,B,D,0,NA,NA,NA,NA,Y,NA,J,48,0,0,1,0,0,0,0,0,0,-,-,NA,NA,LOS ANGELES,HUNTINGTON PARK,-118.19454193115234,33.97517776489258
9276034,2021,2021-07-22,1900,2021-04-13,2350,630427,2847,2,5,5,1915,0,0,0,NA,0,281T1,ALONDRA BL,LONG BEACH BL,7,E,N,A,-,N,NA,NA,NA,NA,NA,NA,NA,NA,NA,Y,4,0,1,1,B,-,22,NA,NA,N,E,I,A,A,H,-,C,D,0,NA,NA,NA,NA,Y,NA,J,48,0,0,1,0,0,0,0,0,0,-,-,33.888580322265625,-118.206787109375,LOS ANGELES,COMPTON,-118.2070541381836,33.88867950439453
9276040,2021,2021-07-21,1900,2021-07-01,2105,629500,0644,4,5,6,1985,0,0,0,NA,0,62T1,MAGIC MOUNTAIN PKWY,MCBEAN PKWY,533,E,N,A,-,N,NA,NA,NA,NA,NA,NA,NA,NA,NA,Y,3,0,2,2,A,-,08,22100,A,N,C,C,A,A,H,-,C,D,0,NA,NA,NA,NA,Y,NA,A,01,0,1,1,0,0,0,0,0,0,-,-,34.41918182373047,-118.56051635742188,LOS ANGELES,SANTA CLARITA,-118.56120300292967,34.41923904418945
9276051,2021,2021-07-19,1900,2021-06-03,1637,654100,2841,4,5,5,1915,0,0,0,NA,0,283T1,ALONDRA BL,ALAMEDA ST EAST,0,NA,Y,A,-,N,NA,NA,NA,NA,NA,NA,NA,NA,NA,Y,3,0,2,2,A,-,-,NA,NA,N,D,C,A,A,H,-,A,A,0,NA,NA,NA,NA,Y,NA,J,48,0,2,0,0,0,0,0,0,0,-,-,33.88862991333008,-118.21878814697266,LOS ANGELES,COMPTON,-118.21874237060548,33.88859176635742
9276056,2021,2021-07-20,1901,2021-05-04,0714,287,21,2,5,5,1901,0,0,0,NA,0,004,FREMONT AVE,MONTEZUMA AVE,0,NA,Y,A,-,N,NA,NA,NA,NA,NA,NA,NA,NA,NA,Y,3,0,2,3,A,-,09,21801,A,N,D,D,A,A,H,-,A,A,0,NA,NA,NA,NA,Y,NA,A,01,0,1,1,0,0,0,0,0,0,-,-,34.067649841308594,-118.14942169189452,LOS ANGELES,ALHAMBRA,-118.14936065673828,34.0676383972168
9276065,2021,2022-06-10,1941,2021-06-26,2329,11274,NA,6,5,7,1941,0,0,0,NA,0,NA,LONG BEACH BL,10TH ST,0,NA,Y,A,-,N,NA,NA,NA,NA,NA,NA,NA,NA,NA,Y,3,0,2,2,A,-,09,21806,A,N,A,C,A,A,H,-,C,A,0,NA,NA,NA,NA,Y,NA,A,NA,0,2,0,0,0,0,0,0,0,-,-,NA,NA,LOS ANGELES,LONG BEACH,-118.18948364257813,33.77897262573242
9276070,2021,2021-08-17,1942,2021-06-26,1255,38326,0935,6,5,7,1942,0,0,0,I,0,9A41,VICTORY BL,SYLMAR AV,17,W,N,A,-,N,NA,NA,NA,NA,NA,NA,NA,NA,NA,N,3,0,2,2,A,-,09,21806,A,F,E,I,A,A,H,-,A,A,0,NA,NA,NA,NA,Y,NA,-,99,0,1,1,0,0,0,0,0,0,-,-,NA,NA,LOS ANGELES,LOS ANGELES,-118.44658660888672,34.186668395996094
9276071,2021,2021-08-17,1942,2021-06-27,2030,36733,1761,7,5,7,1942,0,0,0,Q,0,17A23,LASSEN ST,DEERING AV,355,E,N,A,-,N,NA,NA,NA,NA,NA,NA,NA,NA,NA,Y,4,0,4,2,A,-,03,22350,NA,N,E,E,A,A,H,-,C,D,0,NA,NA,NA,NA,Y,NA,A,07,0,0,4,0,0,0,0,0,0,-,-,NA,NA,LOS ANGELES,LOS ANGELES,-118.5961456298828,34.2499885559082
9276076,2021,2021-08-17,1953,2021-06-28,1848,7449,1953,1,5,6,1953,0,0,0,NA,0,003,OSWEGO ST,SIERRA MADRE BL,250,E,N,A,-,N,NA,NA,NA,NA,NA,NA,NA,NA,NA,N,4,0,1,2,A,-,08,22103,NA,N,D,C,A,A,H,-,B,D,0,NA,NA,NA,NA,Y,NA,J,48,0,0,1,0,0,0,0,0,0,-,-,NA,NA,LOS ANGELES,PASADENA,-118.10089874267578,34.14341354370117
9276088,2021,2021-08-26,1900,2021-07-01,2100,523026,1510,4,5,5,1954,0,0,0,NA,0,151T2,BEVERLY BL,PARAMOUNT BL,0,NA,Y,A,-,N,NA,NA,NA,NA,NA,NA,NA,NA,NA,Y,2,0,3,2,A,-,12,21453,A,N,D,C,A,A,H,-,C,A,0,NA,NA,NA,NA,Y,NA,A,01,1,2,0,0,0,0,0,0,0,-,-,34.01219940185547,-118.06591796875,LOS ANGELES,PICO RIVERA,-118.08590698242188,34.01213455200195
9276100,2021,2021-12-03,1942,2021-08-06,1910,34426,1257,5,5,7,1942,0,0,0,L,0,24TL51,76TH ST,FLOWER ST,16,W,N,A,-,N,NA,NA,NA,NA,NA,NA,NA,NA,NA,N,4,0,1,2,A,-,09,21809,A,N,G,B,E,A,H,-,A,D,0,Y,NA,NA,NA,Y,NA,A,01,0,0,1,0,1,0,0,0,0,-,-,NA,NA,LOS ANGELES,LOS ANGELES,-118.28136444091795,33.970787048339844
9276122,2021,2021-09-01,1955,2021-08-06,1037,40624,73,5,5,6,1955,0,0,0,NA,0,005,RIO RANCHO RD,RT 71,0,NA,Y,A,-,Y,LA,7,71,-,R,3.775,R,3,S,N,3,0,1,2,A,-,10,21950,A,N,G,B,B,A,H,-,A,A,0,Y,NA,NA,NA,Y,NA,A,07,0,1,0,0,1,0,0,0,0,-,SO,34.0323600769043,-117.75762176513672,LOS ANGELES,POMONA,-117.75659942626952,34.02996826171875
9276135,2021,2021-09-01,1941,2021-08-05,1750,11134,NA,4,5,7,1941,0,0,0,NA,0,NA,PACIFIC COAST HWY,SHERMAN PL,0,NA,Y,A,-,Y,LA,7,1,-,-,4.94,H,-,S,N,4,0,1,2,A,-,07,21658,A,N,D,C,A,A,H,-,A,D,0,NA,NA,NA,NA,Y,NA,A,NA,0,0,1,0,0,0,0,0,0,-,-,NA,NA,LOS ANGELES,LONG BEACH,-118.1663818359375,33.7898063659668
9276145,2021,2021-09-01,1900,2021-08-07,1621,541469,0523,6,5,4,1971,0,0,0,NA,0,52T1P,ROSEMEAD BL,SERENO DR,45,N,N,A,-,N,NA,NA,NA,NA,NA,NA,NA,NA,NA,Y,3,0,2,3,A,-,04,21703,NA,N,C,C,A,A,H,-,A,D,0,NA,NA,NA,NA,Y,NA,A,08,0,2,0,0,0,0,0,0,0,-,-,34.05440139770508,-118.04239654541016,LOS ANGELES,TEMPLE CITY,-118.07337188720705,34.09572219848633
9276147,2021,2021-09-01,1900,2021-08-11,1906,532124,0536,3,5,5,1959,0,0,0,NA,0,53T1PM,ROSEMEAD BL,GLENDON WY,197,S,N,A,-,Y,LA,7,164,-,-,5.71,H,-,N,N,3,0,1,2,A,-,04,21703,NA,N,C,C,A,A,H,-,A,A,0,NA,NA,NA,NA,Y,NA,A,07,0,1,0,0,0,0,0,0,0,-,-,34.07408905029297,-118.07295989990234,LOS ANGELES,ROSEMEAD,-118.07296752929688,34.073734283447266
9276160,2021,2021-09-01,1900,2021-07-22,0930,625432,1126,4,5,6,1992,0,0,0,NA,0,111T1,COLUMBIA WY,22ND ST W,45,E,N,A,-,N,NA,NA,NA,NA,NA,NA,NA,NA,NA,N,4,0,1,2,A,-,03,22350,NA,N,C,C,A,A,H,-,A,D,0,NA,NA,NA,NA,Y,NA,A,07,0,0,1,0,0,0,0,0,0,-,-,NA,NA,LOS ANGELES,LANCASTER,-118.1697998046875,34.64577102661133
9276165,2021,2021-09-24,1942,2021-08-06,1515,38349,2107,5,5,7,1942,0,0,0,NA,0,26TL45,ROSCOE BL,DE SOTO AV,0,NA,Y,A,-,N,NA,NA,NA,NA,NA,NA,NA,NA,NA,Y,4,0,5,4,A,-,09,21806,A,N,D,C,A,A,H,-,A,A,0,NA,NA,NA,NA,Y,NA,A,01,0,0,5,0,0,0,0,0,0,-,-,NA,NA,LOS ANGELES,LOS ANGELES,-118.58849334716795,34.21995162963867
9276166,2021,2021-09-24,1942,2021-07-10,2220,43822,1708,6,5,7,1942,0,0,0,Q,0,17A49,SAN FERNANDO RD,SEPULVEDA BL,0,NA,Y,A,-,N,NA,NA,NA,NA,NA,NA,NA,NA,NA,Y,3,0,3,2,A,-,08,22108,NA,N,D,C,A,A,H,-,C,A,0,NA,NA,NA,NA,Y,Y,J,48,0,2,1,0,0,0,0,0,0,-,-,NA,NA,LOS ANGELES,LOS ANGELES,-118.49066162109376,34.31510925292969
9276175,2021,2021-09-24,1942,2021-07-29,1840,39177,1841,4,5,7,1942,0,0,0,R,0,25T31,IMPERIAL HWY,HOOVER ST,48,W,N,A,-,N,NA,NA,NA,NA,NA,NA,NA,NA,NA,Y,3,0,3,3,A,-,01,23152,A,N,C,C,A,A,H,-,A,D,0,NA,NA,NA,NA,Y,Y,A,01,0,1,2,0,0,0,0,0,0,-,-,NA,NA,LOS ANGELES,LOS ANGELES,-118.28714752197266,33.93098831176758
9276181,2021,2021-09-01,1942,2021-07-22,2235,37740,0762,4,5,7,1942,0,0,0,G,0,27MQ63,LA CIENEGA BL,SATURN ST,75,N,N,A,-,N,NA,NA,NA,NA,NA,NA,NA,NA,NA,N,4,0,1,2,A,-,08,22107,NA,F,B,C,A,A,H,-,C,D,0,NA,NA,NA,NA,Y,NA,-,99,0,0,1,0,0,0,0,0,0,-,-,NA,NA,LOS ANGELES,LOS ANGELES,-118.37615966796876,34.0517463684082
9276182,2021,2021-09-01,1942,2021-07-23,1955,43459,0636,5,5,7,1942,0,0,0,F,0,6FB34,SCHRADER BL,HOLLYWOOD BL,0,NA,Y,A,-,N,NA,NA,NA,NA,NA,NA,NA,NA,NA,N,4,0,1,2,A,-,10,21950,A,F,G,B,B,A,H,-,A,A,0,Y,NA,NA,NA,Y,NA,-,99,0,0,1,0,1,0,0,0,0,-,-,NA,NA,LOS ANGELES,LOS ANGELES,-118.33245849609376,34.101593017578125
9276183,2021,2021-09-01,1942,2021-07-13,1830,35203,0705,2,5,7,1942,0,0,0,G,0,27MQ12,MELROSE AV,DETROIT ST,0,NA,Y,A,-,N,NA,NA,NA,NA,NA,NA,NA,NA,NA,Y,2,0,1,2,A,-,03,22350,NA,N,D,C,A,A,H,-,A,D,0,NA,NA,Y,NA,Y,NA,C,02,1,0,0,0,0,0,0,0,1,-,-,NA,NA,LOS ANGELES,LOS ANGELES,-118.34517669677734,34.08346939086914
9276194,2021,2021-09-01,1942,2021-07-10,2305,37618,1804,6,5,7,1942,0,0,0,R,0,18A3,E MANCHESTER AV,S CENTRAL AV,117,W,N,A,-,N,NA,NA,NA,NA,NA,NA,NA,NA,NA,N,2,0,1,2,A,-,11,21956,A,F,G,B,D,A,H,-,C,D,0,Y,NA,NA,NA,Y,NA,N,60,1,0,0,0,1,0,0,0,0,-,-,NA,NA,LOS ANGELES,LOS ANGELES,-118.25680541992188,33.96015930175781
9276195,2021,2021-09-01,1942,2021-07-18,2235,37618,0532,7,5,7,1942,0,0,0,E,0,25T33,W PACIFIC COAST HWY,NEPTUNE AV,123,W,N,A,-,Y,LA,7,1,-,-,10.92,H,-,S,Y,2,0,1,3,A,-,03,22350,NA,N,G,B,E,A,H,-,C,D,0,Y,NA,NA,NA,Y,Y,A,01,1,0,0,0,1,0,0,0,0,-,-,NA,NA,LOS ANGELES,LOS ANGELES,-118.27005004882813,33.79075241088867
9276202,2021,2021-08-25,1900,2021-06-26,1507,644792,1137,6,5,6,1992,0,0,0,NA,0,112T2,AVENUE K-1,20TH ST E,0,NA,Y,A,-,N,NA,NA,NA,NA,NA,NA,NA,NA,NA,Y,4,0,1,3,-,-,-,NA,NA,N,C,C,A,A,H,-,A,D,0,NA,NA,NA,NA,Y,NA,A,01,0,0,1,0,0,0,0,0,0,-,-,NA,NA,LOS ANGELES,LANCASTER,NA,NA
9276208,2021,2021-08-25,1955,2021-07-21,1350,40437,49,3,5,6,1955,0,0,0,NA,0,001,HOLT AV,HAMILTON BL,0,NA,Y,A,-,N,NA,NA,NA,NA,NA,NA,NA,NA,NA,N,4,0,3,3,A,-,12,21453,A,N,D,-,A,A,H,-,A,A,0,NA,NA,NA,NA,Y,NA,A,01,0,0,3,0,0,0,0,0,0,-,-,34.062068939208984,-117.76344299316406,LOS ANGELES,POMONA,-117.76341247558594,34.062049865722656
9276238,2021,2021-08-30,1955,2021-07-17,1218,40513,83,6,5,6,1955,0,0,0,NA,0,005,RIO RANCHO RD,RT 71,2,W,N,A,-,Y,LA,7,71,-,R,3.951,R,1,N,N,4,0,1,2,A,-,10,21950,A,N,G,B,B,A,H,-,A,A,0,Y,NA,NA,NA,Y,NA,A,01,0,0,1,0,1,0,0,0,0,-,-,34.0323600769043,-117.75762176513672,LOS ANGELES,POMONA,-117.75423431396484,34.02821731567383
9276250,2021,2021-08-26,1942,2021-08-12,1640,39745,9999,4,5,7,1942,0,0,0,NA,0,25MX16,CENTURY BL,HAAS ST,0,NA,Y,A,-,N,NA,NA,NA,NA,NA,NA,NA,NA,NA,Y,4,0,1,2,-,-,-,NA,5,N,A,C,A,A,H,-,A,D,0,NA,NA,NA,NA,Y,NA,J,48,0,0,1,0,0,0,0,0,0,-,-,NA,NA,LOS ANGELES,LOS ANGELES,-118.31601715087892,33.94546127319336
9276276,2021,2021-09-28,1942,2021-08-22,0000,43432,0524,7,5,7,1942,0,0,0,E,0,25T33,ANAHEIM,FIGUEROA ST,0,NA,Y,A,-,N,NA,NA,NA,NA,NA,NA,NA,NA,NA,Y,4,0,2,2,A,-,12,21453,A,N,D,C,A,A,H,-,C,A,0,NA,NA,NA,NA,Y,NA,J,48,0,0,2,0,0,0,0,0,0,-,-,NA,NA,LOS ANGELES,LOS ANGELES,-118.27953338623048,33.77903366088867
9276282,2021,2021-09-02,1942,2021-08-01,1502,40275,0192,7,5,7,1942,0,0,0,A,0,24TL27,FLOWER ST,VENICE BL,0,NA,Y,A,-,N,NA,NA,NA,NA,NA,NA,NA,NA,NA,Y,4,0,1,2,A,-,09,21806,A,N,D,C,A,A,H,-,A,D,0,NA,NA,NA,NA,Y,NA,A,01,0,0,1,0,0,0,0,0,0,-,-,NA,NA,LOS ANGELES,LOS ANGELES,-118.26882934570313,34.036991119384766
9276298,2021,2021-08-31,1900,2021-07-20,1958,606069,2607,2,5,6,1950,0,0,0,NA,0,263T1,40TH ST EAST,AVENUE R-6,0,NA,Y,A,-,N,NA,NA,NA,NA,NA,NA,NA,NA,NA,Y,4,0,1,2,A,-,03,22350,NA,N,D,C,A,A,H,-,A,D,0,NA,NA,NA,NA,Y,NA,M,95,0,0,1,0,0,0,0,0,0,-,-,34.56747817993164,-118.0581512451172,LOS ANGELES,PALMDALE,-118.05821990966795,34.573211669921875
9276299,2021,2021-08-31,1900,2021-08-10,0645,602995,2608,2,5,6,1950,0,0,0,NA,0,262T1,40TH ST EAST,AVENUE R,107,N,N,A,-,N,NA,NA,NA,NA,NA,NA,NA,NA,NA,N,4,0,1,2,A,-,21,22106,NA,N,C,C,A,A,H,-,A,A,0,NA,NA,NA,NA,Y,NA,J,48,0,0,1,0,0,0,0,0,0,-,-,34.573551177978516,-118.05825805664064,LOS ANGELES,PALMDALE,-118.0582275390625,34.57350158691406
9276313,2021,2021-08-31,1942,2021-08-19,1300,32973,NA,4,5,7,1942,0,0,0,NA,0,24TL21,FOUNTAIN AV,WESTMORELAND AV,0,NA,Y,A,-,N,NA,NA,NA,NA,NA,NA,NA,NA,NA,N,4,0,1,3,A,-,03,22350,NA,N,C,C,A,A,H,-,A,D,0,NA,NA,NA,NA,Y,NA,A,01,0,0,1,0,0,0,0,0,0,-,-,NA,NA,LOS ANGELES,LOS ANGELES,-118.287841796875,34.095680236816406
9276316,2021,2021-08-31,1942,2021-08-14,1308,40275,0122,6,5,7,1942,0,0,0,A,0,24TL27,HILL ST,TEMPLE ST,440,S,N,A,-,N,NA,NA,NA,NA,NA,NA,NA,NA,NA,N,4,0,4,2,A,-,08,22107,NA,N,D,C,A,A,H,-,A,D,0,NA,NA,NA,NA,Y,NA,J,48,0,0,4,0,0,0,0,0,0,-,-,NA,NA,LOS ANGELES,LOS ANGELES,-118.24542236328124,34.05556869506836
9276317,2021,2021-08-31,1942,2021-08-14,0350,30083,0185,6,5,7,1942,0,0,0,A,0,1A85,S LOS ANGELES ST,E 12TH ST,0,NA,Y,A,-,N,NA,NA,NA,NA,NA,NA,NA,NA,NA,Y,3,0,2,2,A,-,09,21806,A,N,D,C,A,A,H,-,C,A,0,NA,NA,NA,NA,Y,NA,A,01,0,1,1,0,0,0,0,0,0,-,-,NA,NA,LOS ANGELES,LOS ANGELES,-118.25833892822266,34.036930084228516
9276322,2021,2021-09-13,1942,2021-08-12,1630,40209,2001,4,5,7,1942,0,0,0,NA,0,27TL44,WILTON PL,BEVERLY DR,129,S,N,A,-,N,NA,NA,NA,NA,NA,NA,NA,NA,NA,N,4,0,1,2,A,-,08,22107,NA,N,B,C,A,A,H,-,A,D,0,NA,NA,NA,NA,Y,NA,J,48,0,0,1,0,0,0,0,0,0,-,-,NA,NA,LOS ANGELES,LOS ANGELES,-118.31359100341795,34.07590103149414
9276323,2021,2021-09-13,1942,2021-08-13,1200,42065,2004,5,5,7,1942,0,0,0,NA,0,27TL44,MELROSE AVE,WESTERN AVE,0,NA,Y,A,-,N,NA,NA,NA,NA,NA,NA,NA,NA,NA,Y,3,0,4,2,A,-,09,21806,A,N,D,C,A,A,H,-,A,A,0,NA,NA,NA,NA,Y,NA,A,07,0,2,2,0,0,0,0,0,0,-,-,NA,NA,LOS ANGELES,LOS ANGELES,-118.3091278076172,34.08351135253906
9276324,2021,2021-09-13,1942,2021-08-13,1750,37073,0743,5,5,7,1942,0,0,0,G,0,20A34,FAIRFAX AVE,WAGNER AV,0,NA,Y,A,-,N,NA,NA,NA,NA,NA,NA,NA,NA,NA,N,3,0,1,2,D,-,00,NA,NA,N,H,G,A,A,H,-,A,D,0,NA,Y,NA,Y,Y,NA,-,-,0,1,0,0,0,0,1,0,0,-,-,NA,NA,LOS ANGELES,LOS ANGELES,-118.36193084716795,34.06196594238281
9276328,2021,2021-09-13,1942,2021-08-11,1530,42397,0645,3,5,7,1942,0,0,0,F,0,1530,N HIGHLAND AVE,SUNSET BL,0,NA,Y,A,-,N,NA,NA,NA,NA,NA,NA,NA,NA,NA,Y,4,0,1,2,A,-,09,21806,A,N,D,C,A,A,H,-,A,A,0,NA,NA,NA,NA,Y,NA,A,01,0,0,1,0,0,0,0,0,0,-,-,NA,NA,LOS ANGELES,LOS ANGELES,-118.33866119384766,34.097965240478516