CASE_ID,ACCIDENT_YEAR,PROC_DATE,JURIS,COLLISION_DATE,COLLISION_TIME,OFFICER_ID,REPORTING_DISTRICT,DAY_OF_WEEK,CHP_SHIFT,POPULATION,CNTY_CITY_LOC,SPECIAL_COND,BEAT_TYPE,CHP_BEAT_TYPE,CITY_DIVISION_LAPD,CHP_BEAT_CLASS,BEAT_NUMBER,PRIMARY_RD,SECONDARY_RD,DISTANCE,DIRECTION,INTERSECTION,WEATHER_1,WEATHER_2,STATE_HWY_IND,CALTRANS_COUNTY,CALTRANS_DISTRICT,STATE_ROUTE,ROUTE_SUFFIX,POSTMILE_PREFIX,POSTMILE,LOCATION_TYPE,RAMP_INTERSECTION,SIDE_OF_HWY,TOW_AWAY,COLLISION_SEVERITY,NUMBER_KILLED,NUMBER_INJURED,PARTY_COUNT,PRIMARY_COLL_FACTOR,PCF_CODE_OF_VIOL,PCF_VIOL_CATEGORY,PCF_VIOLATION,PCF_VIOL_SUBSECTION,HIT_AND_RUN,TYPE_OF_COLLISION,MVIW,PED_ACTION,ROAD_SURFACE,ROAD_COND_1,ROAD_COND_2,LIGHTING,CONTROL_DEVICE,CHP_ROAD_TYPE,PEDESTRIAN_ACCIDENT,BICYCLE_ACCIDENT,MOTORCYCLE_ACCIDENT,TRUCK_ACCIDENT,NOT_PRIVATE_PROPERTY,ALCOHOL_INVOLVED,STWD_VEHTYPE_AT_FAULT,CHP_VEHTYPE_AT_FAULT,COUNT_SEVERE_INJ,COUNT_VISIBLE_INJ,COUNT_COMPLAINT_PAIN,COUNT_PED_KILLED,COUNT_PED_INJURED,COUNT_BICYCLIST_KILLED,COUNT_BICYCLIST_INJURED,COUNT_MC_KILLED,COUNT_MC_INJURED,PRIMARY_RAMP,SECONDARY_RAMP,LATITUDE,LONGITUDE,COUNTY,CITY,POINT_X,POINT_Y
9280233,2021,2021-06-21,1910,2021-03-06,1939,05102,NA,6,5,4,1910,0,0,0,NA,0,009,REXFORD DR,SANTA MONICA BL,0,NA,Y,A,-,N,NA,NA,NA,NA,NA,NA,NA,NA,NA,N,3,0,2,2,A,-,03,22350,NA,F,C,C,A,A,H,-,C,A,0,NA,NA,NA,NA,Y,Y,M,96,0,1,1,0,0,0,0,0,0,-,-,NA,NA,LOS ANGELES,BEVERLY HILLS,-118.40061950683594,34.07375717163086
9280237,2021,2021-06-21,1976,2021-04-06,2254,548,NA,2,5,3,1964,0,0,0,NA,0,003,CARMENITA RD,EXCELSIOR DR,568,S,N,A,-,Y,LA,7,5,-,-,2.62,R,4,S,Y,4,0,2,2,A,-,22,23123,5,N,C,C,A,A,H,-,C,A,0,NA,NA,NA,NA,Y,NA,A,08,0,0,2,0,0,0,0,0,0,-,-,NA,NA,LOS ANGELES,SANTA FE SPRINGS,-118.04963684082033,33.89522171020508
9280244,2021,2021-06-22,1941,2021-05-30,1410,11523,NA,7,5,7,1941,0,0,0,NA,0,NA,PACIFIC COAST HWY,HARBOR AV,40,E,N,A,-,Y,LA,7,1,-,-,7.48,H,-,N,Y,4,0,1,2,A,-,07,21658,A,N,C,C,A,A,H,-,A,A,0,NA,NA,Y,NA,Y,NA,E,NA,0,0,1,0,0,0,0,0,1,-,-,NA,NA,LOS ANGELES,LONG BEACH,-118.21037292480467,33.7899055480957
9280246,2021,2021-06-28,1941,2021-04-08,0753,10551,NA,4,5,7,1941,0,0,0,NA,0,NA,PACIFIC COAST HWY,W PASADENA AV,75,W,N,A,-,Y,LA,7,1,-,-,6.15,H,-,S,N,3,0,1,2,A,-,09,21804,A,F,B,-,A,A,H,-,A,D,0,NA,NA,Y,NA,Y,NA,A,NA,0,1,0,0,0,0,0,0,1,-,-,NA,NA,LOS ANGELES,LONG BEACH,-118.18740844726564,33.7898063659668
9280248,2021,2021-06-22,1941,2021-05-04,1507,11670,NA,2,5,7,1941,0,0,0,NA,0,NA,OBISPO AV,ANAHEIM ST,75,S,N,A,-,N,NA,NA,NA,NA,NA,NA,NA,NA,NA,N,3,0,1,2,A,-,21,22106,NA,F,G,B,E,A,H,-,A,-,0,Y,NA,NA,NA,Y,NA,D,NA,0,1,0,0,1,0,0,0,0,-,-,NA,NA,LOS ANGELES,LONG BEACH,-118.1545867919922,33.78239440917969
9280250,2021,2021-06-28,1941,2021-05-22,1914,11099,NA,6,5,7,1941,0,0,0,NA,0,NA,PACIFIC COAST HWY,2ND ST,50,N,N,A,-,Y,LA,7,1,-,-,0.591,I,5,S,Y,4,0,1,2,A,-,08,22107,NA,N,A,C,A,A,H,-,A,A,0,NA,NA,Y,NA,Y,NA,A,NA,0,0,1,0,0,0,0,0,1,-,-,NA,NA,LOS ANGELES,LONG BEACH,-118.111328125,33.75809860229492
9280260,2021,2021-06-22,1941,2021-06-05,2043,11670,NA,6,5,7,1941,0,0,0,NA,0,NA,EAST 10TH ST,ALAMITOS AV,75,W,N,A,-,N,NA,NA,NA,NA,NA,NA,NA,NA,NA,N,4,0,2,3,A,-,00,20001,A,F,C,C,A,A,H,-,C,A,0,NA,NA,NA,NA,Y,NA,A,NA,0,0,2,0,0,0,0,0,0,-,-,NA,NA,LOS ANGELES,LONG BEACH,-118.17932891845705,33.77898025512695
9280262,2021,2021-06-28,1941,2021-05-29,1500,10365,NA,6,5,7,1941,0,0,0,NA,0,NA,LAKEWOOD BL,STEARNS ST,0,NA,Y,A,-,N,NA,NA,NA,NA,NA,NA,NA,NA,NA,Y,2,0,1,2,D,-,00,NA,NA,N,B,C,A,A,H,-,A,A,0,NA,NA,NA,NA,Y,NA,-,-,1,0,0,0,0,0,0,0,0,-,-,NA,NA,LOS ANGELES,LONG BEACH,-118.1427764892578,33.79608154296875
9280264,2021,2021-06-22,1941,2021-06-03,0836,10125,NA,4,5,7,1941,0,0,0,NA,0,NA,11TH ST,REDONDO AV,82,E,N,A,-,N,NA,NA,NA,NA,NA,NA,NA,NA,NA,Y,4,0,1,2,A,-,01,23152,A,N,D,E,A,A,H,-,A,D,0,NA,NA,NA,NA,Y,NA,A,NA,0,0,1,0,0,0,0,0,0,-,-,NA,NA,LOS ANGELES,LONG BEACH,-118.15215301513672,33.78080368041992
9280268,2021,2021-06-17,1941,2021-06-06,1629,10925,NA,7,5,7,1941,0,0,0,NA,0,NA,MAGNOLIA AV,NORTH SPRING ST,110,N,N,A,-,N,NA,NA,NA,NA,NA,NA,NA,NA,NA,Y,3,0,2,6,A,-,22,23123,A,N,C,B,E,A,H,-,A,A,0,Y,NA,Y,NA,Y,NA,A,NA,0,1,1,0,1,0,0,0,0,-,-,NA,NA,LOS ANGELES,LONG BEACH,-118.19812774658205,33.81194305419922
9280288,2021,2021-06-22,1900,2021-06-01,1845,647475,1126,2,5,6,1992,0,0,0,NA,0,111T2,AV L,RT 14,38,E,N,A,-,Y,LA,7,14,-,R,65.479,R,4,N,Y,3,0,2,2,A,-,03,22350,NA,N,C,C,A,A,H,-,A,A,0,NA,NA,NA,NA,Y,NA,A,01,0,1,1,0,0,0,0,0,0,-,NF,NA,NA,LOS ANGELES,LANCASTER,-118.15318298339844,34.657527923583984
9280300,2021,2021-06-22,1942,2021-06-06,0250,44005,0517,7,5,7,1942,0,0,0,E,0,5A15,PACIFIC COAST HWY,EUBANK,50,E,N,A,-,Y,LA,7,1,-,-,10.09,H,-,N,Y,4,0,3,1,A,-,03,22350,NA,N,A,J,A,A,H,-,B,A,0,NA,NA,NA,NA,Y,NA,A,01,0,0,3,0,0,0,0,0,0,-,-,NA,NA,LOS ANGELES,LOS ANGELES,-118.25566864013672,33.79166793823242
9280323,2021,2021-06-30,1942,2021-06-04,1615,38326,1664,5,5,7,1942,0,0,0,P,0,16A77,SAN FERNANDO RD,SHELDON ST,0,NA,Y,A,-,N,NA,NA,NA,NA,NA,NA,NA,NA,NA,N,2,0,1,2,A,-,12,21453,A,N,D,C,A,A,H,-,A,A,0,NA,NA,NA,NA,Y,NA,-,NA,1,0,0,0,0,0,0,0,0,-,-,NA,NA,LOS ANGELES,LOS ANGELES,-118.39370727539064,34.23930358886719
9280327,2021,2021-06-29,1976,2021-05-22,1536,477,NA,6,5,5,1976,0,0,0,NA,0,002,WHITTIER BL,MADISON AV,45,W,N,B,-,Y,LA,7,72,-,-,3.78,H,-,S,N,4,0,2,3,A,-,04,21703,NA,N,C,C,A,A,H,-,A,D,0,NA,NA,NA,NA,Y,NA,A,01,0,0,2,0,0,0,0,0,0,-,-,NA,NA,LOS ANGELES,WHITTIER,-118.03461456298828,33.964141845703125
9280328,2021,2021-06-28,1929,2021-06-11,1712,201,1929,5,5,3,1929,0,0,0,NA,0,003,PACIFIC COAST HWY,3RD ST,0,NA,Y,A,-,Y,LA,7,1,-,-,20.781,I,5,S,N,3,0,1,2,A,-,08,22107,NA,N,D,G,A,A,H,-,A,A,0,NA,Y,NA,NA,Y,NA,-,NA,0,1,0,0,0,0,1,0,0,-,-,NA,NA,LOS ANGELES,HERMOSA BEACH,-118.39094543457033,33.857234954833984
9280339,2021,2021-06-28,1942,2021-03-29,1100,44600,1432,1,5,7,1942,0,0,0,N,0,14A13,LINCOLN BL,CALIFORNIA ST,75,S,N,A,-,Y,LA,7,1,-,-,32.7,H,-,S,Y,4,0,1,3,A,-,03,22350,A,N,C,C,A,A,H,-,A,A,0,NA,NA,NA,NA,Y,NA,A,07,0,0,1,0,0,0,0,0,0,-,-,NA,NA,LOS ANGELES,LOS ANGELES,-118.46086883544922,33.99790573120117
9280346,2021,2021-06-28,1900,2021-05-20,1535,522461,1015,4,5,3,1995,0,0,0,NA,0,101T1,PACIFIC COAST HWY,WEBB WY,528,W,N,A,-,Y,LA,7,1,-,-,47.34,H,-,S,N,4,0,2,3,A,-,03,22350,NA,N,C,C,A,A,H,-,A,A,0,NA,NA,NA,NA,Y,NA,A,01,0,0,2,0,0,0,0,0,0,-,-,34.03485107421875,-118.69367218017578,LOS ANGELES,MALIBU,-118.6894302368164,34.03445816040039
9280350,2021,2021-06-29,1900,2021-05-30,2243,651578,1017,7,5,3,1995,0,0,0,NA,0,101,PACIFIC COAST HWY,LAS FLORES CANYON,2534,E,N,A,-,Y,LA,7,1,-,-,43.64,H,-,S,Y,4,0,4,2,A,-,09,21801,A,N,D,C,A,A,H,-,D,D,0,NA,NA,NA,NA,Y,NA,A,01,0,0,4,0,0,0,0,0,0,-,-,34.03736877441406,-118.62728881835938,LOS ANGELES,MALIBU,-118.62772369384766,34.03730392456055
9280359,2021,2021-06-28,1925,2021-05-03,0745,21092,220,1,5,6,1925,0,0,0,NA,0,001,BRAND BL,SANCHEZ DR,0,NA,Y,A,-,Y,LA,7,134,-,R,7.255,R,4,E,Y,4,0,1,2,A,-,12,21453,A,N,D,C,A,A,H,-,A,A,0,NA,NA,NA,NA,Y,NA,A,01,0,0,1,0,0,0,0,0,0,-,-,NA,NA,LOS ANGELES,GLENDALE,-118.25276947021484,34.15627670288086
9280367,2021,2021-06-28,1975,2021-05-02,0903,435,NA,7,5,6,1975,0,0,0,NA,0,005,AZUSA AV,MANILA WY,24,S,N,B,-,N,NA,NA,NA,NA,NA,NA,NA,NA,NA,Y,4,0,1,3,A,-,03,22350,NA,N,C,C,A,A,H,-,A,A,0,NA,NA,NA,NA,Y,NA,-,NA,0,0,1,0,0,0,0,0,0,-,-,34.0328483581543,-117.91394805908205,LOS ANGELES,WEST COVINA,NA,NA
9280390,2021,2021-06-29,1972,2021-06-07,1814,19524,NA,1,5,6,1972,0,0,0,NA,0,NA,HAWTHORNE BL,PACIFIC COAST HWY,10,N,N,A,-,Y,LA,7,107,-,-,0.02,H,-,S,N,4,0,1,2,A,-,04,21703,NA,N,C,C,A,A,H,-,A,A,0,NA,NA,NA,NA,Y,NA,A,NA,0,0,1,0,0,0,0,0,0,-,-,NA,NA,LOS ANGELES,TORRANCE,-118.3511962890625,33.805389404296875
9280391,2021,2021-06-28,1942,2021-06-12,2040,41072,1801,6,5,7,1942,0,0,0,R,0,18A1,W MANCHESTER AV,S HOOVER ST,0,NA,Y,A,-,N,NA,NA,NA,NA,NA,NA,NA,NA,NA,Y,4,0,1,2,A,-,12,21453,A,F,D,C,A,A,H,-,C,A,0,NA,NA,NA,NA,Y,NA,A,01,0,0,1,0,0,0,0,0,0,-,-,NA,NA,LOS ANGELES,LOS ANGELES,-118.28705596923828,33.960052490234375
9280393,2021,2021-06-29,1942,2021-03-02,1525,14024,1494,2,5,7,1942,0,0,0,N,0,5M27,SEPULVEDA BL,CENTURY BL,55,S,N,A,-,Y,LA,7,1,-,-,26.962,I,5,N,Y,3,0,4,5,A,-,12,21453,A,N,C,C,A,A,H,-,A,A,0,NA,NA,NA,NA,Y,Y,A,01,0,3,1,0,0,0,0,0,0,-,-,NA,NA,LOS ANGELES,LOS ANGELES,-118.39611053466795,33.94536209106445
9280397,2021,2021-06-28,1942,2021-02-18,2145,41072,0519,4,5,7,1942,0,0,0,E,0,5A15,EAST PACIFIC COAST HWY,E O ST,715,E,N,A,-,Y,LA,7,1,-,-,8.94,H,-,N,N,2,0,1,2,A,-,11,21954,A,N,G,B,E,A,H,-,C,A,0,Y,NA,NA,NA,Y,NA,N,60,1,0,0,0,1,0,0,0,0,-,-,NA,NA,LOS ANGELES,LOS ANGELES,-118.23594665527344,33.791603088378906
9280398,2021,2021-06-29,1942,2021-04-05,2215,4417M,0668,1,5,7,1942,0,0,0,F,0,6A15,SUNSET BL,RT 101,0,NA,Y,A,-,Y,LA,7,101,-,-,6.101,R,4,S,N,4,0,1,2,D,-,00,NA,NA,N,H,G,A,A,H,-,C,D,0,NA,Y,NA,NA,Y,NA,-,-,0,0,1,0,0,0,1,0,0,-,SO,NA,NA,LOS ANGELES,LOS ANGELES,-118.31311798095705,34.096248626708984
9280412,2021,2021-07-06,1900,2021-06-15,0630,622013,1015,2,5,3,1995,0,0,0,NA,0,101T1,RT 1,MALIBU CANYON RD,0,NA,Y,A,-,Y,LA,7,1,-,-,48.171,I,5,S,N,4,0,1,2,A,-,12,21453,A,N,A,C,A,A,H,-,A,A,0,NA,NA,NA,NA,Y,NA,A,07,0,0,1,0,0,0,0,0,0,-,-,34.03470993041992,-118.7033462524414,LOS ANGELES,MALIBU,-118.70371246337892,34.034645080566406
9280416,2021,2021-07-06,1900,2021-06-20,1141,622013,1016,7,5,3,1995,0,0,0,NA,0,101T1,RT 1,SWEETWATER CANYON DR,1320,E,N,A,-,Y,LA,7,1,-,-,46.12,H,-,N,Y,4,0,1,2,A,-,09,21801,A,N,B,C,A,A,H,-,A,D,0,NA,NA,Y,NA,Y,NA,A,07,0,0,1,0,0,0,0,0,1,-,-,34.0395393371582,-118.66992950439452,LOS ANGELES,MALIBU,-118.67005920410156,34.03946304321289
9280417,2021,2021-06-29,1976,2021-05-21,0910,518,1976,5,5,5,1976,0,0,0,NA,0,001,WHITTIER BL,PIONEER BL,0,NA,Y,A,-,Y,LA,7,72,-,-,6.707,I,5,S,Y,3,0,1,2,A,-,09,21802,A,N,D,C,A,A,H,-,A,A,0,NA,NA,NA,NA,Y,NA,A,01,0,1,0,0,0,0,0,0,0,-,-,NA,NA,LOS ANGELES,WHITTIER,-118.06996917724608,33.99381637573242
9280420,2021,2021-07-06,1900,2021-06-12,1219,514004,1016,6,5,3,1995,0,0,0,NA,0,101T3,RT 1,CARBON BEACH TR,450,E,N,A,-,Y,LA,7,1,-,-,45.46,H,-,N,Y,3,0,2,2,A,-,04,21703,NA,N,C,C,A,A,H,-,A,D,0,NA,NA,NA,NA,Y,NA,A,07,0,1,1,0,0,0,0,0,0,-,-,34.09975814819336,-118.98516082763672,LOS ANGELES,MALIBU,-118.65866088867188,34.03926467895508
9280424,2021,2021-07-06,1900,2021-06-13,0557,622013,1016,7,5,3,1995,0,0,0,NA,0,101T1,RT 1,RAMBLA PACIFICA,2449,W,N,A,-,Y,LA,7,1,-,-,44.63,H,-,S,Y,4,0,1,3,A,-,01,23152,F,N,B,D,A,A,H,-,A,D,0,NA,NA,NA,NA,Y,NA,A,01,0,0,1,0,0,0,0,0,0,-,-,NA,NA,LOS ANGELES,MALIBU,-118.64445495605467,34.03848648071289
9280428,2021,2021-07-02,1931,2021-06-08,1721,5322,1931,2,5,5,1931,0,0,0,NA,0,003,FLORENCE AV,SEVILLE AV,0,NA,Y,A,-,N,NA,NA,NA,NA,NA,NA,NA,NA,NA,Y,4,0,1,2,A,-,09,21804,A,N,D,C,A,A,H,-,A,D,0,NA,NA,NA,NA,Y,NA,A,01,0,0,1,0,0,0,0,0,0,-,-,NA,NA,LOS ANGELES,HUNTINGTON PARK,-118.22241973876952,33.97391891479492
9280444,2021,2021-07-02,1942,2021-06-21,0520,40700,1233,1,5,7,1942,0,0,0,L,0,25MQ15,WESTERN AV,60TH ST,18,N,N,B,-,N,NA,NA,NA,NA,NA,NA,NA,NA,NA,Y,2,0,1,1,A,-,03,22350,NA,N,E,I,A,A,H,-,B,D,0,NA,NA,NA,NA,Y,NA,A,01,1,0,0,0,0,0,0,0,0,-,-,NA,NA,LOS ANGELES,LOS ANGELES,-118.3089599609375,33.98529052734375
9280448,2021,2021-07-02,1900,2021-06-01,1914,618405,2113,2,5,5,1943,0,0,0,NA,0,212T3,IMPERIAL HWY,HULME AV,0,NA,Y,A,-,N,NA,NA,NA,NA,NA,NA,NA,NA,NA,N,2,0,1,2,A,-,03,22350,NA,F,C,C,A,A,H,-,A,D,0,NA,NA,Y,NA,Y,NA,-,99,1,0,0,0,0,0,0,0,1,-,-,NA,NA,LOS ANGELES,LYNWOOD,-118.19302368164064,33.93151092529297
9280460,2021,2021-07-02,1953,2021-06-06,0207,5268,1953,7,5,6,1953,0,0,0,NA,0,001,RAYMOND AV,FILLMORE ST,25,S,N,A,-,N,NA,NA,NA,NA,NA,NA,NA,NA,NA,Y,3,0,1,1,A,-,01,23152,A,N,E,I,A,A,H,-,C,A,0,NA,NA,NA,NA,Y,Y,A,01,0,1,0,0,0,0,0,0,0,-,-,NA,NA,LOS ANGELES,PASADENA,-118.14878082275392,34.13294982910156
9280462,2021,2021-07-07,1900,2021-05-27,1756,510899,2611,4,5,6,1950,0,0,0,NA,0,263T1,RT 138,DIVISION ST,0,NA,Y,A,-,Y,LA,7,138,-,-,43.681,I,5,W,Y,4,0,1,2,A,-,09,21801,A,N,D,C,A,A,H,-,A,A,0,NA,NA,NA,NA,Y,NA,A,01,0,0,1,0,0,0,0,0,0,-,-,34.57984924316406,-118.12960052490234,LOS ANGELES,PALMDALE,-118.12953948974608,34.57982635498047
9280470,2021,2021-07-06,1900,2021-06-07,1520,514671,2611,1,5,6,1950,0,0,0,NA,0,262T1,PALMDALE BL,RT 14,50,W,N,A,-,Y,LA,7,138,-,-,43.531,I,5,W,N,4,0,1,2,A,-,09,21801,A,N,C,C,A,A,H,-,A,A,0,NA,NA,NA,NA,Y,NA,A,01,0,0,1,0,0,0,0,0,0,-,NF,34.58066177368164,-118.13213348388672,LOS ANGELES,PALMDALE,-118.13196563720705,34.58052062988281
9280472,2021,2021-07-06,1941,2021-06-14,1731,11653,NA,1,5,7,1941,0,0,0,NA,0,NA,PACIFIC COAST HWY,GARDENIA AV,0,NA,Y,A,-,Y,LA,7,1,-,-,5.071,I,5,S,Y,4,0,1,2,A,-,09,21801,A,N,D,C,A,A,H,-,A,D,0,NA,NA,NA,NA,Y,NA,A,NA,0,0,1,0,0,0,0,0,0,-,-,NA,NA,LOS ANGELES,LONG BEACH,-118.16869354248048,33.78980255126953
9280481,2021,2021-07-06,1976,2021-05-28,1711,379,NA,5,5,3,1964,0,0,0,NA,0,001,SORENSEN AV,SLAUSON AV,0,NA,Y,A,-,N,NA,NA,NA,NA,NA,NA,NA,NA,NA,Y,4,0,1,2,A,-,09,21801,A,N,D,C,A,A,H,-,A,A,0,NA,NA,NA,NA,Y,NA,D,22,0,0,1,0,0,0,0,0,0,-,-,NA,NA,LOS ANGELES,SANTA FE SPRINGS,-118.06043243408205,33.96356201171875
9280485,2021,2021-07-06,1976,2021-05-28,1114,531,CA019,5,5,3,1964,0,0,0,NA,0,002,ORR AND DAY RD,TELEGRAPH RD,50,S,N,A,-,N,NA,NA,NA,NA,NA,NA,NA,NA,NA,N,4,0,1,2,D,-,00,NA,NA,N,D,C,A,A,H,-,A,A,0,NA,NA,NA,NA,Y,NA,-,-,0,0,1,0,0,0,0,0,0,-,-,NA,NA,LOS ANGELES,SANTA FE SPRINGS,-118.08965301513672,33.9486083984375
9280505,2021,2021-07-06,1900,2021-05-21,2259,476477,0626,5,5,6,1985,0,0,0,NA,0,62T1,SIERRA HWY,DOCKWEILER DR,0,NA,Y,A,-,N,NA,NA,NA,NA,NA,NA,NA,NA,NA,Y,4,0,1,3,A,-,03,22350,NA,N,B,C,A,A,H,-,C,A,0,NA,NA,NA,NA,Y,Y,A,01,0,0,1,0,0,0,0,0,0,-,-,NA,NA,LOS ANGELES,SANTA CLARITA,-118.50048828125,34.37198257446289
9280511,2021,2021-08-17,1976,2021-06-07,1710,553,1976,1,5,5,1976,0,0,0,NA,0,NA,MAR VISTA ST,FOREST AV,93,E,N,B,-,N,NA,NA,NA,NA,NA,NA,NA,NA,NA,N,4,0,2,3,A,-,03,22350,NA,N,C,C,A,A,H,-,A,D,0,NA,NA,NA,NA,Y,NA,A,07,0,0,2,0,0,0,0,0,0,-,-,NA,NA,LOS ANGELES,WHITTIER,-118.02602386474608,33.97222900390625
9280517,2021,2021-07-30,1900,2021-06-05,1405,623701,0621,6,5,6,1985,0,0,0,NA,0,62T1,MAGIC MOUNTAIN PKWY,RT 5,0,NA,Y,A,-,Y,LA,7,5,-,R,53.402,R,4,N,Y,4,0,1,2,A,-,09,21453,C,N,A,C,A,A,H,-,A,A,0,NA,NA,NA,NA,Y,NA,A,01,0,0,1,0,0,0,0,0,0,-,-,34.252498626708984,-118.34580230712892,LOS ANGELES,SANTA CLARITA,-118.58209991455078,34.421138763427734
9280523,2021,2021-07-15,1976,2021-05-10,1812,545,NA,1,5,5,1976,0,0,0,NA,0,001,NORWALK BL,BEVERLY BL,110,S,N,A,-,N,NA,NA,NA,NA,NA,NA,NA,NA,NA,Y,4,0,2,5,A,-,03,22350,NA,N,B,C,A,A,H,-,A,D,0,NA,NA,NA,NA,Y,NA,A,01,0,0,2,0,0,0,0,0,0,-,-,NA,NA,LOS ANGELES,WHITTIER,-118.0557098388672,33.998382568359375
9280529,2021,2021-07-16,1900,2021-06-14,2200,616054,0611,1,5,6,1985,0,0,0,NA,0,61T1,GOLDEN VALLEY RD,FIVE KNOLLS DR,325,E,N,A,-,N,NA,NA,NA,NA,NA,NA,NA,NA,NA,N,4,0,4,2,A,-,01,23152,A,N,B,C,A,A,H,-,C,D,0,NA,NA,NA,NA,Y,Y,A,01,0,0,4,0,0,0,0,0,0,-,-,34.430511474609375,-118.49794769287108,LOS ANGELES,SANTA CLARITA,-118.49835968017578,34.43048095703125
9280550,2021,2021-08-20,1942,2021-06-20,0200,42892,0335,7,5,7,1942,0,0,0,C,0,3A57,ARLINGTON AV,29TH ST,5,NA,N,A,-,N,NA,NA,NA,NA,NA,NA,NA,NA,NA,Y,4,0,3,2,A,-,03,22350,A,N,C,C,A,A,H,-,C,A,0,NA,NA,NA,NA,Y,Y,D,22,0,0,3,0,0,0,0,0,0,-,-,NA,NA,LOS ANGELES,LOS ANGELES,-118.3176727294922,34.0290641784668
9280554,2021,2021-07-21,1942,2021-06-10,1410,40404,1822,4,5,7,1942,0,0,0,R,0,18A17,S MAIN ST,E CENTURY BL,0,NA,Y,A,-,N,NA,NA,NA,NA,NA,NA,NA,NA,NA,Y,3,0,2,2,A,-,01,23152,A,N,A,C,A,A,H,-,A,A,0,NA,NA,NA,NA,Y,Y,A,07,0,1,1,0,0,0,0,0,0,-,-,NA,NA,LOS ANGELES,LOS ANGELES,-118.27389526367188,33.945560455322266
9280581,2021,2021-07-13,1920,2021-06-16,0008,13965,NA,3,5,6,1920,0,0,0,NA,0,006,PATTON RD,COLE ST,0,NA,Y,A,-,N,NA,NA,NA,NA,NA,NA,NA,NA,NA,Y,2,0,3,2,A,-,01,23153,A,N,E,I,A,A,H,-,C,A,0,NA,NA,NA,NA,Y,Y,A,07,2,1,0,0,0,0,0,0,0,-,-,NA,NA,LOS ANGELES,DOWNEY,-118.13407135009766,33.928775787353516
9280601,2021,2021-07-15,1900,2021-06-05,1630,623701,0624,6,5,6,1985,0,0,0,NA,0,62T1,LYONS AV,PEACHLAND AV,0,NA,Y,A,-,N,NA,NA,NA,NA,NA,NA,NA,NA,NA,N,4,0,1,2,A,-,11,21950,B,N,D,G,A,A,H,-,A,A,0,NA,Y,NA,NA,Y,NA,L,04,0,0,1,0,0,0,1,0,0,-,-,34.2244987487793,-118.32479858398438,LOS ANGELES,SANTA CLARITA,-118.54696655273438,34.379459381103516
9280609,2021,2021-07-16,1942,2021-06-09,1655,40165,2106,3,5,7,1942,0,0,0,NA,0,21A5,NORDHOFF ST,ETON AV,0,NA,Y,A,-,N,NA,NA,NA,NA,NA,NA,NA,NA,NA,Y,3,0,2,2,-,-,-,NA,A,N,D,C,A,A,H,-,A,A,0,NA,NA,NA,NA,Y,NA,A,01,0,1,1,0,0,0,0,0,0,-,-,NA,NA,LOS ANGELES,LOS ANGELES,-118.59398651123048,34.235469818115234
9280610,2021,2021-07-16,1942,2021-06-10,0725,31931,0985,4,5,7,1942,0,0,0,I,0,9A89,MOORPARK ST,HAZELTINE AV,0,NA,Y,A,-,N,NA,NA,NA,NA,NA,NA,NA,NA,NA,Y,4,0,3,2,A,-,12,21453,A,N,A,C,A,A,H,-,A,A,0,NA,NA,NA,NA,Y,NA,-,-,0,0,3,0,0,0,0,0,0,-,-,NA,NA,LOS ANGELES,LOS ANGELES,-118.44001007080078,34.15046310424805
9280611,2021,2021-07-16,1942,2021-06-13,0820,33458,0991,7,5,7,1942,0,0,0,I,0,9A89,VALLEY VISTA BL,VAN NUYS BL,0,NA,Y,A,-,N,NA,NA,NA,NA,NA,NA,NA,NA,NA,N,3,0,1,2,A,-,12,22450,A,N,D,G,A,A,H,-,A,D,0,NA,Y,NA,NA,Y,NA,L,04,0,1,0,0,0,0,1,0,0,-,-,NA,NA,LOS ANGELES,LOS ANGELES,-118.44971466064452,34.146907806396484
9280618,2021,2021-07-16,1920,2021-06-09,0126,10216,NA,3,5,6,1920,0,0,0,NA,0,005,CHEROKEE DR,DOWNEY AV,0,NA,Y,A,-,N,NA,NA,NA,NA,NA,NA,NA,NA,NA,Y,4,0,1,1,A,-,03,22350,NA,N,E,I,A,A,H,-,C,D,0,NA,NA,NA,NA,Y,NA,A,01,0,0,1,0,0,0,0,0,0,-,-,NA,NA,LOS ANGELES,DOWNEY,-118.12850189208984,33.94765853881836
9280619,2021,2021-07-16,1920,2021-06-09,0510,10216,NA,3,5,6,1920,0,0,0,NA,0,006,LAKEWOOD BL,FIRESTONE BL,0,NA,Y,A,-,N,NA,NA,NA,NA,NA,NA,NA,NA,NA,Y,4,0,1,2,A,-,01,23152,A,M,D,C,A,A,H,-,B,A,0,NA,NA,NA,NA,Y,Y,A,01,0,0,1,0,0,0,0,0,0,-,-,NA,NA,LOS ANGELES,DOWNEY,-118.12395477294922,33.93549728393555
9280620,2021,2021-07-16,1920,2021-06-07,1052,13118,1920,1,5,6,1920,0,0,0,NA,0,003,SUVA ST,WILEY BURKE AV,202,W,N,A,-,N,NA,NA,NA,NA,NA,NA,NA,NA,NA,Y,3,0,1,2,A,-,08,22107,NA,N,C,E,A,A,H,-,A,D,0,NA,NA,NA,NA,Y,NA,A,01,0,1,0,0,0,0,0,0,0,-,-,NA,NA,LOS ANGELES,DOWNEY,-118.13311004638672,33.96367645263672
9280632,2021,2021-07-15,1900,2021-06-16,1623,618405,2112,3,5,5,1943,0,0,0,NA,0,212T3,LONG BEACH BL,NORTON AV,250,S,N,A,-,N,NA,NA,NA,NA,NA,NA,NA,NA,NA,N,3,0,1,2,A,-,05,21650,1,N,D,G,A,A,H,-,A,D,0,NA,Y,NA,NA,Y,NA,L,04,0,1,0,0,0,0,1,0,0,-,-,NA,NA,LOS ANGELES,LYNWOOD,-118.21225738525392,33.93256759643555
9280633,2021,2021-07-22,1900,2021-06-20,0926,519902,2116,7,5,5,1943,0,0,0,NA,0,212T4,SANTA FE AV,WEBER AV,0,NA,Y,A,-,N,NA,NA,NA,NA,NA,NA,NA,NA,NA,Y,4,0,3,2,A,-,09,21802,A,N,D,C,A,A,H,-,A,D,0,NA,NA,NA,NA,Y,Y,A,07,0,0,3,0,0,0,0,0,0,-,-,NA,NA,LOS ANGELES,LYNWOOD,-118.21810150146484,33.9203987121582
9280634,2021,2021-07-15,1976,2021-06-05,1326,419,WHITT,6,5,3,1964,0,0,0,NA,0,003,FIRESTONE BL,BLOOMFIELD AV,528,E,N,A,-,N,NA,NA,NA,NA,NA,NA,NA,NA,NA,Y,4,0,1,2,A,-,03,22350,NA,N,C,C,A,A,H,-,A,D,0,NA,NA,NA,NA,Y,NA,A,01,0,0,1,0,0,0,0,0,0,-,-,NA,NA,LOS ANGELES,SANTA FE SPRINGS,-118.06251525878906,33.90087127685547