CASE_ID,ACCIDENT_YEAR,PROC_DATE,JURIS,COLLISION_DATE,COLLISION_TIME,OFFICER_ID,REPORTING_DISTRICT,DAY_OF_WEEK,CHP_SHIFT,POPULATION,CNTY_CITY_LOC,SPECIAL_COND,BEAT_TYPE,CHP_BEAT_TYPE,CITY_DIVISION_LAPD,CHP_BEAT_CLASS,BEAT_NUMBER,PRIMARY_RD,SECONDARY_RD,DISTANCE,DIRECTION,INTERSECTION,WEATHER_1,WEATHER_2,STATE_HWY_IND,CALTRANS_COUNTY,CALTRANS_DISTRICT,STATE_ROUTE,ROUTE_SUFFIX,POSTMILE_PREFIX,POSTMILE,LOCATION_TYPE,RAMP_INTERSECTION,SIDE_OF_HWY,TOW_AWAY,COLLISION_SEVERITY,NUMBER_KILLED,NUMBER_INJURED,PARTY_COUNT,PRIMARY_COLL_FACTOR,PCF_CODE_OF_VIOL,PCF_VIOL_CATEGORY,PCF_VIOLATION,PCF_VIOL_SUBSECTION,HIT_AND_RUN,TYPE_OF_COLLISION,MVIW,PED_ACTION,ROAD_SURFACE,ROAD_COND_1,ROAD_COND_2,LIGHTING,CONTROL_DEVICE,CHP_ROAD_TYPE,PEDESTRIAN_ACCIDENT,BICYCLE_ACCIDENT,MOTORCYCLE_ACCIDENT,TRUCK_ACCIDENT,NOT_PRIVATE_PROPERTY,ALCOHOL_INVOLVED,STWD_VEHTYPE_AT_FAULT,CHP_VEHTYPE_AT_FAULT,COUNT_SEVERE_INJ,COUNT_VISIBLE_INJ,COUNT_COMPLAINT_PAIN,COUNT_PED_KILLED,COUNT_PED_INJURED,COUNT_BICYCLIST_KILLED,COUNT_BICYCLIST_INJURED,COUNT_MC_KILLED,COUNT_MC_INJURED,PRIMARY_RAMP,SECONDARY_RAMP,LATITUDE,LONGITUDE,COUNTY,CITY,POINT_X,POINT_Y
9286567,2021,2021-07-23,1942,2021-07-08,2045,39714,12033,4,5,7,1942,0,0,0,L,0,MX1514,48TH ST,DENKER AV,165,W,N,A,-,N,NA,NA,NA,NA,NA,NA,NA,NA,NA,Y,4,0,1,3,A,-,03,22350,NA,F,C,C,A,A,H,-,C,D,0,NA,NA,NA,NA,Y,NA,A,01,0,0,1,0,0,0,0,0,0,-,-,NA,NA,LOS ANGELES,LOS ANGELES,-118.30511474609376,34.00005340576172
9286568,2021,2021-07-23,1942,2021-07-08,1820,41844,0378,4,5,7,1942,0,0,0,C,0,25T33,KING BL,HOOVER,0,NA,Y,A,-,N,NA,NA,NA,NA,NA,NA,NA,NA,NA,Y,2,0,1,2,A,-,09,21801,A,N,D,C,A,A,H,-,A,A,0,NA,NA,Y,NA,Y,NA,C,02,1,0,0,0,0,0,0,0,1,-,-,NA,NA,LOS ANGELES,LOS ANGELES,-118.28725433349608,34.01108169555664
9286569,2021,2021-07-23,1942,2021-07-03,0555,43311,1203,6,5,7,1942,0,0,0,L,0,25T29,51ST ST,HARVARD BL,225,E,N,A,-,N,NA,NA,NA,NA,NA,NA,NA,NA,NA,Y,3,0,2,3,A,-,03,22350,NA,F,B,E,A,A,H,-,A,D,0,NA,NA,NA,NA,Y,NA,A,01,0,2,0,0,0,0,0,0,0,-,-,NA,NA,LOS ANGELES,LOS ANGELES,-118.30602264404295,33.99686813354492
9286570,2021,2021-07-23,1942,2021-07-12,0010,37618,1253,1,5,7,1942,0,0,0,L,0,25T33W,W FLORENCE AV,WESTERN AV,0,NA,Y,A,-,N,NA,NA,NA,NA,NA,NA,NA,NA,NA,Y,3,0,2,2,A,-,09,21800,D,N,D,C,A,A,H,-,C,B,0,NA,NA,NA,NA,Y,NA,A,01,0,1,1,0,0,0,0,0,0,-,-,NA,NA,LOS ANGELES,LOS ANGELES,-118.30897521972656,33.97456741333008
9286571,2021,2021-07-30,1942,2021-07-11,1910,37618,1207,7,5,7,1942,0,0,0,L,0,25T33,VERNON AV,VERMONT AV,0,E,N,A,-,N,NA,NA,NA,NA,NA,NA,NA,NA,NA,Y,3,0,4,3,A,-,03,22350,NA,N,D,C,A,A,H,-,A,D,0,NA,NA,NA,NA,Y,NA,A,01,0,3,1,0,0,0,0,0,0,-,-,NA,NA,LOS ANGELES,LOS ANGELES,-118.29157257080078,34.00368118286133
9286572,2021,2021-07-23,1942,2021-07-11,1750,40690,1821,7,5,7,1942,0,0,0,R,0,25MQ59,VERMONT,98TH ST,0,NA,Y,A,-,N,NA,NA,NA,NA,NA,NA,NA,NA,NA,N,4,0,1,2,A,-,03,22350,NA,F,C,C,A,A,H,-,A,D,0,NA,NA,NA,NA,Y,NA,-,99,0,0,1,0,0,0,0,0,0,-,-,NA,NA,LOS ANGELES,LOS ANGELES,-118.29190063476564,33.9469108581543
9286573,2021,2021-07-23,1942,2021-07-11,1305,41704,1203,7,5,7,1942,0,0,0,L,0,25MQ15,WESTERN,51ST PL,88,S,N,A,-,N,NA,NA,NA,NA,NA,NA,NA,NA,NA,Y,3,0,2,3,A,-,03,22350,NA,N,A,I,A,A,H,-,A,D,0,NA,NA,NA,NA,Y,NA,A,01,0,1,1,0,0,0,0,0,0,-,-,NA,NA,LOS ANGELES,LOS ANGELES,-118.30893707275392,33.9957275390625
9286574,2021,2021-07-23,1942,2021-07-08,2125,41683,0523,4,5,7,1942,0,0,0,E,0,25MX19,FIGUEROA ST,HARRY BRIDGES BL,0,NA,Y,A,-,N,NA,NA,NA,NA,NA,NA,NA,NA,NA,Y,4,0,1,2,A,-,12,21453,A,N,D,C,A,A,H,-,C,A,0,NA,NA,NA,NA,Y,Y,A,01,0,0,1,0,0,0,0,0,0,-,-,NA,NA,LOS ANGELES,LOS ANGELES,-118.27875518798828,33.771385192871094
9286590,2021,2021-07-28,1926,2021-07-07,1755,0026,NA,3,5,5,1926,0,0,0,NA,0,001,S GRAND AV,FOOSE RD,150,S,N,A,-,N,NA,NA,NA,NA,NA,NA,NA,NA,NA,N,4,0,1,2,A,-,03,22350,NA,N,G,B,E,A,H,-,A,D,0,Y,NA,NA,NA,Y,NA,-,NA,0,0,1,0,1,0,0,0,0,-,-,34.13602066040039,-117.87246704101564,LOS ANGELES,GLENDORA,NA,NA
9286607,2021,2021-07-27,1902,2021-07-09,2039,782,12,5,5,5,1902,0,0,0,NA,0,003,HUNTINGTON DR,SANTA CLARA ST,36,E,N,A,-,N,NA,NA,NA,NA,NA,NA,NA,NA,NA,N,4,0,1,2,A,-,03,22350,NA,F,C,C,A,A,H,-,C,A,0,NA,NA,NA,NA,Y,NA,A,01,0,0,1,0,0,0,0,0,0,-,-,NA,NA,LOS ANGELES,ARCADIA,-118.03516387939452,34.140045166015625
9286608,2021,2021-07-27,1902,2021-07-10,1838,800,4,6,5,5,1902,0,0,0,NA,0,001,FOOTHILL BL,WIGWAM AV,113,E,N,A,-,N,NA,NA,NA,NA,NA,NA,NA,NA,NA,Y,4,0,1,2,A,-,09,21804,NA,N,D,C,A,A,H,-,A,D,0,NA,NA,NA,NA,Y,NA,A,01,0,0,1,0,0,0,0,0,0,-,-,NA,NA,LOS ANGELES,ARCADIA,-118.02664947509766,34.15105056762695
9286609,2021,2021-07-27,1902,2021-07-09,1840,766,11,5,5,5,1902,0,0,0,NA,0,001,HUNTINGTON DR,2ND,35,E,N,A,-,N,NA,NA,NA,NA,NA,NA,NA,NA,NA,Y,4,0,1,2,A,-,01,23152,F,N,C,C,A,A,H,-,A,A,0,NA,NA,NA,NA,Y,NA,A,01,0,0,1,0,0,0,0,0,0,-,-,NA,NA,LOS ANGELES,ARCADIA,-118.02477264404295,34.14012908935547
9286610,2021,2021-07-27,1902,2021-07-09,1614,798,28,5,5,5,1902,0,0,0,NA,0,005,LONGDEN AV,2ND AV,0,NA,Y,A,-,N,NA,NA,NA,NA,NA,NA,NA,NA,NA,Y,4,0,1,2,A,-,12,22450,A,N,D,C,A,A,H,-,A,A,0,NA,NA,NA,NA,Y,NA,A,01,0,0,1,0,0,0,0,0,0,-,-,NA,NA,LOS ANGELES,ARCADIA,-118.02471160888672,34.11423873901367
9286611,2021,2021-07-27,1902,2021-07-06,1054,636,11,2,5,5,1902,0,0,0,NA,0,001,COLORADO BL,SANTA ANITA AV,0,NA,Y,A,-,N,NA,NA,NA,NA,NA,NA,NA,NA,NA,Y,4,0,1,2,A,-,08,22107,NA,N,A,C,A,A,H,-,A,A,0,NA,NA,NA,NA,Y,NA,A,01,0,0,1,0,0,0,0,0,0,-,-,NA,NA,LOS ANGELES,ARCADIA,-118.03160858154295,34.14548873901367
9286616,2021,2021-07-26,1900,2021-07-08,2500,609942,0644,4,5,6,1985,0,0,0,NA,0,64T1,BOUQUET CANYON RD,MAGIC MOUNTAIN PKWY,950,N,N,A,-,N,NA,NA,NA,NA,NA,NA,NA,NA,NA,Y,4,0,2,2,A,-,09,21804,A,N,D,C,A,A,H,-,A,D,0,NA,NA,NA,NA,Y,NA,A,01,0,0,2,0,0,0,0,0,0,-,-,34.41645050048828,-118.54164123535156,LOS ANGELES,SANTA CLARITA,-118.54147338867188,34.41605758666992
9286619,2021,2021-07-26,1956,2021-07-08,0836,1183,13,4,5,5,1956,0,0,0,NA,0,001,PROSPECT AV,TORRANCE BL,125,S,N,A,-,N,NA,NA,NA,NA,NA,NA,NA,NA,NA,N,4,0,1,2,A,-,09,21804,A,N,D,C,A,A,H,-,A,D,0,NA,NA,NA,NA,Y,NA,A,07,0,0,1,0,0,0,0,0,0,-,-,33.838871002197266,-118.3762435913086,LOS ANGELES,REDONDO BEACH,-118.37628936767578,33.83842849731445
9286677,2021,2021-07-29,1900,2021-06-12,2315,499039,1510,6,5,5,1954,0,0,0,NA,0,151T3,BEVERLY BL,ROSEMEAD BL,34,W,N,A,-,N,NA,NA,NA,NA,NA,NA,NA,NA,NA,N,3,0,3,2,A,-,03,22350,NA,M,C,C,A,A,H,-,C,D,0,NA,NA,NA,NA,Y,NA,A,01,0,3,0,0,0,0,0,0,0,-,-,34.01068115234375,-118.0814971923828,LOS ANGELES,PICO RIVERA,-118.08094787597656,34.010562896728516
9286688,2021,2021-07-28,1900,2021-06-27,0015,499039,1513,7,5,5,1954,0,0,0,NA,0,151T3,WHITTIER BL,MYRTLE ST,104,E,N,A,-,N,NA,NA,NA,NA,NA,NA,NA,NA,NA,N,3,0,1,2,A,-,09,21804,NA,F,B,C,A,A,H,-,C,D,0,NA,NA,NA,NA,Y,NA,A,01,0,1,0,0,0,0,0,0,0,-,-,34.00585174560547,-118.09436798095705,LOS ANGELES,PICO RIVERA,-118.09434509277344,34.005882263183594
9286693,2021,2021-08-13,1900,2021-06-16,0940,430275,1517,3,5,5,1954,0,0,0,NA,0,151T1,REX RD,BEQUETTE AV,0,NA,Y,A,-,N,NA,NA,NA,NA,NA,NA,NA,NA,NA,Y,3,0,2,2,A,-,09,21802,A,N,D,C,A,A,H,-,A,A,0,NA,NA,NA,NA,Y,NA,A,01,0,1,1,0,0,0,0,0,0,-,-,33.976200103759766,-118.0990982055664,LOS ANGELES,PICO RIVERA,-118.09974670410156,33.976348876953125
9286694,2021,2021-08-13,1900,2021-06-09,1450,430275,1518,3,5,5,1954,0,0,0,NA,0,151T1,SLAUSON AV,REEVE RD,1,E,N,A,-,N,NA,NA,NA,NA,NA,NA,NA,NA,NA,Y,3,0,2,3,A,-,09,21801,A,N,D,C,A,A,H,-,A,-,0,NA,NA,NA,NA,Y,NA,A,08,0,1,1,0,0,0,0,0,0,-,-,33.96849822998047,-118.09709930419922,LOS ANGELES,PICO RIVERA,-118.09893035888672,33.96904754638672
9286716,2021,2021-08-12,1900,2021-06-05,2054,650375,0332,6,5,4,1939,0,0,0,NA,0,35D,BURIN AV,149TH ST,262,S,N,A,-,N,NA,NA,NA,NA,NA,NA,NA,NA,NA,N,3,0,1,2,A,-,11,21950,B,N,G,B,E,A,H,-,D,D,0,Y,NA,NA,NA,Y,NA,N,60,0,1,0,0,1,0,0,0,0,-,-,33.89569091796875,-118.35382080078124,LOS ANGELES,LAWNDALE,-118.35385131835938,33.89570236206055
9286717,2021,2021-08-12,1900,2021-06-10,1635,648680,0331,4,5,4,1939,0,0,0,NA,0,35T1,HAWTHORNE BL,147TH ST,145,S,N,A,-,N,NA,NA,NA,NA,NA,NA,NA,NA,NA,N,4,0,2,2,A,-,03,22350,NA,F,C,C,A,A,H,-,A,D,0,NA,NA,NA,NA,Y,NA,A,01,0,0,2,0,0,0,0,0,0,-,-,33.897789001464844,-118.3523406982422,LOS ANGELES,LAWNDALE,-118.35275268554688,33.89787292480469
9286718,2021,2021-08-12,1900,2021-06-17,0115,654280,0332,4,5,4,1939,0,0,0,NA,0,035,HAWTHORNE BL,MARINE AV,0,NA,Y,A,-,N,NA,NA,NA,NA,NA,NA,NA,NA,NA,N,3,0,3,2,A,-,12,21453,A,N,D,C,A,A,H,-,C,A,0,NA,NA,NA,NA,Y,NA,-,-,0,1,2,0,0,0,0,0,0,-,-,33.89466094970703,-118.35279846191406,LOS ANGELES,LAWNDALE,-118.3527374267578,33.89463806152344
9286719,2021,2021-08-12,1900,2021-06-17,2030,651536,0334,4,5,4,1939,0,0,0,NA,0,35T1/P,MARINE AV,FREEMAN AV,97,W,N,A,-,N,NA,NA,NA,NA,NA,NA,NA,NA,NA,N,3,0,1,3,A,-,08,22107,NA,N,B,E,F,A,H,-,C,D,0,Y,NA,NA,NA,Y,NA,A,07,0,1,0,0,1,0,0,0,0,-,-,33.894718170166016,-118.34928894042967,LOS ANGELES,LAWNDALE,-118.34925079345705,33.8946418762207
9286825,2021,2021-07-27,1900,2021-06-23,0705,532237,0629,3,5,6,1985,0,0,0,NA,0,62T1,LYONS AV,PEACHLAND AV,0,NA,Y,A,-,N,NA,NA,NA,NA,NA,NA,NA,NA,NA,Y,4,0,1,2,A,-,09,21801,A,N,D,C,A,A,H,-,A,A,0,NA,NA,NA,NA,Y,NA,D,22,0,0,1,0,0,0,0,0,0,-,-,NA,NA,LOS ANGELES,SANTA CLARITA,-118.54696655273438,34.379459381103516
9286829,2021,2021-07-27,1900,2021-06-29,1630,480759,0617,2,5,6,1985,0,0,0,NA,0,61T1,WHISPERING LEAVES DR,SIERRA HWY,0,NA,Y,A,-,N,NA,NA,NA,NA,NA,NA,NA,NA,NA,Y,3,0,4,2,A,-,09,21801,A,N,D,C,A,A,H,-,A,A,0,NA,NA,NA,NA,Y,NA,A,01,0,3,1,0,0,0,0,0,0,-,-,34.40256118774414,-118.46936798095705,LOS ANGELES,SANTA CLARITA,-118.46941375732422,34.402626037597656
9286833,2021,2021-07-27,1900,2021-06-13,0951,623669,0628,7,5,6,1985,0,0,0,NA,0,62T1,LYONS AV,FOURL RD,0,NA,Y,A,-,N,NA,NA,NA,NA,NA,NA,NA,NA,NA,N,3,0,1,2,A,-,09,21802,A,N,D,C,A,A,H,-,A,A,0,NA,NA,NA,NA,Y,NA,D,22,0,1,0,0,0,0,0,0,0,-,-,34.37876892089844,-118.556396484375,LOS ANGELES,SANTA CLARITA,-118.55647277832033,34.37892150878906
9286841,2021,2021-07-27,1900,2021-06-05,2325,636901,0648,6,5,6,1985,0,0,0,NA,0,064,SAN FRANCISQUITO CANYON RD,LOWRIDGE PL,2815,S,N,A,-,N,NA,NA,NA,NA,NA,NA,NA,NA,NA,Y,3,0,2,1,A,-,01,23152,A,N,F,I,A,A,H,-,D,D,0,NA,NA,NA,NA,Y,Y,D,22,0,1,1,0,0,0,0,0,0,-,-,34.46770095825195,-118.54737091064452,LOS ANGELES,SANTA CLARITA,-118.54725646972656,34.46739196777344
9286852,2021,2021-08-27,1926,2021-07-08,1120,0165,NA,4,5,5,1926,0,0,0,NA,0,001,S GRAND AV,W ADA AV,0,NA,Y,A,-,N,NA,NA,NA,NA,NA,NA,NA,NA,NA,Y,3,0,2,2,A,-,17,21454,A,N,D,C,A,A,H,-,A,A,0,NA,NA,NA,NA,Y,NA,D,22,0,2,0,0,0,0,0,0,0,-,-,34.13288879394531,-117.87122344970705,LOS ANGELES,GLENDORA,-117.87271881103516,34.132354736328125
9286858,2021,2021-07-27,1900,2021-05-05,2022,606767,0540,3,5,3,1921,0,0,0,NA,0,58T1P,DUARTE RD,VILLAGE RD,0,NA,Y,F,-,N,NA,NA,NA,NA,NA,NA,NA,NA,NA,N,3,0,1,2,A,-,10,21950,A,M,G,B,B,A,H,-,C,A,0,Y,NA,NA,NA,Y,NA,I,11,0,1,0,0,1,0,0,0,0,-,-,34.13233947753906,-117.97419738769533,LOS ANGELES,DUARTE,-117.97419738769533,34.13222122192383
9286862,2021,2021-07-26,1900,2021-06-23,1449,526901,0523,3,5,4,1971,0,0,0,NA,0,52FAM,TEMPLE CITY BL,LIVE OAK AV,0,NA,Y,A,-,N,NA,NA,NA,NA,NA,NA,NA,NA,NA,Y,4,0,2,3,A,-,09,21801,A,N,D,C,A,A,H,-,A,A,0,NA,NA,NA,NA,Y,NA,A,07,0,0,2,0,0,0,0,0,0,-,-,34.10306930541992,-118.0601806640625,LOS ANGELES,TEMPLE CITY,-118.0601806640625,34.103050231933594
9286866,2021,2021-08-11,1900,2021-06-26,1944,617953,0542,6,5,3,1921,0,0,0,NA,0,58T1PM,HUNTINGTON DR,LAS LOMAS RD,319,E,N,A,-,N,NA,NA,NA,NA,NA,NA,NA,NA,NA,N,2,0,1,2,A,-,10,21954,B,N,G,B,E,A,H,-,B,D,0,Y,NA,NA,NA,Y,NA,D,22,1,0,0,0,1,0,0,0,0,-,-,34.13861846923828,-117.94561004638672,LOS ANGELES,DUARTE,-117.94596862792967,34.13858413696289
9286870,2021,2021-07-26,1900,2021-06-25,1327,541469,0541,5,5,3,1921,0,0,0,NA,0,58T1AM,HUNTINGTON DR,POPS RD,251,W,N,A,-,N,NA,NA,NA,NA,NA,NA,NA,NA,NA,Y,3,0,1,2,A,-,08,22107,NA,N,C,E,A,A,H,-,A,D,0,NA,NA,NA,NA,Y,NA,D,22,0,1,0,0,0,0,0,0,0,-,-,34.08219909667969,-117.58119964599608,LOS ANGELES,DUARTE,-117.96987915039064,34.13970947265625
9286878,2021,2021-07-27,1900,2021-06-22,1700,617953,0541,2,5,3,1921,0,0,0,NA,0,58T1PM,THREE RANCH RD,CINCO ROBLES DR,0,NA,Y,A,-,N,NA,NA,NA,NA,NA,NA,NA,NA,NA,N,4,0,1,2,A,-,10,21950,A,N,G,B,C,A,H,-,A,D,0,Y,NA,NA,NA,Y,Y,D,22,0,0,1,0,1,0,0,0,0,-,-,34.133140563964844,-117.97545623779295,LOS ANGELES,DUARTE,-117.97547149658205,34.133148193359375
9286882,2021,2021-09-17,1942,2021-07-08,1445,41579,0515,4,5,7,1942,0,0,0,E,0,25T25,PACIFIC COAST HWY,ISLAND AV,15,W,N,A,-,Y,LA,7,1,-,-,10.74,H,-,S,N,4,0,1,3,A,-,04,21703,NA,F,C,C,A,A,H,-,A,A,0,NA,NA,NA,NA,Y,NA,A,01,0,0,1,0,0,0,0,0,0,-,-,NA,NA,LOS ANGELES,LOS ANGELES,-118.26693725585938,33.790916442871094
9286884,2021,2021-09-08,1942,2021-07-05,1650,38590,1176,1,5,7,1942,0,0,0,K,0,24TL53,CRYSTAL ST,MEADOWVALE AV,0,NA,Y,A,-,N,NA,NA,NA,NA,NA,NA,NA,NA,NA,N,2,0,1,2,A,-,12,22450,A,N,D,G,A,A,H,-,A,A,0,NA,Y,NA,NA,Y,NA,L,04,1,0,0,0,0,0,1,0,0,-,-,NA,NA,LOS ANGELES,LOS ANGELES,-118.23332977294922,34.091163635253906
9286886,2021,2021-08-16,1942,2021-06-10,2300,39292,0519,4,5,7,1942,0,0,0,E,0,525,PACIFIC COAST HWY,SANFORD AV,0,NA,Y,A,-,NA,NA,NA,NA,NA,NA,NA,NA,NA,NA,Y,3,0,1,3,A,-,12,21453,A,N,B,D,A,A,H,-,C,A,0,NA,NA,NA,Y,Y,NA,A,01,0,1,0,0,0,0,0,0,0,-,-,NA,NA,LOS ANGELES,LOS ANGELES,-118.25100708007813,33.79088592529297
9286888,2021,2021-09-10,1942,2021-07-07,0659,36527,1122,3,5,7,1942,0,0,0,K,0,24MQ42,LOS FELIZ BL,RIVERSIDE DR,0,NA,Y,A,-,N,NA,NA,NA,NA,NA,NA,NA,NA,NA,Y,2,0,1,2,A,-,09,21801,A,N,D,D,A,A,H,-,A,A,0,NA,NA,NA,NA,Y,NA,D,22,1,0,0,0,0,0,0,0,0,-,-,NA,NA,LOS ANGELES,LOS ANGELES,-118.27169036865234,34.117000579833984
9286890,2021,2021-07-23,1942,2021-06-20,2350,44079,1801,7,5,7,1942,0,0,0,R,0,18A1,93RD ST,W BARING CROSS ST,191,W,N,A,-,N,NA,NA,NA,NA,NA,NA,NA,NA,NA,N,4,0,1,2,A,-,01,23152,A,F,B,C,E,A,H,-,B,A,0,Y,NA,NA,NA,Y,Y,D,22,0,0,1,0,1,0,0,0,0,-,-,NA,NA,LOS ANGELES,LOS ANGELES,-118.28997802734376,33.951873779296875
9286902,2021,2021-07-23,1942,2021-06-26,1400,41747,1835,6,5,7,1942,0,0,0,R,0,18A34,E 107TH ST,MCKINLEY AV,0,NA,Y,A,-,N,NA,NA,NA,NA,NA,NA,NA,NA,NA,Y,4,0,1,2,A,-,12,22450,A,F,D,C,A,A,H,-,A,A,0,NA,NA,NA,NA,Y,NA,-,99,0,0,1,0,0,0,0,0,0,-,-,NA,NA,LOS ANGELES,LOS ANGELES,-118.26085662841795,33.93925094604492
9286906,2021,2021-07-23,1942,2021-06-29,1405,42364,0356,2,5,7,1942,0,0,0,C,0,3A73,S NORMANDIE AV,35TH PL,138,S,N,A,-,N,NA,NA,NA,NA,NA,NA,NA,NA,NA,N,4,0,1,2,A,-,05,21650,1,N,B,G,A,A,H,-,A,D,0,NA,Y,NA,NA,Y,Y,L,04,0,0,1,0,0,0,1,0,0,-,-,NA,NA,LOS ANGELES,LOS ANGELES,-118.30022430419922,34.02333068847656
9286914,2021,2021-09-07,1942,2021-07-08,1220,40440,1823,4,5,7,1942,0,0,0,R,0,25T25,SAN PEDRO ST,102ND ST,0,NA,Y,A,-,N,NA,NA,NA,NA,NA,NA,NA,NA,NA,Y,4,0,1,2,A,-,12,22450,A,F,D,C,A,A,H,-,A,A,0,NA,NA,NA,NA,Y,NA,A,08,0,0,1,0,0,0,0,0,0,-,-,NA,NA,LOS ANGELES,LOS ANGELES,-118.26952362060548,33.94377136230469
9286930,2021,2021-07-27,1900,2021-05-27,1035,537862,1264,4,5,3,1991,0,0,0,NA,0,121T1,FOOTHILL BL,WOODLEIGH LN,76,W,N,A,-,N,NA,NA,NA,NA,NA,NA,NA,NA,NA,Y,3,0,1,2,A,-,08,22107,NA,N,B,C,A,A,H,-,A,D,0,NA,NA,NA,NA,Y,NA,A,08,0,1,0,0,0,0,0,0,0,-,-,34.20061111450195,-118.19183349609376,LOS ANGELES,LA CANADA-FLINTRIDGE,-118.19161987304688,34.20048141479492
9286939,2021,2021-08-06,1900,2021-06-14,1445,430275,1520,1,5,5,1954,0,0,0,NA,0,151T1,ROSEMEAD BL,TERRAZAS WY,30,S,N,A,-,N,NA,NA,NA,NA,NA,NA,NA,NA,NA,N,4,0,1,1,C,-,18,NA,NA,N,E,I,A,A,H,-,A,D,0,NA,NA,NA,NA,Y,NA,-,-,0,0,1,0,0,0,0,0,0,-,-,33.98310089111328,-118.09700012207033,LOS ANGELES,PICO RIVERA,-118.09803009033205,33.9818000793457
9286947,2021,2021-09-08,1942,2021-07-07,1115,32973,0158,3,5,7,1942,0,0,0,A,0,24TL21,6TH ST,ALAMEDA ST,0,NA,Y,A,-,N,NA,NA,NA,NA,NA,NA,NA,NA,NA,N,3,0,1,2,A,-,05,21650,1,N,-,G,A,A,H,-,A,A,0,NA,Y,NA,NA,Y,NA,L,04,0,1,0,0,0,0,1,0,0,-,-,NA,NA,LOS ANGELES,LOS ANGELES,-118.23841857910156,34.03818893432617
9286949,2021,2021-08-11,1942,2021-06-15,0820,40404,0559,2,5,7,1942,0,0,0,E,0,5A59,NAVY WY,TERMINAL WY,735,S,N,A,-,N,NA,NA,NA,NA,NA,NA,NA,NA,NA,Y,2,0,1,2,A,-,08,22102,NA,N,D,C,A,A,H,-,A,A,0,NA,NA,NA,Y,Y,NA,D,22,1,0,0,0,0,0,0,0,0,-,-,NA,NA,LOS ANGELES,LOS ANGELES,-118.24881744384766,33.74991226196289
9287021,2021,2021-08-10,1900,2021-06-20,0300,612129,2313,7,5,5,1919,0,0,0,NA,0,233A,STUDEBAKER RD,JERRY PL,1113,S,N,A,-,N,NA,NA,NA,NA,NA,NA,NA,NA,NA,Y,2,0,1,1,A,-,08,22107,NA,N,E,I,A,A,H,-,C,D,0,NA,NA,NA,NA,Y,NA,A,07,1,0,0,0,0,0,0,0,0,-,-,NA,NA,LOS ANGELES,CERRITOS,-118.09950256347656,33.849002838134766
9287048,2021,2021-08-10,1942,2021-06-13,0208,43301,LOSAN,7,5,7,1942,0,0,0,NA,0,NA,SUNSET BL,CURSON BL,0,NA,N,A,-,N,NA,NA,NA,NA,NA,NA,NA,NA,NA,N,4,0,1,2,A,-,04,21703,NA,F,C,A,A,A,H,-,C,A,0,NA,NA,NA,NA,Y,Y,-,99,0,0,1,0,0,0,0,0,0,-,-,NA,NA,LOS ANGELES,LOS ANGELES,-118.35503387451172,34.09803771972656
9287049,2021,2021-08-10,1942,2021-06-26,1525,44538,2001,6,5,7,1942,0,0,0,NA,0,20A16,WILTON PL,BEVERLY BL,0,S,N,A,-,N,NA,NA,NA,NA,NA,NA,NA,NA,NA,N,4,0,1,2,A,-,04,21703,NA,F,C,C,A,A,H,-,A,A,0,NA,NA,NA,NA,Y,Y,-,99,0,0,1,0,0,0,0,0,0,-,-,NA,NA,LOS ANGELES,LOS ANGELES,-118.31352996826172,34.07624816894531
9287050,2021,2021-08-10,1942,2021-06-28,0035,42501,0645,1,5,7,1942,0,0,0,F,0,6A49,HOLLYWOOD BL,HIGHLAND AV,75,W,N,A,-,N,NA,NA,NA,NA,NA,NA,NA,NA,NA,N,3,0,1,2,A,-,05,21650,NA,N,D,C,A,A,H,-,C,A,0,NA,NA,NA,NA,Y,NA,M,94,0,1,0,0,0,0,0,0,0,-,-,NA,NA,LOS ANGELES,LOS ANGELES,-118.33893585205078,34.1015510559082
9287051,2021,2021-08-12,1942,2021-06-28,1645,34882,2027,1,5,7,1942,0,0,0,NA,0,20A45,S MARIPOSA AV,W 6TH ST,0,NA,Y,A,-,N,NA,NA,NA,NA,NA,NA,NA,NA,NA,N,3,0,1,2,A,-,12,21453,A,F,H,G,A,A,H,-,A,A,0,NA,Y,NA,NA,Y,NA,-,-,0,1,0,0,0,0,1,0,0,-,-,NA,NA,LOS ANGELES,LOS ANGELES,-118.29917907714844,34.06361389160156
9287052,2021,2021-08-10,1942,2021-06-30,2225,41671,1446,3,5,7,1942,0,0,0,N,0,27TL44,VENICE BL,CENTINELA AV,15,E,N,A,-,N,NA,NA,NA,NA,NA,NA,NA,NA,NA,N,2,0,1,2,A,-,11,21954,A,N,G,B,D,A,H,-,C,D,0,Y,NA,NA,NA,Y,NA,N,60,1,0,0,0,1,0,0,0,0,-,-,NA,NA,LOS ANGELES,LOS ANGELES,-118.43355560302734,34.0037727355957
9287053,2021,2021-08-10,1942,2021-06-30,0820,42397,1445,3,5,7,1942,0,0,0,N,0,27TL29,S CENTINELA AV,BARBARA AV,5,S,N,A,-,N,NA,NA,NA,NA,NA,NA,NA,NA,NA,N,3,0,1,2,A,-,11,21950,B,N,G,B,B,A,H,-,A,A,0,Y,NA,NA,NA,Y,NA,N,60,0,1,0,0,1,0,0,0,0,-,-,NA,NA,LOS ANGELES,LOS ANGELES,-118.4319305419922,34.00153732299805
9287054,2021,2021-08-10,1942,2021-06-28,0720,33458,1035,1,5,7,1942,0,0,0,J,0,10A21,KITTRIDGE ST,LINDLEY AV,0,NA,Y,A,-,N,NA,NA,NA,NA,NA,NA,NA,NA,NA,N,2,0,1,2,A,-,10,21950,A,N,G,B,B,A,H,-,A,A,0,Y,NA,NA,NA,Y,NA,A,01,1,0,0,0,1,0,0,0,0,-,-,NA,NA,LOS ANGELES,LOS ANGELES,-118.5272979736328,34.190242767333984
9287055,2021,2021-08-10,1942,2021-06-19,2100,44397,2137,6,5,7,1942,0,0,0,NA,0,21A1,DE SOTO,SHERMAN WY,0,NA,-,A,-,N,NA,NA,NA,NA,NA,NA,NA,NA,NA,N,4,0,1,2,A,-,03,22350,NA,F,C,C,A,A,H,-,C,A,0,NA,NA,NA,NA,Y,NA,-,99,0,0,1,0,0,0,0,0,0,-,-,NA,NA,LOS ANGELES,LOS ANGELES,-118.58844757080078,34.20098876953125