CASE_ID,ACCIDENT_YEAR,PROC_DATE,JURIS,COLLISION_DATE,COLLISION_TIME,OFFICER_ID,REPORTING_DISTRICT,DAY_OF_WEEK,CHP_SHIFT,POPULATION,CNTY_CITY_LOC,SPECIAL_COND,BEAT_TYPE,CHP_BEAT_TYPE,CITY_DIVISION_LAPD,CHP_BEAT_CLASS,BEAT_NUMBER,PRIMARY_RD,SECONDARY_RD,DISTANCE,DIRECTION,INTERSECTION,WEATHER_1,WEATHER_2,STATE_HWY_IND,CALTRANS_COUNTY,CALTRANS_DISTRICT,STATE_ROUTE,ROUTE_SUFFIX,POSTMILE_PREFIX,POSTMILE,LOCATION_TYPE,RAMP_INTERSECTION,SIDE_OF_HWY,TOW_AWAY,COLLISION_SEVERITY,NUMBER_KILLED,NUMBER_INJURED,PARTY_COUNT,PRIMARY_COLL_FACTOR,PCF_CODE_OF_VIOL,PCF_VIOL_CATEGORY,PCF_VIOLATION,PCF_VIOL_SUBSECTION,HIT_AND_RUN,TYPE_OF_COLLISION,MVIW,PED_ACTION,ROAD_SURFACE,ROAD_COND_1,ROAD_COND_2,LIGHTING,CONTROL_DEVICE,CHP_ROAD_TYPE,PEDESTRIAN_ACCIDENT,BICYCLE_ACCIDENT,MOTORCYCLE_ACCIDENT,TRUCK_ACCIDENT,NOT_PRIVATE_PROPERTY,ALCOHOL_INVOLVED,STWD_VEHTYPE_AT_FAULT,CHP_VEHTYPE_AT_FAULT,COUNT_SEVERE_INJ,COUNT_VISIBLE_INJ,COUNT_COMPLAINT_PAIN,COUNT_PED_KILLED,COUNT_PED_INJURED,COUNT_BICYCLIST_KILLED,COUNT_BICYCLIST_INJURED,COUNT_MC_KILLED,COUNT_MC_INJURED,PRIMARY_RAMP,SECONDARY_RAMP,LATITUDE,LONGITUDE,COUNTY,CITY,POINT_X,POINT_Y
92878205,2024,2024-07-30,9530,2024-07-01,1730,021325,NA,1,2,9,1900,0,3,5,NA,2,001,NADEAU ST.,MAIE AVE.,0,NA,Y,A,-,N,NA,NA,NA,NA,NA,NA,NA,NA,NA,Y,3,0,1,2,A,-,09,21801,A,F,D,C,A,A,H,-,C,D,0,NA,NA,NA,NA,Y,NA,-,99,0,1,0,0,0,0,0,0,0,-,-,33.96738815307617,-118.24449157714844,LOS ANGELES,UNINCORPORATED,-118.24446105957033,33.96742248535156
92878209,2024,2024-07-30,9530,2024-07-19,1130,023568,NA,5,1,7,1941,0,1,1,NA,2,420,I-405 N/B (SAN DIEGO FREEWAY),I-710 (LONG BEACH FREEWAY),3220,S,N,A,-,Y,LA,NA,405,NA,NA,6.594,H,NA,R,N,4,0,1,2,A,-,03,22350,NA,N,C,C,A,A,H,-,A,D,0,NA,NA,NA,NA,Y,NA,A,07,0,0,1,0,0,0,0,0,0,-,-,33.81978988647461,-118.19210815429688,LOS ANGELES,LONG BEACH,-118.1920928955078,33.81980895996094
92878210,2024,2024-07-30,9530,2024-07-19,946,023568,NA,5,1,7,1941,0,1,1,NA,2,420,I-405 N/B TO CHERRY AVE.,CHERRY AVE.,20,E,N,A,-,Y,NA,NA,NA,NA,NA,NA,NA,NA,NA,N,4,0,1,2,A,-,03,22350,NA,N,C,C,A,A,H,-,A,A,0,NA,NA,NA,NA,Y,NA,A,01,0,0,1,0,0,0,0,0,0,-,-,33.814781188964844,-118.16738891601564,LOS ANGELES,LONG BEACH,-118.16755676269533,33.81357955932617
92878222,2024,2024-07-30,9530,2024-06-28,710,023797,NA,5,1,9,1900,0,3,5,NA,2,001,HOOPER AVE.,67TH ST,100,S,N,A,-,N,NA,NA,NA,NA,NA,NA,NA,NA,NA,N,4,0,1,4,A,-,03,22350,NA,N,C,C,A,A,H,-,A,A,0,NA,NA,NA,NA,Y,NA,A,08,0,0,1,0,0,0,0,0,0,-,-,33.97901153564453,-118.25211334228516,LOS ANGELES,UNINCORPORATED,-118.25205993652344,33.97893524169922
92878229,2024,2024-07-30,9525,2024-07-21,519,023880,NA,7,3,4,1913,0,1,1,NA,2,209,SR-210 W/B (FOOTHILL FWY),BASELINE RD,150,E,N,A,-,Y,LA,NA,210,NA,R,51.973,H,NA,L,Y,4,0,1,2,A,-,07,21658,A,N,B,C,A,A,H,-,B,D,0,NA,NA,NA,NA,Y,NA,A,01,0,0,1,0,0,0,0,0,0,-,-,34.12282943725586,-117.69493103027344,LOS ANGELES,CLAREMONT,-117.69491577148438,34.12281799316406
92878236,2024,2024-07-30,9565,2024-05-08,911,023757,NA,3,1,7,1942,0,1,1,NA,2,061,I-405 N/B (SAN DIEGO FWY.),SEPULVEDA BLVD.,900,S,N,A,-,Y,LA,NA,405,NA,NA,25.292,H,NA,R,N,4,0,1,2,A,-,03,22350,NA,F,C,C,A,A,H,-,A,D,0,NA,NA,NA,NA,Y,NA,A,07,0,0,1,0,0,0,0,0,0,-,-,33.97993087768555,-118.3927764892578,LOS ANGELES,LOS ANGELES,-118.39279174804688,33.979923248291016
92878238,2024,2024-10-21,9530,2024-07-16,731,017755,NA,2,1,5,1977,0,1,1,NA,2,410,I-405 N/B (SAN DIEGO FREEWAY),DEL AMO BLVD.,536,N,N,A,-,Y,LA,NA,405,NA,NA,11.996,H,NA,R,N,3,0,1,3,A,-,07,21658,A,F,B,C,A,A,H,-,A,D,0,NA,NA,Y,NA,Y,NA,A,07,0,1,0,0,0,0,0,0,1,-,-,33.847679138183594,-118.27195739746094,LOS ANGELES,CARSON,-118.27201080322266,33.847633361816406
92878301,2024,2024-07-30,9530,2024-05-12,200,023235,NA,7,3,6,1972,0,1,1,NA,2,400,I-405 N/B (SAN DIEGO FREEWAY),CRENSHAW BOULEVARD,300,N,N,A,-,Y,LA,NA,405,NA,NA,15.643,H,NA,R,Y,4,0,1,1,A,-,03,22350,NA,N,E,J,A,A,H,-,C,D,0,NA,NA,NA,NA,Y,NA,A,01,0,0,1,0,0,0,0,0,0,-,-,33.865570068359375,-118.32933807373048,LOS ANGELES,TORRANCE,-118.329345703125,33.865562438964844
92878303,2024,2024-08-14,9580,2024-07-22,20,023607,NA,1,3,7,1942,0,1,2,NA,2,100,US-101 N/B (HOLLYWOOD FWY) TO VINELAND AVE.,VINELAND AVE,150,S,N,A,-,Y,LA,NA,101,NA,NA,11.107,H,NA,R,N,4,0,1,2,A,-,08,22107,NA,M,B,C,A,A,H,-,C,A,0,NA,NA,NA,NA,Y,NA,A,07,0,0,1,0,0,0,0,0,0,-,-,34.1469612121582,-118.3697509765625,LOS ANGELES,LOS ANGELES,-118.36994171142578,34.14677429199219
92878338,2024,2024-07-30,9530,2024-06-08,1520,023568,NA,6,2,7,1941,0,1,1,NA,2,071,I-710 N/B (LONG BEACH FREEWAY),LONG BEACH BLVD.,2500,S,N,A,-,Y,LA,NA,710,NA,NA,11.448,H,NA,R,N,4,0,2,2,A,-,03,22350,NA,F,C,C,A,A,H,-,A,D,0,NA,NA,NA,NA,Y,NA,A,01,0,0,2,0,0,0,0,0,0,-,-,33.85533142089844,-118.203857421875,LOS ANGELES,LONG BEACH,-118.20381927490234,33.85531997680664
92878342,2024,2024-07-30,9575,2024-07-26,1057,019538,NA,5,1,6,1912,0,1,1,NA,2,051,I-5 S/B (GOLDEN STATE FREEWAY),SAN FERNANDO BLVD,775,N,N,A,-,Y,LA,NA,5,NA,NA,31.468,H,NA,L,N,3,0,1,4,A,-,03,22350,NA,N,C,C,A,A,H,-,A,D,0,NA,NA,NA,NA,Y,NA,D,22,0,1,0,0,0,0,0,0,0,-,-,34.201419830322266,-118.33985900878906,LOS ANGELES,BURBANK,-118.3397979736328,34.201446533203125
92878373,2024,2024-07-30,9530,2024-06-23,305,023235,NA,7,3,7,1941,0,1,1,NA,2,410,I-405 N/B (SAN DIEGO FREEWAY),CHERRY AVENUE,200,N,N,B,-,Y,LA,NA,405,NA,NA,4.979,H,NA,R,Y,3,0,1,1,A,-,01,23152,A,N,E,I,A,A,H,-,C,D,0,NA,NA,NA,NA,Y,Y,A,07,0,1,0,0,0,0,0,0,0,-,-,33.81401824951172,-118.16928863525392,LOS ANGELES,LONG BEACH,-118.16926574707033,33.8140869140625
92878407,2024,2024-07-30,9530,2024-07-14,1730,023038,NA,7,2,6,1972,0,1,1,NA,2,400,I-405 S/B (SAN DIEGO FREEWAY),WESTERN AVE.,1247,N,N,A,-,Y,LA,NA,405,NA,NA,14.663,H,NA,L,Y,3,0,1,3,A,-,03,22350,NA,N,B,C,A,A,H,-,A,D,0,NA,NA,NA,NA,Y,NA,A,01,0,1,0,0,0,0,0,0,0,-,-,33.86056900024414,-118.31333923339844,LOS ANGELES,TORRANCE,-118.3133544921875,33.860538482666016
92878494,2024,2024-07-30,9565,2024-07-21,1844,023823,NA,7,2,7,1942,0,1,1,NA,2,061,I-405 S/B (SAN DIEGO FWY),VENICE BOULEVARD,300,S,N,A,-,Y,LA,NA,405,NA,NA,27.898,H,NA,L,N,4,0,4,2,A,-,03,22350,NA,N,C,C,A,A,H,-,A,D,0,NA,NA,NA,NA,Y,NA,A,01,0,0,4,0,0,0,0,0,0,-,-,34.01136016845703,-118.41793823242188,LOS ANGELES,LOS ANGELES,-118.41791534423828,34.01137161254883
92878495,2024,2024-08-16,9530,2024-07-14,1450,023562,NA,7,2,9,1900,0,1,1,NA,2,120,I-110 N/B (HARBOR FREEWAY),CARSON ST,700,S,N,A,-,Y,LA,NA,110,NA,NA,6.881,H,NA,R,Y,4,0,2,3,A,-,07,21658,A,N,B,C,A,A,H,-,A,D,0,NA,NA,NA,NA,Y,NA,A,07,0,0,2,0,0,0,0,0,0,-,-,33.82963943481445,-118.2871322631836,LOS ANGELES,UNINCORPORATED,-118.28723907470705,33.82963943481445
92878511,2024,2024-07-30,9550,2024-07-13,1440,022952,NA,6,2,9,1900,0,1,3,NA,1,014,WHITTIER BLVD,LOCKHEED AVE,0,NA,Y,A,-,N,NA,NA,NA,NA,NA,NA,NA,NA,NA,N,4,0,1,2,A,-,03,22350,NA,N,C,C,A,A,H,-,A,A,0,NA,NA,Y,NA,Y,NA,C,02,0,0,1,0,0,0,0,0,1,-,-,33.992408752441406,-118.06777954101564,LOS ANGELES,UNINCORPORATED,-118.06761932373048,33.99237060546875
9287926,2021,2021-08-09,1942,2021-05-15,0208,44419,2034,6,5,7,1942,0,0,0,NA,0,20A39W,IROLO ST,8TH ST,40,N,N,A,-,N,NA,NA,NA,NA,NA,NA,NA,NA,NA,N,3,0,1,2,A,-,11,21456,NA,N,G,B,B,A,H,-,C,A,0,Y,NA,NA,NA,Y,Y,N,60,0,1,0,0,1,0,0,0,0,-,-,NA,NA,LOS ANGELES,LOS ANGELES,-118.3009033203125,34.057838439941406
9287927,2021,2021-08-09,1942,2021-05-27,1730,43166,645,4,5,7,1942,0,0,0,NA,0,6FB16,SUNSET BL,LA BREA AV,50,E,N,A,-,N,NA,NA,NA,NA,NA,NA,NA,NA,NA,N,4,0,2,2,A,-,09,21804,A,F,B,C,A,A,H,-,A,A,0,NA,NA,NA,NA,Y,NA,A,01,0,0,2,0,0,0,0,0,0,-,-,NA,NA,LOS ANGELES,LOS ANGELES,-118.34397888183594,34.09797668457031
9287930,2021,2021-08-09,1934,2021-05-20,1415,777,IRWPD,4,5,1,1934,0,0,0,NA,0,001,LONGDEN AV,LIVE OAK AV,105,N,N,A,-,N,NA,NA,NA,NA,NA,NA,NA,NA,NA,Y,4,0,3,4,A,-,03,22350,NA,N,C,C,A,A,H,-,A,D,0,NA,NA,NA,NA,Y,NA,A,01,0,0,3,0,0,0,0,0,0,-,-,34.112491607666016,-117.99949645996094,LOS ANGELES,IRWINDALE,-117.99885559082033,34.11223220825195
9287931,2021,2021-08-12,1934,2021-05-21,2121,752,IRWPD,5,5,1,1934,0,0,0,NA,0,001,ARROW HWY,IRWINDALE AV,0,NA,Y,B,-,N,NA,NA,NA,NA,NA,NA,NA,NA,NA,Y,3,0,1,2,A,-,12,21453,A,N,D,C,A,A,H,-,C,A,0,NA,NA,NA,NA,Y,NA,-,-,0,1,0,0,0,0,0,0,0,-,-,34.106990814208984,-117.93425750732422,LOS ANGELES,IRWINDALE,-117.93429565429688,34.106929779052734
9287936,2021,2021-08-11,1941,2021-05-31,2235,11362,NA,1,5,7,1941,0,0,0,NA,0,NA,ATLANTIC AV,52ND ST,0,NA,Y,A,-,N,NA,NA,NA,NA,NA,NA,NA,NA,NA,N,3,0,1,2,A,-,10,21950,A,F,E,B,B,A,H,-,C,A,0,Y,NA,NA,NA,Y,NA,A,NA,0,1,0,0,1,0,0,0,0,-,-,NA,NA,LOS ANGELES,LONG BEACH,-118.18497467041016,33.850494384765625
9287937,2021,2021-08-11,1941,2021-05-20,0541,10028,NA,4,5,7,1941,0,0,0,NA,0,NA,CHERRY AV,14TH ST,69,N,N,A,-,N,NA,NA,NA,NA,NA,NA,NA,NA,NA,Y,3,0,1,3,A,-,05,21651,C,F,A,E,A,A,H,-,C,D,0,NA,NA,NA,NA,Y,NA,-,NA,0,1,0,0,0,0,0,0,0,-,-,NA,NA,LOS ANGELES,LONG BEACH,-118.16767120361328,33.78459930419922
9287938,2021,2021-08-09,1941,2021-05-29,0116,11228,NA,6,5,7,1941,0,0,0,NA,0,NA,ARTESIA BL,INDIANA AV,144,E,N,A,-,N,NA,NA,NA,NA,NA,NA,NA,NA,NA,Y,4,0,1,4,A,-,00,20001,NA,F,D,E,A,A,H,-,C,D,0,NA,NA,NA,NA,Y,NA,D,NA,0,0,1,0,0,0,0,0,0,-,-,NA,NA,LOS ANGELES,LONG BEACH,-118.15320587158205,33.87464904785156
9287950,2021,2021-08-10,1942,2021-06-28,1300,40700,0558,1,5,7,1942,0,0,0,E,0,25MQ15,PACIFIC AV,CHANNEL ST,289,S,N,A,-,N,NA,NA,NA,NA,NA,NA,NA,NA,NA,Y,2,0,1,1,A,-,03,22350,NA,N,E,I,A,A,H,-,A,D,0,NA,NA,Y,NA,Y,NA,C,02,1,0,0,0,0,0,0,0,1,-,-,NA,NA,LOS ANGELES,LOS ANGELES,-118.29031372070313,33.75304412841797
9287951,2021,2021-08-10,1942,2021-06-28,0100,41207,1208,1,5,7,1942,0,0,0,L,0,12A15W,HOOVER ST,51ST ST,15,S,N,A,-,N,NA,NA,NA,NA,NA,NA,NA,NA,NA,NA,2,0,1,2,A,-,03,22350,NA,F,A,B,E,A,H,-,C,A,0,Y,NA,NA,NA,Y,NA,-,99,1,0,0,0,1,0,0,0,0,-,-,NA,NA,LOS ANGELES,LOS ANGELES,-118.28716278076172,33.99638748168945
9287952,2021,2021-08-10,1942,2021-06-27,1530,42364,1823,7,5,7,1942,0,0,0,R,0,18A3,E 102ND ST,TOWNE AV,0,NA,Y,A,-,N,NA,NA,NA,NA,NA,NA,NA,NA,NA,Y,2,0,3,2,A,-,05,21650,NA,N,A,C,A,A,H,-,A,A,0,NA,NA,NA,NA,Y,NA,A,01,1,1,1,0,0,0,0,0,0,-,-,NA,NA,LOS ANGELES,LOS ANGELES,-118.26737213134766,33.94375228881836
9287953,2021,2021-08-10,1942,2021-06-26,0618,39397,NA,6,5,7,1942,0,0,0,NA,0,NA,W CAPITOL DR,WESTERN AV,488,E,N,A,-,N,NA,NA,NA,NA,NA,NA,NA,NA,NA,N,2,0,1,2,A,-,11,21954,A,N,G,B,D,A,H,-,A,D,0,Y,NA,NA,NA,Y,NA,N,60,1,0,0,0,1,0,0,0,0,-,-,NA,NA,LOS ANGELES,LOS ANGELES,-118.30742645263672,33.754085540771484
9287954,2021,2021-08-10,1942,2021-06-26,2110,41911,0303,6,5,7,1942,0,0,0,C,0,3A1,S LA BREA AV,W ADAMS BL,37,N,N,A,-,N,NA,NA,NA,NA,NA,NA,NA,NA,NA,N,2,0,1,2,A,-,11,21956,A,N,G,B,D,A,H,-,C,A,0,Y,NA,NA,NA,Y,Y,N,60,1,0,0,0,1,0,0,0,0,-,-,NA,NA,LOS ANGELES,LOS ANGELES,-118.3508758544922,34.03260040283203
9287955,2021,2021-08-10,1942,2021-06-25,2045,42151,1259,5,5,7,1942,0,0,0,L,0,12G43,CENTRAL AV,75TH ST,0,NA,Y,A,-,N,NA,NA,NA,NA,NA,NA,NA,NA,NA,N,2,0,1,2,A,-,03,22350,NA,F,G,B,B,A,H,-,E,D,0,Y,NA,NA,NA,Y,Y,-,99,1,0,0,0,1,0,0,0,0,-,-,NA,NA,LOS ANGELES,LOS ANGELES,-118.25643157958984,33.972103118896484
9287956,2021,2021-08-10,1942,2021-06-23,1900,43396,1821,3,5,7,1942,0,0,0,R,0,19L90,CENTURY BL,VERMONT AV,5,E,N,A,-,N,NA,NA,NA,NA,NA,NA,NA,NA,NA,N,2,0,1,2,A,-,12,21453,A,F,B,G,A,A,H,-,A,A,0,NA,Y,NA,NA,Y,NA,-,99,1,0,0,0,0,0,1,0,0,-,-,NA,NA,LOS ANGELES,LOS ANGELES,-118.29190063476564,33.945491790771484
9287957,2021,2021-08-10,1941,2021-06-28,0948,5668,NA,1,5,7,1941,0,0,0,NA,0,NA,BARBARA LONDON DR,DONALD DOUGLAS SOUTH,55,N,N,A,-,N,NA,NA,NA,NA,NA,NA,NA,NA,NA,N,4,0,1,2,A,-,21,22106,NA,N,H,C,A,A,H,-,A,D,0,NA,NA,NA,NA,Y,NA,A,NA,0,0,1,0,0,0,0,0,0,-,-,NA,NA,LOS ANGELES,LONG BEACH,-118.1428451538086,33.81743240356445
9287958,2021,2021-08-10,1941,2021-06-22,0842,5955,NA,2,5,7,1941,0,0,0,NA,0,NA,CONANT ST,BAYER,0,NA,Y,-,-,N,NA,NA,NA,NA,NA,NA,NA,NA,NA,N,2,0,1,2,-,-,-,NA,NA,N,A,B,B,A,H,-,-,A,0,Y,NA,NA,NA,Y,NA,-,-,1,0,0,0,1,0,0,0,0,-,-,NA,NA,LOS ANGELES,LONG BEACH,-118.14456176757813,33.824989318847656
9287959,2021,2021-08-10,1941,2021-06-22,0833,11547,NA,2,5,7,1941,0,0,0,NA,0,NA,7TH ST,PROSPECT AV,20,E,N,A,-,N,NA,NA,NA,NA,NA,NA,NA,NA,NA,Y,3,0,2,2,A,-,04,21703,NA,N,C,C,A,A,H,-,A,A,0,NA,NA,NA,NA,Y,NA,-,-,0,1,1,0,0,0,0,0,0,-,-,NA,NA,LOS ANGELES,LONG BEACH,-118.1404266357422,33.77532958984375
9287966,2021,2021-08-09,1941,2021-06-10,1121,5661,NA,4,5,7,1941,0,0,0,NA,0,NA,CHERRY AV,ANAHEIM AV,252,S,N,A,-,N,NA,NA,NA,NA,NA,NA,NA,NA,NA,N,4,0,1,2,A,-,03,22350,NA,F,B,B,E,A,H,-,A,D,0,Y,NA,NA,NA,Y,NA,A,NA,0,0,1,0,1,0,0,0,0,-,-,NA,NA,LOS ANGELES,LONG BEACH,-118.16767120361328,33.781917572021484
9287967,2021,2021-08-16,1941,2021-06-10,1129,5771,NA,4,5,7,1941,0,0,0,NA,0,NA,LONG BEACH BL,67TH ST,0,NA,Y,A,-,N,NA,NA,NA,NA,NA,NA,NA,NA,NA,N,2,0,2,3,A,-,12,21453,A,F,H,B,B,A,H,-,A,A,0,Y,NA,NA,NA,Y,NA,A,NA,1,0,1,0,2,0,0,0,0,-,-,NA,NA,LOS ANGELES,LONG BEACH,-118.20326232910156,33.87599182128906
9287968,2021,2021-08-12,1941,2021-06-02,2213,11234,NA,3,5,7,1941,0,0,0,NA,0,NA,NEBRASKA AV,4TH ST,0,NA,N,A,-,N,NA,NA,NA,NA,NA,NA,NA,NA,NA,N,3,0,1,2,A,-,11,21954,A,N,G,B,D,A,H,-,C,D,0,Y,NA,NA,NA,Y,NA,E,NA,0,1,0,0,1,0,0,0,0,-,-,NA,NA,LOS ANGELES,LONG BEACH,-118.17366027832033,33.77170944213867
9287969,2021,2021-08-30,1941,2021-06-23,2500,10951,NA,3,5,7,1941,0,0,0,NA,0,NA,PACIFIC COAST HWY,MARINA PACIFICA DR,0,NA,Y,A,-,Y,LA,7,1,-,-,0.84,I,5,S,N,4,0,1,2,A,-,03,22350,NA,F,C,C,A,A,H,-,A,D,0,NA,NA,Y,NA,Y,NA,A,NA,0,0,1,0,0,0,0,0,1,-,-,NA,NA,LOS ANGELES,LONG BEACH,-118.11395263671876,33.76087951660156
9287970,2021,2021-08-17,1941,2021-06-27,0359,11556,NA,7,5,7,1941,0,0,0,NA,0,NA,PACIFIC COAST HWY,MAGNOLIA AV,0,NA,Y,A,-,Y,LA,7,1,-,-,6.78,H,-,S,N,4,0,1,2,A,-,04,21703,NA,M,C,C,A,A,H,-,C,A,0,NA,NA,NA,NA,Y,NA,A,NA,0,0,1,0,0,0,0,0,0,-,-,NA,NA,LOS ANGELES,LONG BEACH,-118.19824981689452,33.78981018066406
9287971,2021,2021-08-09,1941,2021-06-17,2011,6179,NA,4,5,7,1941,0,0,0,NA,0,NA,ANAHEIM ST,LOCUST AV,31,E,N,A,-,N,NA,NA,NA,NA,NA,NA,NA,NA,NA,N,4,0,1,2,A,-,03,22350,NA,F,C,C,A,A,H,-,C,A,0,NA,NA,NA,NA,Y,NA,D,NA,0,0,1,0,0,0,0,0,0,-,-,NA,NA,LOS ANGELES,LONG BEACH,-118.19142150878906,33.78260040283203
9287972,2021,2021-08-09,1941,2021-06-10,1843,6179,NA,4,5,7,1941,0,0,0,NA,0,NA,LAKEWOOD BL,TRAFFIC CIR,15,N,N,A,-,N,NA,NA,NA,NA,NA,NA,NA,NA,NA,N,4,0,2,2,A,-,03,22350,NA,F,C,C,A,A,H,-,A,A,0,NA,NA,NA,NA,Y,NA,A,NA,0,0,2,0,0,0,0,0,0,-,-,NA,NA,LOS ANGELES,LONG BEACH,NA,NA
9287973,2021,2021-08-09,1941,2021-06-20,0049,11406,NA,7,5,7,1941,0,0,0,NA,0,NA,XIMENO AV,7TH ST,0,NA,Y,A,-,N,NA,NA,NA,NA,NA,NA,NA,NA,NA,N,2,0,1,2,A,-,00,20001,NA,F,A,B,D,A,H,-,C,A,0,Y,NA,NA,NA,Y,NA,-,NA,1,0,0,0,1,0,0,0,0,-,-,NA,NA,LOS ANGELES,LONG BEACH,-118.1415786743164,33.775325775146484
9287974,2021,2021-08-12,1941,2021-06-17,1430,10022,NA,4,5,7,1941,0,0,0,NA,0,NA,SANTA FE AV,31ST ST,0,NA,Y,A,-,N,NA,NA,NA,NA,NA,NA,NA,NA,NA,N,2,0,1,2,A,-,10,21950,A,N,A,B,B,A,H,-,A,A,0,Y,NA,NA,NA,Y,NA,A,NA,1,0,0,0,1,0,0,0,0,-,-,NA,NA,LOS ANGELES,LONG BEACH,-118.21539306640624,33.81399917602539
9287975,2021,2021-08-09,1941,2021-06-20,0408,11338,NA,7,5,7,1941,0,0,0,NA,0,NA,7TH ST,MARTIN LUTHER KING JR AV,0,NA,Y,A,-,N,NA,NA,NA,NA,NA,NA,NA,NA,NA,N,4,0,1,2,A,-,12,21453,NA,F,D,G,A,A,H,-,C,A,0,NA,Y,NA,NA,Y,NA,L,NA,0,0,1,0,0,0,1,0,0,-,-,NA,NA,LOS ANGELES,LONG BEACH,-118.18067932128906,33.77534484863281
9287981,2021,2021-08-17,1951,2021-07-30,1624,750,707,5,5,3,1951,0,0,0,NA,0,002,VIA CAMPESINA,VIA RAMON,470,E,N,A,-,N,NA,NA,NA,NA,NA,NA,NA,NA,NA,N,3,0,1,1,A,-,03,22350,NA,N,H,A,A,A,H,-,A,D,0,NA,Y,NA,NA,Y,NA,L,04,0,1,0,0,0,0,1,0,0,-,-,NA,NA,LOS ANGELES,PALOS VERDES EST,-118.3833465576172,33.79880905151367
9287982,2021,2021-08-17,1942,2021-07-03,1700,42157,0852,6,5,7,1942,0,0,0,H,0,27TL44,SANTA MONICA BL,FEDERAL AV,0,NA,Y,A,-,N,NA,NA,NA,NA,NA,NA,NA,NA,NA,Y,4,0,1,2,A,-,09,21801,A,F,A,C,A,A,H,-,A,A,0,NA,NA,NA,NA,Y,NA,A,01,0,0,1,0,0,0,0,0,0,-,-,NA,NA,LOS ANGELES,LOS ANGELES,-118.45400238037108,34.04465103149414
9287983,2021,2021-08-17,1942,2021-07-02,1740,41671,0645,5,5,7,1942,0,0,0,F,0,27TL48,SUNSET BL,MCCADDEN PL,0,NA,Y,A,-,N,NA,NA,NA,NA,NA,NA,NA,NA,NA,Y,4,0,2,2,A,-,17,21461,A,F,D,C,A,A,H,-,A,A,0,NA,NA,NA,NA,Y,NA,A,01,0,0,2,0,0,0,0,0,0,-,-,NA,NA,LOS ANGELES,LOS ANGELES,-118.33805847167967,34.097965240478516
9287984,2021,2021-08-17,1942,2021-07-01,1600,38013,1483,4,5,7,1942,0,0,0,N,0,27M151,MANCHESTER AV,RAYFORD DR,30,W,N,A,-,N,NA,NA,NA,NA,NA,NA,NA,NA,NA,Y,3,0,3,2,A,-,03,22350,NA,N,C,C,A,A,H,-,A,D,0,NA,NA,NA,NA,Y,NA,A,01,0,1,2,0,0,0,0,0,0,-,-,NA,NA,LOS ANGELES,LOS ANGELES,-118.42250823974608,33.959720611572266
9287999,2021,2021-08-17,1900,2021-07-04,1637,618405,2116,7,5,5,1943,0,0,0,NA,0,212T3,SANTA FE AV,CARLIN AV,0,NA,Y,A,-,N,NA,NA,NA,NA,NA,NA,NA,NA,NA,Y,4,0,1,2,A,-,09,21802,A,N,D,C,A,A,H,-,A,A,0,NA,NA,NA,NA,Y,NA,A,01,0,0,1,0,0,0,0,0,0,-,-,NA,NA,LOS ANGELES,LYNWOOD,-118.2172622680664,33.91499710083008
9288000,2021,2021-08-17,1941,2021-07-18,1630,11226,NA,7,5,7,1941,0,0,0,NA,0,NA,PACIFIC COAST HWY,LEMON DR,40,E,N,A,-,N,NA,NA,NA,NA,NA,NA,NA,NA,NA,N,4,0,1,2,A,-,08,22107,NA,F,B,C,A,-,H,-,C,D,0,NA,NA,NA,NA,Y,NA,A,NA,0,0,1,0,0,0,0,0,0,-,-,NA,NA,LOS ANGELES,LONG BEACH,-118.17839050292967,33.78987121582031
9288029,2021,2021-08-05,1942,2021-06-22,1845,41316,2114,2,5,7,1942,0,0,0,NA,0,21A1,ROSCOE BL,SHOUP AV,0,NA,Y,A,-,N,NA,NA,NA,NA,NA,NA,NA,NA,NA,Y,2,0,2,2,A,-,09,21801,B,N,D,C,A,A,H,-,A,A,0,NA,NA,Y,NA,Y,NA,C,02,1,0,1,0,0,0,0,0,1,-,-,NA,NA,LOS ANGELES,LOS ANGELES,-118.61470794677734,34.219512939453125
9288030,2021,2021-08-09,1942,2021-06-21,1650,41158,1548,1,5,7,1942,0,0,0,O,0,15A39,TUJUNGA AV,CHANDLER BL,70,S,N,A,-,N,NA,NA,NA,NA,NA,NA,NA,NA,NA,Y,3,0,1,2,A,-,09,21804,A,N,D,C,A,A,H,-,A,D,0,NA,NA,NA,NA,Y,NA,J,43,0,1,0,0,0,0,0,0,0,-,-,NA,NA,LOS ANGELES,LOS ANGELES,-118.37898254394533,34.16865921020508
9288031,2021,2021-08-05,1942,2021-06-21,2010,25907,0905,1,5,7,1942,0,0,0,I,0,9A5,VAN NUYS BL,VALERIO ST,0,NA,Y,A,-,N,NA,NA,NA,NA,NA,NA,NA,NA,NA,Y,2,0,8,5,A,-,12,21453,A,N,D,C,B,A,H,-,B,A,0,Y,NA,NA,NA,Y,NA,A,01,4,1,3,0,1,0,0,0,0,-,-,NA,NA,LOS ANGELES,LOS ANGELES,-118.44874572753906,34.204833984375
9288032,2021,2021-08-09,1942,2021-06-20,0330,44167,1004,7,5,7,1942,0,0,0,J,0,10A3,LINDLEY AV,SATICOY ST,0,NA,Y,A,-,N,NA,NA,NA,NA,NA,NA,NA,NA,NA,Y,4,0,2,2,A,-,01,23153,NA,N,-,C,A,A,H,-,C,A,0,NA,NA,NA,NA,Y,Y,A,01,0,0,2,0,0,0,0,0,0,-,-,NA,NA,LOS ANGELES,LOS ANGELES,-118.52734375,34.208396911621094
9288033,2021,2021-08-09,1942,2021-06-20,0210,43082,1994,7,5,7,1942,0,0,0,NA,0,19A93,VAN NUYS BL,LANARK ST,10,S,N,A,-,N,NA,NA,NA,NA,NA,NA,NA,NA,NA,Y,2,0,1,2,A,-,01,23152,A,N,B,C,A,A,H,-,C,D,0,NA,NA,NA,NA,Y,Y,A,01,1,0,0,0,0,0,0,0,0,-,-,NA,NA,LOS ANGELES,LOS ANGELES,-118.44876098632813,34.217933654785156