CASE_ID,ACCIDENT_YEAR,PROC_DATE,JURIS,COLLISION_DATE,COLLISION_TIME,OFFICER_ID,REPORTING_DISTRICT,DAY_OF_WEEK,CHP_SHIFT,POPULATION,CNTY_CITY_LOC,SPECIAL_COND,BEAT_TYPE,CHP_BEAT_TYPE,CITY_DIVISION_LAPD,CHP_BEAT_CLASS,BEAT_NUMBER,PRIMARY_RD,SECONDARY_RD,DISTANCE,DIRECTION,INTERSECTION,WEATHER_1,WEATHER_2,STATE_HWY_IND,CALTRANS_COUNTY,CALTRANS_DISTRICT,STATE_ROUTE,ROUTE_SUFFIX,POSTMILE_PREFIX,POSTMILE,LOCATION_TYPE,RAMP_INTERSECTION,SIDE_OF_HWY,TOW_AWAY,COLLISION_SEVERITY,NUMBER_KILLED,NUMBER_INJURED,PARTY_COUNT,PRIMARY_COLL_FACTOR,PCF_CODE_OF_VIOL,PCF_VIOL_CATEGORY,PCF_VIOLATION,PCF_VIOL_SUBSECTION,HIT_AND_RUN,TYPE_OF_COLLISION,MVIW,PED_ACTION,ROAD_SURFACE,ROAD_COND_1,ROAD_COND_2,LIGHTING,CONTROL_DEVICE,CHP_ROAD_TYPE,PEDESTRIAN_ACCIDENT,BICYCLE_ACCIDENT,MOTORCYCLE_ACCIDENT,TRUCK_ACCIDENT,NOT_PRIVATE_PROPERTY,ALCOHOL_INVOLVED,STWD_VEHTYPE_AT_FAULT,CHP_VEHTYPE_AT_FAULT,COUNT_SEVERE_INJ,COUNT_VISIBLE_INJ,COUNT_COMPLAINT_PAIN,COUNT_PED_KILLED,COUNT_PED_INJURED,COUNT_BICYCLIST_KILLED,COUNT_BICYCLIST_INJURED,COUNT_MC_KILLED,COUNT_MC_INJURED,PRIMARY_RAMP,SECONDARY_RAMP,LATITUDE,LONGITUDE,COUNTY,CITY,POINT_X,POINT_Y
9297286,2021,2021-09-10,1900,2021-07-31,1541,626681,2221,6,5,3,1994,0,0,0,NA,0,222T2,DRIVER AV,COLODNY DR,0,NA,Y,A,-,N,NA,NA,NA,NA,NA,NA,NA,NA,NA,Y,4,0,1,2,A,-,03,22350,NA,N,B,C,A,A,H,-,A,D,0,NA,NA,NA,Y,Y,NA,F,27,0,0,1,0,0,0,0,0,0,-,-,34.14625930786133,-118.74038696289064,LOS ANGELES,AGOURA HILLS,-118.74046325683594,34.14695358276367
9297290,2021,2021-09-14,1900,2021-07-31,2040,612140,2241,6,5,3,1989,0,0,0,NA,0,224T1,LAS VIRGENES RD,AGOURA RD,0,NA,Y,A,-,N,NA,NA,NA,NA,NA,NA,NA,NA,NA,Y,3,0,3,3,A,-,09,21801,A,N,D,C,A,A,H,-,C,A,0,NA,NA,NA,Y,Y,Y,A,01,0,2,1,0,0,0,0,0,0,-,-,34.143821716308594,-118.69830322265624,LOS ANGELES,CALABASAS,-118.69828033447266,34.143821716308594
9297293,2021,2021-09-07,1900,2021-07-01,1255,502680,1334,4,5,5,1908,0,0,0,NA,0,133T2,ALONDRA BL,BLAIN AV,40,E,N,A,-,N,NA,NA,NA,NA,NA,NA,NA,NA,NA,N,4,0,1,2,A,-,03,22350,NA,N,D,G,A,A,H,-,A,A,0,NA,Y,NA,NA,Y,NA,L,04,0,0,1,0,0,0,1,0,0,-,-,NA,NA,LOS ANGELES,BELLFLOWER,-118.12627410888672,33.889347076416016
9297309,2021,2021-09-07,1900,2021-07-16,1630,648679,1324,5,5,5,1935,0,0,0,NA,0,132T2,WOODRUFF AV,HARVEY WY,0,NA,Y,A,-,N,NA,NA,NA,NA,NA,NA,NA,NA,NA,N,4,0,1,2,A,-,09,21801,A,N,D,C,A,-,H,-,A,A,0,NA,NA,NA,NA,Y,NA,D,22,0,0,1,0,0,0,0,0,0,-,-,NA,NA,LOS ANGELES,LAKEWOOD,-118.11672973632813,33.836021423339844
9297315,2021,2021-09-08,1900,2021-07-23,0000,643735,1332,5,5,5,1908,0,0,0,NA,0,133,ROSECRANS AV,BELLFLOWER BL,0,NA,Y,A,-,N,NA,NA,NA,NA,NA,NA,NA,NA,NA,N,4,0,1,2,A,-,12,21453,A,N,D,C,A,A,H,-,C,A,0,NA,NA,NA,NA,Y,NA,A,01,0,0,1,0,0,0,0,0,0,-,-,NA,NA,LOS ANGELES,BELLFLOWER,-118.12532806396484,33.901973724365234
9297317,2021,2021-08-24,1900,2021-07-19,0635,279485,2318,1,5,5,1919,0,0,0,NA,0,230T,NORWALK BL,166TH ST,0,NA,Y,A,-,N,NA,NA,NA,NA,NA,NA,NA,NA,NA,Y,4,0,1,2,A,-,09,21801,A,N,D,C,A,A,H,-,A,A,0,NA,NA,NA,NA,Y,NA,A,01,0,0,1,0,0,0,0,0,0,-,-,NA,NA,LOS ANGELES,CERRITOS,-118.07271575927734,33.8803825378418
9297318,2021,2021-08-27,1900,2021-06-15,1500,623044,1366,2,5,5,1952,0,0,0,NA,0,136,ALONDRA BL,ATLANTIC PL,100,W,N,A,-,N,NA,NA,NA,NA,NA,NA,NA,NA,NA,Y,3,0,2,3,A,-,12,21453,A,N,D,C,A,A,H,-,A,A,0,NA,NA,NA,NA,Y,NA,A,01,0,1,1,0,0,0,0,0,0,-,-,33.889041900634766,-118.18640899658205,LOS ANGELES,PARAMOUNT,-118.1852798461914,33.889183044433594
9297321,2021,2021-09-07,1900,2021-07-24,0750,279485,2316,6,5,5,1919,0,0,0,NA,0,230T,183RD ST,CARMENITA RD,0,NA,Y,-,-,N,NA,NA,NA,NA,NA,NA,NA,NA,NA,Y,4,0,1,2,A,-,12,21453,A,N,D,C,A,A,H,-,A,A,0,NA,NA,NA,NA,Y,NA,D,22,0,0,1,0,0,0,0,0,0,-,-,NA,NA,LOS ANGELES,CERRITOS,-118.0464096069336,33.86592102050781
9297329,2021,2021-09-07,1900,2021-07-31,1300,546264,2316,6,5,5,1919,0,0,0,NA,0,230T,BLOOMFIELD AV,183RD ST,0,NA,N,A,-,N,NA,NA,NA,NA,NA,NA,NA,NA,NA,N,3,0,3,2,A,-,03,22350,NA,N,C,C,A,A,H,-,A,A,0,NA,NA,NA,NA,Y,NA,A,01,0,3,0,0,0,0,0,0,0,-,-,NA,NA,LOS ANGELES,CERRITOS,-118.06379699707033,33.86581039428711
9297333,2021,2021-08-30,1907,2021-06-07,1248,246,3,1,5,4,1907,0,0,0,NA,0,NA,EASTERN AV,MANSFIELD WY,8,N,N,A,-,N,NA,NA,NA,NA,NA,NA,NA,NA,NA,N,4,0,2,2,A,-,03,22350,NA,N,C,C,A,A,H,-,A,D,0,NA,NA,NA,NA,Y,NA,A,08,0,0,2,0,0,0,0,0,0,-,-,33.987369537353516,-118.16190338134766,LOS ANGELES,BELL,-118.1618881225586,33.98739242553711
9297334,2021,2021-08-27,1900,2021-06-26,2233,615096,1327,6,5,5,1935,0,0,0,NA,0,132T1,PIONEER BL,CENTRALIA ST,0,NA,Y,A,-,N,NA,NA,NA,NA,NA,NA,NA,NA,NA,Y,3,0,1,2,A,-,09,21801,A,N,D,C,A,A,H,-,C,A,0,NA,NA,NA,NA,Y,NA,A,01,0,1,0,0,0,0,0,0,0,-,-,NA,NA,LOS ANGELES,LAKEWOOD,-118.08197021484376,33.838714599609375
9297339,2021,2021-09-18,1941,2021-08-04,1520,10769,NA,3,5,7,1941,0,0,0,NA,0,NA,OCEAN BL,GOLDEN SHORE,0,NA,Y,A,-,N,NA,NA,NA,NA,NA,NA,NA,NA,NA,Y,3,0,1,2,A,-,00,20001,NA,N,B,C,A,A,H,-,A,A,0,NA,NA,NA,Y,Y,NA,F,NA,0,1,0,0,0,0,0,0,0,-,-,NA,NA,LOS ANGELES,LONG BEACH,-118.20186614990234,33.76740646362305
9297341,2021,2021-08-25,1900,2021-08-05,1910,622013,1015,4,5,3,1995,0,0,0,NA,0,101T1,RT 1,MALIBU CANYON RD,500,W,N,A,-,Y,LA,7,1,-,-,48.26,H,-,S,Y,4,0,1,3,A,-,01,23152,A,N,C,C,A,A,H,-,A,A,0,NA,NA,NA,NA,Y,Y,A,01,0,0,1,0,0,0,0,0,0,-,-,34.034549713134766,-118.70496368408205,LOS ANGELES,MALIBU,-118.7052001953125,34.03452682495117
9297342,2021,2021-08-27,1900,2021-06-23,1030,608275,1327,3,5,5,1935,0,0,0,NA,0,132T2,CARSON ST,PIONEER BL,0,NA,Y,A,-,N,NA,NA,NA,NA,NA,NA,NA,NA,NA,Y,3,0,2,2,A,-,07,21658,A,N,C,C,A,A,H,-,A,A,0,NA,NA,NA,Y,Y,NA,A,01,0,1,1,0,0,0,0,0,0,-,-,33.83155059814453,-118.08206176757813,LOS ANGELES,LAKEWOOD,-118.0819091796875,33.83152389526367
9297348,2021,2021-08-23,1901,2021-05-26,1248,119,3,3,5,5,1901,0,0,0,NA,0,001,E ALHAMBRA RD,MONTEREY ST,105,W,N,A,-,N,NA,NA,NA,NA,NA,NA,NA,NA,NA,N,3,0,1,2,A,-,09,21804,A,N,D,C,A,A,H,-,A,D,0,NA,NA,NA,NA,Y,NA,A,01,0,1,0,0,0,0,0,0,0,-,-,34.10184860229492,-118.12824249267578,LOS ANGELES,ALHAMBRA,-118.12889862060548,34.101505279541016
9297352,2021,2021-08-23,1901,2021-05-27,1542,112,2,4,5,5,1901,0,0,0,NA,0,001,ATLANTIC BL,ALHAMBRA RD,147,S,N,A,-,N,NA,NA,NA,NA,NA,NA,NA,NA,NA,Y,3,0,1,2,A,-,03,22350,NA,N,C,C,A,A,H,-,A,A,0,NA,NA,NA,NA,Y,NA,D,22,0,1,0,0,0,0,0,0,0,-,-,34.09878921508789,-118.13469696044922,LOS ANGELES,ALHAMBRA,-118.13468933105467,34.098358154296875
9297354,2021,2021-08-27,1900,2021-06-15,1748,608275,1324,2,5,5,1935,0,0,0,NA,0,132T2,DEL AMO BL,LOMINA AV,83,E,N,A,-,N,NA,NA,NA,NA,NA,NA,NA,NA,NA,N,3,0,1,2,A,-,03,22350,NA,M,C,C,A,A,H,-,A,D,0,NA,NA,NA,NA,Y,NA,D,22,0,1,0,0,0,0,0,0,0,-,-,33.84695053100586,-118.11871337890624,LOS ANGELES,LAKEWOOD,-118.11882781982422,33.84685134887695
9297356,2021,2021-09-16,1955,2021-07-21,2359,41883,0052,3,5,6,1955,0,0,0,NA,0,005,MISSION BL,DUDLEY ST,0,NA,Y,A,-,N,NA,NA,NA,NA,NA,NA,NA,NA,NA,Y,3,0,1,2,A,-,12,21453,A,N,D,C,A,A,H,-,C,A,0,NA,NA,NA,NA,Y,NA,D,22,0,1,0,0,0,0,0,0,0,-,-,34.054439544677734,-117.7735595703125,LOS ANGELES,POMONA,-117.77359771728516,34.05453109741211
9297357,2021,2021-08-25,1900,2021-08-01,1525,552036,1012,7,5,3,1995,0,0,0,NA,0,101T2,RT 1,HEATHERCLIFF RD,448,S,N,A,-,Y,LA,7,1,-,-,54.26,H,-,S,N,4,0,1,2,A,-,03,22350,NA,N,C,C,A,A,H,-,A,D,0,NA,NA,NA,NA,Y,NA,A,07,0,0,1,0,0,0,0,0,0,-,-,34.022281646728516,-118.80709075927734,LOS ANGELES,MALIBU,-118.80726623535156,34.02228927612305
9297360,2021,2021-09-16,1955,2021-07-22,1748,42555,98,4,5,6,1955,0,0,0,NA,0,003,MISSION BL,ROSWELL AV,124,W,N,A,-,N,NA,NA,NA,NA,NA,NA,NA,NA,NA,Y,4,0,1,2,A,-,08,22107,NA,N,A,C,A,A,H,-,A,A,0,NA,NA,NA,NA,Y,NA,D,22,0,0,1,0,0,0,0,0,0,-,-,NA,NA,LOS ANGELES,POMONA,-117.72034454345705,34.055782318115234
9297422,2021,2021-08-18,1942,2021-07-10,0918,41704,1842,6,5,7,1942,0,0,0,R,0,25MQ15,MAIN ST,109TH ST,10,N,N,A,-,N,NA,NA,NA,NA,NA,NA,NA,NA,NA,N,4,0,2,2,A,-,05,21460,A,F,A,C,A,A,H,-,A,-,0,NA,NA,NA,NA,Y,NA,-,99,0,0,2,0,0,0,0,0,0,-,-,NA,NA,LOS ANGELES,LOS ANGELES,-118.2738800048828,33.93742752075195
9297474,2021,2021-07-30,1900,2021-06-09,1130,653578,2830,3,5,5,1915,0,0,0,NA,0,282T1,COMPTON BL,CENTRAL AV,0,NA,Y,A,-,N,NA,NA,NA,NA,NA,NA,NA,NA,NA,Y,3,0,3,2,A,-,09,21801,A,N,D,C,A,A,H,-,A,A,0,NA,NA,Y,NA,Y,NA,A,01,0,1,2,0,0,0,0,0,1,-,-,33.89582061767578,-118.25186920166016,LOS ANGELES,COMPTON,-118.25196075439452,33.89580154418945
9297483,2021,2021-08-27,1900,2021-07-05,1120,538098,2245,1,5,3,1989,0,0,0,NA,0,224T1,CALABASAS RD,RT 101,0,NA,Y,A,-,N,NA,NA,NA,NA,NA,NA,NA,NA,NA,Y,4,0,1,2,A,-,09,21801,A,N,D,C,A,A,H,-,A,A,0,NA,NA,NA,NA,Y,NA,A,01,0,0,1,0,0,0,0,0,0,-,SO,NA,NA,LOS ANGELES,CALABASAS,NA,NA
9297489,2021,2021-08-27,1967,2021-07-02,1809,163,NA,5,5,2,1967,0,0,0,NA,0,SOUTH,CHERRY AV,21ST,0,NA,Y,A,-,N,NA,NA,NA,NA,NA,NA,NA,NA,NA,Y,4,0,1,2,A,-,01,23152,A,N,C,C,A,A,H,-,A,A,0,NA,NA,NA,NA,Y,Y,A,01,0,0,1,0,0,0,0,0,0,-,-,33.795310974121094,-118.16771697998048,LOS ANGELES,SIGNAL HILL,-118.16779327392578,33.79532241821289
9297519,2021,2021-07-30,1900,2021-06-12,1942,643711,2112,6,5,5,1943,0,0,0,NA,0,212T3,IMPERIAL HWY,LONG BEACH BL,0,NA,-,A,-,N,NA,NA,NA,NA,NA,NA,NA,NA,NA,N,4,0,1,3,A,-,03,22350,NA,N,C,C,A,A,H,-,A,A,0,NA,NA,NA,NA,Y,NA,A,01,0,0,1,0,0,0,0,0,0,-,-,NA,NA,LOS ANGELES,LYNWOOD,-118.21165466308594,33.930503845214844
9297581,2021,2021-08-06,1900,2021-05-28,2047,645885,2832,5,5,5,1915,0,0,0,NA,0,283T3P,CENTRAL AV,COMPTON BL,0,NA,Y,A,-,N,NA,NA,NA,NA,NA,NA,NA,NA,NA,Y,4,0,2,2,D,-,00,NA,NA,N,D,C,A,A,H,-,C,A,0,NA,NA,NA,NA,Y,NA,-,-,0,0,2,0,0,0,0,0,0,-,-,33.89582824707031,-118.25184631347656,LOS ANGELES,COMPTON,-118.25196075439452,33.89580154418945
9297582,2021,2021-08-06,1900,2021-05-11,1300,645885,2844,2,5,5,1915,0,0,0,NA,0,283T3P,SANTA FE AV,GREENLEAF BL,133,N,N,A,-,N,NA,NA,NA,NA,NA,NA,NA,NA,NA,Y,4,0,1,2,D,-,00,NA,NA,F,H,C,A,A,H,-,A,A,0,NA,NA,NA,NA,Y,NA,-,-,0,0,1,0,0,0,0,0,0,-,-,33.88132858276367,-118.21550750732422,LOS ANGELES,COMPTON,-118.21554565429688,33.8816032409668
9297583,2021,2021-08-06,1900,2021-05-14,2218,645885,2812,5,5,5,1915,0,0,0,NA,0,283T3P,COMPTON AV,130TH ST,0,NA,Y,A,-,N,NA,NA,NA,NA,NA,NA,NA,NA,NA,Y,4,0,1,2,A,-,03,22350,NA,N,B,C,A,A,H,-,C,D,0,NA,NA,NA,NA,Y,NA,A,01,0,0,1,0,0,0,0,0,0,-,-,33.91408157348633,-118.24627685546876,LOS ANGELES,COMPTON,-118.24623870849608,33.9140510559082
9297584,2021,2021-08-06,1900,2021-05-05,1240,652805,2841,3,5,5,1915,0,0,0,NA,0,282T1,LONG BEACH BL,MYRHH ST,0,NA,Y,A,-,N,NA,NA,NA,NA,NA,NA,NA,NA,NA,N,4,0,1,2,A,-,09,21801,A,N,A,C,A,A,H,-,A,A,0,NA,NA,NA,NA,Y,NA,-,-,0,0,1,0,0,0,0,0,0,-,-,33.89241027832031,-118.20770263671876,LOS ANGELES,COMPTON,-118.20777893066406,33.892372131347656
9297626,2021,2021-08-05,1900,2021-06-27,1005,619576,2314,7,5,5,1919,0,0,0,NA,0,234,BLOOMFIELD AV,DEL AMO BL,0,NA,Y,A,-,N,NA,NA,NA,NA,NA,NA,NA,NA,NA,Y,4,0,3,2,A,-,09,21801,A,N,D,C,A,A,H,-,A,A,0,NA,NA,NA,NA,Y,NA,A,01,0,0,3,0,0,0,0,0,0,-,-,NA,NA,LOS ANGELES,CERRITOS,-118.06351470947266,33.84621810913086
9297627,2021,2021-08-13,1900,2021-06-13,0050,532980,2116,7,5,5,1943,0,0,0,NA,0,212T4,LONG BEACH BL,RT 105,65,N,N,A,-,Y,LA,7,105,-,R,11.762,R,4,W,Y,3,0,1,2,A,-,03,22350,NA,N,C,C,A,A,H,-,C,A,0,NA,NA,Y,NA,Y,NA,A,07,0,1,0,0,0,0,0,0,1,-,-,NA,NA,LOS ANGELES,LYNWOOD,-118.20660400390624,33.923622131347656
9297628,2021,2021-08-05,1900,2021-06-27,0142,624326,2112,7,5,5,1943,0,0,0,NA,0,213H,LONG BEACH BL,WISCONSIN AV,0,NA,Y,A,-,N,NA,NA,NA,NA,NA,NA,NA,NA,NA,N,4,0,1,2,A,-,11,21954,A,N,G,B,D,A,H,-,C,A,0,Y,NA,NA,NA,Y,Y,N,60,0,0,1,0,1,0,0,0,0,-,-,NA,NA,LOS ANGELES,LYNWOOD,-118.21581268310548,33.94401168823242
9297629,2021,2021-08-05,1900,2021-06-01,2200,532980,2112,2,5,5,1943,0,0,0,NA,0,212T,STATE ST,NORTON AV,15,S,N,A,-,N,NA,NA,NA,NA,NA,NA,NA,NA,NA,N,4,0,1,1,A,-,08,22107,NA,N,E,I,A,A,H,-,C,D,0,NA,NA,NA,NA,Y,NA,A,07,0,0,1,0,0,0,0,0,0,-,-,NA,NA,LOS ANGELES,LYNWOOD,-118.21607971191406,33.93347930908203
9297630,2021,2021-08-05,1900,2021-06-21,1215,519902,2115,1,5,5,1943,0,0,0,NA,0,212T4,CORTLAND ST,VIETA AV,0,NA,Y,A,-,N,NA,NA,NA,NA,NA,NA,NA,NA,NA,N,4,0,2,2,A,-,05,21752,D,N,D,C,A,A,H,-,A,D,0,NA,NA,NA,NA,Y,NA,A,07,0,0,2,0,0,0,0,0,0,-,-,NA,NA,LOS ANGELES,LYNWOOD,-118.18463134765624,33.917633056640625
9297633,2021,2021-08-05,1967,2021-06-14,1404,142,NA,1,5,2,1967,0,0,0,NA,0,NORTH,WILLOW ST,LEWIS AV,18,W,N,A,-,N,NA,NA,NA,NA,NA,NA,NA,NA,NA,Y,3,0,3,5,A,-,03,22350,NA,M,C,C,A,A,H,-,A,D,0,NA,NA,NA,NA,Y,NA,D,22,0,1,2,0,0,0,0,0,0,-,-,NA,NA,LOS ANGELES,SIGNAL HILL,-118.17970275878906,33.804290771484375
9297635,2021,2021-08-05,1942,2021-06-28,1540,40089,0514,1,5,7,1942,0,0,0,E,0,5A15,FIGUEROA ST,L ST,0,NA,Y,A,-,N,NA,NA,NA,NA,NA,NA,NA,NA,NA,N,4,0,3,2,A,-,03,22350,NA,F,C,C,A,A,H,-,A,A,0,NA,NA,NA,NA,Y,NA,-,99,0,0,3,0,0,0,0,0,0,-,-,NA,NA,LOS ANGELES,LOS ANGELES,-118.28076171875,33.78602600097656
9297683,2021,2021-09-11,1942,2021-07-18,2345,34458,1361,7,5,7,1942,0,0,0,M,0,24T33,MAIN ST,52ND ST,0,NA,Y,A,-,N,NA,NA,NA,NA,NA,NA,NA,NA,NA,Y,3,0,2,3,A,-,09,21801,A,N,D,C,A,A,H,-,C,D,0,NA,NA,NA,NA,Y,NA,A,01,0,1,1,0,0,0,0,0,0,-,-,NA,NA,LOS ANGELES,LOS ANGELES,-118.2739715576172,33.995574951171875
9297687,2021,2021-09-11,1942,2021-07-18,1950,34350,1367,7,5,7,1942,0,0,0,M,0,24T32,46TH ST,HONDURAS ST,300,W,N,A,-,N,NA,NA,NA,NA,NA,NA,NA,NA,NA,Y,3,0,1,2,A,-,01,23152,A,N,B,E,A,A,H,-,A,D,0,NA,NA,NA,NA,Y,Y,A,01,0,1,0,0,0,0,0,0,0,-,-,NA,NA,LOS ANGELES,LOS ANGELES,-118.2450942993164,34.0018196105957
9297691,2021,2021-09-11,1942,2021-07-17,2140,34458,1371,6,5,7,1942,0,0,0,M,0,24T32,BROADWAY,54TH ST,100,S,N,A,-,N,NA,NA,NA,NA,NA,NA,NA,NA,NA,N,4,0,1,3,A,-,04,21703,NA,N,C,C,A,A,H,-,C,D,0,NA,NA,NA,NA,Y,NA,-,99,0,0,1,0,0,0,0,0,0,-,-,NA,NA,LOS ANGELES,LOS ANGELES,-118.27831268310548,33.99303436279297
9297696,2021,2021-09-11,1955,2021-07-17,1412,40513,52,6,5,6,1955,0,0,0,NA,0,005,MISSION BL,MYRTLE AV,300,W,N,A,-,NA,NA,NA,NA,NA,NA,NA,NA,NA,NA,NA,3,0,2,3,A,-,09,21804,A,N,D,C,A,A,H,-,A,D,0,NA,NA,NA,Y,Y,NA,A,01,0,1,1,0,0,0,0,0,0,-,-,34.05474090576172,-117.78543853759766,LOS ANGELES,POMONA,-117.76631927490234,34.054710388183594
9297700,2021,2021-09-11,1955,2021-07-14,1838,41638,100,3,5,6,1955,0,0,0,NA,0,003,SAN ANTONIO AV,HOLT AV,0,NA,Y,A,-,NA,NA,NA,NA,NA,NA,NA,NA,NA,NA,NA,4,0,1,2,A,-,12,21453,A,F,D,C,A,A,H,-,A,A,0,NA,NA,NA,NA,Y,NA,D,22,0,0,1,0,0,0,0,0,0,-,-,34.062721252441406,-117.73664093017578,LOS ANGELES,POMONA,-117.73664093017578,34.062713623046875
9297704,2021,2021-08-31,1955,2021-06-27,1600,42578,21,7,5,6,1955,0,0,0,NA,0,002,SAN ANTONIO AV,LA VERNE AV,165,N,N,A,-,N,NA,NA,NA,NA,NA,NA,NA,NA,NA,NA,4,0,1,2,A,-,09,21801,A,N,B,C,A,A,H,-,A,A,0,NA,NA,NA,NA,Y,NA,D,22,0,0,1,0,0,0,0,0,0,-,-,34.08113098144531,-117.7367935180664,LOS ANGELES,POMONA,-117.73674011230467,34.08154296875
9297710,2021,2021-09-13,1976,2021-07-30,0907,410,NA,5,5,3,1964,0,0,0,NA,0,001,PIONEER BL,LOS NIETOS RD,570,N,N,A,-,N,NA,NA,NA,NA,NA,NA,NA,NA,NA,N,4,0,1,5,A,-,08,22107,NA,N,D,C,A,A,H,-,A,D,0,NA,NA,NA,Y,Y,NA,G,25,0,0,1,0,0,0,0,0,0,-,-,NA,NA,LOS ANGELES,SANTA FE SPRINGS,-118.08301544189452,33.963233947753906
9297718,2021,2021-09-13,1976,2021-07-24,0938,410,NA,6,5,3,1964,0,0,0,NA,0,001,SLAUSON AV,SORENSEN AV,22,E,N,A,-,N,NA,NA,NA,NA,NA,NA,NA,NA,NA,Y,3,0,2,3,A,-,12,21453,A,N,D,C,A,A,H,-,A,A,0,NA,NA,NA,Y,Y,NA,A,07,0,1,1,0,0,0,0,0,0,-,-,NA,NA,LOS ANGELES,SANTA FE SPRINGS,-118.06036376953124,33.963531494140625
9297726,2021,2021-09-15,1976,2021-07-17,1833,501,NA,6,5,3,1964,0,0,0,NA,0,NA,CARMENITA RD,FLORENCE AV,0,NA,Y,A,-,N,NA,NA,NA,NA,NA,NA,NA,NA,NA,N,4,0,1,2,A,-,09,21801,A,N,D,C,A,A,H,-,A,A,0,NA,NA,NA,NA,Y,NA,D,22,0,0,1,0,0,0,0,0,0,-,-,NA,NA,LOS ANGELES,SANTA FE SPRINGS,-118.04657745361328,33.936317443847656
9297730,2021,2021-09-16,1900,2021-07-22,1250,608265,0451,4,5,6,1949,0,0,0,NA,0,43T1,CECILIA ST,LONGWORTH AV,99,W,N,A,-,N,NA,NA,NA,NA,NA,NA,NA,NA,NA,Y,4,0,1,2,D,-,00,NA,NA,N,A,E,A,A,H,-,A,D,0,NA,NA,NA,NA,Y,NA,-,-,0,0,1,0,0,0,0,0,0,-,-,NA,NA,LOS ANGELES,NORWALK,-118.09326934814452,33.932010650634766
9297746,2021,2021-10-08,1942,2021-08-02,0645,32973,1383,1,5,7,1942,0,0,0,M,0,24TL21,BROADWAY,SLAUSON AV,0,S,-,A,-,N,NA,NA,NA,NA,NA,NA,NA,NA,NA,Y,4,0,1,3,A,-,01,23152,A,N,B,C,A,A,H,-,B,A,0,NA,NA,NA,NA,Y,Y,D,22,0,0,1,0,0,0,0,0,0,-,-,NA,NA,LOS ANGELES,LOS ANGELES,-118.27830505371094,33.98918533325195
9297750,2021,2021-09-16,1942,2021-07-28,1945,40325,1346,3,5,7,1942,0,0,0,M,0,24T34,HOOPER AV,42ND ST,30,N,N,A,-,N,NA,NA,NA,NA,NA,NA,NA,NA,NA,N,4,0,1,2,A,-,-,NA,NA,N,C,E,A,A,H,-,A,A,0,NA,NA,NA,NA,Y,Y,A,07,0,0,1,0,0,0,0,0,0,-,-,NA,NA,LOS ANGELES,LOS ANGELES,-118.25214385986328,34.00764083862305
9297754,2021,2021-09-16,1942,2021-07-26,2035,39062,1346,1,5,7,1942,0,0,0,M,0,13A75,E VERNON AV,HOOPER AV,150,E,N,A,-,N,NA,NA,NA,NA,NA,NA,NA,NA,NA,Y,4,0,4,3,A,-,01,23152,A,N,C,C,A,A,H,-,C,D,0,NA,NA,NA,NA,Y,Y,A,01,0,0,4,0,0,0,0,0,0,-,-,NA,NA,LOS ANGELES,LOS ANGELES,-118.25164794921876,34.00389099121094
9297758,2021,2021-09-16,1942,2021-07-23,2250,43641,1347,5,5,7,1942,0,0,0,M,0,13A63,42ND PL,LONG BEACH BL,15,W,N,A,-,N,NA,NA,NA,NA,NA,NA,NA,NA,NA,Y,4,0,1,2,A,-,03,22350,A,F,A,C,A,A,H,-,C,D,0,NA,NA,NA,NA,Y,Y,A,01,0,0,1,0,0,0,0,0,0,-,-,NA,NA,LOS ANGELES,LOS ANGELES,-118.24331665039064,34.00629425048828
9297760,2021,2021-09-13,1962,2021-07-19,0645,078,1962,1,5,4,1962,0,0,0,NA,0,001,JUNIPERO SIERRA DR,BROADWAY,104,N,N,A,-,N,NA,NA,NA,NA,NA,NA,NA,NA,NA,Y,4,0,1,2,A,-,08,22107,NA,N,B,E,A,A,H,-,A,D,0,NA,NA,NA,Y,Y,NA,A,01,0,0,1,0,0,0,0,0,0,-,-,34.09886169433594,-118.10488128662108,LOS ANGELES,SAN GABRIEL,-118.10482788085938,34.09910202026367
9297762,2021,2021-10-14,1928,2021-07-16,0803,50415,530,5,5,5,1928,0,0,0,NA,0,501,IMPERIAL HWY,HAWTHORNE BL,50,E,N,A,-,N,NA,NA,NA,NA,NA,NA,NA,NA,NA,Y,4,0,1,2,A,-,01,23152,A,N,D,C,A,A,H,-,A,D,0,NA,NA,NA,NA,Y,NA,A,01,0,0,1,0,0,0,0,0,0,-,-,33.93088150024414,-118.3527374267578,LOS ANGELES,HAWTHORNE,-118.35254669189452,33.93096160888672
9297819,2021,2021-09-20,1942,2021-07-30,0915,40440,1267,5,5,7,1942,0,0,0,L,0,25TL29,FIGUEROA ST,FLORENCE AV,30,S,N,A,-,N,NA,NA,NA,NA,NA,NA,NA,NA,NA,N,4,0,1,2,A,-,03,22350,NA,F,C,C,A,A,H,-,A,A,0,NA,NA,NA,NA,Y,NA,-,NA,0,0,1,0,0,0,0,0,0,-,-,NA,NA,LOS ANGELES,LOS ANGELES,-118.28269958496094,33.974578857421875
9297864,2021,2021-08-18,1942,2021-07-12,1810,42770,1804,1,5,7,1942,0,0,0,R,0,18X36,CENTRAL AV,88TH ST,0,NA,Y,A,-,N,NA,NA,NA,NA,NA,NA,NA,NA,NA,N,4,0,1,3,A,-,09,21802,A,N,D,C,A,A,H,-,A,-,0,NA,NA,NA,NA,Y,NA,-,99,0,0,1,0,0,0,0,0,0,-,-,NA,NA,LOS ANGELES,LOS ANGELES,-118.25641632080078,33.95743942260742
9297865,2021,2021-08-12,1942,2021-07-27,1225,33599,1265,2,5,7,1942,0,0,0,L,0,12A53,VERMONT AV,MANCHESTER AV,0,NA,Y,A,-,N,NA,NA,NA,NA,NA,NA,NA,NA,NA,N,3,0,1,2,A,-,12,21453,A,F,H,G,A,A,H,-,A,A,0,NA,Y,NA,NA,Y,NA,-,99,0,1,0,0,0,0,1,0,0,-,-,NA,NA,LOS ANGELES,LOS ANGELES,-118.2917709350586,33.960025787353516