CASE_ID,ACCIDENT_YEAR,PROC_DATE,JURIS,COLLISION_DATE,COLLISION_TIME,OFFICER_ID,REPORTING_DISTRICT,DAY_OF_WEEK,CHP_SHIFT,POPULATION,CNTY_CITY_LOC,SPECIAL_COND,BEAT_TYPE,CHP_BEAT_TYPE,CITY_DIVISION_LAPD,CHP_BEAT_CLASS,BEAT_NUMBER,PRIMARY_RD,SECONDARY_RD,DISTANCE,DIRECTION,INTERSECTION,WEATHER_1,WEATHER_2,STATE_HWY_IND,CALTRANS_COUNTY,CALTRANS_DISTRICT,STATE_ROUTE,ROUTE_SUFFIX,POSTMILE_PREFIX,POSTMILE,LOCATION_TYPE,RAMP_INTERSECTION,SIDE_OF_HWY,TOW_AWAY,COLLISION_SEVERITY,NUMBER_KILLED,NUMBER_INJURED,PARTY_COUNT,PRIMARY_COLL_FACTOR,PCF_CODE_OF_VIOL,PCF_VIOL_CATEGORY,PCF_VIOLATION,PCF_VIOL_SUBSECTION,HIT_AND_RUN,TYPE_OF_COLLISION,MVIW,PED_ACTION,ROAD_SURFACE,ROAD_COND_1,ROAD_COND_2,LIGHTING,CONTROL_DEVICE,CHP_ROAD_TYPE,PEDESTRIAN_ACCIDENT,BICYCLE_ACCIDENT,MOTORCYCLE_ACCIDENT,TRUCK_ACCIDENT,NOT_PRIVATE_PROPERTY,ALCOHOL_INVOLVED,STWD_VEHTYPE_AT_FAULT,CHP_VEHTYPE_AT_FAULT,COUNT_SEVERE_INJ,COUNT_VISIBLE_INJ,COUNT_COMPLAINT_PAIN,COUNT_PED_KILLED,COUNT_PED_INJURED,COUNT_BICYCLIST_KILLED,COUNT_BICYCLIST_INJURED,COUNT_MC_KILLED,COUNT_MC_INJURED,PRIMARY_RAMP,SECONDARY_RAMP,LATITUDE,LONGITUDE,COUNTY,CITY,POINT_X,POINT_Y
9297866,2021,2021-08-12,1942,2021-07-26,0900,42750,1241,1,5,7,1942,0,0,0,L,0,25T23,11TH AV,63RD ST,0,NA,Y,A,-,N,NA,NA,NA,NA,NA,NA,NA,NA,NA,Y,4,0,1,3,A,-,12,22450,NA,F,B,C,A,A,H,-,A,D,0,NA,NA,NA,NA,Y,NA,A,07,0,0,1,0,0,0,0,0,0,-,-,NA,NA,LOS ANGELES,LOS ANGELES,-118.32938385009766,33.9829216003418
9297867,2021,2021-08-12,1942,2021-07-28,0050,42364,1267,3,5,7,1942,0,0,0,L,0,25Q21,BROADWAY,85TH ST,0,NA,Y,A,-,N,NA,NA,NA,NA,NA,NA,NA,NA,NA,N,3,0,1,2,A,-,03,22350,NA,F,C,G,A,A,H,-,C,D,0,NA,Y,NA,NA,Y,NA,-,99,0,1,0,0,0,0,1,0,0,-,-,NA,NA,LOS ANGELES,LOS ANGELES,-118.27830505371094,33.961517333984375
9297868,2021,2021-08-17,1942,2021-07-26,1310,41579,1827,1,5,7,1942,0,0,0,R,0,25TL21,CENTURY BL,WILMINGTON AV,0,NA,Y,B,-,N,NA,NA,NA,NA,NA,NA,NA,NA,NA,Y,4,0,2,2,A,-,12,22450,NA,N,D,C,A,A,H,-,A,A,0,NA,NA,NA,NA,Y,NA,A,01,0,0,2,0,0,0,0,0,0,-,-,NA,NA,LOS ANGELES,LOS ANGELES,-118.23902130126952,33.94565200805664
9297869,2021,2021-08-12,1942,2021-07-26,1333,43133,0356,1,5,7,1942,0,0,0,C,0,25T23,EXPOSITION BL,NORMANDIE AV,0,NA,Y,A,-,N,NA,NA,NA,NA,NA,NA,NA,NA,NA,Y,4,0,3,2,A,-,09,21806,NA,N,D,C,A,A,H,-,A,A,0,NA,NA,NA,NA,Y,NA,A,01,0,0,3,0,0,0,0,0,0,-,-,NA,NA,LOS ANGELES,LOS ANGELES,-118.30014801025392,34.0181999206543
9297870,2021,2021-08-12,1910,2021-07-15,0716,05076,NA,4,5,4,1910,0,0,0,NA,0,NA,WILSHIRE BL,ROBERTSON BL,0,NA,Y,A,-,N,NA,NA,NA,NA,NA,NA,NA,NA,NA,Y,3,0,2,3,A,-,09,21801,A,N,D,C,A,A,H,-,A,A,0,NA,NA,NA,NA,Y,NA,A,01,0,1,1,0,0,0,0,0,0,-,-,NA,NA,LOS ANGELES,BEVERLY HILLS,-118.38368988037108,34.06705093383789
9297871,2021,2021-08-12,1910,2021-07-15,0927,05076,NA,4,5,4,1910,0,0,0,NA,0,005,DAYTON WY,N REXFOD DR,0,NA,Y,A,-,N,NA,NA,NA,NA,NA,NA,NA,NA,NA,Y,4,0,1,2,A,-,17,22517,NA,N,B,C,A,A,H,-,A,D,0,NA,NA,NA,NA,Y,NA,A,01,0,0,1,0,0,0,0,0,0,-,-,NA,NA,LOS ANGELES,BEVERLY HILLS,-118.39752960205078,34.07064437866211
9297872,2021,2021-08-12,1910,2021-07-21,0649,03633,NA,3,5,4,1910,0,0,0,NA,0,004,WILSHIRE BL,WHITTIER DR,0,NA,Y,A,-,N,NA,NA,NA,NA,NA,NA,NA,NA,NA,Y,4,0,1,2,A,-,09,21801,A,N,A,C,A,A,H,-,A,A,0,NA,NA,NA,NA,Y,NA,A,01,0,0,1,0,0,0,0,0,0,-,-,NA,NA,LOS ANGELES,BEVERLY HILLS,-118.41465759277344,34.06707763671875
9297873,2021,2021-08-12,1910,2021-07-17,1226,03494,NA,6,5,4,1910,0,0,0,NA,0,004,COLDWATER CANYON DR,CABRILLO DR,152,S,N,A,-,N,NA,NA,NA,NA,NA,NA,NA,NA,NA,N,4,0,1,3,A,-,09,21801,A,N,A,C,A,A,H,-,A,D,0,NA,NA,NA,NA,Y,NA,A,01,0,0,1,0,0,0,0,0,0,-,-,NA,NA,LOS ANGELES,BEVERLY HILLS,-118.40647888183594,34.09575271606445
9297874,2021,2021-08-12,1910,2021-07-14,1803,443,NA,3,5,4,1910,0,0,0,NA,0,009,WILSHIRE BL,REXFORD DR,0,NA,Y,A,-,N,NA,NA,NA,NA,NA,NA,NA,NA,NA,N,4,0,1,2,A,-,03,22350,NA,N,C,C,A,A,H,-,A,A,0,NA,NA,NA,NA,Y,NA,A,01,0,0,1,0,0,0,0,0,0,-,-,NA,NA,LOS ANGELES,BEVERLY HILLS,-118.39401245117188,34.06706237792969
9297875,2021,2021-08-12,1910,2021-07-20,1100,03633,NA,2,5,4,1910,0,0,0,NA,0,007,BEVERWIL DR,OLYMPIC BL,900,S,N,A,-,N,NA,NA,NA,NA,NA,NA,NA,NA,NA,Y,3,0,1,2,A,-,08,22107,NA,N,D,C,A,A,H,-,A,D,0,NA,NA,NA,NA,Y,NA,A,01,0,1,0,0,0,0,0,0,0,-,-,NA,NA,LOS ANGELES,BEVERLY HILLS,-118.39911651611328,34.057212829589844
9297876,2021,2021-08-12,1910,2021-07-19,0735,03633,NA,1,5,4,1910,0,0,0,NA,0,007,DOHENY DR,WHITWORTH DR,0,NA,Y,A,-,N,NA,NA,NA,NA,NA,NA,NA,NA,NA,N,3,0,1,2,A,-,10,21950,A,N,G,B,B,A,H,-,A,A,0,Y,NA,NA,NA,Y,NA,A,01,0,1,0,0,1,0,0,0,0,-,-,NA,NA,LOS ANGELES,BEVERLY HILLS,-118.38986206054688,34.05707931518555
9297892,2021,2021-08-27,1910,2021-07-19,1716,04267,NA,1,5,4,1910,0,0,0,NA,0,009,PALM DR,3RD ST,0,NA,Y,A,-,N,NA,NA,NA,NA,NA,NA,NA,NA,NA,Y,4,0,1,3,A,-,01,23152,G,N,D,C,A,A,H,-,A,D,0,NA,NA,NA,NA,Y,NA,A,01,0,0,1,0,0,0,0,0,0,-,-,NA,NA,LOS ANGELES,BEVERLY HILLS,-118.39224243164064,34.07355880737305
9297893,2021,2021-08-27,1910,2021-07-22,0628,03633,NA,4,5,4,1910,0,0,0,NA,0,006,ELEVADO,ARDEN DR,110,E,N,A,-,N,NA,NA,NA,NA,NA,NA,NA,NA,NA,Y,4,0,1,1,A,-,08,22107,NA,N,F,I,A,A,H,-,A,D,0,NA,NA,NA,NA,Y,NA,A,01,0,0,1,0,0,0,0,0,0,-,-,NA,NA,LOS ANGELES,BEVERLY HILLS,-118.39549255371094,34.08516311645508
9297894,2021,2021-08-27,1910,2021-07-22,0800,03633,NA,4,5,4,1910,0,0,0,NA,0,007,OLYMPIC BL,BEVERWIL DR,0,NA,Y,A,-,N,NA,NA,NA,NA,NA,NA,NA,NA,NA,Y,4,0,1,2,A,-,09,21801,A,N,D,C,A,A,H,-,A,A,0,NA,NA,NA,NA,Y,NA,A,01,0,0,1,0,0,0,0,0,0,-,-,NA,NA,LOS ANGELES,BEVERLY HILLS,-118.39910125732422,34.0596809387207
92978991,2024,2024-07-31,9565,2024-07-19,2040,023555,NA,5,2,9,1900,0,3,5,NA,2,002,102ND ST,VERMONT AVE,80,W,N,B,-,N,NA,NA,NA,NA,NA,NA,NA,NA,NA,N,3,0,1,2,A,-,09,21804,A,N,C,C,A,A,H,-,C,D,0,NA,NA,NA,NA,Y,NA,A,01,0,1,0,0,0,0,0,0,0,-,-,33.94411849975586,-118.29376983642578,LOS ANGELES,UNINCORPORATED,-118.29217529296876,33.94409942626953
9297941,2021,2021-09-15,1941,2021-07-07,2055,11672,NA,3,5,7,1941,0,0,0,NA,0,NA,BROADWAY,JUNIPERO AV,167,W,N,A,-,N,NA,NA,NA,NA,NA,NA,NA,NA,NA,N,3,0,1,2,A,-,11,21955,NA,F,G,B,D,A,H,-,C,D,0,Y,NA,NA,NA,Y,NA,N,NA,0,1,0,0,1,0,0,0,0,-,-,NA,NA,LOS ANGELES,LONG BEACH,-118.16634368896484,33.76704406738281
9297942,2021,2021-08-30,1941,2021-07-03,1530,11417,NA,6,5,7,1941,0,0,0,NA,0,NA,LOCUST AV,DEL AMO BL,0,NA,Y,A,-,N,NA,NA,NA,NA,NA,NA,NA,NA,NA,N,4,0,1,2,A,-,08,22107,NA,F,B,C,A,A,H,-,A,A,0,NA,NA,NA,NA,Y,NA,A,NA,0,0,1,0,0,0,0,0,0,-,-,NA,NA,LOS ANGELES,LONG BEACH,-118.18978118896484,33.8464241027832
9297943,2021,2021-08-19,1941,2021-07-04,1500,10933,NA,7,5,7,1941,0,0,0,NA,0,NA,LONG BEACH BL,ELLIS ST,0,NA,Y,A,-,N,NA,NA,NA,NA,NA,NA,NA,NA,NA,Y,3,0,1,2,A,-,08,22107,NA,F,B,C,A,A,H,-,A,A,0,NA,NA,NA,NA,Y,NA,A,NA,0,1,0,0,0,0,0,0,0,-,-,NA,NA,LOS ANGELES,LONG BEACH,-118.1974868774414,33.85672378540039
9297944,2021,2021-08-19,1941,2021-07-03,2119,10968,NA,6,5,7,1941,0,0,0,NA,0,NA,ANAHEIM ST,LIME AV,0,NA,Y,A,-,N,NA,NA,NA,NA,NA,NA,NA,NA,NA,N,3,0,1,2,A,-,00,20001,NA,F,A,B,D,A,H,-,C,D,0,Y,NA,NA,NA,Y,NA,A,NA,0,1,0,0,1,0,0,0,0,-,-,NA,NA,LOS ANGELES,LONG BEACH,-118.18395233154295,33.78260803222656
9297945,2021,2021-08-19,1941,2021-07-02,1614,10022,NA,5,5,7,1941,0,0,0,NA,0,NA,ATLANTIC AV,WARDLOW RD,0,NA,Y,A,-,N,NA,NA,NA,NA,NA,NA,NA,NA,NA,N,4,0,1,2,A,-,03,22350,NA,N,C,C,A,A,H,-,A,A,0,NA,NA,NA,NA,Y,NA,A,NA,0,0,1,0,0,0,0,0,0,-,-,NA,NA,LOS ANGELES,LONG BEACH,-118.18502044677734,33.818912506103516
9297946,2021,2021-08-20,1941,2021-07-03,0143,11659,NA,6,5,7,1941,0,0,0,NA,0,NA,ORANGE AV,SOUTH ST,62,S,N,A,-,N,NA,NA,NA,NA,NA,NA,NA,NA,NA,N,3,0,1,3,A,-,08,22107,NA,M,C,C,A,A,H,-,C,D,0,NA,NA,Y,NA,Y,NA,A,NA,0,1,0,0,0,0,0,0,1,-,-,NA,NA,LOS ANGELES,LONG BEACH,-118.17729949951172,33.85993957519531
9297947,2021,2021-08-20,1941,2021-07-02,2220,11548,NA,5,5,7,1941,0,0,0,NA,0,NA,MAGNOLIA AV,HILL ST,0,NA,Y,A,-,N,NA,NA,NA,NA,NA,NA,NA,NA,NA,N,4,0,1,2,A,-,-,NA,NA,M,C,C,A,A,H,-,A,-,0,NA,NA,NA,NA,Y,NA,-,NA,0,0,1,0,0,0,0,0,0,-,-,NA,NA,LOS ANGELES,LONG BEACH,-118.19812774658205,33.79713439941406
9297948,2021,2021-08-18,1941,2021-07-05,1756,5497,NA,1,5,7,1941,0,0,0,NA,0,NA,REDONDO AV,7TH ST,35,N,N,A,-,N,NA,NA,NA,NA,NA,NA,NA,NA,NA,N,4,0,1,3,A,-,03,22350,NA,F,C,C,A,A,H,-,A,A,0,NA,NA,NA,NA,Y,NA,A,NA,0,0,1,0,0,0,0,0,0,-,-,NA,NA,LOS ANGELES,LONG BEACH,-118.15242004394533,33.77543640136719
9297949,2021,2021-08-18,1941,2021-07-04,0326,11546,NA,7,5,7,1941,0,0,0,NA,0,NA,7TH ST,ATLANTIC AV,28,W,N,A,-,N,NA,NA,NA,NA,NA,NA,NA,NA,NA,N,2,0,1,2,A,-,00,20001,A,F,D,B,D,A,H,-,C,A,0,Y,NA,NA,NA,Y,NA,A,NA,1,0,0,0,1,0,0,0,0,-,-,NA,NA,LOS ANGELES,LONG BEACH,-118.18514251708984,33.77534103393555
9297959,2021,2021-08-18,1926,2021-07-21,1107,0019,1,3,5,5,1926,0,0,0,NA,0,001,EAST FOOTHILL BL,CULLEN AV,0,NA,Y,A,-,N,NA,NA,NA,NA,NA,NA,NA,NA,NA,N,3,0,1,2,A,-,05,21650,NA,N,D,G,A,A,H,-,A,A,0,NA,Y,NA,NA,Y,NA,L,04,0,1,0,0,0,0,1,0,0,-,-,34.1361198425293,-117.85987854003906,LOS ANGELES,GLENDORA,-117.8593292236328,34.13603591918945
9297960,2021,2021-08-18,1926,2021-07-30,1530,0082,NA,5,5,5,1926,0,0,0,NA,0,002,GRAND AV,MAUNA LOA AV,24,S,N,A,-,N,NA,NA,NA,NA,NA,NA,NA,NA,NA,N,4,0,1,2,A,-,21,22106,NA,N,C,C,A,A,H,-,A,A,0,NA,NA,NA,NA,Y,NA,A,08,0,0,1,0,0,0,0,0,0,-,-,34.125091552734375,-117.87272644042967,LOS ANGELES,GLENDORA,-117.87273406982422,34.125022888183594
9298001,2021,2021-08-19,1900,2021-07-27,1735,546256,0531,2,5,5,1959,0,0,0,NA,0,53T1AM,VALLEY BL,DELTA AV,0,NA,Y,A,-,N,NA,NA,NA,NA,NA,NA,NA,NA,NA,Y,3,0,3,2,A,-,12,21453,A,N,D,C,A,A,H,-,A,A,0,NA,NA,NA,NA,Y,NA,A,07,0,3,0,0,0,0,0,0,0,-,-,34.08026885986328,-118.0864715576172,LOS ANGELES,ROSEMEAD,-118.0863800048828,34.080352783203125
9298002,2021,2021-08-19,1900,2021-07-20,0642,606776,0542,2,5,3,1921,0,0,0,NA,0,58T1AM,HUNTINGTON DR,LAS LOMAS RD,36,E,N,A,-,N,NA,NA,NA,NA,NA,NA,NA,NA,NA,N,4,0,1,2,A,-,03,22350,NA,N,C,C,A,A,H,-,A,D,0,NA,NA,NA,NA,Y,NA,A,01,0,0,1,0,0,0,0,0,0,-,-,34.1390495300293,-117.94637298583984,LOS ANGELES,DUARTE,-117.9468002319336,34.1389274597168
9298003,2021,2021-08-19,1900,2021-07-24,1318,529395,0531,6,5,5,1959,0,0,0,NA,0,53T1AM,WALNUT GROVE AV,MARSHALL AV,100,S,N,A,-,N,NA,NA,NA,NA,NA,NA,NA,NA,NA,N,4,0,1,2,A,-,04,21703,NA,N,C,C,A,A,H,-,A,A,0,NA,NA,NA,NA,Y,NA,A,01,0,0,1,0,0,0,0,0,0,-,-,34.074588775634766,-118.0820083618164,LOS ANGELES,ROSEMEAD,-118.08201599121094,34.074615478515625
9298004,2021,2021-08-19,1900,2021-07-16,0740,600019,0560,5,5,3,1968,0,0,0,NA,0,55T1D,RUSH ST,CENTRAL AV,0,NA,Y,A,-,N,NA,NA,NA,NA,NA,NA,NA,NA,NA,Y,3,0,1,2,D,-,00,NA,NA,N,D,D,A,A,H,-,A,A,0,NA,NA,NA,NA,Y,NA,-,-,0,1,0,0,0,0,0,0,0,-,-,34.05183029174805,-118.04698944091795,LOS ANGELES,SOUTH EL MONTE,-118.04692840576172,34.051849365234375
9298005,2021,2021-08-19,1900,2021-07-24,0937,529395,0531,6,5,5,1959,0,0,0,NA,0,53T1AM,WALNUT GROVE AV,MISSION DR,0,NA,Y,A,-,N,NA,NA,NA,NA,NA,NA,NA,NA,NA,Y,4,0,1,2,A,-,09,21801,A,N,D,C,A,A,H,-,A,A,0,NA,NA,NA,NA,Y,NA,A,01,0,0,1,0,0,0,0,0,0,-,-,34.08784866333008,-118.08220672607422,LOS ANGELES,ROSEMEAD,-118.08213043212892,34.08776092529297
9298006,2021,2021-08-19,1900,2021-07-24,1700,617953,0541,6,5,3,1921,0,0,0,NA,0,58T1PM,MOUNTAIN AV,EVERGREEN ST,0,NA,Y,A,-,N,NA,NA,NA,NA,NA,NA,NA,NA,NA,N,3,0,2,3,A,-,04,21703,NA,M,C,C,A,A,H,-,A,A,0,NA,NA,NA,NA,Y,NA,A,01,0,2,0,0,0,0,0,0,0,-,-,34.13478088378906,-117.98625183105467,LOS ANGELES,DUARTE,-117.986328125,34.13502883911133
9298025,2021,2021-09-14,1942,2021-07-11,2000,44092,0373,7,5,7,1942,0,0,0,C,0,3A73,2ND AV,W 39TH ST,0,NA,Y,A,-,N,NA,NA,NA,NA,NA,NA,NA,NA,NA,N,4,0,1,2,A,-,03,22350,NA,F,B,C,A,A,H,-,A,A,0,NA,NA,NA,NA,Y,NA,A,01,0,0,1,0,0,0,0,0,0,-,-,NA,NA,LOS ANGELES,LOS ANGELES,-118.3193130493164,34.01457214355469
9298112,2021,2021-09-10,1942,2021-07-22,1255,41579,1267,4,5,7,1942,0,0,0,L,0,25TL21,MANCHESTER AV,BROADWAY,150,E,N,A,-,N,NA,NA,NA,NA,NA,NA,NA,NA,NA,N,4,0,1,2,A,-,09,21804,A,N,D,C,A,A,H,-,A,D,0,NA,NA,NA,Y,Y,NA,A,01,0,0,1,0,0,0,0,0,0,-,-,NA,NA,LOS ANGELES,LOS ANGELES,-118.2777862548828,33.960079193115234
9298119,2021,2021-09-08,1938,2021-07-15,1434,1296,AREA3,4,5,4,1938,0,0,0,NA,0,003,D ST,11TH ST,0,NA,Y,A,-,N,NA,NA,NA,NA,NA,NA,NA,NA,NA,Y,4,0,1,2,A,-,09,21802,A,N,D,C,A,A,H,-,A,A,0,NA,NA,NA,NA,Y,NA,D,22,0,0,1,0,0,0,0,0,0,-,-,NA,NA,LOS ANGELES,LA VERNE,-117.76751708984376,34.107425689697266
9298125,2021,2021-09-16,1942,2021-07-31,1405,38037,0501,6,5,7,1942,0,0,0,E,0,25MQ56,FIGUEROA ST,182ND ST,15,S,N,A,-,N,NA,NA,NA,NA,NA,NA,NA,NA,NA,Y,4,0,1,2,A,-,03,22350,NA,N,C,C,A,A,H,-,A,D,0,NA,NA,NA,NA,Y,Y,-,99,0,0,1,0,0,0,0,0,0,-,-,NA,NA,LOS ANGELES,LOS ANGELES,-118.28164672851564,33.87025833129883
9298137,2021,2021-09-16,1942,2021-07-10,2250,41126,2058,6,5,7,1942,0,0,0,NA,0,27T31,ELDEN AV,OLYMPIC BL,43,S,N,A,-,N,NA,NA,NA,NA,NA,NA,NA,NA,NA,Y,4,0,1,2,A,-,06,21750,A,F,C,-,A,A,H,-,C,A,0,NA,NA,NA,NA,Y,NA,D,22,0,0,1,0,0,0,0,0,0,-,-,NA,NA,LOS ANGELES,LOS ANGELES,-118.28772735595705,34.052310943603516
9298141,2021,2021-09-16,1942,2021-07-11,1715,42834,2081,7,5,7,1942,0,0,0,NA,0,27Q14,WASHINGTON BL,WESTERN AV,0,NA,Y,A,-,N,NA,NA,NA,NA,NA,NA,NA,NA,NA,Y,3,0,3,7,A,-,12,21453,A,N,D,C,A,A,H,-,A,A,0,NA,NA,NA,NA,Y,NA,A,07,0,2,1,0,0,0,0,0,0,-,-,NA,NA,LOS ANGELES,LOS ANGELES,-118.30899047851564,34.0399169921875
9298153,2021,2021-09-07,1942,2021-07-08,0910,41376,1403,4,5,7,1942,0,0,0,N,0,27TL29,MILITARY AV,NATIONAL BL,0,NA,Y,A,-,N,NA,NA,NA,NA,NA,NA,NA,NA,NA,N,4,0,1,2,A,-,10,21950,A,N,G,B,B,A,H,-,A,A,0,Y,NA,NA,Y,Y,NA,F,26,0,0,1,0,1,0,0,0,0,-,-,NA,NA,LOS ANGELES,LOS ANGELES,-118.42542266845705,34.02864074707031
9298157,2021,2021-09-17,1942,2021-07-08,2245,143454,1494,4,5,7,1942,0,0,0,N,0,27T31,W CENTURY BL,AVION DR,212,W,N,A,-,N,NA,NA,NA,NA,NA,NA,NA,NA,NA,Y,3,0,9,4,A,-,01,23152,A,N,C,C,A,A,H,-,C,A,0,NA,NA,NA,NA,Y,Y,D,22,0,1,8,0,0,0,0,0,0,-,-,NA,NA,LOS ANGELES,LOS ANGELES,-118.39083862304688,33.945411682128906
9298189,2021,2021-09-22,1941,2021-07-05,1846,11670,NA,1,5,7,1941,0,0,0,NA,0,NA,ANAHEIM ST,TRIBUNE CT,3,E,N,A,-,N,NA,NA,NA,NA,NA,NA,NA,NA,NA,N,4,0,1,2,-,-,-,NA,NA,M,A,C,A,A,H,-,A,D,0,NA,NA,Y,NA,Y,NA,-,-,0,0,1,0,0,0,0,0,1,-,-,NA,NA,LOS ANGELES,LONG BEACH,-118.20751190185548,33.78266906738281
92982494,2024,2024-07-31,9565,2024-07-19,2015,023564,NA,5,2,9,1900,0,3,5,NA,2,002,93RD STREET W/B,NORMANDIE AVENUE,5,E,N,A,-,N,NA,NA,NA,NA,NA,NA,NA,NA,NA,N,4,0,1,2,A,-,03,22350,NA,N,C,C,A,A,H,-,C,A,0,NA,NA,NA,NA,Y,NA,A,01,0,0,1,0,0,0,0,0,0,-,-,33.952178955078125,-118.30010986328124,LOS ANGELES,UNINCORPORATED,-118.3002700805664,33.951881408691406
9298251,2021,2021-09-24,1900,2021-07-17,0930,600019,0560,6,5,3,1968,0,0,0,NA,0,55T1D,RUSH ST,SANTA ANITA AV,0,NA,Y,A,-,N,NA,NA,NA,NA,NA,NA,NA,NA,NA,Y,3,0,1,2,A,-,12,21453,A,N,D,C,A,A,H,-,A,A,0,NA,NA,NA,NA,Y,NA,A,01,0,1,0,0,0,0,0,0,0,-,-,34.05189895629883,-118.04247283935548,LOS ANGELES,SOUTH EL MONTE,-118.0424346923828,34.051849365234375
9298390,2021,2021-10-09,1926,2021-08-13,1440,0082,NA,5,5,5,1926,0,0,0,NA,0,003,RT 66,LOPE LN,0,NA,Y,A,-,N,NA,NA,NA,NA,NA,NA,NA,NA,NA,Y,3,0,2,2,A,-,09,21801,A,N,D,C,A,A,H,-,A,D,0,NA,NA,NA,NA,Y,NA,A,01,0,2,0,0,0,0,0,0,0,-,-,34.128841400146484,-117.83112335205078,LOS ANGELES,GLENDORA,-117.83111572265624,34.12886428833008
9298415,2021,2021-10-13,1942,2021-07-23,1605,36733,1994,5,5,7,1942,0,0,0,NA,0,26TL73,LAUREL CANYON BL,CHAMBERLAIN ST,200,S,N,A,-,N,NA,NA,NA,NA,NA,NA,NA,NA,NA,Y,4,0,1,2,A,-,07,21658,A,N,C,C,A,A,H,-,A,D,0,NA,NA,NA,NA,Y,NA,A,01,0,0,1,0,0,0,0,0,0,-,-,NA,NA,LOS ANGELES,LOS ANGELES,-118.44300842285156,34.26900100708008
9298653,2021,2021-08-12,1944,2021-06-09,1909,353,M12,3,5,4,1944,0,0,0,NA,0,002,HIGHLAND AV,12TH ST,0,NA,Y,A,-,N,NA,NA,NA,NA,NA,NA,NA,NA,NA,NA,3,0,1,2,A,-,21,22106,NA,N,G,B,B,A,H,-,A,A,0,Y,NA,NA,NA,Y,NA,A,01,0,1,0,0,1,0,0,0,0,-,-,33.8857307434082,-118.4101104736328,LOS ANGELES,MANHATTAN BEACH,-118.41008758544922,33.885772705078125
9298654,2021,2021-08-12,1944,2021-06-15,1525,316,SOUTH,2,5,4,1944,0,0,0,NA,0,002,PACIFIC AV,MANHATTAN BEACH BL,0,NA,Y,A,-,N,NA,NA,NA,NA,NA,NA,NA,NA,NA,NA,4,0,1,2,A,-,10,21950,A,M,G,B,B,A,H,-,A,A,0,Y,NA,NA,NA,Y,NA,A,07,0,0,1,0,1,0,0,0,0,-,-,33.887290954589844,-118.40335083007813,LOS ANGELES,MANHATTAN BEACH,-118.40331268310548,33.887359619140625
9298676,2021,2021-12-28,1942,2021-08-02,1140,32774,2149,1,5,7,1942,0,0,0,NA,0,26T52,VANOWEN ST,QUAKERTOWN AV,0,W,N,A,-,N,NA,NA,NA,NA,NA,NA,NA,NA,NA,N,2,0,1,2,A,-,11,21954,A,F,G,-,-,A,H,-,C,D,0,Y,NA,NA,NA,Y,NA,N,60,1,0,0,0,1,0,0,0,0,-,-,NA,NA,LOS ANGELES,LOS ANGELES,-118.56987762451172,34.193790435791016
9298677,2021,2021-10-09,1942,2021-08-03,0001,42029,1516,2,5,7,1942,0,0,0,O,0,15A27,VANOWEN ST,TROOST AV,0,NA,Y,A,-,N,NA,NA,NA,NA,NA,NA,NA,NA,NA,Y,4,0,1,2,A,-,09,21802,A,F,D,C,A,A,H,-,C,D,0,NA,NA,NA,NA,Y,NA,-,99,0,0,1,0,0,0,0,0,0,-,-,NA,NA,LOS ANGELES,LOS ANGELES,-118.38664245605467,34.19395065307617
9298678,2021,2021-10-09,1942,2021-08-01,0230,33504,1028,7,5,7,1942,0,0,0,J,0,10A17,VICTORY BL,FORBES AV,285,E,N,A,-,N,NA,NA,NA,NA,NA,NA,NA,NA,NA,Y,2,0,1,3,A,-,08,22107,NA,F,G,B,E,A,H,-,C,D,0,Y,NA,NA,NA,Y,NA,A,01,1,0,0,0,1,0,0,0,0,-,-,NA,NA,LOS ANGELES,LOS ANGELES,-118.49822235107422,34.186614990234375
9298679,2021,2021-10-09,1942,2021-08-01,1025,34561,1587,7,5,7,1942,0,0,0,O,0,26TL18,BARHAM BL,FIELDS BL,0,NA,Y,A,-,N,NA,NA,NA,NA,NA,NA,NA,NA,NA,Y,4,0,1,2,A,-,08,22100,A,M,D,C,A,A,H,-,A,A,0,NA,NA,NA,NA,Y,NA,A,01,0,0,1,0,0,0,0,0,0,-,-,NA,NA,LOS ANGELES,LOS ANGELES,-118.34677,34.12904
9298680,2021,2021-10-09,1942,2021-08-01,2225,37304,1982,7,5,7,1942,0,0,0,NA,0,26T52,PARTHENIA ST,BURNET AV,182,E,N,A,-,N,NA,NA,NA,NA,NA,NA,NA,NA,NA,Y,4,0,1,1,A,-,01,23152,A,N,E,I,A,-,H,-,C,D,0,NA,NA,NA,NA,Y,Y,-,NA,0,0,1,0,0,0,0,0,0,-,-,NA,NA,LOS ANGELES,LOS ANGELES,-118.4626922607422,34.228309631347656
9298683,2021,2021-08-13,1941,2021-07-25,0130,11362,NA,7,5,7,1941,0,0,0,NA,0,NA,LONG BEACH BL,48TH ST,0,NA,Y,A,-,N,NA,NA,NA,NA,NA,NA,NA,NA,NA,Y,3,0,2,2,A,-,08,22107,NA,N,D,C,A,A,H,-,C,D,0,NA,NA,NA,NA,Y,NA,A,NA,0,1,1,0,0,0,0,0,0,-,-,NA,NA,LOS ANGELES,LONG BEACH,-118.19300079345705,33.843997955322266
9298684,2021,2021-08-13,1941,2021-07-24,2200,11543,NA,6,5,7,1941,0,0,0,NA,0,NA,ANAHEIM ST,HAYES AV,35,E,N,A,-,N,NA,NA,NA,NA,NA,NA,NA,NA,NA,Y,2,0,1,1,C,-,18,NA,NA,N,A,I,A,A,H,-,C,A,0,NA,NA,NA,Y,Y,NA,-,-,1,0,0,0,0,0,0,0,0,-,-,NA,NA,LOS ANGELES,LONG BEACH,-118.21866607666016,33.78276062011719
9298686,2021,2021-08-13,1941,2021-07-26,1536,5572,NA,1,5,7,1941,0,0,0,NA,0,NA,SPRING ST,CLAREMORE AV,8,W,N,A,-,N,NA,NA,NA,NA,NA,NA,NA,NA,NA,Y,4,0,1,2,A,-,03,22350,NA,F,-,C,A,A,H,-,A,A,0,NA,NA,NA,NA,Y,NA,E,NA,0,0,1,0,0,0,0,0,0,-,-,NA,NA,LOS ANGELES,LONG BEACH,-118.07823944091795,33.81039810180664