CASE_ID,ACCIDENT_YEAR,PROC_DATE,JURIS,COLLISION_DATE,COLLISION_TIME,OFFICER_ID,REPORTING_DISTRICT,DAY_OF_WEEK,CHP_SHIFT,POPULATION,CNTY_CITY_LOC,SPECIAL_COND,BEAT_TYPE,CHP_BEAT_TYPE,CITY_DIVISION_LAPD,CHP_BEAT_CLASS,BEAT_NUMBER,PRIMARY_RD,SECONDARY_RD,DISTANCE,DIRECTION,INTERSECTION,WEATHER_1,WEATHER_2,STATE_HWY_IND,CALTRANS_COUNTY,CALTRANS_DISTRICT,STATE_ROUTE,ROUTE_SUFFIX,POSTMILE_PREFIX,POSTMILE,LOCATION_TYPE,RAMP_INTERSECTION,SIDE_OF_HWY,TOW_AWAY,COLLISION_SEVERITY,NUMBER_KILLED,NUMBER_INJURED,PARTY_COUNT,PRIMARY_COLL_FACTOR,PCF_CODE_OF_VIOL,PCF_VIOL_CATEGORY,PCF_VIOLATION,PCF_VIOL_SUBSECTION,HIT_AND_RUN,TYPE_OF_COLLISION,MVIW,PED_ACTION,ROAD_SURFACE,ROAD_COND_1,ROAD_COND_2,LIGHTING,CONTROL_DEVICE,CHP_ROAD_TYPE,PEDESTRIAN_ACCIDENT,BICYCLE_ACCIDENT,MOTORCYCLE_ACCIDENT,TRUCK_ACCIDENT,NOT_PRIVATE_PROPERTY,ALCOHOL_INVOLVED,STWD_VEHTYPE_AT_FAULT,CHP_VEHTYPE_AT_FAULT,COUNT_SEVERE_INJ,COUNT_VISIBLE_INJ,COUNT_COMPLAINT_PAIN,COUNT_PED_KILLED,COUNT_PED_INJURED,COUNT_BICYCLIST_KILLED,COUNT_BICYCLIST_INJURED,COUNT_MC_KILLED,COUNT_MC_INJURED,PRIMARY_RAMP,SECONDARY_RAMP,LATITUDE,LONGITUDE,COUNTY,CITY,POINT_X,POINT_Y
9301123,2021,2021-08-13,1972,2021-07-09,2117,21205,NA,5,5,6,1972,0,0,0,NA,0,NA,HAWTHORNE BL,CARSON ST,250,S,N,A,-,Y,LA,7,107,-,-,1.78,H,-,N,N,3,0,1,2,A,-,09,21804,B,N,D,G,A,A,H,-,C,D,0,NA,Y,NA,NA,Y,NA,L,NA,0,1,0,0,0,0,1,0,0,-,-,NA,NA,LOS ANGELES,TORRANCE,-118.35237121582033,33.83083724975586
9301125,2021,2021-08-10,1942,2021-06-26,0635,33169,0706,6,5,7,1942,0,0,0,G,0,7A17,MELROSE AV,LAS PALMAS AV,25,W,N,A,-,N,NA,NA,NA,NA,NA,NA,NA,NA,NA,Y,3,0,1,1,A,-,03,22350,NA,F,E,I,A,-,H,-,A,D,0,NA,NA,NA,NA,Y,NA,A,01,0,1,0,0,0,0,0,0,0,-,-,NA,NA,LOS ANGELES,LOS ANGELES,-118.33631134033205,34.08346939086914
9301127,2021,2021-08-12,1972,2021-07-16,0742,14629,NA,5,5,6,1972,0,0,0,NA,0,NA,HAWTHORNE,NEWTON,0,NA,Y,B,-,N,NA,NA,NA,NA,NA,NA,NA,NA,NA,Y,4,0,1,2,A,-,12,21453,A,N,D,C,A,A,H,-,A,A,0,NA,NA,NA,NA,Y,NA,A,NA,0,0,1,0,0,0,0,0,0,-,-,NA,NA,LOS ANGELES,TORRANCE,-118.35121917724608,33.799381256103516
9301131,2021,2021-08-13,1972,2021-07-14,1301,19767,NA,3,5,6,1972,0,0,0,NA,0,NA,220TH ST,WESTERN AV,0,NA,Y,A,-,Y,LA,7,213,-,-,7.722,I,5,S,N,4,0,1,2,A,-,09,21801,A,N,B,C,A,A,H,-,A,A,0,NA,NA,NA,NA,Y,NA,A,NA,0,0,1,0,0,0,0,0,0,-,-,NA,NA,LOS ANGELES,TORRANCE,-118.3090591430664,33.82786178588867
9301134,2021,2021-08-16,1900,2021-07-13,1948,538098,1017,2,5,3,1995,0,0,0,NA,0,101T1,RT 1,LAS FLORES CANYON RD,498,E,N,A,-,Y,LA,7,1,-,-,44.03,H,-,N,Y,3,0,2,2,A,-,01,23152,A,N,B,C,A,A,H,-,A,D,0,NA,NA,NA,NA,Y,Y,A,01,0,2,0,0,0,0,0,0,0,-,-,34.03730010986328,-118.63430786132813,LOS ANGELES,MALIBU,-118.63449096679688,34.037269592285156
9301135,2021,2021-08-24,1972,2021-07-15,1802,21205,NA,4,5,6,1972,0,0,0,NA,0,NA,HAWTHORNE BL,ROLLING HILLS RD,5,N,N,A,-,N,NA,NA,NA,NA,NA,NA,NA,NA,NA,Y,3,0,2,4,A,-,03,22350,NA,N,C,C,A,A,H,-,A,A,0,NA,NA,NA,NA,Y,NA,A,NA,0,1,1,0,0,0,0,0,0,-,-,NA,NA,LOS ANGELES,TORRANCE,-118.34917449951172,33.79460525512695
9301139,2021,2021-08-13,1941,2021-07-19,1614,10063,NA,1,5,7,1941,0,0,0,NA,0,NA,RT 710,POLE YE1118,30,N,N,A,-,Y,LA,7,710,-,R,15.84,H,-,S,Y,4,0,1,1,A,-,03,22350,NA,N,E,I,A,A,H,-,A,D,0,NA,NA,NA,NA,Y,NA,A,NA,0,0,1,0,0,0,0,0,0,-,-,NA,NA,LOS ANGELES,LONG BEACH,-118.1797332763672,33.914974212646484
9301155,2021,2021-08-12,1941,2021-07-19,1715,11563,NA,1,5,7,1941,0,0,0,NA,0,NA,BELLFLOWER BL,DEBORAH ST,0,NA,Y,A,-,N,NA,NA,NA,NA,NA,NA,NA,NA,NA,Y,2,0,2,2,A,-,09,21800,A,N,C,C,A,A,H,-,A,D,0,NA,NA,Y,NA,Y,NA,A,NA,1,0,1,0,0,0,0,0,1,-,-,NA,NA,LOS ANGELES,LONG BEACH,-118.12532806396484,33.80607986450195
9301156,2021,2021-08-18,1926,2021-07-24,1235,0165,NA,6,5,5,1926,0,0,0,NA,0,NA,S SUNFLOWER AV,RT 210,0,NA,Y,A,-,Y,LA,7,210,-,R,42.995,R,4,E,Y,4,0,2,2,A,-,09,21804,A,N,D,C,A,A,H,-,A,D,0,NA,NA,NA,NA,Y,NA,A,01,0,0,2,0,0,0,0,0,0,-,-,34.11751174926758,-117.84633636474608,LOS ANGELES,GLENDORA,-117.84950256347656,34.117515563964844
9301164,2021,2021-08-18,1941,2021-07-21,2318,11417,NA,3,5,7,1941,0,0,0,NA,0,NA,PACIFIC COAST HWY,LEMON AV,0,NA,Y,A,-,Y,LA,7,1,-,-,5.641,I,5,S,Y,4,0,3,3,A,-,01,23152,A,N,C,C,A,A,H,-,C,A,0,NA,NA,NA,NA,Y,Y,A,NA,0,0,3,0,0,0,0,0,0,-,-,NA,NA,LOS ANGELES,LONG BEACH,-118.17845916748048,33.7898063659668
9301171,2021,2021-08-13,1900,2021-07-11,1845,622013,1016,7,5,3,1995,0,0,0,NA,0,101T1,RT 1,RAMBLA PACIFICO ST,791,W,N,A,-,Y,LA,7,1,-,-,44.171,I,5,N,Y,4,0,1,2,A,-,04,21703,NA,N,C,C,A,A,H,-,A,D,0,NA,NA,NA,NA,Y,NA,A,01,0,0,1,0,0,0,0,0,0,-,-,34.037471771240234,-118.63907623291016,LOS ANGELES,MALIBU,-118.63681030273438,34.037025451660156
9301178,2021,2021-08-13,1972,2021-05-09,2113,19086,NA,7,5,6,1972,0,0,0,NA,0,NA,PACIFIC COAST HWY,OCEAN,0,NA,Y,A,-,Y,LA,7,1,-,-,16.251,I,5,S,Y,2,0,1,2,A,-,10,21950,A,N,G,B,D,A,H,-,C,A,0,Y,NA,NA,NA,Y,NA,A,NA,1,0,0,0,1,0,0,0,0,-,-,NA,NA,LOS ANGELES,TORRANCE,-118.35445404052734,33.80629348754883
9301187,2021,2021-08-13,1976,2021-07-13,0759,541,NA,2,5,5,1976,0,0,0,NA,0,003,WHITTIER BL,CALIFORNIA AV,0,NA,Y,A,-,Y,LA,7,72,-,-,2.954,I,5,N,Y,3,0,1,2,A,-,09,21802,A,N,D,C,A,A,H,-,A,A,0,NA,NA,NA,NA,Y,NA,A,07,0,1,0,0,0,0,0,0,0,-,-,NA,NA,LOS ANGELES,WHITTIER,-118.02262878417967,33.95745849609375
9301188,2021,2021-08-18,1944,2021-07-22,2355,364,NA,4,5,4,1944,0,0,0,NA,0,NA,GOULD AV,PACIFIC COAST HWY,0,NA,Y,A,-,Y,LA,7,1,-,-,21.919,I,5,S,N,3,0,1,2,A,-,12,21453,A,N,A,G,A,A,H,-,C,A,0,NA,Y,NA,NA,Y,NA,L,04,0,1,0,0,0,0,1,0,0,-,-,33.87282180786133,-118.39556884765624,LOS ANGELES,MANHATTAN BEACH,-118.39564514160156,33.8728141784668
9301191,2021,2021-08-13,1900,2021-07-17,2100,552036,1011,6,5,3,1995,0,0,0,NA,0,101T2,RT 1,TRANCAS CANYON RD,335,N,N,A,-,Y,LA,7,1,-,-,56.93,H,-,S,Y,3,0,2,1,A,-,08,22107,NA,N,E,I,A,A,H,-,D,D,0,NA,NA,Y,NA,Y,NA,C,02,0,2,0,0,0,0,0,0,2,-,-,34.03178024291992,-118.84454345703124,LOS ANGELES,MALIBU,-118.84469604492188,34.03184127807617
9301194,2021,2021-08-12,1942,2021-07-23,0715,41729,1844,5,5,7,1942,0,0,0,R,0,25TL21,IMPERIAL HWY,WADSWORTH AV,0,NA,Y,A,-,N,NA,NA,NA,NA,NA,NA,NA,NA,NA,N,4,0,1,2,A,-,12,22450,A,F,D,C,A,A,H,-,A,A,0,NA,NA,NA,NA,Y,NA,-,99,0,0,1,0,0,0,0,0,0,-,-,NA,NA,LOS ANGELES,LOS ANGELES,-118.25862884521484,33.93093490600586
9301196,2021,2021-08-18,1944,2021-07-09,1106,353,M26,5,5,4,1944,0,0,0,NA,0,001,S SEPULVEDA BL,KEATS ST,0,NA,Y,A,-,Y,LA,7,1,-,-,22.091,I,5,N,Y,4,0,1,2,A,-,09,21801,A,N,D,C,A,A,H,-,A,D,0,NA,NA,NA,NA,Y,NA,A,07,0,0,1,0,0,0,0,0,0,-,-,NA,NA,LOS ANGELES,MANHATTAN BEACH,-118.39592742919922,33.87550735473633
9301198,2021,2021-08-16,1972,2021-07-11,1045,21600,NA,7,5,6,1972,0,0,0,NA,0,NA,WESTERN AV,220TH ST,0,NA,Y,A,-,Y,LA,7,213,-,-,7.722,I,5,S,Y,4,0,1,2,A,-,09,21801,A,N,-,C,A,A,H,-,A,A,0,NA,NA,NA,NA,Y,NA,A,NA,0,0,1,0,0,0,0,0,0,-,-,NA,NA,LOS ANGELES,TORRANCE,-118.3090591430664,33.82786178588867
9301199,2021,2021-08-13,1942,2021-07-03,1515,40452,0854,6,5,7,1942,0,0,0,H,0,27TL21,COTNER AV,SANTA MONICA BL,450,S,N,A,-,Y,LA,7,2,-,-,3.682,I,6,E,N,4,0,1,2,A,-,11,21954,A,F,G,B,D,A,H,-,A,A,0,Y,NA,NA,NA,Y,NA,N,60,0,0,1,0,1,0,0,0,0,-,-,NA,NA,LOS ANGELES,LOS ANGELES,-118.4460678100586,34.047142028808594
9301204,2021,2021-08-17,1913,2021-06-17,1719,4252,73,4,5,4,1913,0,0,0,NA,0,004,BASELINE RD,RT 210,34,E,N,A,-,Y,LA,7,210,-,R,51.979,R,4,W,Y,4,0,1,2,A,-,03,22350,NA,N,C,C,A,A,H,-,A,A,0,NA,NA,NA,NA,Y,NA,A,07,0,0,1,0,0,0,0,0,0,-,EO,NA,NA,LOS ANGELES,CLAREMONT,-117.69479370117188,34.12293243408203
9301208,2021,2021-08-17,1913,2021-06-03,1604,3835,01,4,5,4,1913,0,0,0,NA,0,001,INDIAN HILL BL,AUTO CENTER DR,19,N,N,A,-,N,NA,NA,NA,NA,NA,NA,NA,NA,NA,Y,4,0,1,2,A,-,03,22350,NA,N,C,C,A,A,H,-,A,A,0,NA,NA,NA,NA,Y,NA,A,01,0,0,1,0,0,0,0,0,0,-,-,NA,NA,LOS ANGELES,CLAREMONT,-117.71935272216795,34.08072280883789
9301214,2021,2021-08-16,1941,2021-06-03,1453,10551,NA,4,5,7,1941,0,0,0,NA,0,NA,PACIFIC COAST HWY,WALNUT AV,0,NA,Y,-,-,Y,LA,7,1,-,-,5.261,I,5,S,Y,3,0,1,2,A,-,12,21453,NA,M,D,-,A,A,H,-,-,D,0,NA,NA,NA,NA,Y,NA,A,NA,0,1,0,0,0,0,0,0,0,-,-,NA,NA,LOS ANGELES,LONG BEACH,-118.17191314697266,33.7898063659668
9301241,2021,2021-09-01,1941,2021-06-14,0724,11354,NA,1,5,7,1941,0,0,0,NA,0,NA,PACIFIC COAST HWY,SANTA FE AV,0,NA,Y,A,-,Y,LA,7,1,-,-,7.76,H,-,S,N,3,0,1,2,A,-,08,22107,NA,F,-,-,A,A,H,-,A,-,0,NA,NA,NA,NA,Y,NA,-,NA,0,1,0,0,0,0,0,0,0,-,-,NA,NA,LOS ANGELES,LONG BEACH,-118.21527099609376,33.789817810058594
9301272,2021,2021-08-17,1900,2021-07-17,2016,615106,2619,6,5,6,1950,0,0,0,NA,0,262T1,RT 14,RANCHO VISTA BL,1080,N,N,A,-,Y,LA,7,14,-,R,61.63,H,-,N,Y,4,0,1,1,A,-,01,23152,F,M,E,I,A,A,H,-,B,D,0,NA,NA,NA,NA,Y,Y,A,01,0,0,1,0,0,0,0,0,0,-,-,34.60462951660156,-118.146240234375,LOS ANGELES,PALMDALE,-118.1456298828125,34.60418701171875
9301276,2021,2021-08-17,1900,2021-07-13,0625,527069,2611,2,5,6,1950,0,0,0,NA,0,260H2,PALMDALE BL,3RD ST E,169,E,N,A,-,Y,LA,7,138,-,-,43.89,H,-,W,Y,4,0,1,1,A,-,08,22107,NA,N,E,I,A,A,H,-,A,D,0,NA,NA,NA,NA,Y,NA,A,01,0,0,1,0,0,0,0,0,0,-,-,35.579978942871094,-118.12370300292967,LOS ANGELES,PALMDALE,-118.12590026855467,34.57984924316406
9301281,2021,2021-08-19,1944,2021-04-14,2125,373,M15,3,5,4,1944,0,0,0,NA,0,004,SEPULVEDA BL,14TH ST,10,N,N,A,-,Y,LA,7,1,-,-,23.021,I,5,S,Y,4,0,1,2,A,-,04,21703,NA,N,C,C,A,A,C,-,C,A,0,NA,NA,NA,NA,Y,NA,A,01,0,0,1,0,0,0,0,0,0,-,-,33.88896942138672,-118.39559936523438,LOS ANGELES,MANHATTAN BEACH,-118.39610290527344,33.88895034790039
9301284,2021,2021-08-19,1942,2021-07-07,0650,39022,1494,3,5,7,1942,0,0,0,N,0,27TL25,IMPERIAL HWY,MAIN ST,100,E,N,A,-,N,NA,NA,NA,NA,NA,NA,NA,NA,NA,N,4,0,1,2,A,-,03,22350,NA,F,C,C,A,A,H,-,A,A,0,NA,NA,NA,NA,Y,NA,-,99,0,0,1,0,0,0,0,0,0,-,-,NA,NA,LOS ANGELES,LOS ANGELES,-118.41564178466795,33.93128967285156
9301286,2021,2021-08-20,1922,2021-07-08,0900,600019,0560,4,5,6,1922,0,0,0,NA,0,55T1D,RT 164,GARVEY AV,66,N,N,A,-,Y,LA,7,164,-,-,4.83,H,-,N,N,2,0,1,2,A,-,08,22107,NA,N,D,G,A,A,H,-,A,D,0,NA,Y,NA,NA,Y,NA,L,04,1,0,0,0,0,0,1,0,0,-,-,34.06298065185547,-118.06546783447266,LOS ANGELES,EL MONTE,-118.0654754638672,34.06298828125
9301288,2021,2021-08-25,1942,2021-07-14,1540,42065,1454,3,5,7,1942,0,0,0,N,0,27TL44,LINCOLN BL,MINDANAO WY,0,NA,Y,A,-,Y,LA,7,1,-,-,30.921,I,5,N,N,3,0,1,2,A,-,08,22107,NA,F,B,C,A,A,H,-,A,A,0,NA,Y,NA,NA,Y,NA,-,99,0,1,0,0,0,0,1,0,0,-,-,NA,NA,LOS ANGELES,LOS ANGELES,-118.43902587890624,33.98055648803711
9301290,2021,2021-08-20,1900,2021-07-22,2020,546256,0534,4,5,5,1959,0,0,0,NA,0,53T1PM,RT 164,TELSTAR AV,29,N,N,A,-,Y,LA,7,164,-,-,5.33,H,-,S,N,4,0,1,2,A,-,03,22350,NA,M,C,C,A,A,H,-,C,A,0,NA,NA,NA,NA,Y,NA,A,01,0,0,1,0,0,0,0,0,0,-,-,34.06835174560547,-118.07095336914064,LOS ANGELES,ROSEMEAD,-118.07135009765624,34.068572998046875
9301292,2021,2021-08-25,1941,2021-07-28,0756,10147,NA,3,5,7,1941,0,0,0,NA,0,NA,PACIFIC COAST HWY,LONG BEACH BL,150,W,N,A,-,Y,LA,7,1,-,-,6.31,H,-,N,Y,4,0,1,3,A,-,03,22350,NA,N,C,C,A,A,H,-,A,A,0,NA,NA,NA,NA,Y,NA,A,NA,0,0,1,0,0,0,0,0,0,-,-,NA,NA,LOS ANGELES,LONG BEACH,-118.1901626586914,33.789920806884766
9301316,2021,2021-08-19,1942,2021-07-22,0950,37146,1842,4,5,7,1942,0,0,0,R,0,25TL23,IMPERIAL HWY,SAN PEDRO ST,150,E,N,A,-,N,NA,NA,NA,NA,NA,NA,NA,NA,NA,Y,4,0,1,2,A,-,03,22350,NA,F,C,C,A,A,H,-,A,A,0,NA,NA,NA,NA,Y,NA,A,01,0,0,1,0,0,0,0,0,0,-,-,NA,NA,LOS ANGELES,LOS ANGELES,-118.2690658569336,33.931156158447266
9301320,2021,2021-08-25,1941,2021-07-21,2232,10324,NA,3,5,7,1941,0,0,0,NA,0,NA,PACIFIC COAST HWY,PACIFIC AV,10,E,N,A,-,Y,LA,7,1,-,-,6.5,H,-,N,N,4,0,1,2,A,-,03,22350,NA,F,C,C,A,A,H,-,C,A,0,NA,NA,Y,NA,Y,NA,A,NA,0,0,1,0,0,0,0,0,1,-,-,NA,NA,LOS ANGELES,LONG BEACH,-118.19342803955078,33.7899169921875
9301324,2021,2021-08-24,1942,2021-07-30,1300,41729,1846,5,5,7,1942,0,0,0,R,0,25TL23,IMPERIAL HWY,SUCCESS AV,0,NA,Y,A,-,N,NA,NA,NA,NA,NA,NA,NA,NA,NA,N,3,0,1,2,A,-,10,21950,A,N,G,B,B,A,H,-,A,A,0,Y,NA,NA,NA,Y,NA,A,01,0,1,0,0,1,0,0,0,0,-,-,NA,NA,LOS ANGELES,LOS ANGELES,-118.24932098388672,33.92947006225586
9301328,2021,2021-08-19,1942,2021-07-13,2315,39714,1844,2,5,7,1942,0,0,0,R,0,MX1514,CENTRAL AV,IMPERIAL HWY,0,NA,Y,A,-,N,NA,NA,NA,NA,NA,NA,NA,NA,NA,Y,3,0,1,2,A,-,12,21453,NA,N,D,C,A,A,H,-,C,A,0,NA,NA,NA,NA,Y,NA,A,01,0,1,0,0,0,0,0,0,0,-,-,NA,NA,LOS ANGELES,LOS ANGELES,-118.25423431396484,33.92947006225586
9301330,2021,2021-08-18,1900,2021-06-27,0124,629498,0521,7,5,4,1971,0,0,0,NA,0,52T1/E,ROSEMEAD BL,GARIBALDI AV,227,S,N,A,-,N,NA,NA,NA,NA,NA,NA,NA,NA,NA,Y,4,0,2,3,A,-,01,23152,A,N,E,E,A,A,H,-,C,A,0,NA,NA,NA,NA,Y,NA,A,01,0,0,2,0,0,0,0,0,0,-,-,34.10866165161133,-118.03749847412108,LOS ANGELES,TEMPLE CITY,-118.07356262207033,34.108707427978516
9301332,2021,2021-08-24,1942,2021-07-03,2115,39360,1269,6,5,7,1942,0,0,0,L,0,25T31,MANCHESTER AV,AVALON BL,0,NA,Y,A,-,N,NA,NA,NA,NA,NA,NA,NA,NA,NA,Y,2,0,4,2,A,-,09,21801,A,N,A,C,A,A,H,-,C,A,0,NA,NA,NA,NA,Y,NA,A,07,1,1,2,0,0,0,0,0,0,-,-,NA,NA,LOS ANGELES,LOS ANGELES,-118.26512908935548,33.96013259887695
9301340,2021,2021-08-19,1942,2021-08-01,0022,43233,0974,7,5,7,1942,0,0,0,I,0,9A63W3,VENTURA BL,VAN NUYS BL,100,W,N,A,-,N,NA,NA,NA,NA,NA,NA,NA,NA,NA,N,4,0,1,2,A,-,10,21950,A,F,G,B,B,A,H,-,C,A,0,Y,NA,NA,NA,Y,NA,-,NA,0,0,1,0,1,0,0,0,0,-,-,NA,NA,LOS ANGELES,LOS ANGELES,-118.44902801513672,34.150970458984375
9301359,2021,2021-08-20,1942,2021-07-24,0525,39397,0511,6,5,7,1942,0,0,0,E,0,25TL21,FRAMPTON AV,PACIFIC COAST HWY,0,NA,Y,A,-,Y,LA,7,1,-,-,12.662,I,5,N,N,3,0,1,2,A,-,09,21801,A,F,D,C,A,A,H,-,C,A,0,NA,NA,NA,NA,Y,NA,-,99,0,1,0,0,0,0,0,0,0,-,-,NA,NA,LOS ANGELES,LOS ANGELES,-118.29994201660156,33.789520263671875
9301374,2021,2021-08-24,1900,2021-07-20,1600,531409,0972,2,5,4,1979,0,0,0,NA,0,92T2,SANTA MONICA BL,LA BREA AV,26,E,N,A,-,N,NA,NA,NA,NA,NA,NA,NA,NA,NA,Y,3,0,1,2,A,-,04,21703,NA,N,C,-,A,A,H,-,A,D,0,NA,NA,NA,NA,Y,NA,A,01,0,1,0,0,0,0,0,0,0,-,-,NA,NA,LOS ANGELES,WEST HOLLYWOOD,-118.343994140625,34.090702056884766
9301380,2021,2021-08-24,1941,2021-08-06,2043,11239,NA,5,5,7,1941,0,0,0,NA,0,NA,RT 710,W SHORELINE DR,0,NA,-,A,-,N,NA,NA,NA,NA,NA,NA,NA,NA,NA,N,4,0,1,2,A,-,07,21658,A,N,D,C,A,A,H,-,C,D,0,NA,NA,NA,NA,Y,NA,A,NA,0,0,1,0,0,0,0,0,0,-,-,NA,NA,LOS ANGELES,LONG BEACH,NA,NA
9301382,2021,2021-08-24,1900,2021-07-06,1337,531409,0976,2,5,4,1979,0,0,0,NA,0,92T2,SANTA MONICA BL,CRESCENT HEIGHTS BL,0,NA,Y,A,-,N,NA,NA,NA,NA,NA,NA,NA,NA,NA,Y,3,0,1,2,A,-,09,21801,NA,N,E,I,A,A,H,-,A,A,0,NA,NA,NA,NA,Y,NA,A,01,0,1,0,0,0,0,0,0,0,-,-,NA,NA,LOS ANGELES,WEST HOLLYWOOD,-118.36593627929688,34.09079360961914
9301384,2021,2021-08-25,1900,2021-08-02,1741,625297,2608,1,5,6,1950,0,0,0,NA,0,264T1,PALMDALE BL,40TH ST E,0,NA,Y,A,-,Y,LA,7,138,-,-,47.75,H,-,E,Y,3,0,1,2,A,-,21,22106,NA,N,C,C,A,A,H,-,A,A,0,NA,NA,NA,NA,Y,NA,A,01,0,1,0,0,0,0,0,0,0,-,-,34.5802001953125,-118.05856323242188,LOS ANGELES,PALMDALE,-118.05854034423828,34.580230712890625
9301388,2021,2021-08-25,1900,2021-08-08,1949,552036,1012,7,5,3,1995,0,0,0,NA,0,101T2,RT 1,KANAN DUME RD,100,S,N,A,-,Y,LA,7,1,-,-,54,H,-,N,N,4,0,1,3,D,-,00,NA,NA,N,C,C,A,A,H,-,B,D,0,NA,NA,NA,NA,Y,NA,-,-,0,0,1,0,0,0,0,0,0,-,-,34.02149963378906,-118.8235092163086,LOS ANGELES,MALIBU,-118.80229949951172,34.02146911621094
9301396,2021,2021-08-30,1938,2021-07-03,1340,1143,NA,6,5,4,1938,0,0,0,NA,0,NA,BASELINE RD,CATALINA AV,265,W,N,A,-,N,NA,NA,NA,NA,NA,NA,NA,NA,NA,N,3,0,1,2,A,-,05,21202,A,N,B,G,A,A,H,-,A,A,0,NA,Y,NA,NA,Y,NA,L,04,0,1,0,0,0,0,1,0,0,-,-,NA,NA,LOS ANGELES,LA VERNE,-117.78085327148438,34.12168884277344
9301397,2021,2021-08-17,1942,2021-08-02,1920,42251,1089,1,5,7,1942,0,0,0,J,0,10A99,VENTURA BL,SHERMAN OAKS AV,0,NA,Y,A,-,Y,LA,7,405,-,-,39.091,R,4,S,Y,3,0,1,2,A,-,09,21801,A,N,D,C,A,A,H,-,A,A,0,NA,NA,NA,NA,Y,NA,A,01,0,1,0,0,0,0,0,0,0,-,-,NA,NA,LOS ANGELES,LOS ANGELES,-118.46847534179688,34.155242919921875
9301404,2021,2021-08-30,1931,2021-07-22,1142,5314,1931,4,5,5,1931,0,0,0,NA,0,001,GAGE AV,COTTAGE ST,0,NA,Y,A,-,N,NA,NA,NA,NA,NA,NA,NA,NA,NA,Y,4,0,1,2,A,-,12,21453,A,N,B,C,A,A,H,-,A,A,0,NA,NA,NA,NA,Y,NA,A,01,0,0,1,0,0,0,0,0,0,-,-,NA,NA,LOS ANGELES,HUNTINGTON PARK,-118.23372650146484,33.981651306152344
9301413,2021,2021-08-24,1975,2021-07-03,1800,472,NA,6,5,6,1975,0,0,0,NA,0,004,AZUSA AV,MERCED AV,100,S,N,A,-,N,NA,NA,NA,NA,NA,NA,NA,NA,NA,N,4,0,1,2,A,-,03,22350,NA,F,C,D,A,A,H,-,D,A,0,NA,NA,NA,NA,Y,Y,A,01,0,0,1,0,0,0,0,0,0,-,-,34.053890228271484,-117.90792846679688,LOS ANGELES,WEST COVINA,-117.90804290771484,34.0535774230957
9301421,2021,2021-08-25,1925,2021-07-30,0125,28644,220,5,5,6,1925,0,0,0,NA,0,001,BRAND BL,GOODE AV,0,NA,Y,A,-,Y,LA,7,134,-,R,7.254,R,4,W,Y,3,0,2,2,A,-,12,21453,A,N,D,C,A,A,H,-,C,A,0,NA,NA,NA,NA,Y,NA,-,NA,0,1,1,0,0,0,0,0,0,-,-,NA,NA,LOS ANGELES,GLENDALE,-118.252685546875,34.156463623046875
9301425,2021,2021-09-07,1925,2021-07-27,1704,7016,220,2,5,6,1925,0,0,0,NA,0,004,BRAND BL,RT 134,10,W,N,A,-,Y,LA,7,134,-,R,7.254,R,4,W,N,4,0,2,2,A,-,12,21453,A,N,D,C,A,A,H,-,A,A,0,NA,NA,NA,NA,Y,NA,A,08,0,0,2,0,0,0,0,0,0,-,WF,NA,NA,LOS ANGELES,GLENDALE,-118.252685546875,34.156463623046875
9301435,2021,2021-08-25,1929,2021-08-01,0822,196,1929,7,5,3,1929,0,0,0,NA,0,003,PACIFIC COAST HWY,21ST ST,0,NA,Y,A,-,Y,LA,7,1,-,-,21.721,I,5,S,N,4,0,1,2,A,-,08,22107,NA,N,D,B,B,A,H,-,A,A,0,Y,NA,NA,NA,Y,NA,-,-,0,0,1,0,1,0,0,0,0,-,-,NA,NA,LOS ANGELES,HERMOSA BEACH,-118.39466094970705,33.870216369628906
9301437,2021,2021-08-24,1900,2021-06-20,0055,625056,0975,7,5,4,1979,0,0,0,NA,0,93T3,SANTA MONICA BL,FAIRFAX AV,0,NA,Y,A,-,N,NA,NA,NA,NA,NA,NA,NA,NA,NA,N,4,0,1,2,A,-,10,21950,A,N,A,B,B,A,H,-,C,A,0,Y,NA,NA,NA,Y,NA,A,01,0,0,1,0,1,0,0,0,0,-,-,34.09075927734375,-118.36151885986328,LOS ANGELES,WEST HOLLYWOOD,-118.36147308349608,34.09083938598633
9301490,2021,2021-09-14,1920,2021-07-24,0011,13833,1920,6,5,6,1920,0,0,0,NA,0,004,STUDEBAKER RD,FLORENCE AV,0,NA,Y,A,-,N,NA,NA,NA,NA,NA,NA,NA,NA,NA,N,4,0,1,2,A,-,03,22350,NA,N,C,C,A,A,H,-,C,A,0,NA,NA,NA,NA,Y,NA,A,07,0,0,1,0,0,0,0,0,0,-,-,NA,NA,LOS ANGELES,DOWNEY,-118.09673309326172,33.93705749511719
9301491,2021,2021-09-14,1901,2021-07-26,1722,119,11,1,5,5,1901,0,0,0,NA,0,002,GARFIELD AV,LOS HIGOS ST,0,NA,Y,A,-,N,NA,NA,NA,NA,NA,NA,NA,NA,NA,N,3,0,1,2,A,-,10,21950,A,N,G,B,B,-,H,-,A,A,0,Y,NA,NA,NA,Y,NA,A,01,0,1,0,0,1,0,0,0,0,-,-,34.08573913574219,-118.1230926513672,LOS ANGELES,ALHAMBRA,-118.12306213378906,34.08575439453125
9301492,2021,2021-09-14,1901,2021-07-23,1322,180,28,5,5,5,1901,0,0,0,NA,0,003,MAIN ST,MARGUERITA AV,0,NA,Y,A,-,N,NA,NA,NA,NA,NA,NA,NA,NA,NA,Y,4,0,1,4,A,-,09,21802,A,N,D,C,A,A,H,-,A,A,0,NA,NA,Y,NA,Y,NA,A,01,0,0,1,0,0,0,0,0,0,-,-,34.09157180786133,-118.13834381103516,LOS ANGELES,ALHAMBRA,-118.13835144042967,34.0915412902832
9301493,2021,2021-09-14,1901,2021-07-28,1337,224,5,3,5,5,1901,0,0,0,NA,0,001,MAIN ST,GRANADA AV,0,NA,Y,A,-,N,NA,NA,NA,NA,NA,NA,NA,NA,NA,Y,4,0,2,3,A,-,12,21453,A,N,D,C,A,A,H,-,A,A,0,NA,NA,NA,NA,Y,NA,A,07,0,0,2,0,0,0,0,0,0,-,-,34.09941864013672,-118.1177978515625,LOS ANGELES,ALHAMBRA,-118.11778259277344,34.09946823120117