CASE_ID,ACCIDENT_YEAR,PROC_DATE,JURIS,COLLISION_DATE,COLLISION_TIME,OFFICER_ID,REPORTING_DISTRICT,DAY_OF_WEEK,CHP_SHIFT,POPULATION,CNTY_CITY_LOC,SPECIAL_COND,BEAT_TYPE,CHP_BEAT_TYPE,CITY_DIVISION_LAPD,CHP_BEAT_CLASS,BEAT_NUMBER,PRIMARY_RD,SECONDARY_RD,DISTANCE,DIRECTION,INTERSECTION,WEATHER_1,WEATHER_2,STATE_HWY_IND,CALTRANS_COUNTY,CALTRANS_DISTRICT,STATE_ROUTE,ROUTE_SUFFIX,POSTMILE_PREFIX,POSTMILE,LOCATION_TYPE,RAMP_INTERSECTION,SIDE_OF_HWY,TOW_AWAY,COLLISION_SEVERITY,NUMBER_KILLED,NUMBER_INJURED,PARTY_COUNT,PRIMARY_COLL_FACTOR,PCF_CODE_OF_VIOL,PCF_VIOL_CATEGORY,PCF_VIOLATION,PCF_VIOL_SUBSECTION,HIT_AND_RUN,TYPE_OF_COLLISION,MVIW,PED_ACTION,ROAD_SURFACE,ROAD_COND_1,ROAD_COND_2,LIGHTING,CONTROL_DEVICE,CHP_ROAD_TYPE,PEDESTRIAN_ACCIDENT,BICYCLE_ACCIDENT,MOTORCYCLE_ACCIDENT,TRUCK_ACCIDENT,NOT_PRIVATE_PROPERTY,ALCOHOL_INVOLVED,STWD_VEHTYPE_AT_FAULT,CHP_VEHTYPE_AT_FAULT,COUNT_SEVERE_INJ,COUNT_VISIBLE_INJ,COUNT_COMPLAINT_PAIN,COUNT_PED_KILLED,COUNT_PED_INJURED,COUNT_BICYCLIST_KILLED,COUNT_BICYCLIST_INJURED,COUNT_MC_KILLED,COUNT_MC_INJURED,PRIMARY_RAMP,SECONDARY_RAMP,LATITUDE,LONGITUDE,COUNTY,CITY,POINT_X,POINT_Y
93051014,2024,2024-07-31,9580,2024-07-23,1447,021966,NA,2,2,7,1942,0,1,2,NA,2,105,US-101 S/B (VENTURA FREEWAY),WINNETKA AVE,1060,N,N,A,-,Y,LA,NA,101,NA,NA,23.496,H,NA,L,N,4,0,2,3,A,-,03,22350,NA,N,C,C,A,A,H,-,A,D,0,NA,NA,NA,NA,Y,NA,D,22,0,0,2,0,0,0,0,0,0,-,-,34.17076873779297,-118.574462890625,LOS ANGELES,LOS ANGELES,-118.57447052001952,34.17079544067383
93051036,2024,2024-07-31,9530,2024-07-24,640,020938,NA,3,1,7,1941,0,1,1,NA,2,071,I-710 S/B (LONG BEACH FREEWAY),CARSON ST,500,N,N,A,-,Y,LA,NA,710,NA,NA,10.172,H,NA,L,N,4,0,1,2,A,-,03,22350,NA,N,C,C,A,A,H,-,A,D,0,NA,NA,NA,NA,Y,NA,A,07,0,0,1,0,0,0,0,0,0,-,-,33.837501525878906,-118.2081298828125,LOS ANGELES,LONG BEACH,-118.20800018310548,33.83747482299805
93051037,2024,2024-07-31,9545,2024-01-26,2008,023340,NA,5,2,9,1900,0,3,5,NA,2,001,SIERRA HIGHWAY,AVENUE G,2317,N,N,A,-,N,NA,NA,NA,NA,NA,NA,NA,NA,NA,Y,1,1,1,2,A,-,05,21650,NA,N,A,C,A,A,H,-,D,D,0,NA,NA,NA,Y,Y,NA,D,22,0,0,1,0,0,0,0,0,0,-,-,34.73973083496094,-118.14324188232422,LOS ANGELES,UNINCORPORATED,-118.14322662353516,34.739681243896484
93051063,2024,2024-07-31,9535,2024-07-24,1930,023333,NA,3,2,3,1914,0,1,1,NA,2,073,I-710 S/B (LONG BEACH FREEWAY),I-5 S/B (SANTA ANA FREEWAY),1500,S,N,A,-,Y,LA,NA,710,NA,NA,22.934,H,NA,L,Y,3,0,1,2,A,-,07,21658,A,N,B,2,A,A,H,-,A,D,0,NA,NA,NA,Y,Y,NA,G,25,0,1,0,0,0,0,0,0,0,-,-,34.01156997680664,-118.17254638671876,LOS ANGELES,COMMERCE,-118.17246246337892,34.01156997680664
93051076,2024,2024-07-31,9575,2024-07-24,1142,023009,NA,3,1,7,1942,0,1,1,NA,2,053,I-5 N/B (GOLDEN STATE FREEWAY),VAN NUYS BLVD,1386,N,N,A,-,Y,LA,NA,5,NA,NA,38.79,H,NA,R,N,4,0,2,3,A,-,07,21658,A,N,B,C,A,A,H,-,A,D,0,NA,NA,NA,Y,Y,NA,A,07,0,0,2,0,0,0,0,0,0,-,-,34.25971984863281,-118.43807220458984,LOS ANGELES,LOS ANGELES,-118.4381103515625,34.25969314575195
93051171,2024,2024-08-20,9535,2024-07-23,857,021657,NA,2,1,4,1962,0,1,1,NA,2,400,I-10 (SAN BERNARDINO FREEWAY) E/B,NEW AVE,300,E,N,A,-,Y,LA,NA,10,NA,NA,24.967,H,NA,R,N,4,0,1,2,A,-,08,22107,NA,N,C,C,A,A,H,-,A,D,0,NA,NA,NA,NA,Y,NA,A,01,0,0,1,0,0,0,0,0,0,-,-,34.07168960571289,-118.1059799194336,LOS ANGELES,SAN GABRIEL,-118.1059799194336,34.0716552734375
9306102,2021,2021-08-24,1900,2021-04-02,2128,525754,292T1,5,5,5,1990,0,0,0,NA,0,2921,DIAMOND BAR BL,SUNSET CROSSING RD,528,S,N,A,-,N,NA,NA,NA,NA,NA,NA,NA,NA,NA,Y,3,0,2,2,A,-,01,23152,A,N,E,I,A,A,H,-,C,D,0,NA,NA,NA,NA,Y,Y,D,22,0,2,0,0,0,0,0,0,0,-,-,NA,NA,LOS ANGELES,DIAMOND BAR,-117.81117248535156,34.02721405029297
9306103,2021,2021-09-03,1900,2021-07-21,0939,520671,2920,3,5,5,1990,0,0,0,NA,0,292T1,DIAMOND BAR BL,RT 60,0,NA,Y,A,-,Y,LA,7,60,-,R,25.876,R,4,W,Y,3,0,1,2,A,-,12,21453,A,N,D,C,A,A,H,-,A,A,0,NA,NA,NA,NA,Y,NA,A,01,0,1,0,0,0,0,0,0,0,-,WF,34.02532958984375,-117.81175994873048,LOS ANGELES,DIAMOND BAR,-117.80709838867188,34.025394439697266
9306188,2021,2021-09-09,1931,2021-07-23,1413,5341,1931,5,5,5,1931,0,0,0,NA,0,001,GAGE AV,RITA AV,50,E,N,A,-,N,NA,NA,NA,NA,NA,NA,NA,NA,NA,NA,4,0,1,3,A,-,08,22107,NA,N,B,C,A,A,H,-,A,A,0,NA,NA,NA,NA,Y,NA,A,01,0,0,1,0,0,0,0,0,0,-,-,NA,NA,LOS ANGELES,HUNTINGTON PARK,-118.22371673583984,33.98162841796875
9306190,2021,2021-09-30,1931,2021-08-03,1357,5340,1931,2,5,5,1931,0,0,0,NA,0,002,GAGE AV,PASSAIC ST,0,NA,Y,A,-,N,NA,NA,NA,NA,NA,NA,NA,NA,NA,Y,2,0,2,3,A,-,17,21652,NA,N,A,C,A,A,H,-,A,A,0,NA,NA,NA,NA,Y,Y,A,01,1,0,1,0,0,0,0,0,0,-,-,NA,NA,LOS ANGELES,HUNTINGTON PARK,-118.21687316894533,33.98119354248047
9306210,2021,2021-09-09,1902,2021-07-21,0450,816,07,3,5,5,1902,0,0,0,NA,0,001,MICHILLINDA AV,FOOTHILL BL,0,NA,Y,A,-,N,NA,NA,NA,NA,NA,NA,NA,NA,NA,N,3,0,2,2,D,-,00,NA,NA,N,D,C,A,A,H,-,C,A,0,NA,NA,NA,NA,Y,NA,-,-,0,1,1,0,0,0,0,0,0,-,-,NA,NA,LOS ANGELES,ARCADIA,-118.06781005859376,34.150291442871094
9306211,2021,2021-09-09,1902,2021-07-30,0858,789,13,5,5,5,1902,0,0,0,NA,0,003,COLORADO BL,BALDWIN AV,136,W,N,A,-,N,NA,NA,NA,NA,NA,NA,NA,NA,NA,Y,4,0,1,1,A,-,03,22350,NA,N,D,I,A,A,H,-,A,D,0,NA,NA,NA,NA,Y,NA,D,22,0,0,1,0,0,0,0,0,0,-,-,NA,NA,LOS ANGELES,ARCADIA,-118.05068969726564,34.148338317871094
9306268,2021,2021-09-08,1955,2021-07-26,0527,42628,89,1,5,6,1955,0,0,0,NA,0,004,RESERVOIR ST,COUNTY RD,30,N,N,B,C,N,NA,NA,NA,NA,NA,NA,NA,NA,NA,NA,4,0,1,2,A,-,03,22350,NA,N,C,C,A,B,H,-,B,A,0,NA,NA,NA,NA,Y,NA,D,22,0,0,1,0,0,0,0,0,0,-,-,34.0263786315918,-117.73175048828124,LOS ANGELES,POMONA,-117.73152160644533,34.02653121948242
9306271,2021,2021-09-03,1955,2021-07-08,1720,42416,88,4,5,6,1955,0,0,0,NA,0,004,GAREY AV,RT 60,45,N,N,A,-,Y,LA,7,60,-,R,29.19,R,4,E,Y,3,0,1,2,A,-,08,22107,NA,N,B,C,A,A,H,-,A,A,0,NA,NA,NA,NA,Y,NA,D,22,0,1,0,0,0,0,0,0,0,-,EF,NA,NA,LOS ANGELES,POMONA,-117.75131225585938,34.0233039855957
9306274,2021,2021-09-30,1955,2021-08-01,1835,42424,77,7,5,6,1955,0,0,0,NA,0,005,MISSION BL,PHILLIPS DR,0,NA,Y,A,-,N,NA,NA,NA,NA,NA,NA,NA,NA,NA,Y,3,0,1,2,A,-,12,21453,A,F,A,C,A,A,A,-,A,A,0,NA,NA,NA,NA,Y,NA,D,22,0,1,0,0,0,0,0,0,0,-,-,34.050960540771484,-117.79266357421876,LOS ANGELES,POMONA,-117.79264068603516,34.05089569091797
9306284,2021,2021-09-30,1942,2021-08-01,0330,44046,1804,7,5,7,1942,0,0,0,R,0,NA,87TH PL,WADSWORTH AV,15,W,N,A,-,N,NA,NA,NA,NA,NA,NA,NA,NA,NA,Y,4,0,1,6,A,-,08,22107,NA,F,B,B,E,A,H,-,E,D,0,Y,NA,NA,NA,Y,NA,A,01,0,0,1,0,1,0,0,0,0,-,-,NA,NA,LOS ANGELES,LOS ANGELES,-118.25868988037108,33.95835876464844
9306286,2021,2021-09-30,1942,2021-08-01,1820,44165,1824,7,5,7,1942,0,0,0,R,0,18A34,E 99TH ST,CENTRAL,150,E,N,A,-,N,NA,NA,NA,NA,NA,NA,NA,NA,NA,N,2,0,1,3,A,-,03,22350,NA,F,G,B,F,A,H,-,A,D,0,Y,NA,NA,NA,Y,NA,-,99,1,0,0,0,1,0,0,0,0,-,-,NA,NA,LOS ANGELES,LOS ANGELES,-118.25358581542967,33.94694900512695
9306291,2021,2021-09-30,1942,2021-08-04,1345,43174,0375,3,5,7,1942,0,0,0,C,0,3A99W3,W MARTIN LUTHER KING JR BL,S WESTERN AV,5,E,N,A,-,N,NA,NA,NA,NA,NA,NA,NA,NA,NA,N,4,0,1,2,A,-,04,21703,NA,F,C,C,A,A,H,-,A,A,0,NA,NA,NA,NA,Y,NA,-,99,0,0,1,0,0,0,0,0,0,-,-,NA,NA,LOS ANGELES,LOS ANGELES,-118.30891418457033,34.01084899902344
9306340,2021,2021-09-09,1942,2021-07-25,1240,33452,1372,7,5,7,1942,0,0,0,M,0,24TL22,SLAUSON AV,TOWNE AV,10,E,N,A,-,N,NA,NA,NA,NA,NA,NA,NA,NA,NA,N,3,0,1,3,A,-,09,21801,A,F,C,C,A,A,H,-,A,D,0,NA,NA,NA,NA,Y,NA,-,99,0,1,0,0,0,0,0,0,0,-,-,NA,NA,LOS ANGELES,LOS ANGELES,-118.26751708984376,33.98923873901367
9306342,2021,2021-09-16,1942,2021-08-01,2500,42731,13,7,5,7,1942,0,0,0,M,0,13A91,VERNON,CENTRAL,0,NA,Y,E,-,N,NA,NA,NA,NA,NA,NA,NA,NA,NA,N,3,0,1,2,A,-,03,22350,NA,F,G,-,-,A,-,-,E,-,0,Y,NA,NA,NA,Y,NA,D,22,0,1,0,0,1,0,0,0,0,-,-,NA,NA,LOS ANGELES,LOS ANGELES,-118.25649261474608,34.00392532348633
9306344,2021,2021-09-09,1972,2021-07-22,1335,19767,NA,4,5,6,1972,0,0,0,NA,0,NA,TORRANCE BL,MADRONA AV,528,E,N,A,-,N,NA,NA,NA,NA,NA,NA,NA,NA,NA,Y,3,0,1,4,A,-,03,22350,NA,M,C,C,A,A,H,-,A,D,0,NA,NA,NA,NA,Y,NA,D,NA,0,1,0,0,0,0,0,0,0,-,-,NA,NA,LOS ANGELES,TORRANCE,-118.34333801269533,33.83710479736328
9306347,2021,2021-08-28,1972,2021-07-28,1100,20418,NA,3,5,6,1972,0,0,0,NA,0,NA,132ND ST,CRENSHAW BL,20,E,N,A,-,N,NA,NA,NA,NA,NA,NA,NA,NA,NA,Y,4,0,1,2,A,-,-,NA,NA,N,B,C,A,A,H,-,A,-,0,NA,NA,NA,NA,Y,NA,-,NA,0,0,1,0,0,0,0,0,0,-,-,NA,NA,LOS ANGELES,TORRANCE,-118.32653045654295,33.91233825683594
9306348,2021,2021-09-09,1972,2021-07-29,0737,19767,NA,4,5,6,1972,0,0,0,NA,0,NA,SEPULVEDA BL,MADRONA AV,60,W,N,A,-,N,NA,NA,NA,NA,NA,NA,NA,NA,NA,N,4,0,1,2,A,-,03,22350,NA,N,C,C,A,A,H,-,A,D,0,NA,NA,NA,NA,Y,NA,D,NA,0,0,1,0,0,0,0,0,0,-,-,NA,NA,LOS ANGELES,TORRANCE,-118.34526824951172,33.8250617980957
9306350,2021,2021-09-01,1972,2021-07-27,0606,18059,NA,2,5,6,1972,0,0,0,NA,0,NA,WESTERN,213TH ST,0,NA,Y,B,-,Y,LA,7,213,-,-,8.268,I,5,S,Y,4,0,1,2,A,-,09,21801,A,N,D,C,A,A,H,-,A,A,0,NA,NA,NA,NA,Y,NA,D,NA,0,0,1,0,0,0,0,0,0,-,-,NA,NA,LOS ANGELES,TORRANCE,-118.30918884277344,33.83562469482422
9306351,2021,2021-09-09,1972,2021-07-21,1551,21239,NA,3,5,6,1972,0,0,0,NA,0,NA,SEPULVEDA AV,KATHRYN AV,25,W,N,A,-,N,NA,NA,NA,NA,NA,NA,NA,NA,NA,Y,3,0,1,3,A,-,03,22350,NA,N,C,C,A,A,H,-,A,A,0,NA,NA,NA,NA,Y,NA,D,NA,0,1,0,0,0,0,0,0,0,-,-,NA,NA,LOS ANGELES,TORRANCE,-118.36167144775392,33.82637405395508
9306660,2021,2021-09-23,1942,2021-07-26,2200,41844,1834,1,5,7,1942,0,0,0,R,0,25T33,AVALON BL,107TH ST,104,S,N,A,-,N,NA,NA,NA,NA,NA,NA,NA,NA,NA,N,2,0,1,2,A,-,11,21954,A,F,G,B,E,A,H,-,C,D,0,Y,NA,NA,NA,Y,NA,N,60,1,0,0,0,1,0,0,0,0,-,-,NA,NA,LOS ANGELES,LOS ANGELES,-118.26519775390624,33.9389762878418
9306663,2021,2021-09-22,1920,2021-08-25,1240,11792,1920,3,5,6,1920,0,0,0,NA,0,003,PARAMOUNT BL,SUVA ST,300,N,N,A,-,N,NA,NA,NA,NA,NA,NA,NA,NA,NA,N,3,0,1,4,A,-,03,22350,NA,N,C,C,A,A,A,-,A,A,0,NA,NA,NA,NA,Y,NA,D,22,0,1,0,0,0,0,0,0,0,-,-,NA,NA,LOS ANGELES,DOWNEY,-118.12477111816406,33.96059036254883
9306664,2021,2021-09-09,1920,2021-07-18,1220,13118,1920,7,5,6,1920,0,0,0,NA,0,006,ALAMEDA ST,BIRCHDALE AV,0,NA,Y,A,-,N,NA,NA,NA,NA,NA,NA,NA,NA,NA,Y,4,0,1,3,A,-,12,21453,A,N,D,C,A,A,H,-,A,A,0,NA,NA,NA,Y,Y,NA,-,-,0,0,1,0,0,0,0,0,0,-,-,NA,NA,LOS ANGELES,DOWNEY,-118.13655090332033,33.9254264831543
9306666,2021,2021-09-22,1920,2021-08-19,1414,14127,1920,4,5,6,1920,0,0,0,NA,0,006,DOWNEY AV,LANKIN ST,0,NA,Y,A,-,N,NA,NA,NA,NA,NA,NA,NA,NA,NA,N,4,0,2,2,A,-,03,22350,NA,N,C,C,A,A,H,-,A,D,0,NA,NA,NA,NA,Y,NA,D,22,0,0,2,0,0,0,0,0,0,-,-,NA,NA,LOS ANGELES,DOWNEY,-118.14544677734376,33.923194885253906
9306668,2021,2021-09-22,1920,2021-08-03,1550,13965,NA,2,5,6,1920,0,0,0,NA,0,003,FLORENCE AV,TECUM RD,0,NA,Y,A,-,N,NA,NA,NA,NA,NA,NA,NA,NA,NA,N,4,0,2,2,D,-,00,NA,NA,N,D,C,A,A,H,-,A,A,0,NA,NA,NA,NA,Y,NA,-,-,0,0,2,0,0,0,0,0,0,-,-,NA,NA,LOS ANGELES,DOWNEY,-118.14051055908205,33.95883560180664
9306671,2021,2021-09-28,1901,2021-08-05,2324,151,30,4,5,5,1901,0,0,0,NA,0,003,FREMONT AV,CONCORD AV,22,S,N,A,-,N,NA,NA,NA,NA,NA,NA,NA,NA,NA,NA,4,0,3,2,A,-,03,22350,NA,N,C,C,A,-,H,-,C,A,0,NA,NA,NA,Y,Y,NA,F,26,0,0,3,0,0,0,0,0,0,-,-,34.086551666259766,-118.15196990966795,LOS ANGELES,ALHAMBRA,-118.15200042724608,34.08647155761719
9306674,2021,2021-09-22,1920,2021-08-17,1620,13965,NA,2,5,6,1920,0,0,0,NA,0,003,FLORENCE AV,SMALLWOOD AV,0,NA,Y,A,-,N,NA,NA,NA,NA,NA,NA,NA,NA,NA,Y,3,0,3,2,A,-,01,23152,B,N,D,C,A,A,H,-,A,A,0,NA,NA,NA,NA,Y,Y,A,01,0,1,2,0,0,0,0,0,0,-,-,NA,NA,LOS ANGELES,DOWNEY,-118.13324737548828,33.95516586303711
9306686,2021,2021-09-18,1900,2021-08-19,1049,517022,0456,4,5,6,1949,0,0,0,NA,0,43TAM,NORWALK BL,ABINGTON ST,249,N,N,A,-,N,NA,NA,NA,NA,NA,NA,NA,NA,NA,Y,4,0,3,3,A,-,08,22107,NA,N,B,E,A,A,H,-,A,D,0,NA,NA,NA,NA,Y,NA,A,01,0,0,3,0,0,0,0,0,0,-,-,NA,NA,LOS ANGELES,NORWALK,-118.07295989990234,33.89702224731445
9306734,2021,2021-10-12,1942,2021-08-21,1905,41977,1844,6,5,7,1942,0,0,0,R,0,25MXB,LANZIT AV,11TH DR,0,NA,Y,A,-,N,NA,NA,NA,NA,NA,NA,NA,NA,NA,Y,4,0,2,2,A,-,05,21650,A,F,-,C,A,A,H,-,A,D,0,NA,NA,NA,NA,Y,NA,A,01,0,0,2,0,0,0,0,0,0,-,-,NA,NA,LOS ANGELES,LOS ANGELES,NA,NA
9306735,2021,2021-10-12,1942,2021-08-19,1144,42750,1804,4,5,7,1942,0,0,0,R,0,25TL23,CENTRAL AV,87TH ST,0,NA,Y,A,-,N,NA,NA,NA,NA,NA,NA,NA,NA,NA,N,4,0,1,2,A,-,12,22450,A,F,D,C,A,A,H,-,A,A,0,NA,NA,NA,NA,Y,NA,-,99,0,0,1,0,0,0,0,0,0,-,-,NA,NA,LOS ANGELES,LOS ANGELES,-118.25640106201172,33.959266662597656
9306738,2021,2021-10-12,1942,2021-08-21,0540,42750,1265,6,5,7,1942,0,0,0,L,0,25T25,MANCHESTER AV,VERMONT,43,W,N,A,-,N,NA,NA,NA,NA,NA,NA,NA,NA,NA,Y,4,0,1,2,A,-,03,22350,NA,F,C,C,A,A,H,-,A,A,0,NA,NA,NA,NA,Y,NA,-,99,0,0,1,0,0,0,0,0,0,-,-,NA,NA,LOS ANGELES,LOS ANGELES,-118.29190826416016,33.960018157958984
9306739,2021,2021-10-12,1942,2021-08-20,2035,40099,1842,5,5,7,1942,0,0,0,R,0,25MX82,FIGUEROA ST,111TH ST,35,N,N,A,-,N,NA,NA,NA,NA,NA,NA,NA,NA,NA,Y,4,0,2,2,A,-,08,22100,A,N,D,C,A,A,H,-,C,D,0,NA,NA,NA,NA,Y,NA,A,07,0,0,2,0,0,0,0,0,0,-,-,NA,NA,LOS ANGELES,LOS ANGELES,-118.28260803222656,33.934844970703125
9306764,2021,2021-10-08,1942,2021-08-20,1130,41729,0354,5,5,7,1942,0,0,0,C,0,25TL21,ARLINGTON AV,37TH PL,12,N,N,A,-,N,NA,NA,NA,NA,NA,NA,NA,NA,NA,N,4,0,1,2,A,-,09,21804,NA,F,E,I,A,A,H,-,A,A,0,NA,NA,NA,NA,Y,Y,-,99,0,0,1,0,0,0,0,0,0,-,-,NA,NA,LOS ANGELES,LOS ANGELES,-118.31765747070313,34.020301818847656
9306766,2021,2021-10-11,1942,2021-08-22,2340,38503,0395,7,5,7,1942,0,0,0,C,0,25T35,VERNON AV,VERMONT AV,0,NA,Y,A,-,N,NA,NA,NA,NA,NA,NA,NA,NA,NA,Y,4,0,1,7,A,-,12,21453,A,F,D,C,A,A,H,-,C,A,0,NA,NA,NA,NA,Y,Y,A,01,0,0,1,0,0,0,0,0,0,-,-,NA,NA,LOS ANGELES,LOS ANGELES,-118.29157257080078,34.00368118286133
9306767,2021,2021-10-13,1942,2021-08-19,1600,43784,0392,4,5,7,1942,0,0,0,C,0,3XL96,W 48TH ST,2ND AV,50,W,N,A,-,N,NA,NA,NA,NA,NA,NA,NA,NA,NA,N,4,0,1,2,A,-,03,22350,NA,N,C,C,A,A,H,-,A,D,0,NA,NA,NA,NA,Y,NA,D,22,0,0,1,0,0,0,0,0,0,-,-,NA,NA,LOS ANGELES,LOS ANGELES,-118.31941223144533,34.00002670288086
9306838,2021,2021-09-23,1942,2021-08-02,1340,41376,0739,1,5,7,1942,0,0,0,G,0,27TL23,WILSHIRE BL,LUCERNE BL,135,W,N,A,-,N,NA,NA,NA,NA,NA,NA,NA,NA,NA,Y,4,0,1,2,A,-,21,22106,NA,N,C,C,A,A,H,-,A,A,0,NA,NA,NA,NA,Y,NA,D,22,0,0,1,0,0,0,0,0,0,-,-,NA,NA,LOS ANGELES,LOS ANGELES,-118.32481384277344,34.061851501464844
9306844,2021,2021-09-27,1942,2021-08-21,1815,39844,2024,6,5,7,1942,0,0,0,NA,0,27MQ14,S WESTERN AV,W 5TH ST,135,S,N,A,-,N,NA,NA,NA,NA,NA,NA,NA,NA,NA,N,4,0,1,2,C,-,18,NA,NA,N,B,E,A,A,H,-,A,D,0,NA,NA,NA,NA,Y,NA,-,-,0,0,1,0,0,0,0,0,0,-,-,NA,NA,LOS ANGELES,LOS ANGELES,-118.30911254882813,34.06494140625
9306848,2021,2022-02-18,1942,2021-08-15,0445,40938,0237,7,5,7,1942,0,0,0,B,0,RAMP,BEAUDRY AV,2ND ST,0,NA,Y,A,-,N,NA,NA,NA,NA,NA,NA,NA,NA,NA,Y,3,0,1,2,A,-,12,21453,A,F,D,C,A,-,H,-,C,A,0,NA,NA,NA,Y,Y,NA,-,-,0,1,0,0,0,0,0,0,0,-,-,NA,NA,LOS ANGELES,LOS ANGELES,-118.25531005859376,34.057945251464844
9306927,2021,2022-02-24,1942,2021-06-19,1530,41571,RD132,6,5,7,1942,0,0,0,NA,0,13A27,HOOPER,43RD PL,0,NA,Y,-,-,N,NA,NA,NA,NA,NA,NA,NA,NA,NA,N,4,0,1,3,A,-,08,22107,NA,F,-,-,A,-,-,-,-,-,0,NA,NA,NA,NA,Y,NA,A,07,0,0,1,0,0,0,0,0,0,-,-,NA,NA,LOS ANGELES,LOS ANGELES,-118.2521514892578,34.004825592041016
9306931,2021,2021-09-07,1900,2021-06-26,1730,644792,1137,6,5,6,1992,0,0,0,NA,0,112T2,15TH ST E,AV J,9,S,N,A,-,N,NA,NA,NA,NA,NA,NA,NA,NA,NA,N,3,0,1,2,A,-,10,21950,A,N,G,B,B,A,H,-,A,A,0,Y,NA,NA,NA,Y,NA,A,07,0,1,0,0,1,0,0,0,0,-,-,NA,NA,LOS ANGELES,LANCASTER,-118.10369110107422,34.689537048339844
9306932,2021,2021-09-07,1900,2021-06-24,2141,644792,1124,4,5,6,1992,0,0,0,NA,0,112T1,AV L,10TH ST W,300,E,N,A,-,N,NA,NA,NA,NA,NA,NA,NA,NA,NA,Y,4,0,4,3,A,-,03,22350,NA,N,C,C,A,A,H,-,C,A,0,NA,NA,NA,NA,Y,NA,A,01,0,0,4,0,0,0,0,0,0,-,-,NA,NA,LOS ANGELES,LANCASTER,-118.14684295654295,34.66033935546875
9307076,2021,2021-09-07,1942,2021-07-28,1700,38118,O726,3,5,7,1942,0,0,0,NA,0,27M142,LA BREA,3RD ST,254,N,N,A,-,N,NA,NA,NA,NA,NA,NA,NA,NA,NA,Y,3,0,4,2,A,-,09,21801,A,N,D,C,A,A,H,-,A,D,0,NA,NA,NA,NA,Y,NA,A,07,0,3,1,0,0,0,0,0,0,-,-,NA,NA,LOS ANGELES,LOS ANGELES,-118.34403228759766,34.06960678100586
9307078,2021,2021-09-07,1942,2021-07-28,0320,44250,0727,3,5,7,1942,0,0,0,G,0,7A17,3RD ST,HIGHLAND AV,10,W,N,A,-,N,NA,NA,NA,NA,NA,NA,NA,NA,NA,Y,3,0,1,1,A,-,03,22350,NA,N,E,I,A,A,H,-,C,A,0,NA,NA,NA,NA,Y,NA,A,01,0,1,0,0,0,0,0,0,0,-,-,NA,NA,LOS ANGELES,LOS ANGELES,-118.33867645263672,34.06890869140625
9307079,2021,2021-09-07,1942,2021-07-25,0845,36553,QTOL,7,5,7,1942,0,0,0,NA,0,27TL29,GENESEE AV,MELROSE AV,132,S,N,A,-,N,NA,NA,NA,NA,NA,NA,NA,NA,NA,Y,4,0,1,2,A,-,09,21804,A,N,D,C,A,A,H,-,A,D,0,NA,NA,NA,NA,Y,NA,A,01,0,0,1,0,0,0,0,0,0,-,-,NA,NA,LOS ANGELES,LOS ANGELES,-118.35842895507813,34.083396911621094
9307080,2021,2021-09-07,1942,2021-07-21,2335,41911,1213,3,5,7,1942,0,0,0,L,0,12A3,S WESTERN AV,W 55TH ST,15,S,N,A,-,N,NA,NA,NA,NA,NA,NA,NA,NA,NA,N,2,0,1,2,A,-,03,22350,NA,F,H,G,A,A,H,-,C,A,0,NA,Y,NA,NA,Y,NA,-,99,1,0,0,0,0,0,1,0,0,-,-,NA,NA,LOS ANGELES,LOS ANGELES,-118.30893707275392,33.9922981262207
9307082,2021,2021-09-07,1942,2021-07-23,2220,37724,1283,5,5,7,1942,0,0,0,L,0,25TL37,WESTERN AV,CENTURY BL,0,NA,Y,A,-,N,NA,NA,NA,NA,NA,NA,NA,NA,NA,N,2,0,1,2,A,-,10,21950,A,N,G,B,B,A,H,-,C,A,0,Y,NA,NA,NA,Y,NA,-,-,1,0,0,0,1,0,0,0,0,-,-,NA,NA,LOS ANGELES,LOS ANGELES,-118.30902862548828,33.94545364379883
9307083,2021,2021-09-07,1942,2021-07-26,1755,39745,1283,1,5,7,1942,0,0,0,L,0,25MX16,WESTERN AV,96TH ST,195,N,N,A,-,N,NA,NA,NA,NA,NA,NA,NA,NA,NA,N,2,0,1,2,B,-,22,NA,NA,N,G,B,F,A,H,-,A,D,0,Y,NA,NA,NA,Y,NA,-,-,1,0,0,0,1,0,0,0,0,-,-,NA,NA,LOS ANGELES,LOS ANGELES,-118.30899047851564,33.949195861816406
9307168,2021,2021-10-11,1902,2021-08-19,0748,785,14,4,5,5,1902,0,0,0,NA,0,002,SANTA ANITA AV,CALIFORNIA ST,0,NA,Y,A,-,N,NA,NA,NA,NA,NA,NA,NA,NA,NA,Y,4,0,3,2,A,-,09,21802,A,N,-,C,A,A,H,-,A,A,0,NA,NA,NA,NA,Y,NA,A,07,0,0,3,0,0,0,0,0,0,-,-,NA,NA,LOS ANGELES,ARCADIA,-118.03144073486328,34.1367301940918
9307170,2021,2021-10-11,1902,2021-08-13,0813,786,25,5,5,5,1902,0,0,0,NA,0,004,LEROY AV,EWELL LN,0,NA,Y,A,-,N,NA,NA,NA,NA,NA,NA,NA,NA,NA,N,3,0,1,2,A,-,09,21802,A,N,D,G,A,A,H,-,A,A,0,NA,Y,NA,NA,Y,NA,L,04,0,1,0,0,0,0,1,0,0,-,-,NA,NA,LOS ANGELES,ARCADIA,-118.04022216796876,34.125579833984375
9307171,2021,2021-10-11,1902,2021-08-15,1141,783,21,7,5,5,1902,0,0,0,NA,0,004,S BALDWIN AV,S BALDWIN AV  855,0,NA,Y,A,-,N,NA,NA,NA,NA,NA,NA,NA,NA,NA,Y,4,0,1,2,A,-,09,21804,A,N,D,C,A,A,H,-,A,D,0,NA,NA,NA,NA,Y,NA,A,01,0,0,1,0,0,0,0,0,0,-,-,NA,NA,LOS ANGELES,ARCADIA,-118.05269622802734,34.109657287597656
9307178,2021,2021-10-11,1942,2021-08-05,2050,42364,0506,4,5,7,1942,0,0,0,E,0,25T35,WESTERN AV,CARSON ST,60,S,N,A,-,N,NA,NA,NA,NA,NA,NA,NA,NA,NA,N,4,0,1,2,A,-,05,21650,1,F,D,G,A,-,H,-,C,B,0,NA,Y,NA,NA,Y,NA,L,04,0,0,1,0,0,0,1,0,0,-,-,NA,NA,LOS ANGELES,LOS ANGELES,-118.30902099609376,33.831336975097656