CASE_ID,ACCIDENT_YEAR,PROC_DATE,JURIS,COLLISION_DATE,COLLISION_TIME,OFFICER_ID,REPORTING_DISTRICT,DAY_OF_WEEK,CHP_SHIFT,POPULATION,CNTY_CITY_LOC,SPECIAL_COND,BEAT_TYPE,CHP_BEAT_TYPE,CITY_DIVISION_LAPD,CHP_BEAT_CLASS,BEAT_NUMBER,PRIMARY_RD,SECONDARY_RD,DISTANCE,DIRECTION,INTERSECTION,WEATHER_1,WEATHER_2,STATE_HWY_IND,CALTRANS_COUNTY,CALTRANS_DISTRICT,STATE_ROUTE,ROUTE_SUFFIX,POSTMILE_PREFIX,POSTMILE,LOCATION_TYPE,RAMP_INTERSECTION,SIDE_OF_HWY,TOW_AWAY,COLLISION_SEVERITY,NUMBER_KILLED,NUMBER_INJURED,PARTY_COUNT,PRIMARY_COLL_FACTOR,PCF_CODE_OF_VIOL,PCF_VIOL_CATEGORY,PCF_VIOLATION,PCF_VIOL_SUBSECTION,HIT_AND_RUN,TYPE_OF_COLLISION,MVIW,PED_ACTION,ROAD_SURFACE,ROAD_COND_1,ROAD_COND_2,LIGHTING,CONTROL_DEVICE,CHP_ROAD_TYPE,PEDESTRIAN_ACCIDENT,BICYCLE_ACCIDENT,MOTORCYCLE_ACCIDENT,TRUCK_ACCIDENT,NOT_PRIVATE_PROPERTY,ALCOHOL_INVOLVED,STWD_VEHTYPE_AT_FAULT,CHP_VEHTYPE_AT_FAULT,COUNT_SEVERE_INJ,COUNT_VISIBLE_INJ,COUNT_COMPLAINT_PAIN,COUNT_PED_KILLED,COUNT_PED_INJURED,COUNT_BICYCLIST_KILLED,COUNT_BICYCLIST_INJURED,COUNT_MC_KILLED,COUNT_MC_INJURED,PRIMARY_RAMP,SECONDARY_RAMP,LATITUDE,LONGITUDE,COUNTY,CITY,POINT_X,POINT_Y
9313508,2021,2021-09-15,1942,2021-07-12,0430,43214,0717,1,5,7,1942,0,0,0,G,0,7A17,HIGHLAND AV,BEVERLY BL,0,NA,Y,A,-,N,NA,NA,NA,NA,NA,NA,NA,NA,NA,Y,4,0,1,2,A,-,09,21801,A,N,A,C,A,A,H,-,A,A,0,NA,NA,NA,NA,Y,NA,A,01,0,0,1,0,0,0,0,0,0,-,-,NA,NA,LOS ANGELES,LOS ANGELES,-118.33865356445313,34.07618713378906
9313509,2021,2021-09-15,1942,2021-07-14,1920,41744,0742,3,5,7,1942,0,0,0,G,0,7A85,FAIRFAX AV,SAN VICENTE BL,0,NA,Y,A,-,N,NA,NA,NA,NA,NA,NA,NA,NA,NA,N,4,0,1,2,A,-,08,22100,B,F,C,C,A,A,H,-,A,A,0,NA,NA,NA,NA,Y,NA,-,99,0,0,1,0,0,0,0,0,0,-,-,NA,NA,LOS ANGELES,LOS ANGELES,-118.36367797851564,34.058555603027344
9313510,2021,2021-09-15,1942,2021-07-05,0050,33757,0717,1,5,7,1942,0,0,0,G,0,27TL31,HIGHLAND AV,BEVERLY BL,0,NA,Y,A,-,N,NA,NA,NA,NA,NA,NA,NA,NA,NA,Y,4,0,1,3,A,-,12,21453,A,F,D,C,A,A,H,-,C,A,0,NA,NA,NA,NA,Y,NA,A,07,0,0,1,0,0,0,0,0,0,-,-,NA,NA,LOS ANGELES,LOS ANGELES,-118.33865356445313,34.07618713378906
9313511,2021,2021-09-15,1942,2021-07-11,2148,43680,0656,7,5,7,1942,0,0,0,F,0,6A76WT,CAHUENGA BL,WILLOUGHBY AV,0,NA,Y,A,-,N,NA,NA,NA,NA,NA,NA,NA,NA,NA,Y,3,0,5,2,A,-,12,21453,A,N,D,C,A,A,H,-,C,A,0,NA,NA,NA,NA,Y,NA,A,01,0,2,3,0,0,0,0,0,0,-,-,NA,NA,LOS ANGELES,LOS ANGELES,-118.32884979248048,34.08711242675781
9313512,2021,2021-09-15,1942,2021-07-10,2025,36286,0622,6,5,7,1942,0,0,0,F,0,6A31,MULHOLLAND DR,LAUREL CANYON BL,158,W,N,A,-,N,NA,NA,NA,NA,NA,NA,NA,NA,NA,N,4,0,1,1,A,-,03,22350,NA,N,E,J,A,B,B,F,D,D,0,NA,NA,NA,NA,Y,NA,A,07,0,0,1,0,0,0,0,0,0,-,-,34.12358093261719,-118.37535858154295,LOS ANGELES,LOS ANGELES,-118.37572479248048,34.123268127441406
9313513,2021,2021-09-15,1942,2021-07-09,1150,38282,0636,5,5,7,1942,0,0,0,F,0,27TL42,CAHUENGA BL,SANTA MONICA BL,0,NA,Y,A,-,N,NA,NA,NA,NA,NA,NA,NA,NA,NA,Y,4,0,2,2,A,-,12,21453,A,N,D,C,A,A,H,-,A,A,0,NA,NA,NA,NA,Y,NA,A,07,0,0,2,0,0,0,0,0,0,-,-,NA,NA,LOS ANGELES,LOS ANGELES,-118.32886505126952,34.09074020385742
9313514,2021,2021-09-15,1942,2021-07-02,1745,43427,0637,5,5,7,1942,0,0,0,F,0,6A76,GOWER ST,CARLOS AV,20,S,N,A,-,N,NA,NA,NA,NA,NA,NA,NA,NA,NA,N,3,0,2,4,A,-,08,22107,NA,N,B,C,A,A,H,-,A,D,0,NA,NA,NA,NA,Y,NA,A,01,0,1,1,0,0,0,0,0,0,-,-,NA,NA,LOS ANGELES,LOS ANGELES,-118.32245635986328,34.102928161621094
9313515,2021,2021-09-15,1942,2021-07-16,2100,38090,0645,5,5,7,1942,0,0,0,F,0,27T31,HOLLYWOOD BL,HIGHLAND AV,60,W,N,A,-,N,NA,NA,NA,NA,NA,NA,NA,NA,NA,N,4,0,1,2,A,-,07,21658,A,F,C,C,A,A,H,-,C,A,0,NA,NA,NA,NA,Y,NA,-,99,0,0,1,0,0,0,0,0,0,-,-,NA,NA,LOS ANGELES,LOS ANGELES,-118.3388900756836,34.1015510559082
9313516,2021,2021-09-15,1942,2021-07-14,0009,43716,0636,3,5,7,1942,0,0,0,F,0,6A15,HOLLYWOOD BL,CAHUENGA BL,0,NA,Y,A,-,N,NA,NA,NA,NA,NA,NA,NA,NA,NA,NA,4,0,1,2,A,-,03,22350,NA,F,C,C,A,A,H,-,C,A,0,NA,NA,NA,NA,Y,NA,-,99,0,0,1,0,0,0,0,0,0,-,-,NA,NA,LOS ANGELES,LOS ANGELES,-118.32952880859376,34.10161209106445
9313517,2021,2021-09-16,1942,2021-07-16,0120,42667,0646,5,5,7,1942,0,0,0,F,0,6A63W3,SUNSET BL,WILCOX AV,40,E,N,A,-,N,NA,NA,NA,NA,NA,NA,NA,NA,NA,Y,3,0,4,2,A,-,01,23152,A,N,D,C,A,A,H,-,C,A,0,NA,NA,NA,NA,Y,NA,A,01,0,1,3,0,0,0,0,0,0,-,-,NA,NA,LOS ANGELES,LOS ANGELES,-118.33087158203124,34.09798812866211
9313518,2021,2021-09-16,1942,2021-07-19,1305,41671,0648,1,5,7,1942,0,0,0,F,0,27TL46,HOLLYWOOD BL,SERRANO AV,143,W,N,A,-,N,NA,NA,NA,NA,NA,NA,NA,NA,NA,N,2,0,1,2,A,-,00,21968,A,N,D,C,A,A,H,-,A,D,0,NA,NA,NA,NA,Y,NA,M,94,1,0,0,0,0,0,0,0,0,-,-,NA,NA,LOS ANGELES,LOS ANGELES,-118.30769348144533,34.101741790771484
9313519,2021,2021-09-16,1942,2021-07-02,1820,42789,0638,5,5,7,1942,0,0,0,F,0,6A46,HOLLYWOOD BL,WESTERN AV,30,E,N,A,-,N,NA,NA,NA,NA,NA,NA,NA,NA,NA,N,4,0,1,2,A,-,09,21804,A,N,H,G,A,A,H,-,A,D,0,NA,Y,NA,NA,Y,NA,A,01,0,0,1,0,0,0,1,0,0,-,-,NA,NA,LOS ANGELES,LOS ANGELES,-118.30917358398438,34.101749420166016
9313520,2021,2021-09-16,1942,2021-07-18,2335,40899,0636,7,5,7,1942,0,0,0,F,0,27Q11,YUCCA ST,MCCADDEN PL,0,NA,Y,A,-,N,NA,NA,NA,NA,NA,NA,NA,NA,NA,N,4,0,1,2,A,-,09,21802,A,F,D,C,A,A,H,-,C,A,0,NA,NA,NA,NA,Y,Y,-,99,0,0,1,0,0,0,0,0,0,-,-,NA,NA,LOS ANGELES,LOS ANGELES,-118.33744049072266,34.10319519042969
9313544,2021,2021-10-15,1925,2021-08-14,1024,21334,226,6,5,6,1925,0,0,0,NA,0,003,WILSON AV,ORANGE ST,0,NA,Y,A,-,N,NA,NA,NA,NA,NA,NA,NA,NA,NA,Y,4,0,1,2,A,-,12,21453,A,N,D,D,A,A,H,-,A,A,0,NA,NA,NA,NA,Y,NA,-,-,0,0,1,0,0,0,0,0,0,-,-,NA,NA,LOS ANGELES,GLENDALE,-118.25644683837892,34.14812469482422
9313545,2021,2021-10-08,1925,2021-08-13,1256,26039,215,5,5,6,1925,0,0,0,NA,0,002,SAN FERNANDO RD,MILFORD ST,371,S,N,A,-,N,NA,NA,NA,NA,NA,NA,NA,NA,NA,N,4,0,1,2,A,-,03,22350,NA,N,C,C,A,A,H,-,A,A,0,NA,NA,NA,NA,Y,NA,A,08,0,0,1,0,0,0,0,0,0,-,-,34.152198791503906,-118.27481079101564,LOS ANGELES,GLENDALE,-118.27410888671876,34.15122604370117
9313550,2021,2021-10-08,1925,2021-08-13,1549,28716,239,5,5,6,1925,0,0,0,NA,0,004,CHEVY CHASE DR,CALIFORNIA AV,0,NA,Y,A,-,N,NA,NA,NA,NA,NA,NA,NA,NA,NA,Y,4,0,1,2,A,-,09,21802,A,N,D,C,A,A,H,-,A,A,0,NA,NA,NA,NA,Y,NA,D,22,0,0,1,0,0,0,0,0,0,-,-,NA,NA,LOS ANGELES,GLENDALE,-118.23876190185548,34.14988708496094
9313559,2021,2021-09-07,1942,2021-07-23,0600,30452,1513,5,5,7,1942,0,0,0,O,0,26TL24,WHITSETT AV,SHERMAN WY,27,N,N,A,-,N,NA,NA,NA,NA,NA,NA,NA,NA,NA,Y,4,0,1,2,A,-,08,22107,NA,N,E,I,A,A,H,-,B,D,0,NA,NA,NA,NA,Y,NA,D,22,0,0,1,0,0,0,0,0,0,-,-,NA,NA,LOS ANGELES,LOS ANGELES,-118.40516662597656,34.2012825012207
9313561,2021,2021-09-20,1942,2021-08-09,1340,33294,0935,1,5,7,1942,0,0,0,I,0,26M37,TYRONE AV,AETNA ST,150,N,N,A,-,N,NA,NA,NA,NA,NA,NA,NA,NA,NA,N,3,0,1,2,A,-,12,21453,A,N,D,C,A,A,H,-,A,A,0,NA,NA,NA,NA,Y,NA,A,01,0,1,0,0,0,0,0,0,0,-,-,NA,NA,LOS ANGELES,LOS ANGELES,-118.44435119628906,34.18056106567383
9313562,2021,2021-09-17,1942,2021-08-11,1306,36733,1033,3,5,7,1942,0,0,0,J,0,26TL17,WILBUR AV,OXNARD ST,40,N,N,A,-,N,NA,NA,NA,NA,NA,NA,NA,NA,NA,N,4,0,1,2,A,-,09,21453,C,N,D,C,A,A,H,-,A,A,0,NA,NA,NA,NA,Y,NA,A,01,0,0,1,0,0,0,0,0,0,-,-,NA,NA,LOS ANGELES,LOS ANGELES,-118.54473114013672,34.18027114868164
9313564,2021,2021-09-30,1942,2021-08-13,1200,39154,1505,5,5,7,1942,0,0,0,O,0,26TL46,TUJUNGA AV,SATICOY ST,0,NA,Y,A,-,N,NA,NA,NA,NA,NA,NA,NA,NA,NA,Y,4,0,4,2,A,-,12,21453,A,N,D,C,A,A,H,-,A,A,0,NA,NA,NA,NA,Y,NA,D,22,0,0,4,0,0,0,0,0,0,-,-,NA,NA,LOS ANGELES,LOS ANGELES,-118.37903594970705,34.20846939086914
9313566,2021,2022-04-26,1942,2021-08-16,2120,41239,1924,1,5,7,1942,0,0,0,NA,0,NA,RINALDI ST,LAUREL CANYON BL,0,NA,Y,A,-,N,NA,NA,NA,NA,NA,NA,NA,NA,NA,Y,3,0,1,3,A,-,12,21453,A,M,D,C,A,A,H,-,C,A,0,NA,NA,Y,NA,Y,NA,C,02,0,1,0,0,0,0,0,0,1,-,-,NA,NA,LOS ANGELES,LOS ANGELES,-118.45452880859376,34.27984619140625
9313568,2021,2021-09-29,1942,2021-08-16,2115,41553,2146,1,5,7,1942,0,0,0,NA,0,21Q44,SHERMAN WY,OWENSMOUTH AV,0,NA,Y,A,-,N,NA,NA,NA,NA,NA,NA,NA,NA,NA,Y,4,0,1,2,A,-,01,23152,A,N,C,C,A,A,H,-,C,A,0,NA,NA,NA,NA,Y,Y,D,22,0,0,1,0,0,0,0,0,0,-,-,NA,NA,LOS ANGELES,LOS ANGELES,-118.6015625,34.201026916503906
9313575,2021,2021-09-07,1942,2021-07-08,2116,42819,LOSAN,4,5,7,1942,0,0,0,NA,0,14A27,PALMS BL,TILDEN AV,20,W,N,-,-,N,NA,NA,NA,NA,NA,NA,NA,NA,NA,Y,4,0,1,2,A,-,01,23152,A,N,B,C,A,A,H,-,C,D,0,NA,NA,NA,NA,Y,Y,A,01,0,0,1,0,0,0,0,0,0,-,-,NA,NA,LOS ANGELES,LOS ANGELES,-118.42002868652344,34.02033233642578
9313579,2021,2021-09-21,1942,2021-07-13,0800,41376,1432,2,5,7,1942,0,0,0,N,0,27T21,VENICE BL,LINCOLN BL,0,NA,Y,B,-,N,NA,NA,NA,NA,NA,NA,NA,NA,NA,Y,3,0,1,2,A,-,12,21453,A,N,D,C,A,B,H,-,A,B,0,NA,NA,NA,NA,Y,NA,I,20,0,1,0,0,0,0,0,0,0,-,-,NA,NA,LOS ANGELES,LOS ANGELES,-118.45285034179688,33.99409866333008
9313582,2021,2021-09-21,1942,2021-07-15,0520,42845,2074,4,5,7,1942,0,0,0,NA,0,NA,WASHINGTON BL,NORMANDIE AV,0,NA,Y,A,-,N,NA,NA,NA,NA,NA,NA,NA,NA,NA,Y,3,0,1,2,A,-,12,21453,A,N,D,C,A,A,H,-,A,A,0,NA,NA,NA,Y,Y,NA,D,22,0,1,0,0,0,0,0,0,0,-,-,NA,NA,LOS ANGELES,LOS ANGELES,-118.30084228515624,34.03998947143555
9313586,2021,2021-09-07,1942,2021-07-21,1110,03566,1483,3,5,7,1942,0,0,0,N,0,5M22,WESTCHESTER PKWY,LA TIJERA,200,W,N,A,-,N,NA,NA,NA,NA,NA,NA,NA,NA,NA,N,3,0,1,2,A,-,02,21211,A,N,H,G,A,A,H,-,A,D,0,NA,Y,NA,NA,Y,NA,D,22,0,1,0,0,0,0,1,0,0,-,-,NA,NA,LOS ANGELES,LOS ANGELES,-118.40179443359376,33.95496368408203
9313589,2021,2021-09-24,1942,2021-07-25,0400,43069,LOSAN,7,5,7,1942,0,0,0,NA,0,0785,FAIRFAX AV,SATURN ST,45,N,N,A,-,N,NA,NA,NA,NA,NA,NA,NA,NA,NA,N,3,0,1,2,A,-,03,22350,NA,N,C,C,A,A,H,-,C,D,0,NA,NA,NA,NA,Y,NA,A,01,0,1,0,0,0,0,0,0,0,-,-,NA,NA,LOS ANGELES,LOS ANGELES,-118.3669891357422,34.04975891113281
9313594,2021,2021-10-08,1942,2021-08-03,1720,38590,0119,2,5,7,1942,0,0,0,A,0,24TL53,CENTER ST,RAMIREZ ST,170,S,N,A,-,N,NA,NA,NA,NA,NA,NA,NA,NA,NA,N,3,0,1,2,A,-,03,22350,NA,N,B,G,A,A,H,-,A,D,0,NA,Y,NA,NA,Y,NA,L,04,0,1,0,0,0,0,1,0,0,-,-,NA,NA,LOS ANGELES,LOS ANGELES,-118.23135375976564,34.053619384765625
9313599,2021,2021-10-08,1942,2021-08-16,1700,42017,0497,1,5,7,1942,0,0,0,D,0,4G1,OLYMPIC BL,LORENA ST,0,NA,Y,A,-,N,NA,NA,NA,NA,NA,NA,NA,NA,NA,Y,4,0,1,2,A,-,09,21801,NA,N,D,C,A,A,H,-,A,A,0,NA,NA,NA,Y,Y,NA,A,01,0,0,1,0,0,0,0,0,0,-,-,NA,NA,LOS ANGELES,LOS ANGELES,-118.20664978027344,34.01874923706055
9313602,2021,2021-10-06,1942,2021-08-17,2200,42011,0321,2,5,7,1942,0,0,0,C,0,25T37,LA BREA AV,OBAMA BL,0,NA,Y,A,-,N,NA,NA,NA,NA,NA,NA,NA,NA,NA,Y,2,0,3,3,A,-,12,21453,A,N,D,C,A,A,H,-,C,A,0,NA,NA,NA,NA,Y,NA,-,-,1,0,2,0,0,0,0,0,0,-,-,NA,NA,LOS ANGELES,LOS ANGELES,-118.35561370849608,34.02153015136719
9313603,2021,2021-10-06,1942,2021-08-17,1230,40404,1245,2,5,7,1942,0,0,0,L,0,25TL25,FLORENCE AV,KANSAS AV,200,E,N,A,-,N,NA,NA,NA,NA,NA,NA,NA,NA,NA,Y,4,0,1,2,A,-,08,22107,NA,F,D,C,A,A,H,-,A,A,0,NA,NA,NA,NA,Y,NA,-,99,0,0,1,0,0,0,0,0,0,-,-,NA,NA,LOS ANGELES,LOS ANGELES,-118.29304504394533,33.974613189697266
9313604,2021,2021-10-06,1942,2021-08-10,1530,40700,1804,2,5,7,1942,0,0,0,R,0,25MQ53,MANCHESTER AV,STANFORD,200,W,N,A,-,N,NA,NA,NA,NA,NA,NA,NA,NA,NA,N,3,0,1,2,A,-,21,22106,NA,N,G,B,F,A,H,-,A,D,0,Y,NA,NA,NA,Y,NA,-,NA,0,1,0,0,1,0,0,0,0,-,-,NA,NA,LOS ANGELES,LOS ANGELES,-118.26359558105467,33.96012878417969
9313605,2021,2021-10-06,1942,2021-08-05,0935,38556,1821,4,5,7,1942,0,0,0,R,0,25TL29,CENTURY BL,HOOVER ST,0,NA,Y,A,-,N,NA,NA,NA,NA,NA,NA,NA,NA,NA,Y,3,0,2,2,A,-,09,21801,A,N,D,C,A,A,H,-,A,A,0,NA,NA,NA,NA,Y,NA,A,01,0,1,1,0,0,0,0,0,0,-,-,NA,NA,LOS ANGELES,LOS ANGELES,-118.28697204589844,33.94550704956055
9313606,2021,2021-10-06,1942,2021-08-05,1736,39360,1836,4,5,7,1942,0,0,0,R,0,25T35,106TH ST EAST,ANTWERP ST,50,E,N,A,-,N,NA,NA,NA,NA,NA,NA,NA,NA,NA,N,4,0,1,2,A,-,05,21650,NA,N,A,C,A,A,H,-,A,D,0,NA,NA,NA,NA,Y,NA,-,NA,0,0,1,0,0,0,0,0,0,-,-,NA,NA,LOS ANGELES,LOS ANGELES,-118.24821472167967,33.93967819213867
9313619,2021,2021-10-06,1925,2021-08-15,0416,28091,106,7,5,6,1925,0,0,0,NA,0,001,SONORA AV,SAN FERNANDEZ,0,NA,Y,A,-,N,NA,NA,NA,NA,NA,NA,NA,NA,NA,Y,2,0,2,2,A,-,01,23152,A,N,D,C,A,A,H,-,C,A,0,NA,NA,NA,NA,Y,Y,A,01,1,1,0,0,0,0,0,0,0,-,-,NA,NA,LOS ANGELES,GLENDALE,-118.28829956054688,34.16596221923828
9313620,2021,2021-10-14,1925,2021-08-11,0704,22783,119,3,5,6,1925,0,0,0,NA,0,005,HONOLULUAV,NEW YORK AV,561,E,N,A,-,NA,NA,NA,NA,NA,NA,NA,NA,NA,NA,N,4,0,1,3,A,-,08,22107,NA,N,C,E,A,A,H,-,A,D,0,NA,NA,NA,NA,Y,NA,A,07,0,0,1,0,0,0,0,0,0,-,-,34.22319030761719,-118.25308227539064,LOS ANGELES,GLENDALE,-118.25163269042967,34.2223014831543
9313661,2021,2021-09-15,1942,2021-07-17,1315,39022,2031,6,5,7,1942,0,0,0,NA,0,27TL29,8TH ST,SAINT ANDREWS PL,22,E,N,A,-,N,NA,NA,NA,NA,NA,NA,NA,NA,NA,Y,4,0,1,2,A,-,09,21801,A,F,E,C,A,A,H,-,A,A,0,NA,NA,NA,NA,Y,NA,-,99,0,0,1,0,0,0,0,0,0,-,-,NA,NA,LOS ANGELES,LOS ANGELES,-118.31111907958984,34.05803298950195
9313662,2021,2021-09-13,1942,2021-07-17,0825,39022,2093,6,5,7,1942,0,0,0,NA,0,27TL29,NORMANDIE AV,20TH ST,0,NA,Y,A,-,N,NA,NA,NA,NA,NA,NA,NA,NA,NA,Y,3,0,4,2,A,-,03,22350,NA,N,D,C,A,A,H,-,A,A,0,NA,NA,NA,NA,Y,NA,A,07,0,2,2,0,0,0,0,0,0,-,-,NA,NA,LOS ANGELES,LOS ANGELES,-118.30028533935548,34.03818130493164
9313663,2021,2021-09-10,1942,2021-07-16,1845,38035,2099+,5,5,7,1942,0,0,0,NA,0,27MQ64,HOOVER ST,20TH ST,62,N,N,A,-,N,NA,NA,NA,NA,NA,NA,NA,NA,NA,N,4,0,1,2,A,-,07,21658,A,N,D,C,A,A,H,-,A,D,0,NA,NA,Y,NA,Y,NA,-,99,0,0,1,0,0,0,0,0,1,-,-,NA,NA,LOS ANGELES,LOS ANGELES,-118.28404998779295,34.03828811645508
9313665,2021,2021-09-10,1942,2021-07-14,2155,32850,1243,3,5,7,1942,0,0,0,L,0,N051,FLORENCE AV,LA SALLE AV,0,NA,Y,A,-,N,NA,NA,NA,NA,NA,NA,NA,NA,NA,N,2,0,1,2,A,-,10,21950,A,N,G,B,D,A,H,-,C,D,0,Y,NA,NA,NA,Y,NA,N,60,1,0,0,0,1,0,0,0,0,-,-,NA,NA,LOS ANGELES,LOS ANGELES,-118.3057098388672,33.97456741333008
9313666,2021,2021-09-10,1942,2021-07-16,2130,37618,0567,5,5,7,1942,0,0,0,E,0,5A59,MINER ST,S HARBOR BL,380,S,N,A,-,N,NA,NA,NA,NA,NA,NA,NA,NA,NA,Y,2,0,3,3,A,-,06,21750,A,N,B,C,A,A,H,-,C,D,0,NA,NA,Y,NA,Y,NA,C,02,1,1,1,0,0,0,0,0,2,-,-,NA,NA,LOS ANGELES,LOS ANGELES,-118.27918243408205,33.7285270690918
9313667,2021,2021-09-10,1942,2021-07-17,2145,38503,0363,6,5,7,1942,0,0,0,C,0,3A63,CRENSHAW,39TH ST,279,N,N,A,-,N,NA,NA,NA,NA,NA,NA,NA,NA,NA,Y,2,0,1,2,A,-,07,21658,A,N,H,C,A,A,H,-,A,A,0,NA,NA,Y,NA,Y,NA,-,99,1,0,0,0,0,0,0,0,1,-,-,NA,NA,LOS ANGELES,LOS ANGELES,-118.33537292480467,34.015342712402344
9313668,2021,2021-09-10,1942,2021-07-14,1235,41579,1863,3,5,7,1942,0,0,0,R,0,25T27,AVALON BL,118TH PL,0,NA,Y,A,-,N,NA,NA,NA,NA,NA,NA,NA,NA,NA,Y,2,0,1,2,A,-,05,21460,A,N,A,C,A,A,H,-,A,A,0,NA,NA,Y,NA,Y,NA,C,03,1,0,0,0,0,0,0,0,1,-,-,NA,NA,LOS ANGELES,LOS ANGELES,-118.26522064208984,33.92557144165039
9313669,2021,2021-09-10,1942,2021-07-19,1620,42364,1823,1,5,7,1942,0,0,0,R,0,25QL25,AVALON,103RD ST,0,NA,Y,A,-,N,NA,NA,NA,NA,NA,NA,NA,NA,NA,N,2,0,1,2,A,-,11,21954,A,N,G,B,E,A,H,-,A,A,0,Y,NA,NA,NA,Y,Y,N,60,1,0,0,0,1,0,0,0,0,-,-,NA,NA,LOS ANGELES,LOS ANGELES,-118.2651824951172,33.94285202026367
9313670,2021,2021-09-10,1942,2021-07-13,1255,40404,0504,2,5,7,1942,0,0,0,E,0,25TL27,DENKER AV,207TH ST,185,S,N,B,-,N,NA,NA,NA,NA,NA,NA,NA,NA,NA,N,2,0,1,2,A,-,03,22350,NA,N,E,J,A,D,B,-,A,A,0,NA,NA,Y,NA,Y,NA,C,02,1,0,0,0,0,0,0,0,1,-,-,NA,NA,LOS ANGELES,LOS ANGELES,-118.3039779663086,33.842411041259766
9313671,2021,2021-09-16,1942,2021-07-14,0325,38265,1881,3,5,7,1942,0,0,0,R,0,18A97,REDONDO BEACH BL,FIGUEROA ST,0,NA,Y,A,-,N,NA,NA,NA,NA,NA,NA,NA,NA,NA,Y,2,0,1,1,A,-,08,22107,NA,N,-,I,A,A,-,-,C,A,0,NA,NA,NA,NA,Y,NA,A,01,1,0,0,0,0,0,0,0,0,-,-,NA,NA,LOS ANGELES,LOS ANGELES,-118.28305053710938,33.892723083496094
9313672,2021,2021-09-10,1942,2021-07-12,1555,40700,1822,1,5,7,1942,0,0,0,R,0,25MQ53,BROADWAY,COLDEN AV,0,NA,Y,A,-,N,NA,NA,NA,NA,NA,NA,NA,NA,NA,Y,2,0,1,2,A,-,12,21453,A,N,D,C,A,A,H,-,A,A,0,NA,NA,Y,NA,Y,NA,C,03,1,0,0,0,0,0,0,0,1,-,-,NA,NA,LOS ANGELES,LOS ANGELES,-118.27840423583984,33.949180603027344
9313673,2021,2021-09-10,1942,2021-07-15,2055,39745,1862,4,5,7,1942,0,0,0,R,0,25MX16,IMPERIAL HWY,FIGUEROA ST,54,W,N,A,-,N,NA,NA,NA,NA,NA,NA,NA,NA,NA,N,2,0,1,2,A,-,11,21956,A,N,G,B,E,A,H,-,C,D,0,Y,NA,NA,NA,Y,NA,N,60,1,0,0,0,1,0,0,0,0,-,-,NA,NA,LOS ANGELES,LOS ANGELES,-118.28277587890624,33.930999755859375
9313674,2021,2021-09-10,1942,2021-07-14,0700,37146,1256,3,5,7,1942,0,0,0,L,0,25TL23,BROADWAY,FLORENCE,0,NA,Y,A,-,N,NA,NA,NA,NA,NA,NA,NA,NA,NA,Y,2,0,3,3,A,-,09,21801,A,N,D,C,A,A,H,-,A,A,0,NA,NA,NA,NA,Y,NA,A,01,1,0,2,0,0,0,0,0,0,-,-,NA,NA,LOS ANGELES,LOS ANGELES,-118.27832794189452,33.97465896606445
9313675,2021,2021-09-10,1942,2021-07-18,1040,40404,1863,7,5,7,1942,0,0,0,R,0,25TL23,120TH ST,AVALON BL,457,W,N,A,-,N,NA,NA,NA,NA,NA,NA,NA,NA,NA,Y,2,0,5,4,A,-,09,21804,A,N,D,C,A,A,H,-,A,D,0,NA,NA,NA,NA,Y,NA,A,01,1,0,4,0,0,0,0,0,0,-,-,NA,NA,LOS ANGELES,LOS ANGELES,-118.26674652099608,33.923709869384766
9313676,2021,2021-09-10,1942,2021-07-16,1810,41911,1821,5,5,7,1942,0,0,0,R,0,25T31,COLDEN AV,FIGUEROA ST,650,W,N,A,-,N,NA,NA,NA,NA,NA,NA,NA,NA,NA,N,2,0,1,2,A,-,03,22350,NA,F,G,B,E,A,H,-,A,D,0,Y,NA,NA,NA,Y,NA,-,99,1,0,0,0,1,0,0,0,0,-,-,NA,NA,LOS ANGELES,LOS ANGELES,-118.28483581542967,33.94915008544922
9313677,2021,2021-09-10,1942,2021-07-19,2040,42364,1881,1,5,7,1942,0,0,0,R,0,25QL25,FIGUEROA,157TH ST,0,NA,Y,A,-,N,NA,NA,NA,NA,NA,NA,NA,NA,NA,N,2,0,1,1,C,-,18,NA,NA,N,H,J,A,A,H,-,A,D,0,NA,Y,NA,NA,Y,NA,-,-,1,0,0,0,0,0,1,0,0,-,-,NA,NA,LOS ANGELES,LOS ANGELES,-118.28289031982422,33.88908767700195
93136779,2024,2024-08-01,9590,2024-07-21,1550,023397,NA,7,2,7,1942,0,1,2,NA,2,073,US-101 S/B (HOLLYWOOD FREEWAY),CAHUENGA BOULEVARD,200,S,N,A,-,Y,LA,NA,101,NA,NA,7.428,H,NA,L,Y,4,0,1,2,A,-,03,22350,NA,N,C,C,A,A,H,-,A,D,0,NA,NA,NA,NA,Y,NA,A,01,0,0,1,0,0,0,0,0,0,-,-,34.10734939575195,-118.33006286621094,LOS ANGELES,LOS ANGELES,-118.33002471923828,34.107391357421875
9313681,2021,2021-09-10,1942,2021-07-29,1625,37540,1151,4,5,7,1942,0,0,0,K,0,24TL52,VERMONT AV,FOUNTAIN AV,0,NA,Y,A,-,N,NA,NA,NA,NA,NA,NA,NA,NA,NA,Y,4,0,2,2,A,-,12,21453,A,F,D,C,A,A,H,-,A,A,0,NA,NA,NA,NA,Y,NA,-,-,0,0,2,0,0,0,0,0,0,-,-,NA,NA,LOS ANGELES,LOS ANGELES,-118.29176330566406,34.09554672241211
9313686,2021,2021-09-10,1942,2021-07-24,0200,43694,0313,6,5,7,1942,0,0,0,C,0,3X95,ADAMS BL,MONT CLAIR ST,25,W,N,A,-,N,NA,NA,NA,NA,NA,NA,NA,NA,NA,Y,4,0,1,2,A,-,03,22350,NA,F,B,C,A,A,H,-,C,D,0,NA,NA,NA,NA,Y,NA,-,99,0,0,1,0,0,0,0,0,0,-,-,NA,NA,LOS ANGELES,LOS ANGELES,-118.3328094482422,34.0325813293457
9313707,2021,2021-10-12,1942,2021-08-14,0945,34420,1006,6,5,7,1942,0,0,0,J,0,26M27,ROSCOE BL,LOUISE AV,750,W,N,A,-,N,NA,NA,NA,NA,NA,NA,NA,NA,NA,Y,3,0,6,2,A,-,08,22102,NA,N,D,C,A,A,H,-,A,A,0,NA,NA,NA,NA,Y,NA,A,01,0,3,3,0,0,0,0,0,0,-,-,NA,NA,LOS ANGELES,LOS ANGELES,-118.5121612548828,34.22087478637695