CASE_ID,ACCIDENT_YEAR,PROC_DATE,JURIS,COLLISION_DATE,COLLISION_TIME,OFFICER_ID,REPORTING_DISTRICT,DAY_OF_WEEK,CHP_SHIFT,POPULATION,CNTY_CITY_LOC,SPECIAL_COND,BEAT_TYPE,CHP_BEAT_TYPE,CITY_DIVISION_LAPD,CHP_BEAT_CLASS,BEAT_NUMBER,PRIMARY_RD,SECONDARY_RD,DISTANCE,DIRECTION,INTERSECTION,WEATHER_1,WEATHER_2,STATE_HWY_IND,CALTRANS_COUNTY,CALTRANS_DISTRICT,STATE_ROUTE,ROUTE_SUFFIX,POSTMILE_PREFIX,POSTMILE,LOCATION_TYPE,RAMP_INTERSECTION,SIDE_OF_HWY,TOW_AWAY,COLLISION_SEVERITY,NUMBER_KILLED,NUMBER_INJURED,PARTY_COUNT,PRIMARY_COLL_FACTOR,PCF_CODE_OF_VIOL,PCF_VIOL_CATEGORY,PCF_VIOLATION,PCF_VIOL_SUBSECTION,HIT_AND_RUN,TYPE_OF_COLLISION,MVIW,PED_ACTION,ROAD_SURFACE,ROAD_COND_1,ROAD_COND_2,LIGHTING,CONTROL_DEVICE,CHP_ROAD_TYPE,PEDESTRIAN_ACCIDENT,BICYCLE_ACCIDENT,MOTORCYCLE_ACCIDENT,TRUCK_ACCIDENT,NOT_PRIVATE_PROPERTY,ALCOHOL_INVOLVED,STWD_VEHTYPE_AT_FAULT,CHP_VEHTYPE_AT_FAULT,COUNT_SEVERE_INJ,COUNT_VISIBLE_INJ,COUNT_COMPLAINT_PAIN,COUNT_PED_KILLED,COUNT_PED_INJURED,COUNT_BICYCLIST_KILLED,COUNT_BICYCLIST_INJURED,COUNT_MC_KILLED,COUNT_MC_INJURED,PRIMARY_RAMP,SECONDARY_RAMP,LATITUDE,LONGITUDE,COUNTY,CITY,POINT_X,POINT_Y
9319543,2021,2021-09-15,1900,2021-07-04,0945,620929,0977,7,5,4,1979,0,0,0,NA,0,92T1,SANTA MONICA BL,SAN VICENTE BL,3,W,N,A,-,N,NA,NA,NA,NA,NA,NA,NA,NA,NA,NA,4,0,1,2,A,-,08,21717,NA,M,D,G,A,A,H,-,A,A,0,NA,Y,NA,NA,Y,NA,A,07,0,0,1,0,0,0,1,0,0,-,-,34.08502960205078,-118.3838119506836,LOS ANGELES,WEST HOLLYWOOD,-118.38411712646484,34.08492660522461
9319546,2021,2021-09-15,1942,2021-07-29,2252,42277,0889,4,5,7,1942,0,0,0,H,0,8A59,S ROBERTSON BL,GUTHRIE AV,0,NA,Y,A,-,N,NA,NA,NA,NA,NA,NA,NA,NA,NA,Y,4,0,1,2,A,-,01,23152,A,N,D,C,A,A,H,-,C,A,0,NA,NA,NA,NA,Y,NA,A,07,0,0,1,0,0,0,0,0,0,-,-,NA,NA,LOS ANGELES,LOS ANGELES,-118.38734436035156,34.042301177978516
9319547,2021,2021-09-15,1942,2021-07-29,0610,40452,1407,4,5,7,1942,0,0,0,N,0,27TL25,VENICE BL,HUGHES AV,0,NA,Y,A,-,N,NA,NA,NA,NA,NA,NA,NA,NA,NA,Y,4,0,3,2,A,-,09,21801,A,N,D,C,A,A,H,-,A,A,0,NA,NA,NA,NA,Y,NA,A,01,0,0,3,0,0,0,0,0,0,-,-,NA,NA,LOS ANGELES,LOS ANGELES,-118.3988800048828,34.02340316772461
9319548,2021,2021-09-15,1942,2021-07-28,1825,40899,1477,3,5,7,1942,0,0,0,N,0,27Q12,MANCHESTER AV,LA TIJERA BL,7,W,N,A,-,N,NA,NA,NA,NA,NA,NA,NA,NA,NA,N,2,0,1,2,A,-,11,21456,B,N,G,B,B,A,H,-,A,A,0,Y,NA,NA,NA,Y,NA,N,60,1,0,0,0,1,0,0,0,0,-,-,NA,NA,LOS ANGELES,LOS ANGELES,-118.39153289794922,33.959800720214844
9319549,2021,2021-09-15,1942,2021-07-28,1300,41671,0645,3,5,7,1942,0,0,0,F,0,27TL48,LANEWOOD AV,LA BREA AV,190,E,N,A,-,N,NA,NA,NA,NA,NA,NA,NA,NA,NA,N,4,0,1,2,A,-,11,21954,A,N,G,B,E,A,H,-,A,D,0,Y,NA,NA,NA,Y,NA,N,60,0,0,1,0,1,0,0,0,0,-,-,NA,NA,LOS ANGELES,LOS ANGELES,-118.3438720703125,34.09920883178711
9319550,2021,2021-09-15,1942,2021-07-24,1445,42065,0676,6,5,7,1942,0,0,0,F,0,27TL48,CAHUENGA BL,MELROSE AV,75,N,N,A,-,N,NA,NA,NA,NA,NA,NA,NA,NA,NA,Y,3,0,1,2,A,-,03,22350,NA,N,C,E,A,A,H,-,A,D,0,NA,NA,NA,NA,Y,NA,A,07,0,1,0,0,0,0,0,0,0,-,-,NA,NA,LOS ANGELES,LOS ANGELES,-118.32877349853516,34.08368682861328
9319551,2021,2021-09-15,1942,2021-07-23,1850,44610,0659,5,5,7,1942,0,0,0,F,0,6A22,WESTERN AV,FOUNTAIN AV,0,NA,Y,A,-,N,NA,NA,NA,NA,NA,NA,NA,NA,NA,Y,3,0,1,2,A,-,09,21801,A,N,D,D,A,A,H,-,A,A,0,NA,NA,NA,NA,Y,Y,A,07,0,1,0,0,0,0,0,0,0,-,-,NA,NA,LOS ANGELES,LOS ANGELES,-118.30919647216795,34.094879150390625
9319552,2021,2021-09-15,1942,2021-07-23,0535,33169,0665,5,5,7,1942,0,0,0,F,0,27M15,CITRUS AV,WILLOUGHBY AV,0,NA,Y,A,-,N,NA,NA,NA,NA,NA,NA,NA,NA,NA,Y,3,0,1,2,A,-,09,21802,A,N,D,C,A,-,-,-,B,D,0,NA,NA,Y,NA,Y,NA,C,02,0,1,0,0,0,0,0,0,1,-,-,NA,NA,LOS ANGELES,LOS ANGELES,-118.33969116210938,34.08707809448242
9319553,2021,2021-09-15,1942,2021-07-18,0030,43371,0747,7,5,7,1942,0,0,0,G,0,7A47,S HIGHLAND AV,W OLYMPIC BL,0,NA,Y,A,-,N,NA,NA,NA,NA,NA,NA,NA,NA,NA,Y,4,0,3,2,A,-,01,23152,A,N,D,C,A,A,H,-,C,D,0,NA,NA,NA,NA,Y,Y,A,07,0,0,3,0,0,0,0,0,0,-,-,NA,NA,LOS ANGELES,LOS ANGELES,-118.34001922607422,34.057098388671875
9319554,2021,2021-09-15,1942,2021-07-09,1100,43729,0742,5,5,7,1942,0,0,0,G,0,7A1,SAN VICENTE BL,DEL VALLE DR,0,NA,Y,A,-,N,NA,NA,NA,NA,NA,NA,NA,NA,NA,N,4,0,2,2,A,-,09,21802,A,N,D,C,A,A,H,-,A,D,0,NA,NA,NA,NA,Y,NA,A,01,0,0,2,0,0,0,0,0,0,-,-,NA,NA,LOS ANGELES,LOS ANGELES,-118.36724853515624,34.0614013671875
9319555,2021,2021-09-15,1942,2021-07-30,1450,34426,1181,5,5,7,1942,0,0,0,K,0,24TL51,SUNSET BL,PARK AV,0,NA,Y,A,-,N,NA,NA,NA,NA,NA,NA,NA,NA,NA,N,4,0,2,3,A,-,12,21453,A,F,D,C,A,A,H,-,A,A,0,NA,NA,NA,NA,Y,NA,A,01,0,0,2,0,0,0,0,0,0,-,-,NA,NA,LOS ANGELES,LOS ANGELES,-118.26168823242188,34.07793426513672
9319557,2021,2021-09-15,1942,2021-07-28,1815,30083,0467,3,5,7,1942,0,0,0,D,0,4A71,EAST 2ND ST,S SARATOGA ST,10,E,N,A,-,N,NA,NA,NA,NA,NA,NA,NA,NA,NA,Y,4,0,1,2,A,-,03,22350,NA,F,C,C,A,A,H,-,A,D,0,NA,NA,NA,NA,Y,NA,A,01,0,0,1,0,0,0,0,0,0,-,-,NA,NA,LOS ANGELES,LOS ANGELES,-118.20590972900392,34.03997802734375
9319558,2021,2021-09-15,1942,2021-07-25,1645,37143,1126,7,5,7,1942,0,0,0,K,0,24MQ57,AV 56,TEHAMA ST,198,S,N,A,-,N,NA,NA,NA,NA,NA,NA,NA,NA,NA,N,3,0,1,2,A,-,01,23152,NA,N,B,E,A,A,H,-,A,D,0,NA,NA,NA,NA,Y,Y,A,01,0,1,0,0,0,0,0,0,0,-,-,NA,NA,LOS ANGELES,LOS ANGELES,-118.19647979736328,34.125057220458984
9319559,2021,2021-09-15,1942,2021-07-25,2250,38982,1126,7,5,7,1942,0,0,0,K,0,24T31,AV 52,YORK,0,NA,Y,A,-,N,NA,NA,NA,NA,NA,NA,NA,NA,NA,N,4,0,2,2,A,-,12,21453,A,F,D,C,A,A,H,-,C,A,0,NA,NA,NA,NA,Y,NA,-,99,0,0,2,0,0,0,0,0,0,-,-,NA,NA,LOS ANGELES,LOS ANGELES,-118.20265197753906,34.12065505981445
9319560,2021,2021-09-15,1942,2021-07-24,1020,40275,0468,6,5,7,1942,0,0,0,D,0,24TL27,CESAR E CHAVEZ AV,FRESNO ST,0,NA,Y,A,-,N,NA,NA,NA,NA,NA,NA,NA,NA,NA,Y,4,0,1,2,A,-,12,21453,A,F,D,C,A,A,H,-,A,A,0,NA,NA,NA,NA,Y,NA,A,01,0,0,1,0,0,0,0,0,0,-,-,NA,NA,LOS ANGELES,LOS ANGELES,-118.19642639160156,34.04179000854492
9319566,2021,2021-10-01,1942,2021-08-21,2345,41778,0932,6,5,7,1942,0,0,0,I,0,9A23,SYLVAN ST,SYLVAN ST 15138,0,NA,N,A,-,N,NA,NA,NA,NA,NA,NA,NA,NA,NA,Y,3,0,1,3,A,-,01,23152,A,M,B,E,A,A,-,-,C,D,0,NA,NA,NA,NA,Y,Y,A,01,0,1,0,0,0,0,0,0,0,-,-,NA,NA,LOS ANGELES,LOS ANGELES,-118.52973175048828,34.185211181640625
9319567,2021,2021-10-18,1942,2021-08-21,2340,41778,0932,6,5,7,1942,0,0,0,I,0,9A23,LEMONA AV,LEMONA AV 6269,0,NA,N,A,-,N,NA,NA,NA,NA,NA,NA,NA,NA,NA,Y,3,0,1,3,A,-,01,23152,A,M,B,E,A,A,-,-,C,D,0,NA,NA,NA,NA,Y,Y,A,01,0,1,0,0,0,0,0,0,0,-,-,NA,NA,LOS ANGELES,LOS ANGELES,-118.459662,34.1845
9319578,2021,2021-10-08,1925,2021-08-27,1130,22598,175,5,5,6,1925,0,0,0,NA,0,NA,GLENWOOD RD,CLEVELAND RD,29,E,N,A,-,N,NA,NA,NA,NA,NA,NA,NA,NA,NA,Y,4,0,1,1,C,-,18,NA,NA,N,E,I,A,A,H,-,A,A,0,NA,NA,NA,NA,Y,NA,-,-,0,0,1,0,0,0,0,0,0,-,-,34.166988372802734,-118.27880096435548,LOS ANGELES,GLENDALE,-118.27867889404295,34.16697311401367
9319606,2021,2021-09-30,1900,2021-08-25,1620,639869,2915,3,5,4,1974,0,0,0,NA,0,291K1,AMAR RD,REGAL CANYON DR,0,NA,Y,A,-,N,NA,NA,NA,NA,NA,NA,NA,NA,NA,N,4,0,1,2,A,-,09,21801,A,N,D,C,A,A,H,-,A,D,0,NA,NA,NA,NA,Y,NA,A,01,0,0,1,0,0,0,0,0,0,-,-,34.042598724365234,-117.84882354736328,LOS ANGELES,WALNUT,-117.848876953125,34.04273223876953
9319607,2021,2021-09-30,1900,2021-08-18,2020,606632,2922,3,5,5,1990,0,0,0,NA,0,292T1,GRAND AV,GOLDEN SPRINGS DR,0,NA,Y,B,-,N,NA,NA,NA,NA,NA,NA,NA,NA,NA,Y,3,0,2,2,A,-,12,21453,A,N,A,C,A,A,H,-,C,A,0,NA,NA,NA,NA,Y,NA,A,01,0,2,0,0,0,0,0,0,0,-,-,34.00666046142578,-117.82170104980467,LOS ANGELES,DIAMOND BAR,-117.82184600830078,34.00657272338867
9319608,2021,2021-09-30,1900,2021-08-26,0124,639908,2910,4,5,4,1974,0,0,0,NA,0,291K1,AMAR RD,LEMON AV,469,W,N,A,-,N,NA,NA,NA,NA,NA,NA,NA,NA,NA,Y,3,0,2,2,A,-,03,22350,NA,N,C,C,A,A,H,-,C,A,0,NA,NA,NA,NA,Y,NA,A,01,0,1,1,0,0,0,0,0,0,-,-,34.035118103027344,-117.87657165527344,LOS ANGELES,WALNUT,-117.87647247314452,34.03522491455078
9319612,2021,2021-09-30,1942,2021-08-05,1740,38590,0162,4,5,7,1942,0,0,0,A,0,24TL53,8TH ST,HILL ST,100,W,N,A,-,N,NA,NA,NA,NA,NA,NA,NA,NA,NA,N,4,0,3,2,A,-,03,22350,NA,N,C,C,A,A,H,-,A,D,0,NA,NA,NA,NA,Y,NA,A,07,0,0,3,0,0,0,0,0,0,-,-,NA,NA,LOS ANGELES,LOS ANGELES,-118.25608825683594,34.04461669921875
9319617,2021,2021-09-30,1961,2021-08-03,1320,10465,1961,2,5,3,1961,0,0,0,NA,0,001,GLENOAKS BL,HUBBARD AV,440,E,N,A,-,N,NA,NA,NA,NA,NA,NA,NA,NA,NA,N,4,0,1,4,A,-,08,22107,NA,N,B,C,A,A,H,-,A,D,0,NA,NA,NA,NA,Y,NA,A,01,0,0,1,0,0,0,0,0,0,-,-,NA,NA,LOS ANGELES,SAN FERNANDO,-118.43822479248048,34.29861831665039
9319618,2021,2021-09-30,1961,2021-08-25,2230,10160,1961,3,5,3,1961,0,0,0,NA,0,001,7TH ST,7TH ST 1900,0,NA,N,A,-,N,NA,NA,NA,NA,NA,NA,NA,NA,NA,N,4,0,2,2,A,-,09,21804,A,N,C,C,A,A,H,-,C,D,0,NA,NA,NA,NA,Y,NA,-,NA,0,0,2,0,0,0,0,0,0,-,-,NA,NA,LOS ANGELES,SAN FERNANDO,-115.52755737304688,32.73172378540039
93196330,2024,2024-08-01,9530,2024-07-31,58,023843,NA,3,3,9,1900,0,3,5,NA,2,002,EL SEGUNDO BLVD,CLOVIS AVENUE,50,E,N,A,-,N,NA,NA,NA,NA,NA,NA,NA,NA,NA,N,3,0,2,2,A,-,01,23152,A,F,C,C,A,A,H,-,C,A,0,NA,NA,NA,NA,Y,Y,A,01,0,2,0,0,0,0,0,0,0,-,-,33.91633987426758,-118.25655364990234,LOS ANGELES,UNINCORPORATED,-118.25641632080078,33.91636657714844
93196348,2024,2025-06-16,9550,2024-07-21,50,023157,NA,7,3,9,1900,0,2,4,NA,1,021,CARMENITA ROAD,IMPERIAL HIGHWAY,0,NA,Y,A,-,N,NA,NA,NA,NA,NA,NA,NA,NA,NA,N,4,0,1,2,A,-,12,21453,A,N,D,C,A,A,H,-,C,A,0,NA,NA,NA,NA,Y,NA,A,01,0,0,1,0,0,0,0,0,0,-,-,33.916969299316406,-118.04679870605467,LOS ANGELES,UNINCORPORATED,-118.04680633544922,33.91695022583008
93196351,2024,2024-08-01,9535,2024-07-25,1255,020340,NA,4,1,9,1900,0,1,3,NA,2,621,STATE ROUTE 60,PARAMOUNT BLVD,500,E,N,A,-,Y,LA,NA,60,NA,R,8.2,H,NA,R,N,3,0,1,3,A,-,03,22350,NA,N,C,C,A,A,H,-,A,D,0,NA,NA,NA,NA,Y,NA,A,01,0,1,0,0,0,0,0,0,0,-,-,34.03786087036133,-118.08580017089844,LOS ANGELES,UNINCORPORATED,-118.08574676513672,34.03771209716797
9319732,2021,2021-09-15,1900,2021-06-24,1637,644792,1120,4,5,6,1992,0,0,0,NA,0,112T1,AV H,30TH ST,0,NA,Y,A,-,N,NA,NA,NA,NA,NA,NA,NA,NA,NA,N,4,0,1,2,A,-,09,21801,A,M,D,C,A,A,H,-,A,A,0,NA,NA,NA,NA,Y,NA,A,01,0,0,1,0,0,0,0,0,0,-,-,NA,NA,LOS ANGELES,LANCASTER,-118.18375396728516,34.71872329711914
9319733,2021,2021-09-15,1900,2021-06-30,2043,655224,2822,3,5,5,1915,0,0,0,NA,0,283T3,ALAMEDA ST,ELM ST,0,NA,Y,A,-,N,NA,NA,NA,NA,NA,NA,NA,NA,NA,N,4,0,2,2,A,-,12,21453,A,N,D,C,A,A,H,-,C,A,0,NA,NA,NA,NA,Y,NA,A,01,0,0,2,0,0,0,0,0,0,-,-,33.90071105957031,-118.22115325927734,LOS ANGELES,COMPTON,-118.22113800048828,33.90066146850586
9319749,2021,2021-09-07,1900,2021-02-04,1448,644932,1324,4,5,5,1935,0,0,0,NA,0,133K,DEL AMO BL,WOODRUFF AV,0,NA,Y,A,-,N,NA,NA,NA,NA,NA,NA,NA,NA,NA,N,4,0,1,2,A,-,10,21950,A,N,G,B,B,A,H,-,A,A,0,Y,NA,NA,NA,Y,NA,A,01,0,0,1,0,1,0,0,0,0,-,-,33.84172821044922,-118.11662292480467,LOS ANGELES,LAKEWOOD,-118.11643981933594,33.84698486328125
9319772,2021,2021-09-08,1900,2021-07-13,2100,642584,2824,2,5,5,1915,0,0,0,NA,0,283T1,SANTA FE AV,COMPTON BL,450,N,N,A,-,N,NA,NA,NA,NA,NA,NA,NA,NA,NA,Y,4,0,1,2,A,-,21,22106,NA,N,D,C,A,-,H,-,C,D,0,NA,NA,NA,NA,Y,NA,A,01,0,0,1,0,0,0,0,0,0,-,-,33.8973503112793,-118.21578979492188,LOS ANGELES,COMPTON,-118.21587371826172,33.89723205566406
9319773,2021,2021-09-08,1900,2021-07-17,0210,628507,2823,6,5,5,1915,0,0,0,NA,0,283E,LONG BEACH BL,EZMIRLIAN ST,0,NA,Y,A,-,N,NA,NA,NA,NA,NA,NA,NA,NA,NA,Y,4,0,1,3,A,-,05,21651,B,N,A,C,A,A,H,-,C,D,0,NA,NA,NA,NA,Y,NA,A,01,0,0,1,0,0,0,0,0,0,-,-,33.90645980834961,-118.20868682861328,LOS ANGELES,COMPTON,-118.20864868164064,33.906429290771484
9319774,2021,2021-09-08,1900,2021-07-23,1450,654100,2824,5,5,5,1915,0,0,0,NA,0,283T1,SANTA FE AV,ELM ST,10,S,N,A,-,N,NA,NA,NA,NA,NA,NA,NA,NA,NA,Y,3,0,2,2,A,-,09,21802,A,N,D,C,A,A,H,-,A,D,0,NA,NA,NA,NA,Y,NA,A,01,0,1,1,0,0,0,0,0,0,-,-,33.900779724121094,-118.2160415649414,LOS ANGELES,COMPTON,-118.2161102294922,33.90071105957031
9319778,2021,2021-09-08,1961,2021-07-28,1145,10465,1961,3,5,3,1961,0,0,0,NA,0,001,GLENOAKS BL,HUBBARD ST,190,E,N,A,-,N,NA,NA,NA,NA,NA,NA,NA,NA,NA,N,3,0,1,1,A,-,08,22107,NA,N,E,I,A,A,H,-,A,D,0,NA,NA,NA,NA,Y,NA,-,NA,0,1,0,0,0,0,0,0,0,-,-,NA,NA,LOS ANGELES,SAN FERNANDO,-118.43878936767578,34.29911804199219
9319779,2021,2021-09-14,1961,2021-07-28,1757,10206,1961,3,5,3,1961,0,0,0,NA,0,003,SOUTH BRAND BL,PICO ST,0,NA,Y,A,-,N,NA,NA,NA,NA,NA,NA,NA,NA,NA,N,4,0,5,2,A,-,12,21453,A,N,D,C,A,A,H,-,A,A,0,NA,NA,NA,NA,Y,NA,A,01,0,0,5,0,0,0,0,0,0,-,-,NA,NA,LOS ANGELES,SAN FERNANDO,-118.44143676757813,34.280540466308594
9319846,2021,2021-09-18,1900,2021-08-21,1534,622995,0543,6,5,3,1921,0,0,0,NA,0,58T1P,OPAL CANYON RD,BROOKRIDGE RD,490,S,N,A,-,N,NA,NA,NA,NA,NA,NA,NA,NA,NA,Y,3,0,1,3,A,-,08,22107,NA,N,A,E,A,A,H,-,A,D,0,NA,NA,NA,NA,Y,NA,A,NA,0,1,0,0,0,0,0,0,0,-,-,34.15005111694336,-117.9384765625,LOS ANGELES,DUARTE,-117.9384536743164,34.15017318725586
9319850,2021,2021-09-18,1900,2021-08-16,0804,530855,0522,1,5,4,1971,0,0,0,NA,0,52T1AM,BROADWAY,ROSEMEAD BL,340,W,N,A,-,N,NA,NA,NA,NA,NA,NA,NA,NA,NA,Y,4,0,1,2,A,-,09,21804,A,N,D,C,A,A,H,-,A,D,0,NA,NA,NA,NA,Y,NA,A,NA,0,0,1,0,0,0,0,0,0,-,-,34.09901809692383,-118.07266235351564,LOS ANGELES,TEMPLE CITY,-118.07341003417967,34.099029541015625
9319864,2021,2021-09-16,1900,2021-07-17,1708,649535,0613,6,5,6,1985,0,0,0,NA,0,61T1,SOLEDAD CANYON RD,SIERRA HWY,0,NA,Y,A,-,N,NA,NA,NA,NA,NA,NA,NA,NA,NA,Y,2,0,3,3,A,-,12,21453,A,N,A,C,A,A,H,-,A,A,0,NA,NA,NA,NA,Y,NA,A,01,3,0,0,0,0,0,0,0,0,-,-,34.41648864746094,-118.45584106445313,LOS ANGELES,SANTA CLARITA,-118.45601654052734,34.416378021240234
9319866,2021,2021-09-18,1900,2021-08-19,1032,530855,0524,4,5,4,1971,0,0,0,NA,0,52T1AM,LOWER AZUSA RD,HALLOWELL AV,6,W,N,A,-,N,NA,NA,NA,NA,NA,NA,NA,NA,NA,Y,4,0,1,3,A,-,03,22350,NA,N,C,C,A,A,H,-,A,D,0,NA,NA,NA,NA,Y,NA,A,NA,0,0,1,0,0,0,0,0,0,-,-,34.0918083190918,-118.0412826538086,LOS ANGELES,TEMPLE CITY,-118.0412368774414,34.09181594848633
9319874,2021,2021-09-18,1900,2021-08-12,1040,600019,0563,4,5,3,1968,0,0,0,NA,0,55T1D,PECK RD,DURFEE AV,55,S,N,A,-,N,NA,NA,NA,NA,NA,NA,NA,NA,NA,N,4,0,1,3,A,-,04,21703,NA,N,C,D,A,A,H,-,A,A,0,NA,NA,NA,NA,Y,NA,A,NA,0,0,1,0,0,0,0,0,0,-,-,34.03602981567383,-118.03840637207033,LOS ANGELES,SOUTH EL MONTE,-118.03855895996094,34.03609848022461
9319877,2021,2021-09-17,1900,2021-08-04,1430,629500,0617,3,5,6,1985,0,0,0,NA,0,62T1,SIERRA HWY,RT 14,0,NA,Y,A,-,Y,LA,7,14,U,-,27.97,H,-,N,Y,4,0,1,2,A,-,09,21801,A,N,D,C,A,A,H,-,A,D,0,NA,NA,NA,NA,Y,NA,D,22,0,0,1,0,0,0,0,0,0,-,SO,34.37984848022461,-118.49292755126952,LOS ANGELES,SANTA CLARITA,-118.49301147460938,34.37971115112305
9319878,2021,2021-09-18,1900,2021-08-18,1900,602223,0534,3,5,5,1959,0,0,0,NA,0,53T1AM,GARVEY AV,SULLIVAN AV,237,E,N,A,-,N,NA,NA,NA,NA,NA,NA,NA,NA,NA,N,2,0,1,3,A,-,08,22107,NA,F,C,E,E,A,H,-,B,A,0,Y,NA,NA,NA,Y,NA,A,NA,1,0,0,0,1,0,0,0,0,-,-,34.063201904296875,-118.07095336914064,LOS ANGELES,ROSEMEAD,-118.07138061523438,34.0627326965332
9319880,2021,2021-09-16,1900,2021-07-25,1503,623701,0649,7,5,6,1985,0,0,0,NA,0,64T1,BOUQUET CANYON RD,DAVID WY,32,E,N,A,-,N,NA,NA,NA,NA,NA,NA,NA,NA,NA,N,4,0,1,2,A,-,03,22350,NA,N,C,-,A,A,H,-,A,A,0,NA,NA,NA,NA,Y,NA,D,22,0,0,1,0,0,0,0,0,0,-,-,34.273399353027344,-118.29290008544922,LOS ANGELES,SANTA CLARITA,-118.49170684814452,34.459625244140625
9319881,2021,2021-09-18,1900,2021-08-11,0930,623669,0644,3,5,6,1985,0,0,0,NA,0,62TL,BOUQUET CANYON RD,NEWHALL RANCH RD,78,N,N,A,-,N,NA,NA,NA,NA,NA,NA,NA,NA,NA,N,4,0,1,2,D,-,00,NA,NA,N,C,C,A,A,H,-,A,A,0,NA,NA,NA,NA,Y,Y,-,-,0,0,1,0,0,0,0,0,0,-,-,34.4275016784668,-118.537109375,LOS ANGELES,SANTA CLARITA,-118.53719329833984,34.42731857299805
9319882,2021,2021-09-18,1900,2021-08-27,1654,606632,2928,5,5,5,1990,0,0,0,NA,0,292T1,LEMON AV,EARLGATE ST,0,NA,Y,A,-,N,NA,NA,NA,NA,NA,NA,NA,NA,NA,N,3,0,1,2,A,-,09,21801,A,N,D,C,A,A,H,-,A,-,0,NA,NA,NA,NA,Y,NA,D,22,0,1,0,0,0,0,0,0,0,-,-,34.00028991699219,-117.85530853271484,LOS ANGELES,DIAMOND BAR,-117.85530090332033,34.00027084350586
9319884,2021,2021-09-16,1900,2021-07-22,1100,623669,0627,4,5,6,1985,0,0,0,NA,0,92T1,NEWHALL AV,CARL CT,440,W,N,A,-,N,NA,NA,NA,NA,NA,NA,NA,NA,NA,N,4,0,2,2,D,-,00,NA,NA,N,B,C,A,A,H,-,A,D,0,NA,NA,NA,NA,Y,NA,-,-,0,0,2,0,0,0,0,0,0,-,-,34.2216796875,-118.30558013916016,LOS ANGELES,SANTA CLARITA,-118.51796722412108,34.372745513916016
9319889,2021,2021-09-18,1956,2021-08-12,1701,1335,65,4,5,5,1956,0,0,0,NA,0,004,MANHATTAN BEACH BL,MCBAIN AV,27,W,N,A,-,N,NA,NA,NA,NA,NA,NA,NA,NA,NA,NA,4,0,2,2,A,-,03,22350,NA,N,C,C,A,A,H,-,A,D,0,NA,NA,NA,NA,Y,NA,D,22,0,0,2,0,0,0,0,0,0,-,-,33.887359619140625,-118.36302947998048,LOS ANGELES,REDONDO BEACH,-118.36312866210938,33.88718032836914
9319896,2021,2021-09-16,1900,2021-07-23,1840,480759,0610,5,5,6,1985,0,0,0,NA,0,61T1,WHITES CANYON RD,SOLEDAD CANYON RD,0,NA,N,A,-,N,NA,NA,NA,NA,NA,NA,NA,NA,NA,Y,3,0,1,2,A,-,09,21801,A,N,D,C,A,A,H,-,A,D,0,NA,NA,NA,NA,Y,NA,D,22,0,1,0,0,0,0,0,0,0,-,-,34.41748046875,-118.47225952148438,LOS ANGELES,SANTA CLARITA,-118.47216796875,34.41572189331055
9319897,2021,2021-09-20,1956,2021-08-09,1717,1183,63,1,5,5,1956,0,0,0,NA,0,004,MANHATTAN BEACH BL,JOHNSTON AV,0,NA,Y,A,B,N,NA,NA,NA,NA,NA,NA,NA,NA,NA,NA,3,0,1,2,A,-,05,21650,1,N,D,G,A,A,H,-,A,D,0,NA,Y,NA,NA,Y,NA,L,04,0,1,0,0,0,0,1,0,0,-,-,NA,NA,LOS ANGELES,REDONDO BEACH,-118.36936950683594,33.88731384277344
9319920,2021,2021-10-14,1900,2021-07-28,0615,623588,0644,3,5,6,1985,0,0,0,NA,0,62T1,SOLEDAD CANYON RD,BOUQUET CANYON RD,451,E,N,A,-,N,NA,NA,NA,NA,NA,NA,NA,NA,NA,Y,2,0,1,2,A,-,17,21461,A,N,C,C,A,A,H,-,A,A,0,NA,NA,NA,Y,Y,NA,F,21,1,0,0,0,0,0,0,0,0,-,-,34.42266082763672,-118.54100799560548,LOS ANGELES,SANTA CLARITA,-118.53951263427734,34.42229080200195
9319921,2021,2021-10-05,1900,2021-08-06,1446,527057,0645,5,5,6,1985,0,0,0,NA,0,64T1,NEWHALL RANCH RD,RT 5,0,NA,Y,A,-,Y,LA,7,5,-,R,55.028,R,4,N,Y,4,0,1,2,C,-,18,NA,NA,N,D,C,A,A,H,-,A,A,0,NA,NA,NA,NA,Y,NA,-,-,0,0,1,0,0,0,0,0,0,-,NF,34.943878173828125,-118.60299682617188,LOS ANGELES,SANTA CLARITA,-118.60094451904295,34.441001892089844
9319929,2021,2021-09-22,1942,2021-08-06,1130,33452,0192,5,5,7,1942,0,0,0,A,0,24TL22,18TH ST,FIGUEROA ST,120,E,N,A,-,N,NA,NA,NA,NA,NA,NA,NA,NA,NA,Y,4,0,1,3,A,-,04,21703,NA,F,C,C,A,A,H,-,A,D,0,NA,NA,NA,NA,Y,NA,A,01,0,0,1,0,0,0,0,0,0,-,-,NA,NA,LOS ANGELES,LOS ANGELES,-118.27140045166016,34.035430908203125
9319930,2021,2021-09-16,1942,2021-07-24,1830,40081,1473,6,5,7,1942,0,0,0,N,0,14A76,LINCOLN BL,83RD ST,0,NA,Y,A,-,N,NA,NA,NA,NA,NA,NA,NA,NA,NA,Y,4,0,1,2,A,-,12,22450,NA,N,D,A,A,A,-,-,A,A,0,NA,NA,NA,Y,Y,NA,F,26,0,0,1,0,0,0,0,0,0,-,-,NA,NA,LOS ANGELES,LOS ANGELES,-118.42172241210938,33.96270751953125
9319933,2021,2021-09-23,1942,2021-08-17,1835,42876,0123,2,5,7,1942,0,0,0,A,0,1A1,1ST ST,SPRING ST,25,E,N,A,-,N,NA,NA,NA,NA,NA,NA,NA,NA,NA,N,2,0,1,2,A,-,05,21650,1,N,D,G,A,A,H,-,A,A,0,NA,Y,NA,NA,Y,NA,L,04,1,0,0,0,0,0,1,0,0,-,-,NA,NA,LOS ANGELES,LOS ANGELES,-118.24440002441406,34.05289840698242