CASE_ID,ACCIDENT_YEAR,PROC_DATE,JURIS,COLLISION_DATE,COLLISION_TIME,OFFICER_ID,REPORTING_DISTRICT,DAY_OF_WEEK,CHP_SHIFT,POPULATION,CNTY_CITY_LOC,SPECIAL_COND,BEAT_TYPE,CHP_BEAT_TYPE,CITY_DIVISION_LAPD,CHP_BEAT_CLASS,BEAT_NUMBER,PRIMARY_RD,SECONDARY_RD,DISTANCE,DIRECTION,INTERSECTION,WEATHER_1,WEATHER_2,STATE_HWY_IND,CALTRANS_COUNTY,CALTRANS_DISTRICT,STATE_ROUTE,ROUTE_SUFFIX,POSTMILE_PREFIX,POSTMILE,LOCATION_TYPE,RAMP_INTERSECTION,SIDE_OF_HWY,TOW_AWAY,COLLISION_SEVERITY,NUMBER_KILLED,NUMBER_INJURED,PARTY_COUNT,PRIMARY_COLL_FACTOR,PCF_CODE_OF_VIOL,PCF_VIOL_CATEGORY,PCF_VIOLATION,PCF_VIOL_SUBSECTION,HIT_AND_RUN,TYPE_OF_COLLISION,MVIW,PED_ACTION,ROAD_SURFACE,ROAD_COND_1,ROAD_COND_2,LIGHTING,CONTROL_DEVICE,CHP_ROAD_TYPE,PEDESTRIAN_ACCIDENT,BICYCLE_ACCIDENT,MOTORCYCLE_ACCIDENT,TRUCK_ACCIDENT,NOT_PRIVATE_PROPERTY,ALCOHOL_INVOLVED,STWD_VEHTYPE_AT_FAULT,CHP_VEHTYPE_AT_FAULT,COUNT_SEVERE_INJ,COUNT_VISIBLE_INJ,COUNT_COMPLAINT_PAIN,COUNT_PED_KILLED,COUNT_PED_INJURED,COUNT_BICYCLIST_KILLED,COUNT_BICYCLIST_INJURED,COUNT_MC_KILLED,COUNT_MC_INJURED,PRIMARY_RAMP,SECONDARY_RAMP,LATITUDE,LONGITUDE,COUNTY,CITY,POINT_X,POINT_Y
9320287,2021,2022-01-20,1942,2021-12-18,0020,38185,2156,6,5,7,1942,0,0,0,NA,0,26T36,VICTORY BL,TOPANGA CANYON BL,0,E,N,A,-,N,NA,NA,NA,NA,NA,NA,NA,NA,NA,Y,1,1,0,1,A,-,03,22350,NA,N,E,I,A,A,H,-,C,A,0,NA,NA,NA,NA,Y,NA,A,07,0,0,0,0,0,0,0,0,0,-,-,NA,NA,LOS ANGELES,LOS ANGELES,-118.60588836669922,34.18692398071289
9320288,2021,2022-02-11,1900,2021-12-21,1619,552036,1017,2,5,3,1995,0,0,0,NA,0,101T2,RT 1,BIG ROCK DR,2640,S,N,A,-,Y,LA,7,1,-,-,42.06,H,-,N,Y,1,1,0,2,A,-,08,22107,NA,N,C,G,A,A,H,-,A,D,0,NA,Y,NA,NA,Y,NA,A,01,0,0,0,0,0,1,0,0,0,-,-,34.0394287109375,-118.60112762451172,LOS ANGELES,MALIBU,-118.60124206542967,34.03941345214844
9320289,2021,2022-01-20,1976,2021-12-30,0642,219,NA,4,5,3,1964,0,0,0,NA,0,002,PIONEER BL,PARKMEAD ST,99,N,N,B,C,N,NA,NA,NA,NA,NA,NA,NA,NA,NA,N,1,1,0,3,A,-,11,21954,A,F,G,B,D,B,H,-,B,D,0,Y,NA,NA,NA,Y,NA,N,60,0,0,0,1,0,0,0,0,0,-,-,NA,NA,LOS ANGELES,SANTA FE SPRINGS,-118.08208465576172,33.94103240966797
9320294,2021,2022-07-28,1900,2021-09-08,1334,655224,2814,3,5,5,1915,0,0,0,NA,0,283T2,COMPTON BL,MATTHISEN AV,0,NA,Y,A,-,N,NA,NA,NA,NA,NA,NA,NA,NA,NA,Y,1,1,0,2,A,-,03,22350,NA,N,D,C,A,A,H,-,A,A,0,NA,NA,Y,NA,Y,NA,C,02,0,0,0,0,0,0,0,1,0,-,-,33.895931243896484,-118.23387145996094,LOS ANGELES,COMPTON,-118.2343521118164,33.89590072631836
9320298,2021,2022-01-18,1942,2021-12-18,2330,33504,1763,6,5,7,1942,0,0,0,Q,0,26T55-,LASSEN ST,OAKDALE AV,243,E,N,A,-,N,NA,NA,NA,NA,NA,NA,NA,NA,NA,Y,1,2,2,2,A,-,01,23152,A,N,C,C,A,A,H,-,C,D,0,NA,NA,NA,NA,Y,Y,A,07,0,2,0,0,0,0,0,0,0,-,-,NA,NA,LOS ANGELES,LOS ANGELES,-118.5658950805664,34.25
9320299,2021,2022-01-18,1900,2021-12-21,1735,618405,2116,2,5,5,1943,0,0,0,NA,0,212T3,IMPERIAL HWY,WATTS AV,57,W,N,A,-,N,NA,NA,NA,NA,NA,NA,NA,NA,NA,Y,1,1,0,2,A,-,08,22107,NA,N,F,A,A,A,H,-,C,A,0,NA,NA,Y,NA,Y,NA,C,02,0,0,0,0,0,0,0,1,0,-,-,NA,NA,LOS ANGELES,LYNWOOD,-118.22809600830078,33.92936325073242
9320300,2021,2022-01-18,1900,2021-12-31,1725,615106,2619,5,5,6,1950,0,0,0,NA,0,262T1,SIERRA HWY,TECHNOLOGY DR,203,S,N,A,-,N,NA,NA,NA,NA,NA,NA,NA,NA,NA,Y,1,1,2,2,A,-,01,23153,A,N,A,C,A,A,H,-,C,D,0,NA,NA,NA,NA,Y,Y,D,22,2,0,0,0,0,0,0,0,0,-,-,34.593929290771484,-118.12039947509766,LOS ANGELES,PALMDALE,-118.1204071044922,34.593929290771484
9320319,2021,2022-02-02,1934,2021-03-10,0405,777,IRWPD,3,5,1,1934,0,0,0,NA,0,001,ARROW HWY,4TH ST,0,NA,Y,-,-,N,NA,NA,NA,NA,NA,NA,NA,NA,NA,Y,1,1,0,2,A,-,11,21954,A,N,G,B,D,B,H,-,C,A,0,Y,NA,NA,NA,Y,NA,N,60,0,0,0,1,0,0,0,0,0,-,-,34.10702133178711,-117.94008636474608,LOS ANGELES,IRWINDALE,-117.93859100341795,34.106929779052734
9320326,2021,2022-02-02,1942,2021-11-04,1950,41210,0803,4,5,7,1942,0,0,0,H,0,27T31,SUNSET BL,ALLENFORD AV,220,W,N,A,-,N,NA,NA,NA,NA,NA,NA,NA,NA,NA,N,1,1,0,2,A,-,11,21956,A,F,G,B,E,A,H,-,C,D,0,Y,NA,NA,NA,Y,NA,N,60,0,0,0,1,0,0,0,0,0,-,-,NA,NA,LOS ANGELES,LOS ANGELES,-118.49796295166016,34.05514144897461
9320327,2021,2022-02-02,1900,2021-11-05,1715,615106,2612,5,5,6,1950,0,0,0,NA,0,262T1,RANCHO VISTA BL,SEVILLE AV,336,E,N,A,-,N,NA,NA,NA,NA,NA,NA,NA,NA,NA,Y,1,1,1,2,D,-,00,NA,NA,N,D,C,A,A,H,-,A,A,0,NA,NA,Y,NA,Y,NA,-,-,0,1,0,0,0,0,0,1,0,-,-,34.60295867919922,-118.18701934814452,LOS ANGELES,PALMDALE,-118.18702697753906,34.60291290283203
9320328,2021,2022-02-02,1946,2021-11-13,0800,A6,1946,6,5,4,1946,0,0,0,NA,0,001,FOOTHILL,MYRTLE,0,NA,Y,A,-,N,NA,NA,NA,NA,NA,NA,NA,NA,NA,N,1,1,0,2,A,-,10,21950,NA,N,G,B,B,A,H,-,A,A,0,Y,NA,NA,NA,Y,NA,A,01,0,0,0,1,0,0,0,0,0,-,-,NA,NA,LOS ANGELES,MONROVIA,-118.00105285644533,34.151344299316406
9320329,2021,2022-02-02,1900,2021-11-13,1628,642584,2812,6,5,5,1915,0,0,0,NA,0,283T2,WILMINGTON AV,133RD ST,67,S,N,A,-,N,NA,NA,NA,NA,NA,NA,NA,NA,NA,N,1,1,0,2,A,-,03,22350,NA,F,G,B,D,A,H,-,A,D,0,Y,NA,NA,NA,Y,NA,A,01,0,0,0,1,0,0,0,0,0,-,-,33.91115951538086,-118.23914337158205,LOS ANGELES,COMPTON,-118.23915863037108,33.91118621826172
9320333,2021,2022-02-03,1900,2021-11-23,1759,515181,1511,2,5,5,1954,0,0,0,NA,0,151T2,SPORTS ARENA DR,ROSE HILLS RD,413,N,N,A,-,N,NA,NA,NA,NA,NA,NA,NA,NA,NA,Y,1,1,0,1,A,-,03,22350,NA,N,E,I,A,A,H,-,D,D,0,NA,NA,Y,NA,Y,NA,C,02,0,0,0,0,0,0,0,1,0,-,-,34.019508361816406,-118.05271911621094,LOS ANGELES,PICO RIVERA,NA,NA
9320335,2021,2022-02-03,1900,2021-11-29,0454,652882,1124,1,5,6,1992,0,0,0,NA,0,112T2,SIERRA HWY,AVENUE L,0,NA,Y,A,-,N,NA,NA,NA,NA,NA,NA,NA,NA,NA,Y,1,1,1,2,A,-,12,21453,A,N,D,C,A,A,H,-,C,A,0,NA,NA,Y,NA,Y,NA,C,02,0,0,1,0,0,0,0,1,0,-,-,NA,NA,LOS ANGELES,LANCASTER,-118.13066864013672,34.6605224609375
9320336,2021,2022-02-03,1942,2021-12-01,1650,41316,1791,3,5,7,1942,0,0,0,Q,0,26TL74,ROSCOE BL,COZYCROFT AV,24,W,N,A,-,N,NA,NA,NA,NA,NA,NA,NA,NA,NA,Y,1,1,0,2,A,-,03,22350,NA,N,C,D,A,A,H,-,E,D,0,NA,NA,Y,NA,Y,NA,C,02,0,0,0,0,0,0,0,1,0,-,-,NA,NA,LOS ANGELES,LOS ANGELES,-118.58204650878906,34.22007751464844
9320337,2021,2022-02-03,1942,2021-12-08,2045,36553,1213,3,5,7,1942,0,0,0,L,0,25T35W,SLAUSON AV,DENKER AV,0,NA,Y,A,-,N,NA,NA,NA,NA,NA,NA,NA,NA,NA,Y,1,1,0,2,A,-,07,21658,NA,N,C,C,A,A,H,-,C,A,0,NA,NA,NA,NA,Y,NA,A,07,0,0,0,0,0,0,0,0,0,-,-,NA,NA,LOS ANGELES,LOS ANGELES,-118.30451965332033,33.9891471862793
9320338,2021,2022-02-03,1941,2021-12-10,1541,7580,NA,5,5,7,1941,0,0,0,NA,0,NA,TOLBERT AV,46TH ST,249,S,N,B,G,N,NA,NA,NA,NA,NA,NA,NA,NA,NA,Y,1,1,0,3,B,-,22,NA,NA,N,H,B,F,A,H,-,A,D,0,Y,NA,NA,NA,Y,NA,A,NA,0,0,0,1,0,0,0,0,0,-,-,NA,NA,LOS ANGELES,LONG BEACH,-118.18881225585938,33.84103775024414
9320339,2021,2022-02-03,1942,2021-12-11,1500,37724,0356,6,5,7,1942,0,0,0,C,0,25TL56,JEFFERSON BL,HARVARD BL,0,NA,Y,A,-,N,NA,NA,NA,NA,NA,NA,NA,NA,NA,Y,1,1,0,2,A,-,00,23109,1,N,G,B,B,A,H,-,A,A,0,Y,NA,NA,NA,Y,NA,A,01,0,0,0,1,0,0,0,0,0,-,-,NA,NA,LOS ANGELES,LOS ANGELES,-118.306640625,34.02555465698242
9320340,2021,2022-02-03,1900,2021-12-12,2500,639633,2603,7,5,6,1950,0,0,0,NA,0,263T1,25TH ST E,CROSSPOINTE DR,94,S,N,A,-,N,NA,NA,NA,NA,NA,NA,NA,NA,NA,N,1,1,0,2,A,-,11,21954,A,F,G,B,E,A,H,-,C,D,0,Y,NA,NA,NA,Y,NA,N,60,0,0,0,1,0,0,0,0,0,-,-,34.5478401184082,-118.0844268798828,LOS ANGELES,PALMDALE,-118.0843505859375,34.547935485839844
9320341,2021,2023-06-17,1942,2021-12-12,0055,40105,0529,7,5,7,1942,0,0,0,E,0,25T35,QUAY AV,E G ST,52,N,N,A,-,N,NA,NA,NA,NA,NA,NA,NA,NA,NA,Y,1,1,1,3,A,-,01,23152,A,N,G,B,D,A,H,-,C,A,0,Y,NA,NA,NA,Y,Y,D,22,1,0,0,1,1,0,0,0,0,-,-,NA,NA,LOS ANGELES,LOS ANGELES,-118.25846099853516,33.778873443603516
9320342,2021,2022-02-03,1900,2021-12-13,1700,546256,0540,1,5,3,1921,0,0,0,NA,0,53T1PM,BUENA VISTA ST,DUARTE RD,360,S,N,B,-,N,NA,NA,NA,NA,NA,NA,NA,NA,NA,Y,1,1,0,2,A,-,11,21954,A,N,G,B,D,A,H,-,C,D,0,Y,NA,NA,NA,Y,NA,N,60,0,0,0,1,0,0,0,0,0,-,-,34.131168365478516,-117.97757720947266,LOS ANGELES,DUARTE,-117.97754669189452,34.131221771240234
9320343,2021,2022-02-03,1900,2021-12-16,0720,527455,0540,4,5,3,1921,0,0,0,NA,0,58T1AM,DUARTE RD,HOPE DR,9,W,N,A,-,N,NA,NA,NA,NA,NA,NA,NA,NA,NA,N,1,1,0,2,A,-,10,21950,A,N,G,B,B,A,H,-,A,B,0,Y,NA,NA,NA,Y,NA,A,07,0,0,0,1,0,0,0,0,0,-,-,34.13235092163086,-117.97088623046876,LOS ANGELES,DUARTE,-117.97078704833984,34.13222122192383
9320344,2021,2022-02-03,1942,2021-12-18,1350,40289,0201,6,5,7,1942,0,0,0,B,0,24TL55,SANTA MONICA BL,HELIOTROPE AV,0,NA,Y,A,-,N,NA,NA,NA,NA,NA,NA,NA,NA,NA,N,1,1,0,2,A,-,11,21954,A,N,G,B,D,A,H,-,A,D,0,Y,NA,NA,NA,Y,NA,N,60,0,0,0,1,0,0,0,0,0,-,-,NA,NA,LOS ANGELES,LOS ANGELES,-118.29497528076172,34.09084701538086
9320346,2021,2022-02-03,1941,2021-12-27,0722,7580,NA,1,5,7,1941,0,0,0,NA,0,NA,CARSON ST,LOS COYOTES DIAGONAL,0,NA,Y,A,-,N,NA,NA,NA,NA,NA,NA,NA,NA,NA,Y,1,1,1,3,A,-,10,21950,A,N,H,B,B,A,H,-,A,A,0,Y,NA,NA,NA,Y,NA,A,NA,0,1,0,1,1,0,0,0,0,-,-,NA,NA,LOS ANGELES,LONG BEACH,-118.09890747070313,33.83229446411133
9320347,2021,2022-02-11,1900,2021-12-28,2155,629510,1360,2,5,5,1952,0,0,0,NA,0,136A,ROSECRANS AV,RT 710,112,E,N,A,-,N,NA,NA,NA,NA,NA,NA,NA,NA,NA,Y,1,1,0,2,D,-,00,NA,NA,N,C,C,A,A,H,-,C,D,0,NA,NA,NA,Y,Y,NA,-,-,0,0,0,0,0,0,0,0,0,-,NO,NA,NA,LOS ANGELES,PARAMOUNT,-118.18500518798828,33.90351867675781
9320371,2021,2022-02-09,1942,2021-11-19,1735,34426,0461,5,5,7,1942,0,0,0,D,0,24TL51,4TH ST,ANDERSON ST,1220,W,N,A,-,N,NA,NA,NA,NA,NA,NA,NA,NA,NA,Y,1,1,0,2,A,-,11,21954,A,N,G,B,E,A,H,-,C,D,0,Y,NA,NA,NA,Y,NA,N,60,0,0,0,1,0,0,0,0,0,-,-,NA,NA,LOS ANGELES,LOS ANGELES,-118.22705078125,34.04182815551758
9320377,2021,2022-02-09,1942,2021-12-15,2150,41072,0529,3,5,7,1942,0,0,0,E,0,25T31,ANAHEIM ST,HENRY FORD AV,140,W,N,A,-,N,NA,NA,NA,NA,NA,NA,NA,NA,NA,Y,1,1,0,2,A,-,08,22100,NA,N,D,C,A,A,H,-,C,A,0,NA,NA,Y,Y,Y,NA,F,27,0,0,0,0,0,0,0,1,0,-,-,NA,NA,LOS ANGELES,LOS ANGELES,-118.24219512939452,33.781105041503906
9320380,2021,2023-06-17,1942,2021-12-24,1915,41131,0527,5,5,7,1942,0,0,0,E,0,25T33,HARRY BRIDGES BL,KING AV,11,W,N,A,-,N,NA,NA,NA,NA,NA,NA,NA,NA,NA,Y,1,1,1,2,A,-,01,23152,A,N,D,C,A,A,H,-,C,A,0,NA,NA,NA,NA,Y,Y,D,22,0,1,0,0,0,0,0,0,0,-,-,NA,NA,LOS ANGELES,LOS ANGELES,-118.27484893798828,33.77056884765625
9320381,2021,2022-02-11,1976,2021-12-31,1940,275,NA,5,5,5,1976,0,0,0,NA,0,002,RT 72,HADLEY ST,0,NA,Y,A,-,Y,LA,7,72,-,-,5.501,I,5,N,N,1,1,0,2,A,-,11,21453,D,F,G,B,B,A,H,-,C,A,0,Y,NA,NA,NA,Y,NA,N,60,0,0,0,1,0,0,0,0,0,-,-,NA,NA,LOS ANGELES,WHITTIER,-118.05372619628906,33.982975006103516
9320391,2021,2022-02-16,1973,2021-10-17,1712,656,1973,7,5,1,1973,0,0,0,NA,0,003,DISTRICT BL,DISTRICT BL 4713,0,NA,N,A,-,N,NA,NA,NA,NA,NA,NA,NA,NA,NA,Y,1,1,0,1,A,-,03,22350,NA,N,F,-,A,A,H,-,A,D,0,NA,NA,NA,NA,Y,NA,-,NA,0,0,0,0,0,0,0,0,0,-,-,NA,NA,LOS ANGELES,VERNON,-118.192581,33.999184
9320393,2021,2022-02-16,1975,2021-11-03,0523,353,NA,3,5,6,1975,0,0,0,NA,0,006,E VILLA ST,VALLEY BL,15,N,N,E,-,N,NA,NA,NA,NA,NA,NA,NA,NA,NA,Y,1,1,0,1,A,-,03,22350,NA,N,E,I,A,B,H,-,C,D,0,NA,NA,NA,NA,Y,NA,A,01,0,0,0,0,0,0,0,0,0,-,-,NA,NA,LOS ANGELES,WEST COVINA,NA,NA
9320394,2021,2022-02-16,1942,2021-11-06,1915,39217,1667,6,5,7,1942,0,0,0,P,0,26T32,LA TUNA CANYON RD,FIRE ROAD WEST,210,W,N,A,-,N,NA,NA,NA,NA,NA,NA,NA,NA,NA,N,1,1,0,2,A,-,11,21954,A,N,G,B,E,A,H,-,D,D,0,Y,NA,NA,NA,Y,NA,N,60,0,0,0,1,0,0,0,0,0,-,-,NA,NA,LOS ANGELES,LOS ANGELES,-118.32241821289064,34.23756408691406
9320397,2021,2022-02-16,1944,2021-11-23,2146,353,M7,2,5,4,1944,0,0,0,NA,0,002,MARINE AV,N SEPULVEDA BL,0,NA,Y,A,-,N,NA,NA,NA,NA,NA,NA,NA,NA,NA,Y,1,3,3,4,D,-,00,NA,NA,N,D,C,A,A,H,-,C,A,0,NA,NA,NA,NA,Y,NA,-,-,1,0,2,0,0,0,0,0,0,-,-,NA,NA,LOS ANGELES,MANHATTAN BEACH,-118.39608001708984,33.894622802734375
9320401,2021,2022-02-16,1942,2021-12-24,2335,42344,1523,5,5,7,1942,0,0,0,O,0,26TL51,COLDWATER CANYON AV,ERWIN ST,139,S,N,A,-,N,NA,NA,NA,NA,NA,NA,NA,NA,NA,N,1,1,0,2,A,-,11,21954,A,N,G,B,D,A,H,-,C,D,0,Y,NA,NA,NA,Y,NA,N,60,0,0,0,1,0,0,0,0,0,-,-,NA,NA,LOS ANGELES,LOS ANGELES,-118.41378784179688,34.18265914916992
9320422,2021,2022-03-03,1941,2021-08-12,2036,6308,NA,4,5,7,1941,0,0,0,NA,0,NA,7TH ST,DAWSON AV,0,NA,Y,A,-,N,NA,NA,NA,NA,NA,NA,NA,NA,NA,N,1,1,0,3,A,-,10,21950,A,F,H,B,B,A,H,-,C,D,0,Y,NA,NA,NA,Y,NA,D,NA,0,0,0,1,0,0,0,0,0,-,-,NA,NA,LOS ANGELES,LONG BEACH,-118.16558074951172,33.775352478027344
9320424,2021,2022-03-03,1900,2021-11-07,0642,625597,2611,7,5,6,1950,0,0,0,NA,0,262T1,PALMDALE BL,5TH ST WEST,756,E,N,A,-,N,NA,NA,NA,NA,NA,NA,NA,NA,NA,N,1,1,0,2,A,-,11,21954,A,N,G,B,E,A,H,-,A,D,0,Y,NA,NA,NA,Y,NA,N,60,0,0,0,1,0,0,0,0,0,-,-,34.58232879638672,-118.13622283935548,LOS ANGELES,PALMDALE,-118.1363525390625,34.58242416381836
9320437,2022,2022-03-03,1920,2022-01-01,1605,13500,1920,6,5,6,1920,0,0,0,NA,0,004,FLORENCE AV,WOODRUFF AV,0,NA,Y,A,-,N,NA,NA,NA,NA,NA,NA,NA,NA,NA,Y,1,1,2,2,A,-,09,21801,A,N,D,C,A,A,H,-,A,A,0,NA,NA,NA,Y,Y,NA,A,01,1,1,0,0,0,0,0,0,0,-,-,NA,NA,LOS ANGELES,DOWNEY,-118.11036682128906,33.94403839111328
9320441,2022,2022-04-07,1942,2022-01-04,0500,33504,1737,2,5,7,1942,0,0,0,Q,0,26T55-,CHATSWORTH ST,PETIT AV,239,W,N,A,-,N,NA,NA,NA,NA,NA,NA,NA,NA,NA,N,1,1,0,2,A,-,11,21955,NA,N,G,B,E,A,H,-,C,D,0,Y,NA,NA,NA,Y,NA,N,60,0,0,0,1,0,0,0,0,0,-,-,NA,NA,LOS ANGELES,LOS ANGELES,-118.49871063232422,34.26474380493164
9320443,2022,2022-03-10,1942,2022-01-04,1910,40876,1762,2,5,7,1942,0,0,0,Q,0,26T56,PLUMMER ST,LURLINE AV,160,E,N,A,-,N,NA,NA,NA,NA,NA,NA,NA,NA,NA,Y,1,3,1,3,A,-,01,23152,A,F,C,G,A,A,H,-,C,A,0,NA,Y,NA,NA,Y,Y,D,22,1,0,0,0,0,3,0,0,0,-,-,NA,NA,LOS ANGELES,LOS ANGELES,-118.58364868164064,34.24272155761719
9320445,2022,2022-03-10,1942,2022-01-07,2135,37724,0587,5,5,7,1942,0,0,0,E,0,25TL22,KERCKHOFF AV,26TH ST,69,S,N,A,-,N,NA,NA,NA,NA,NA,NA,NA,NA,NA,Y,1,1,0,3,A,-,03,22350,NA,N,B,E,A,A,H,-,C,D,0,NA,NA,NA,NA,Y,NA,A,01,0,0,0,0,0,0,0,0,0,-,-,NA,NA,LOS ANGELES,LOS ANGELES,-118.28981018066406,33.720420837402344
9320448,2022,2022-03-03,1942,2022-01-11,1730,43804,0334,2,5,7,1942,0,0,0,C,0,25T22,JEFFERSON BLVD,11TH AVE,134,E,N,A,-,N,NA,NA,NA,NA,NA,NA,NA,NA,NA,N,1,1,0,3,A,-,11,21956,A,F,G,B,E,A,H,-,C,A,0,Y,NA,NA,NA,Y,NA,N,60,0,0,0,1,0,0,0,0,0,-,-,NA,NA,LOS ANGELES,LOS ANGELES,-118.3288803100586,34.02560043334961
9320449,2022,2022-03-03,1942,2022-01-12,1445,42286,1465,3,5,7,1942,0,0,0,N,0,27TL23,ALBERTA DR,RANDALL ST,58,W,N,A,-,N,NA,NA,NA,NA,NA,NA,NA,NA,NA,Y,1,1,0,2,A,-,03,22350,NA,N,D,E,A,A,H,-,A,D,0,NA,NA,Y,NA,Y,NA,C,02,0,0,0,0,0,0,0,1,0,-,-,NA,NA,LOS ANGELES,LOS ANGELES,-118.41162109375,33.98563766479492
9320450,2022,2022-03-11,1961,2022-01-12,1813,10516,1961,3,5,3,1961,0,0,0,NA,0,001,EIGHTH STREET,NORTH MACLAY AV,0,NA,Y,A,-,N,NA,NA,NA,NA,NA,NA,NA,NA,NA,N,1,1,0,2,A,-,10,21950,A,N,G,B,B,A,H,-,C,A,0,Y,NA,NA,NA,Y,NA,D,22,0,0,0,1,0,0,0,0,0,-,-,NA,NA,LOS ANGELES,SAN FERNANDO,-118.42382049560548,34.296085357666016
9320451,2022,2022-03-11,1942,2022-01-13,1830,43804,0351,4,5,7,1942,0,0,0,C,0,25T22,OBAMA BLVD,FARMDALE AV,505,W,N,A,-,N,NA,NA,NA,NA,NA,NA,NA,NA,NA,N,1,1,0,2,A,-,11,21954,A,N,G,B,D,A,H,-,C,A,0,Y,NA,NA,NA,Y,NA,N,60,0,0,0,1,0,0,0,0,0,-,-,NA,NA,LOS ANGELES,LOS ANGELES,-118.34770965576172,34.02149963378906
9320452,2022,2022-03-17,1942,2022-01-14,0100,38185,NA,5,5,7,1942,0,0,0,NA,0,26T36,VICTORY BL,CANOGA AV,0,NA,Y,A,-,N,NA,NA,NA,NA,NA,NA,NA,NA,NA,Y,1,1,0,2,A,-,03,22350,NA,N,D,C,A,A,H,-,C,A,0,NA,NA,NA,Y,Y,NA,A,07,0,0,0,0,0,0,0,0,0,-,-,NA,NA,LOS ANGELES,LOS ANGELES,-118.59748077392578,34.18837356567383
9320453,2022,2022-03-17,1900,2022-01-16,1053,602401,1137,7,5,6,1992,0,0,0,NA,0,112T2,AVENUE J,32ND ST E,0,NA,Y,A,-,N,NA,NA,NA,NA,NA,NA,NA,NA,NA,Y,1,1,1,2,D,-,00,NA,NA,N,D,C,A,A,H,-,A,D,0,NA,NA,NA,NA,Y,NA,-,-,0,0,1,0,0,0,0,0,0,-,-,NA,NA,LOS ANGELES,LANCASTER,-118.07256317138672,34.68989562988281
9320454,2022,2022-03-25,1942,2022-01-16,1620,42309,1995,7,5,7,1942,0,0,0,NA,0,26Q44,NATICK AVE,STRATHERN ST,11,S,N,B,-,N,NA,NA,NA,NA,NA,NA,NA,NA,NA,Y,1,1,0,1,A,-,03,22350,NA,N,E,I,A,A,H,-,A,A,0,NA,NA,NA,NA,Y,NA,A,07,0,0,0,0,0,0,0,0,0,-,-,NA,NA,LOS ANGELES,LOS ANGELES,-118.45443725585938,34.21609878540039
9320455,2022,2022-03-17,1942,2022-01-17,1820,33504,2139,1,5,7,1942,0,0,0,NA,0,26T55,WINNETKA AV,LEADWELL ST,24,N,N,B,C,N,NA,NA,NA,NA,NA,NA,NA,NA,NA,Y,1,1,0,4,A,-,10,21950,A,F,G,B,D,B,H,-,C,A,0,Y,NA,NA,NA,Y,NA,-,99,0,0,0,1,0,0,0,0,0,-,-,NA,NA,LOS ANGELES,LOS ANGELES,-118.57099151611328,34.20353698730469
9320456,2022,2022-03-17,1942,2022-01-18,0200,37304,1944,2,5,7,1942,0,0,0,NA,0,26T56,TRUMAN ST,SAN FERNANDO RD,66,E,N,B,-,N,NA,NA,NA,NA,NA,NA,NA,NA,NA,Y,1,1,0,1,A,-,03,22350,NA,N,E,I,A,B,H,-,C,D,0,NA,NA,Y,NA,Y,NA,C,02,0,0,0,0,0,0,0,1,0,-,-,NA,NA,LOS ANGELES,LOS ANGELES,-118.45153045654295,34.29327392578125
9320459,2022,2022-03-03,1942,2022-01-21,2304,36738,0501,5,5,7,1942,0,0,0,E,0,25T33,VERMONT AV,186TH ST,57,N,N,A,-,N,NA,NA,NA,NA,NA,NA,NA,NA,NA,N,1,1,0,2,A,-,03,22350,A,F,G,B,D,A,H,-,D,D,0,Y,NA,NA,NA,Y,NA,-,99,0,0,0,1,0,0,0,0,0,-,-,NA,NA,LOS ANGELES,LOS ANGELES,-118.29054260253906,33.86216735839844
9320460,2022,2022-03-03,1942,2022-01-22,1300,37540,0111,6,5,7,1942,0,0,0,A,0,24TL27,ALAMEDA ST,CESAR CHAVEZ AV,0,NA,Y,A,-,N,NA,NA,NA,NA,NA,NA,NA,NA,NA,N,1,1,0,2,A,-,11,21954,A,N,G,B,D,A,H,-,A,A,0,Y,NA,NA,Y,Y,NA,F,26,0,0,0,1,0,0,0,0,0,-,-,NA,NA,LOS ANGELES,LOS ANGELES,-118.23709106445313,34.05808639526367
9320461,2022,2022-03-03,1942,2022-01-23,0855,31713,0221,7,5,7,1942,0,0,0,B,0,24TL25,BEVERLY BL,NEW HAMPSHIRE,0,NA,Y,A,-,N,NA,NA,NA,NA,NA,NA,NA,NA,NA,Y,1,1,0,3,A,-,12,21453,A,N,A,D,F,A,H,-,A,A,0,Y,NA,NA,NA,Y,NA,A,01,0,0,0,1,0,0,0,0,0,-,-,NA,NA,LOS ANGELES,LOS ANGELES,-118.293212890625,34.07632064819336
9320462,2022,2022-03-03,1942,2022-01-25,0810,39154,1969,2,5,7,1942,0,0,0,NA,0,26TL22,ARIETA ST,KAMLOOPS ST,0,NA,Y,A,-,N,NA,NA,NA,NA,NA,NA,NA,NA,NA,Y,1,1,0,2,A,-,09,21801,A,N,D,C,A,A,H,-,A,D,0,NA,NA,Y,NA,Y,NA,D,22,0,0,0,0,0,0,0,1,0,-,-,NA,NA,LOS ANGELES,LOS ANGELES,-118.42787170410156,34.24375915527344
9320465,2022,2022-03-03,1942,2022-01-29,2010,37304,1079,6,5,7,1942,0,0,0,J,0,26T56,SHERMAN OAKS AV,DICKENS ST,0,NA,Y,A,-,N,NA,NA,NA,NA,NA,NA,NA,NA,NA,N,1,1,0,2,A,-,10,21950,A,N,G,B,B,A,H,-,C,D,0,Y,NA,NA,NA,Y,NA,A,01,0,0,0,1,0,0,0,0,0,-,-,NA,NA,LOS ANGELES,LOS ANGELES,-118.4691925048828,34.1533088684082
9320466,2022,2023-09-13,1900,2022-01-31,1839,552036,1017,1,5,3,1995,0,0,0,NA,0,101T2,RT 1,BIG ROCK DR,3168,N,N,A,-,Y,LA,7,1,-,-,43.09,H,-,N,N,1,1,0,2,A,-,11,21954,A,N,G,B,D,A,H,-,C,D,0,Y,NA,NA,NA,Y,NA,N,60,0,0,0,1,0,0,0,0,0,-,-,NA,NA,LOS ANGELES,MALIBU,-118.61824798583984,34.03771209716797
9320467,2022,2022-03-03,1942,2022-02-01,0640,30452,1713,2,5,7,1942,0,0,0,Q,0,26TL24,RINALDI ST,DULCET AV,0,NA,Y,A,-,N,NA,NA,NA,NA,NA,NA,NA,NA,NA,Y,1,1,1,2,A,-,00,22235,NA,N,D,C,A,A,H,-,B,A,0,NA,NA,NA,NA,Y,NA,A,01,0,1,0,0,0,0,0,0,0,-,-,NA,NA,LOS ANGELES,LOS ANGELES,-118.54048919677734,34.27530288696289