CASE_ID,ACCIDENT_YEAR,PROC_DATE,JURIS,COLLISION_DATE,COLLISION_TIME,OFFICER_ID,REPORTING_DISTRICT,DAY_OF_WEEK,CHP_SHIFT,POPULATION,CNTY_CITY_LOC,SPECIAL_COND,BEAT_TYPE,CHP_BEAT_TYPE,CITY_DIVISION_LAPD,CHP_BEAT_CLASS,BEAT_NUMBER,PRIMARY_RD,SECONDARY_RD,DISTANCE,DIRECTION,INTERSECTION,WEATHER_1,WEATHER_2,STATE_HWY_IND,CALTRANS_COUNTY,CALTRANS_DISTRICT,STATE_ROUTE,ROUTE_SUFFIX,POSTMILE_PREFIX,POSTMILE,LOCATION_TYPE,RAMP_INTERSECTION,SIDE_OF_HWY,TOW_AWAY,COLLISION_SEVERITY,NUMBER_KILLED,NUMBER_INJURED,PARTY_COUNT,PRIMARY_COLL_FACTOR,PCF_CODE_OF_VIOL,PCF_VIOL_CATEGORY,PCF_VIOLATION,PCF_VIOL_SUBSECTION,HIT_AND_RUN,TYPE_OF_COLLISION,MVIW,PED_ACTION,ROAD_SURFACE,ROAD_COND_1,ROAD_COND_2,LIGHTING,CONTROL_DEVICE,CHP_ROAD_TYPE,PEDESTRIAN_ACCIDENT,BICYCLE_ACCIDENT,MOTORCYCLE_ACCIDENT,TRUCK_ACCIDENT,NOT_PRIVATE_PROPERTY,ALCOHOL_INVOLVED,STWD_VEHTYPE_AT_FAULT,CHP_VEHTYPE_AT_FAULT,COUNT_SEVERE_INJ,COUNT_VISIBLE_INJ,COUNT_COMPLAINT_PAIN,COUNT_PED_KILLED,COUNT_PED_INJURED,COUNT_BICYCLIST_KILLED,COUNT_BICYCLIST_INJURED,COUNT_MC_KILLED,COUNT_MC_INJURED,PRIMARY_RAMP,SECONDARY_RAMP,LATITUDE,LONGITUDE,COUNTY,CITY,POINT_X,POINT_Y
9320468,2022,2022-03-03,1942,2022-02-05,1105,40165,1901,6,5,7,1942,0,0,0,NA,0,26TL75,FOOTHILL AV,BALBOA BL,0,W,N,A,-,N,NA,NA,NA,NA,NA,NA,NA,NA,NA,Y,1,1,0,1,A,-,03,22350,NA,N,E,I,A,A,H,-,A,D,0,NA,NA,Y,NA,Y,NA,C,02,0,0,0,0,0,0,0,1,0,-,-,NA,NA,LOS ANGELES,LOS ANGELES,-118.49581146240234,34.32155227661133
9320469,2022,2022-03-03,1976,2022-02-05,1843,535,NA,6,5,5,1976,0,0,0,NA,0,003,LAMBERT RD,GUNN AV,0,NA,Y,A,-,N,NA,NA,NA,NA,NA,NA,NA,NA,NA,Y,1,1,0,2,A,-,01,23152,A,N,D,C,A,A,H,-,C,A,0,NA,NA,Y,NA,Y,NA,A,01,0,0,0,0,0,0,0,1,0,-,-,NA,NA,LOS ANGELES,WHITTIER,-118.02469635009766,33.94902420043945
9320470,2022,2022-03-03,1942,2022-02-06,1800,42460,2175,7,5,7,1942,0,0,0,NA,0,26T51,VENTURA BL,PONCE AV,66,E,N,A,-,N,NA,NA,NA,NA,NA,NA,NA,NA,NA,Y,1,1,0,2,A,-,11,21955,NA,F,G,B,D,A,H,-,C,A,0,Y,NA,NA,NA,Y,Y,N,60,0,0,0,1,0,0,0,0,0,-,-,34.1668586730957,-118.6207275390625,LOS ANGELES,LOS ANGELES,-118.62052917480467,34.16691589355469
9320471,2022,2022-03-03,1942,2022-02-07,1033,38050,0473,1,5,7,1942,0,0,0,D,0,24TL27,SOTO ST,7TH ST,0,NA,Y,A,-,N,NA,NA,NA,NA,NA,NA,NA,NA,NA,Y,1,1,3,2,A,-,12,21453,A,N,D,I,A,A,H,-,A,A,0,NA,NA,NA,NA,Y,NA,A,01,0,1,2,0,0,0,0,0,0,-,-,NA,NA,LOS ANGELES,LOS ANGELES,-118.21697998046876,34.03230285644531
9320472,2022,2022-03-21,1942,2022-02-12,2205,38033,2185,6,5,7,1942,0,0,0,NA,0,26T37,DUMETZ RD,RT 27,55,E,N,A,-,Y,LA,7,27,-,-,11.471,I,6,S,Y,1,1,2,1,A,-,03,22350,NA,N,E,I,A,A,H,-,C,A,0,NA,NA,NA,NA,Y,NA,A,01,2,0,0,0,0,0,0,0,0,-,-,NA,NA,LOS ANGELES,LOS ANGELES,-118.60581970214844,34.15692138671875
9320473,2022,2022-03-03,1942,2022-02-13,0524,41629,1352,7,5,7,1942,0,0,0,M,0,24TL21,VERNON AV,MCKINLEY AV,469,W,N,A,-,N,NA,NA,NA,NA,NA,NA,NA,NA,NA,N,1,1,4,3,A,-,05,21460,A,N,A,C,A,A,H,-,C,D,0,NA,NA,NA,NA,Y,NA,A,01,1,0,3,0,0,0,0,0,0,-,-,NA,NA,LOS ANGELES,LOS ANGELES,-118.26244354248048,34.0038948059082
9320474,2022,2022-03-03,1942,2022-02-13,1645,37505,0465,7,5,7,1942,0,0,0,D,0,24TL32,EUCLID AV,4TH ST,141,S,N,A,-,N,NA,NA,NA,NA,NA,NA,NA,NA,NA,Y,1,1,0,2,A,-,03,22350,NA,N,C,C,A,A,H,-,A,A,0,NA,NA,Y,NA,Y,NA,C,02,0,0,0,0,0,0,0,1,0,-,-,NA,NA,LOS ANGELES,LOS ANGELES,-118.2036361694336,34.036537170410156
9320477,2021,2022-03-10,1942,2021-01-16,0755,41629,0162,6,5,7,1942,0,0,0,A,0,1A61,W 7TH ST,S OLIVE ST,148,W,N,A,-,N,NA,NA,NA,NA,NA,NA,NA,NA,NA,Y,1,1,0,2,A,-,03,22350,NA,F,C,G,A,A,H,-,A,D,0,NA,Y,NA,NA,Y,NA,D,22,0,0,0,0,0,1,0,0,0,-,-,NA,NA,LOS ANGELES,LOS ANGELES,-118.25593566894533,34.04685974121094
9320480,2021,2022-03-10,1900,2021-09-01,2318,515235,1432,3,5,4,1937,0,0,0,NA,0,141T1,HACIENDA BL,HAYLAND ST,24,S,N,A,-,N,NA,NA,NA,NA,NA,NA,NA,NA,NA,Y,1,1,1,3,A,-,01,23153,F,N,G,B,E,A,H,-,C,D,0,Y,NA,NA,NA,Y,NA,A,07,0,0,1,1,0,0,0,0,0,-,-,34.04072189331055,-117.9497299194336,LOS ANGELES,LA PUENTE,-117.9496841430664,34.04074478149414
9320481,2021,2022-03-10,1900,2021-09-14,1936,600059,1418,2,5,1,1932,0,0,0,NA,0,141T5,CURRIER RD,REYES DR,64,W,N,A,-,N,NA,NA,NA,NA,NA,NA,NA,NA,NA,Y,1,1,2,2,A,-,06,21750,A,N,A,C,A,A,H,-,C,D,0,NA,NA,NA,NA,Y,NA,A,01,1,1,0,0,0,0,0,0,0,-,-,34.00830841064453,-117.851806640625,LOS ANGELES,INDUSTRY,-117.85173797607422,34.00825119018555
9320483,2021,2022-03-10,1900,2021-09-23,1950,543275,1414,4,5,1,1932,0,0,0,NA,0,141T6,HACIENDA BL,VALLEY BL,70,N,N,A,-,N,NA,NA,NA,NA,NA,NA,NA,NA,NA,Y,1,1,0,2,A,-,09,21804,A,N,A,C,A,A,H,-,C,A,0,NA,NA,Y,NA,Y,NA,D,22,0,0,0,0,0,0,0,1,0,-,-,34.02027130126953,-117.95819854736328,LOS ANGELES,INDUSTRY,-117.9581298828125,34.019981384277344
9320487,2022,2022-04-27,1942,2022-01-05,1230,38687,2183,3,5,7,1942,0,0,0,NA,0,26TL72,VALMAR RD,MULLHOLLAND DR,439,S,N,A,-,N,NA,NA,NA,NA,NA,NA,NA,NA,NA,Y,2,0,1,1,C,-,18,NA,NA,N,E,I,A,A,H,-,A,D,0,NA,NA,NA,NA,Y,NA,-,-,1,0,0,0,0,0,0,0,0,-,-,NA,NA,LOS ANGELES,LOS ANGELES,-118.63042449951172,34.151336669921875
9320488,2022,2022-03-17,1900,2022-01-15,1552,625597,2607,6,5,6,1950,0,0,0,NA,0,263T1,RT 138,GOLDENVIEW WY,0,NA,Y,B,-,Y,LA,7,138,-,-,50.58,I,5,W,Y,1,1,1,2,A,-,09,21801,A,N,D,C,A,A,H,-,A,D,0,NA,NA,NA,NA,Y,NA,A,01,1,0,0,0,0,0,0,0,0,-,-,34.5507698059082,-118.04119873046876,LOS ANGELES,PALMDALE,-118.0413055419922,34.5507926940918
9320490,2022,2022-03-10,1942,2022-01-20,1803,42344,1591,4,5,7,1942,0,0,0,O,0,26TL46,SUMMIT CIRCLE,PINNACLE PLACE,0,S,N,A,-,N,NA,NA,NA,NA,NA,NA,NA,NA,NA,Y,1,1,0,1,C,-,18,NA,NA,N,E,I,A,A,H,-,C,D,0,NA,NA,NA,NA,Y,NA,-,-,0,0,0,0,0,0,0,0,0,-,-,NA,NA,LOS ANGELES,LOS ANGELES,-118.3983154296875,34.12571334838867
9320491,2022,2022-03-10,1942,2022-01-27,2135,43804,1263,4,5,7,1942,0,0,0,L,0,25T22,VAN NESS AV,MANCHESTER AV,10,N,N,A,-,N,NA,NA,NA,NA,NA,NA,NA,NA,NA,N,1,1,0,2,A,-,10,21950,A,F,G,B,B,A,H,-,C,A,0,Y,NA,NA,NA,Y,NA,-,99,0,0,0,1,0,0,0,0,0,-,-,NA,NA,LOS ANGELES,LOS ANGELES,-118.31776428222656,33.959999084472656
9320493,2022,2022-03-10,1907,2022-02-05,0052,225,1,6,5,4,1907,0,0,0,NA,0,NA,FLORENCE AV,OTIS AV,85,W,N,A,-,N,NA,NA,NA,NA,NA,NA,NA,NA,NA,N,1,1,0,2,A,-,11,21954,A,F,G,B,E,A,H,-,C,D,0,Y,NA,NA,NA,Y,NA,N,60,0,0,0,1,0,0,0,0,0,-,-,33.970680236816406,-118.19428253173828,LOS ANGELES,BELL,-118.19410705566406,33.970951080322266
9320497,2022,2022-10-18,1941,2022-01-01,0213,7580,NA,6,5,7,1941,0,0,0,NA,0,NA,BROADWAY AV,OLIVE AV,0,NA,Y,A,-,N,NA,NA,NA,NA,NA,NA,NA,NA,NA,Y,1,1,0,2,A,-,01,23152,B,N,C,C,A,A,H,-,C,A,0,NA,NA,NA,NA,Y,Y,-,NA,0,0,0,0,0,0,0,0,0,-,-,NA,NA,LOS ANGELES,LONG BEACH,-118.1824188232422,33.76929473876953
9320498,2022,2022-03-15,1942,2022-01-01,0440,39395,1367,6,5,7,1942,0,0,0,M,0,24TL28,STAUNTON AV,48TH ST,43,S,N,A,-,N,NA,NA,NA,NA,NA,NA,NA,NA,NA,Y,1,1,0,2,A,-,03,22350,A,N,E,E,A,A,H,-,D,D,0,NA,NA,NA,Y,Y,NA,A,01,0,0,0,0,0,0,0,0,0,-,-,NA,NA,LOS ANGELES,LOS ANGELES,-118.24211120605467,33.9993782043457
9320500,2022,2022-03-15,1900,2022-01-02,1038,489533,0453,7,5,6,1949,0,0,0,NA,0,48K1,STUDEBAKER RD,FOSTER RD,0,NA,Y,A,-,N,NA,NA,NA,NA,NA,NA,NA,NA,NA,Y,1,2,2,3,A,-,12,21453,A,N,D,C,A,A,H,-,A,A,0,NA,NA,NA,NA,Y,NA,A,01,0,0,2,0,0,0,0,0,0,-,-,NA,NA,LOS ANGELES,NORWALK,-118.09931182861328,33.90983200073242
9320501,2022,2022-03-15,1976,2022-01-02,1921,239,NA,7,5,3,1964,0,0,0,NA,0,003,13538 EXCELSIOR DR,FREEWAY DR,372,E,N,A,-,N,NA,NA,NA,NA,NA,NA,NA,NA,NA,Y,1,1,0,2,A,-,03,22350,NA,N,C,E,A,A,H,-,D,D,0,NA,NA,NA,Y,Y,NA,A,01,0,0,0,0,0,0,0,0,0,-,-,NA,NA,LOS ANGELES,SANTA FE SPRINGS,-118.04293060302734,33.89519119262695
9320513,2022,2022-03-10,1941,2022-02-10,2032,7580,NA,4,5,7,1941,0,0,0,NA,0,NA,ARTESIA BL,ORIZABA AV,153,W,N,A,-,N,NA,NA,NA,NA,NA,NA,NA,NA,NA,Y,1,1,0,2,A,-,11,21954,A,N,H,B,E,A,H,-,C,D,0,Y,NA,NA,NA,Y,NA,N,NA,0,0,0,1,0,0,0,0,0,-,-,NA,NA,LOS ANGELES,LONG BEACH,-118.15834045410156,33.87474822998047
9320516,2022,2022-03-10,1942,2022-02-18,2220,39410,1705,5,5,7,1942,0,0,0,Q,0,26T54,BALBOA BL,WOODLEY AV,175,N,N,A,-,N,NA,NA,NA,NA,NA,NA,NA,NA,NA,Y,1,1,0,2,A,-,01,23152,A,N,C,C,A,A,H,-,E,D,0,NA,NA,NA,NA,Y,Y,A,01,0,0,0,0,0,0,0,0,0,-,-,NA,NA,LOS ANGELES,LOS ANGELES,-118.50091552734376,34.30403137207031
9320525,2021,2022-03-17,1942,2021-11-26,1930,42460,2074,5,5,7,1942,0,0,0,NA,0,27T31,VENICE BL,HARVARD BL,0,NA,Y,A,-,N,NA,NA,NA,NA,NA,NA,NA,NA,NA,N,1,1,0,2,A,-,11,21453,D,F,-,B,B,A,H,-,C,A,0,Y,NA,NA,NA,Y,NA,N,60,0,0,0,1,0,0,0,0,0,-,-,NA,NA,LOS ANGELES,LOS ANGELES,-118.30433654785156,34.04359817504883
9320527,2021,2022-03-17,1942,2021-09-02,2335,37737,2021,4,5,7,1942,0,0,0,NA,0,31B123,WILTON PLACE,6TH ST,0,NA,Y,A,-,N,NA,NA,NA,NA,NA,NA,NA,NA,NA,Y,1,1,5,4,A,-,12,21453,A,N,D,C,A,A,H,-,C,A,0,NA,NA,NA,NA,Y,NA,A,01,1,2,2,0,0,0,0,0,0,-,-,NA,NA,LOS ANGELES,LOS ANGELES,-118.31405639648438,34.06328201293945
9320529,2021,2022-03-17,1900,2021-11-18,1745,543778,0560,4,5,3,1968,0,0,0,NA,0,5571PM,MERCED AV,RUSH ST,0,NA,Y,A,-,N,NA,NA,NA,NA,NA,NA,NA,NA,NA,Y,1,1,0,2,A,-,09,21801,A,N,D,C,A,A,H,-,C,A,0,NA,NA,Y,NA,Y,NA,A,01,0,0,0,0,0,0,0,1,0,-,-,34.051780700683594,-118.05133056640624,LOS ANGELES,SOUTH EL MONTE,-118.0512924194336,34.05186080932617
9320530,2021,2022-03-17,1942,2021-11-29,1350,34882,1403,1,5,7,1942,0,0,0,N,0,27M119,NATIONAL BL,SEPULVEDA BL,0,NA,Y,A,-,N,NA,NA,NA,NA,NA,NA,NA,NA,NA,Y,1,1,1,2,D,-,00,NA,NA,N,D,C,A,A,H,-,A,A,0,NA,NA,NA,NA,Y,NA,-,-,0,0,1,0,0,0,0,0,0,-,-,NA,NA,LOS ANGELES,LOS ANGELES,-118.42865753173828,34.02736282348633
9320531,2021,2022-03-17,1942,2021-12-16,2135,41210,1485,4,5,7,1942,0,0,0,N,0,27T31,MANCHESTER AV,MCCONNELL AV,290,E,N,A,-,N,NA,NA,NA,NA,NA,NA,NA,NA,NA,Y,1,2,0,1,A,-,03,22350,NA,N,E,I,A,B,H,-,C,A,0,NA,NA,NA,NA,Y,NA,A,01,0,0,0,0,0,0,0,0,0,-,-,NA,NA,LOS ANGELES,LOS ANGELES,-118.40883636474608,33.95976257324219
9320532,2021,2022-05-06,1942,2021-12-18,0817,34959,1444,6,5,7,1942,0,0,0,N,0,27TL29,LINCOLN BL,GRANT AV,0,NA,Y,A,-,Y,LA,7,1,-,-,31.871,I,5,N,Y,1,1,1,2,A,-,08,22100,B,N,D,C,A,A,H,-,A,D,0,NA,NA,Y,NA,Y,NA,A,01,0,1,0,0,0,0,0,1,0,-,-,NA,NA,LOS ANGELES,LOS ANGELES,-118.44871520996094,33.99161148071289
9320533,2021,2022-03-17,1942,2021-12-22,2150,42656,1431,3,5,7,1942,0,0,0,N,0,27T33,GRAND BL,NAVARRE CT,35,E,N,B,-,N,NA,NA,NA,NA,NA,NA,NA,NA,NA,N,1,1,0,3,A,-,09,21801,A,F,H,G,A,A,H,-,C,D,0,NA,Y,NA,NA,Y,NA,-,99,0,0,0,0,0,1,0,0,0,-,-,NA,NA,LOS ANGELES,LOS ANGELES,-118.46561431884766,33.98838806152344
9320534,2021,2022-03-17,1900,2021-12-24,1337,625464,2612,5,5,6,1950,0,0,0,NA,0,264T1,ELIZABETH LAKE RD,VINEYARD LANE,1972,W,N,B,-,N,NA,NA,NA,NA,NA,NA,NA,NA,NA,Y,1,1,4,3,A,-,03,22350,NA,N,A,C,A,B,H,-,A,D,0,NA,NA,NA,NA,Y,NA,A,01,1,1,2,0,0,0,0,0,0,-,-,34.598968505859375,-118.23542785644533,LOS ANGELES,PALMDALE,-118.23536682128906,34.59890365600586
9320535,2022,2022-03-25,1942,2022-02-03,2055,41072,1831,4,5,7,1942,0,0,0,R,0,25T31,FIGUEROA ST,LACONIA BL,180,N,N,A,-,N,NA,NA,NA,NA,NA,NA,NA,NA,NA,N,1,1,0,2,A,-,11,21954,A,F,G,B,D,A,H,-,E,A,0,Y,NA,NA,NA,Y,NA,N,60,0,0,0,1,0,0,0,0,0,-,-,NA,NA,LOS ANGELES,LOS ANGELES,-118.2830810546875,33.919803619384766
9320536,2022,2022-03-25,1942,2022-02-06,2250,36553,1834,7,5,7,1942,0,0,0,R,0,25TL31,AVALON BL,105TH ST,122,N,N,A,-,N,NA,NA,NA,NA,NA,NA,NA,NA,NA,N,1,1,0,3,A,-,03,22350,NA,N,G,B,D,A,H,-,C,A,0,Y,NA,NA,NA,Y,NA,A,01,0,0,0,1,0,0,0,0,0,-,-,NA,NA,LOS ANGELES,LOS ANGELES,-118.26519012451172,33.941375732421875
9320537,2022,2022-03-25,1942,2022-02-07,1325,35393,1801,1,5,7,1942,0,0,0,R,0,25TL21,MANCHESTER AV,HOOVER ST,0,NA,Y,A,-,N,NA,NA,NA,NA,NA,NA,NA,NA,NA,Y,1,1,0,2,A,-,03,22350,A,N,C,C,A,A,H,-,A,A,0,NA,NA,Y,NA,Y,NA,C,02,0,0,0,0,0,0,0,1,0,-,-,NA,NA,LOS ANGELES,LOS ANGELES,-118.28705596923828,33.960052490234375
9320538,2022,2022-03-17,1942,2022-02-07,0610,34959,1424,1,5,7,1942,0,0,0,N,0,27TL29,MCLAUGHLIN AV,WOODBINE  ST,134,N,N,A,-,N,NA,NA,NA,NA,NA,NA,NA,NA,NA,Y,1,1,0,2,A,-,11,21954,A,N,G,B,D,A,H,-,C,D,0,Y,NA,NA,NA,Y,NA,N,60,0,0,0,1,0,0,0,0,0,-,-,NA,NA,LOS ANGELES,LOS ANGELES,-118.43156433105467,34.01723861694336
9320539,2022,2022-03-25,1925,2022-02-08,0810,28823,146,2,5,6,1925,0,0,0,NA,0,005,VERDUGO RD,CANADA BL,0,NA,Y,A,-,N,NA,NA,NA,NA,NA,NA,NA,NA,NA,Y,1,1,4,2,A,-,12,21453,A,N,A,C,A,A,H,-,A,A,0,NA,NA,NA,NA,Y,NA,A,07,1,1,2,0,0,0,0,0,0,-,-,NA,NA,LOS ANGELES,GLENDALE,-118.23011016845705,34.167320251464844
9320540,2022,2022-03-24,1942,2022-02-09,1600,43804,0398,3,5,7,1942,0,0,0,C,0,25T22,FIGUEROA AV,43RD PL,153,N,N,A,-,N,NA,NA,NA,NA,NA,NA,NA,NA,NA,Y,1,1,2,2,A,-,09,21801,A,N,D,C,A,A,H,-,A,A,0,NA,NA,NA,NA,Y,NA,A,01,1,1,0,0,0,0,0,0,0,-,-,NA,NA,LOS ANGELES,LOS ANGELES,-118.2827377319336,34.005008697509766
9320542,2022,2022-04-22,1942,2022-02-28,1538,42344,1547,1,5,7,1942,0,0,0,O,0,26TL46,TUJUNGA AV,RIVERSIDE DR,181,S,N,A,-,N,NA,NA,NA,NA,NA,NA,NA,NA,NA,N,1,1,0,2,A,-,17,21712,B,N,G,B,E,A,D,E,A,D,0,Y,NA,NA,NA,Y,Y,N,60,0,0,0,1,0,0,0,0,0,-,-,NA,NA,LOS ANGELES,LOS ANGELES,-118.3791275024414,34.157161712646484
9320543,2022,2022-04-01,1942,2022-02-28,2035,38590,0158,1,5,7,1942,0,0,0,A,0,24T33,ALAMEDA ST,PALMETTO ST,20,N,N,A,-,N,NA,NA,NA,NA,NA,NA,NA,NA,NA,N,1,1,0,2,A,-,11,21954,A,N,G,B,E,A,H,-,C,D,0,Y,NA,NA,NA,Y,NA,N,60,0,0,0,1,0,0,0,0,0,-,-,NA,NA,LOS ANGELES,LOS ANGELES,-118.2383270263672,34.03992462158203
9320544,2022,2022-04-01,1942,2022-03-02,1855,40876,1797,3,5,7,1942,0,0,0,Q,0,26T32,WOODLEY AV,PARTHENIA ST,0,NA,Y,A,-,N,NA,NA,NA,NA,NA,NA,NA,NA,NA,Y,1,1,4,2,A,-,01,23152,A,N,D,C,A,A,H,-,C,A,0,NA,NA,NA,NA,Y,Y,D,22,0,4,0,0,0,0,0,0,0,-,-,NA,NA,LOS ANGELES,LOS ANGELES,-118.48514556884766,34.22837829589844
9320545,2022,2022-03-25,1900,2022-01-28,0158,551435,1134,5,5,6,1992,0,0,0,NA,0,110TF,BUSINESS CENTER PARKWAY (DIVISION ST),AV K-8,79,S,N,A,-,N,NA,NA,NA,NA,NA,NA,NA,NA,NA,Y,1,2,0,1,D,-,00,NA,NA,N,E,I,A,A,H,-,C,D,0,NA,NA,NA,NA,Y,NA,-,-,0,0,0,0,0,0,0,0,0,-,-,NA,NA,LOS ANGELES,LANCASTER,-118.12982940673828,34.667354583740234
9320546,2022,2022-03-25,1900,2022-02-05,2102,655212,1131,6,5,6,1992,0,0,0,NA,0,112T1,AV H,DIVISION ST,120,E,N,A,-,N,NA,NA,NA,NA,NA,NA,NA,NA,NA,N,1,1,0,2,A,-,14,21201,D,F,C,G,A,A,H,-,D,D,0,NA,Y,NA,NA,Y,NA,L,04,0,0,0,0,0,1,0,0,0,-,-,NA,NA,LOS ANGELES,LANCASTER,-118.13023376464844,34.71854782104492
9320547,2021,2022-03-22,1905,2021-01-01,1537,1190,111,5,5,4,1905,0,0,0,NA,0,002,AZUSA AV,1ST ST,600,N,N,A,-,N,NA,NA,NA,NA,NA,NA,NA,NA,NA,Y,1,1,2,2,A,-,08,22107,A,N,C,E,A,A,H,-,A,A,0,NA,NA,NA,NA,Y,NA,A,01,0,2,0,0,0,0,0,0,0,-,-,34.12189865112305,-117.9072265625,LOS ANGELES,AZUSA,-117.90754699707033,34.12160873413086
9320554,2021,2022-03-22,1942,2021-10-26,1755,40059,0646,2,5,7,1942,0,0,0,F,0,27MQ13,SELMA AV,LAS PALMAS AV,0,NA,Y,A,-,N,NA,NA,NA,NA,NA,NA,NA,NA,NA,N,1,1,0,2,A,-,10,21950,A,N,G,B,B,A,H,-,C,A,0,Y,NA,NA,NA,Y,NA,A,01,0,0,0,1,0,0,0,0,0,-,-,NA,NA,LOS ANGELES,LOS ANGELES,-118.33634948730467,34.09970474243164
9320555,2021,2022-03-22,1900,2021-11-07,0030,635563,1430,7,5,4,1937,0,0,0,NA,0,141T1,TEMPLE AV,ORANGE AV,0,NA,Y,A,-,N,NA,NA,NA,NA,NA,NA,NA,NA,NA,Y,1,1,0,2,A,-,01,23152,A,N,D,C,A,A,H,-,C,A,0,NA,NA,NA,NA,Y,Y,A,01,0,0,0,0,0,0,0,0,0,-,-,34.04413986206055,-117.97280120849608,LOS ANGELES,LA PUENTE,-117.97283172607422,34.04415512084961
9320557,2021,2022-03-22,1956,2021-12-01,0208,1183,1,3,5,5,1956,0,0,0,NA,0,001,PALOS VERDES BL,CATALINA AV,0,NA,Y,E,-,N,NA,NA,NA,NA,NA,NA,NA,NA,NA,Y,1,1,1,1,A,-,07,21658,A,N,E,I,A,B,H,-,C,A,0,NA,NA,NA,NA,Y,NA,A,01,0,0,1,0,0,0,0,0,0,-,-,NA,NA,LOS ANGELES,REDONDO BEACH,-118.38658905029295,33.81540298461914
9320558,2021,2022-03-22,1942,2021-12-08,1615,41376,1424,3,5,7,1942,0,0,0,N,0,27T246,MOUNTAIN VIEW AV,PALMS BL,0,NA,Y,A,-,N,NA,NA,NA,NA,NA,NA,NA,NA,NA,Y,1,1,0,2,A,-,11,21950,B,N,G,B,B,A,H,-,B,D,0,Y,NA,NA,NA,Y,NA,N,60,0,0,0,1,0,0,0,0,0,-,-,NA,NA,LOS ANGELES,LOS ANGELES,-118.43531799316406,34.0124397277832
9320568,2022,2022-03-24,1941,2022-01-28,0207,6311,NA,5,5,7,1941,0,0,0,NA,0,NA,NB RT 710,BROADWAY,0,S,N,A,-,Y,NA,NA,NA,NA,NA,NA,NA,NA,NA,Y,1,1,0,1,A,-,08,22107,NA,N,A,I,A,A,H,-,C,D,0,NA,NA,NA,NA,Y,NA,A,NA,0,0,0,0,0,0,0,0,0,-,-,NA,NA,LOS ANGELES,LONG BEACH,-118.2094497680664,33.767269134521484
9320570,2022,2022-03-24,1942,2022-02-11,0300,40105,1849,5,5,7,1942,0,0,0,R,0,25T31,IMPERIAL HIGHWAY,WILMINGTON AV,90,W,N,A,-,N,NA,NA,NA,NA,NA,NA,NA,NA,NA,Y,1,1,0,1,A,-,03,22350,NA,N,E,I,A,A,H,-,C,D,0,NA,NA,NA,NA,Y,NA,A,01,0,0,0,0,0,0,0,0,0,-,-,NA,NA,LOS ANGELES,LOS ANGELES,-118.23937225341795,33.929569244384766
9320571,2022,2022-05-06,1942,2022-02-11,2311,43432,0503,5,5,7,1942,0,0,0,E,0,25T35,RT 1 PACIFIC COAST HIGHWAY,VERMONT AV,56,E,N,A,-,Y,LA,7,1,-,-,12.15,H,-,S,Y,1,1,0,2,A,-,01,23152,A,N,D,C,A,A,H,-,E,A,0,NA,NA,Y,NA,Y,Y,A,07,0,0,0,0,0,0,0,1,0,-,-,NA,NA,LOS ANGELES,LOS ANGELES,-118.29140472412108,33.79094696044922
9320572,2022,2022-03-24,1942,2022-02-12,0140,40105,0528,6,5,7,1942,0,0,0,E,0,25TL37,ALAMEDA ST,EAST O ST,1500,N,N,A,-,N,NA,NA,NA,NA,NA,NA,NA,NA,NA,Y,1,1,0,1,A,-,03,22350,NA,N,E,I,A,A,G,-,C,D,0,NA,NA,NA,NA,Y,NA,D,22,0,0,0,0,0,0,0,0,0,-,-,NA,NA,LOS ANGELES,LOS ANGELES,-118.24056243896484,33.79344940185547
9320573,2022,2022-05-06,1942,2022-02-12,2130,40105,0515,6,5,7,1942,0,0,0,E,0,25TL33,PACIFIC COAST HIGHWAY,N FRIES AV,78,E,N,A,-,Y,LA,7,1,-,-,10.65,H,-,N,Y,1,1,0,2,A,-,11,21954,A,N,G,B,D,A,H,-,C,A,0,Y,NA,NA,NA,Y,NA,N,60,0,0,0,1,0,0,0,0,0,-,-,NA,NA,LOS ANGELES,LOS ANGELES,-118.2653579711914,33.79110336303711
9320575,2022,2022-03-24,1942,2022-02-26,1455,40165,1707,6,5,7,1942,0,0,0,Q,0,26TL75,BALBOA BL,JOLETTE AV,0,NA,Y,A,-,N,NA,NA,NA,NA,NA,NA,NA,NA,NA,Y,1,1,1,2,A,-,12,21453,A,N,D,C,A,A,H,-,A,A,0,NA,NA,Y,NA,Y,NA,C,02,0,1,0,0,0,0,0,1,0,-,-,NA,NA,LOS ANGELES,LOS ANGELES,-118.5021743774414,34.29313278198242
9320577,2022,2022-03-24,1941,2022-03-01,2220,10559,NA,2,5,7,1941,0,0,0,NA,0,NA,ROSE AV,ROSE AV 6620,0,NA,N,A,-,N,NA,NA,NA,NA,NA,NA,NA,NA,NA,Y,1,2,0,3,A,-,08,22107,NA,F,E,I,A,A,H,-,C,D,0,NA,NA,NA,NA,Y,NA,D,NA,0,0,0,0,0,0,0,0,0,-,-,NA,NA,LOS ANGELES,LONG BEACH,-118.21891021728516,33.8960075378418
9320578,2022,2022-03-24,1942,2022-03-03,2235,33504,1764,4,5,7,1942,0,0,0,Q,0,26TL55,CORBIN AV,NORDHOFF ST,122,N,N,A,-,N,NA,NA,NA,NA,NA,NA,NA,NA,NA,Y,1,1,0,1,A,-,08,22107,NA,N,E,I,A,A,H,-,C,D,0,NA,NA,NA,NA,Y,NA,D,22,0,0,0,0,0,0,0,0,0,-,-,NA,NA,LOS ANGELES,LOS ANGELES,-118.5623016357422,34.23581314086914
9320580,2021,2022-04-27,1942,2021-11-30,0810,41729,1283,2,5,7,1942,0,0,0,L,0,25T21,CENTURY BL,WESTERN AV,77,E,N,A,-,N,NA,NA,NA,NA,NA,NA,NA,NA,NA,Y,2,0,3,2,A,-,03,22350,NA,N,C,A,A,A,H,-,A,A,0,NA,NA,NA,NA,Y,NA,A,08,1,0,2,0,0,0,0,0,0,-,-,NA,NA,LOS ANGELES,LOS ANGELES,-118.30877685546876,33.94545364379883
9320586,2022,2022-04-07,1901,2022-02-01,0939,287,16,2,5,5,1901,0,0,0,NA,0,004,VALLEY BL,CABRILLO AV,400,E,N,A,-,N,NA,NA,NA,NA,NA,NA,NA,NA,NA,Y,1,1,0,2,A,-,08,22107,NA,N,G,B,F,A,H,-,A,D,0,Y,NA,NA,NA,Y,NA,A,01,0,0,0,1,0,0,0,0,0,-,-,34.07640075683594,-118.15831756591795,LOS ANGELES,ALHAMBRA,-118.1570053100586,34.07647705078125