CASE_ID,ACCIDENT_YEAR,PROC_DATE,JURIS,COLLISION_DATE,COLLISION_TIME,OFFICER_ID,REPORTING_DISTRICT,DAY_OF_WEEK,CHP_SHIFT,POPULATION,CNTY_CITY_LOC,SPECIAL_COND,BEAT_TYPE,CHP_BEAT_TYPE,CITY_DIVISION_LAPD,CHP_BEAT_CLASS,BEAT_NUMBER,PRIMARY_RD,SECONDARY_RD,DISTANCE,DIRECTION,INTERSECTION,WEATHER_1,WEATHER_2,STATE_HWY_IND,CALTRANS_COUNTY,CALTRANS_DISTRICT,STATE_ROUTE,ROUTE_SUFFIX,POSTMILE_PREFIX,POSTMILE,LOCATION_TYPE,RAMP_INTERSECTION,SIDE_OF_HWY,TOW_AWAY,COLLISION_SEVERITY,NUMBER_KILLED,NUMBER_INJURED,PARTY_COUNT,PRIMARY_COLL_FACTOR,PCF_CODE_OF_VIOL,PCF_VIOL_CATEGORY,PCF_VIOLATION,PCF_VIOL_SUBSECTION,HIT_AND_RUN,TYPE_OF_COLLISION,MVIW,PED_ACTION,ROAD_SURFACE,ROAD_COND_1,ROAD_COND_2,LIGHTING,CONTROL_DEVICE,CHP_ROAD_TYPE,PEDESTRIAN_ACCIDENT,BICYCLE_ACCIDENT,MOTORCYCLE_ACCIDENT,TRUCK_ACCIDENT,NOT_PRIVATE_PROPERTY,ALCOHOL_INVOLVED,STWD_VEHTYPE_AT_FAULT,CHP_VEHTYPE_AT_FAULT,COUNT_SEVERE_INJ,COUNT_VISIBLE_INJ,COUNT_COMPLAINT_PAIN,COUNT_PED_KILLED,COUNT_PED_INJURED,COUNT_BICYCLIST_KILLED,COUNT_BICYCLIST_INJURED,COUNT_MC_KILLED,COUNT_MC_INJURED,PRIMARY_RAMP,SECONDARY_RAMP,LATITUDE,LONGITUDE,COUNTY,CITY,POINT_X,POINT_Y
9326823,2021,2021-11-01,1900,2021-09-07,0730,466331,1335,2,5,5,1908,0,0,0,NA,0,133T1D,WALNUT ST,LAKEWOOD BL,400,W,N,A,-,N,NA,NA,NA,NA,NA,NA,NA,NA,NA,N,4,0,1,2,A,-,03,22350,NA,N,C,B,E,A,H,-,A,D,0,Y,NA,NA,NA,Y,NA,A,01,0,0,1,0,1,0,0,0,0,-,-,NA,NA,LOS ANGELES,BELLFLOWER,-118.14394378662108,33.88018035888672
9326824,2021,2021-11-04,1900,2021-09-18,1240,617845,1321,6,5,5,1935,0,0,0,NA,0,132T1,CLARK AV,CANDLEWOOD ST,164,S,N,A,-,N,NA,NA,NA,NA,NA,NA,NA,NA,NA,Y,3,0,1,2,A,-,03,22350,NA,N,C,C,A,A,H,-,A,A,0,NA,NA,NA,NA,Y,NA,A,01,0,1,0,0,0,0,0,0,0,-,-,NA,NA,LOS ANGELES,LAKEWOOD,-118.1337890625,33.85321044921875
9326825,2021,2021-11-01,1900,2021-09-11,1100,610427,1368,6,5,5,1952,0,0,0,NA,0,136A,PARAMOUNT BL,JACKSON ST,0,NA,Y,A,-,N,NA,NA,NA,NA,NA,NA,NA,NA,NA,N,3,0,1,2,A,-,21,22106,NA,N,G,B,B,A,H,-,A,D,0,Y,NA,NA,NA,Y,NA,A,01,0,1,0,0,1,0,0,0,0,-,-,NA,NA,LOS ANGELES,PARAMOUNT,-118.1601333618164,33.885414123535156
9326826,2021,2021-11-10,1900,2021-09-19,1848,601707,1363,7,5,5,1952,0,0,0,NA,0,136,ROSECRANS AV,RT 710,0,NA,Y,A,-,Y,LA,7,710,-,-,14.761,R,4,N,Y,3,0,1,2,A,-,12,21453,A,N,D,C,A,A,H,-,B,A,0,NA,NA,NA,NA,Y,NA,A,01,0,1,0,0,0,0,0,0,0,-,-,33.90361022949219,-118.18424224853516,LOS ANGELES,PARAMOUNT,-118.18658447265624,33.900821685791016
9326827,2021,2021-11-04,1900,2021-09-25,1114,617845,1325,6,5,5,1935,0,0,0,NA,0,132T1,DEL AMO BL,STATE RD,164,W,N,A,-,N,NA,NA,NA,NA,NA,NA,NA,NA,NA,Y,4,0,2,2,A,-,09,21804,A,N,-,C,A,A,H,-,A,A,0,NA,NA,NA,NA,Y,NA,A,01,0,0,2,0,0,0,0,0,0,-,-,NA,NA,LOS ANGELES,LAKEWOOD,-118.09556579589844,33.84585952758789
9326828,2021,2021-11-05,1900,2021-09-15,2028,641584,1398,3,5,3,1903,0,0,0,NA,0,134,ASHWORTH ST,PIONEER BL,30,E,N,A,-,N,NA,NA,NA,NA,NA,NA,NA,NA,NA,Y,4,0,2,2,A,-,09,21804,A,N,B,C,A,A,H,-,C,D,0,NA,NA,NA,NA,Y,NA,A,07,0,0,2,0,0,0,0,0,0,-,-,NA,NA,LOS ANGELES,ARTESIA,-118.08219909667967,33.8684196472168
9326829,2021,2021-11-09,1900,2021-09-13,1820,636526,1328,1,5,5,1935,0,0,0,NA,0,132T2,207TH ST,ELAINE AV,0,NA,Y,A,-,N,NA,NA,NA,NA,NA,NA,NA,NA,NA,Y,4,0,1,2,A,-,09,21802,A,N,D,C,A,A,H,-,B,A,0,NA,NA,NA,NA,Y,NA,A,07,0,0,1,0,0,0,0,0,0,-,-,NA,NA,LOS ANGELES,LAKEWOOD,-118.0764389038086,33.842350006103516
9326830,2021,2021-11-04,1900,2021-09-21,1714,654365,1332,2,5,5,1908,0,0,0,NA,0,133T2,BELLFLOWER BL,LINDEN ST,5,N,N,A,-,N,NA,NA,NA,NA,NA,NA,NA,NA,NA,Y,3,0,1,3,A,-,01,23152,A,M,C,C,A,A,H,-,A,D,0,NA,NA,NA,NA,Y,Y,A,01,0,1,0,0,0,0,0,0,0,-,-,NA,NA,LOS ANGELES,BELLFLOWER,-118.12529754638672,33.89116287231445
9326831,2021,2021-11-05,1900,2021-09-08,1643,615106,2611,3,5,6,1950,0,0,0,NA,0,262T1,PALMDALE BL,MEDICAL CENTER DR,0,NA,Y,A,-,N,NA,NA,NA,NA,NA,NA,NA,NA,NA,Y,4,0,1,2,A,-,12,21453,A,N,D,C,A,A,H,-,A,A,0,NA,NA,NA,NA,Y,NA,-,NA,0,0,1,0,0,0,0,0,0,-,-,34.585811614990234,-118.14344024658205,LOS ANGELES,PALMDALE,-118.14356994628906,34.58568572998047
9326832,2021,2021-11-05,1900,2021-09-08,2050,615106,2612,3,5,6,1950,0,0,0,NA,0,262T1,RANCHO VISTA BL,30TH ST WEST,458,E,N,A,-,N,NA,NA,NA,NA,NA,NA,NA,NA,NA,N,4,0,1,2,A,-,11,21954,A,N,G,B,D,A,H,-,C,A,0,Y,NA,NA,NA,Y,NA,-,NA,0,0,1,0,1,0,0,0,0,-,-,34.60173034667969,-118.18145751953124,LOS ANGELES,PALMDALE,-118.18163299560548,34.60175323486328
9326833,2021,2021-11-05,1900,2021-09-09,0815,602995,2608,4,5,6,1950,0,0,0,NA,0,262T1,LASKER AV,AVE R-7,7,N,N,A,-,N,NA,NA,NA,NA,NA,NA,NA,NA,NA,N,4,0,1,2,A,-,09,21801,A,N,D,C,A,A,H,-,A,D,0,NA,NA,NA,NA,Y,NA,-,NA,0,0,1,0,0,0,0,0,0,-,-,34.56686019897461,-118.10379028320313,LOS ANGELES,PALMDALE,-118.10121917724608,34.57265090942383
9326834,2021,2021-11-10,1900,2021-09-09,0905,602995,2611,4,5,6,1950,0,0,0,NA,0,262T1,AVE Q-7,4TH ST EAST,0,NA,Y,A,-,N,NA,NA,NA,NA,NA,NA,NA,NA,NA,Y,3,0,3,2,A,-,09,21801,A,N,D,C,A,A,H,-,A,D,0,NA,NA,NA,NA,Y,NA,-,NA,0,1,2,0,0,0,0,0,0,-,-,34.58100128173828,-118.12291717529295,LOS ANGELES,PALMDALE,-118.12294769287108,34.58100509643555
9326835,2021,2021-11-05,1900,2021-09-11,1508,615106,2611,6,5,6,1950,0,0,0,NA,0,262T1,TECHNOLOGY DR,CARRIAGE WY,0,NA,Y,A,-,N,NA,NA,NA,NA,NA,NA,NA,NA,NA,Y,3,0,1,1,C,-,18,NA,NA,N,E,I,A,A,H,-,A,A,0,NA,NA,NA,NA,Y,NA,-,-,0,1,0,0,0,0,0,0,0,-,-,34.59434127807617,-118.13614654541016,LOS ANGELES,PALMDALE,-118.13601684570313,34.594398498535156
9326836,2021,2021-11-04,1900,2021-09-07,1100,625464,2623,2,5,6,1950,0,0,0,NA,0,264T1,AVE O,110TH ST EAST,805,W,N,A,-,N,NA,NA,NA,NA,NA,NA,NA,NA,NA,Y,4,0,1,1,A,-,08,22107,NA,N,F,A,A,A,H,-,A,D,0,NA,NA,NA,NA,Y,NA,A,07,0,0,1,0,0,0,0,0,0,-,-,34.616729736328125,-117.9368133544922,LOS ANGELES,PALMDALE,-117.93669891357422,34.6166877746582
9326837,2021,2021-11-05,1900,2021-09-12,1140,639633,2611,7,5,6,1950,0,0,0,NA,0,263T1,10TH ST WEST,BEECHDALE DR,0,NA,Y,A,-,N,NA,NA,NA,NA,NA,NA,NA,NA,NA,Y,4,0,1,2,A,-,09,21804,A,N,D,C,A,A,H,-,A,D,0,NA,NA,NA,NA,Y,NA,-,NA,0,0,1,0,0,0,0,0,0,-,-,34.5966796875,-118.14765167236328,LOS ANGELES,PALMDALE,-118.14762115478516,34.595359802246094
9326838,2021,2021-11-05,1900,2021-09-12,1920,602353,2612,7,5,6,1950,0,0,0,NA,0,262T1,TOYON WY,AVE P-8,0,NA,Y,A,-,N,NA,NA,NA,NA,NA,NA,NA,NA,NA,Y,3,0,2,2,A,-,09,21801,A,N,D,C,A,A,H,-,C,D,0,NA,NA,NA,NA,Y,NA,-,NA,0,1,1,0,0,0,0,0,0,-,-,34.59415817260742,-118.16790771484376,LOS ANGELES,PALMDALE,-118.167937,34.594268
9326839,2021,2021-11-05,1900,2021-09-10,1116,602995,2608,5,5,6,1950,0,0,0,NA,0,262T1,AVE S,CASA VERDE DR,0,NA,Y,A,-,N,NA,NA,NA,NA,NA,NA,NA,NA,NA,Y,2,0,1,2,A,-,12,21453,A,N,B,C,A,A,H,-,A,A,0,NA,NA,NA,NA,Y,NA,A,01,1,0,0,0,0,0,0,0,0,-,-,34.558128356933594,-118.10005950927734,LOS ANGELES,PALMDALE,-118.1003189086914,34.5582160949707
9326840,2021,2021-11-18,1900,2021-09-10,1740,602995,2607,5,5,6,1950,0,0,0,NA,0,264T1,47TH ST EAST,AVE S-8,0,NA,Y,A,-,N,NA,NA,NA,NA,NA,NA,NA,NA,NA,Y,3,0,4,2,A,-,09,21802,A,N,D,C,A,A,H,-,A,A,0,NA,NA,NA,NA,Y,NA,A,01,0,2,2,0,0,0,0,0,0,-,-,34.549930572509766,-118.04537200927734,LOS ANGELES,PALMDALE,-118.04533386230467,34.549903869628906
9326841,2021,2021-11-19,1900,2021-09-13,1405,514671,2608,1,5,6,1950,0,0,0,NA,0,261T1,AVENUE R,30TH ST EAST,0,NA,Y,-,-,N,NA,NA,NA,NA,NA,NA,NA,NA,NA,Y,3,0,2,2,A,-,09,21801,A,N,D,C,A,-,-,-,-,A,0,NA,NA,NA,NA,Y,NA,A,01,0,1,1,0,0,0,0,0,0,-,-,34.57278060913086,-118.076171875,LOS ANGELES,PALMDALE,-118.07616424560548,34.57278823852539
9326842,2021,2021-11-08,1900,2021-09-15,1410,615106,2619,3,5,6,1950,0,0,0,NA,0,262T1,RANCHO VISTA BL,MALL RING RD,0,NA,Y,A,-,N,NA,NA,NA,NA,NA,NA,NA,NA,NA,Y,4,0,1,2,A,-,12,21453,A,N,D,C,A,A,H,-,A,A,0,NA,NA,NA,NA,Y,NA,A,07,0,0,1,0,0,0,0,0,0,-,-,34.601829528808594,-118.15139770507813,LOS ANGELES,PALMDALE,-118.151382,34.601775
9326843,2021,2021-11-08,1900,2021-09-11,2235,639633,2607,6,5,6,1950,0,0,0,NA,0,264T1,AVENUE S,47TH ST EAST,0,NA,Y,A,-,N,NA,NA,NA,NA,NA,NA,NA,NA,NA,Y,2,0,3,2,A,-,01,23153,A,N,A,C,A,A,H,-,C,A,0,NA,NA,NA,NA,Y,Y,A,01,2,1,0,0,0,0,0,0,0,-,-,34.55805969238281,-118.04515075683594,LOS ANGELES,PALMDALE,-118.04525756835938,34.558021545410156
9326844,2021,2021-11-08,1900,2021-09-05,0335,527381,2603,7,5,6,1950,0,0,0,NA,0,264T1,HURLEY WY,SAVILLE PL,31,E,N,A,-,N,NA,NA,NA,NA,NA,NA,NA,NA,NA,Y,3,0,1,2,A,-,08,22107,NA,M,C,E,A,A,H,-,C,D,0,NA,NA,NA,NA,Y,NA,A,01,0,1,0,0,0,0,0,0,0,-,-,34.55495834350586,-118.08963012695313,LOS ANGELES,PALMDALE,-118.08966064453124,34.55498504638672
9326872,2021,2021-11-10,1926,2021-09-25,0938,0166,4,6,5,5,1926,0,0,0,NA,0,004,S LONE HILL AV,RT 210,0,NA,Y,A,-,Y,LA,7,210,-,R,44.096,R,4,E,Y,3,0,4,2,A,-,03,22350,NA,N,C,C,A,A,H,-,A,A,0,NA,NA,NA,NA,Y,NA,A,01,0,1,3,0,0,0,0,0,0,-,-,34.12089920043945,-117.82904052734376,LOS ANGELES,GLENDORA,-117.83101654052734,34.12100601196289
9326873,2021,2021-10-29,1926,2021-09-25,1025,0166,3,6,5,5,1926,0,0,0,NA,0,003,EAST FOOTHILL BL,N CULLEN AV,0,NA,Y,A,-,N,NA,NA,NA,NA,NA,NA,NA,NA,NA,Y,3,0,2,2,A,-,12,21453,A,N,D,D,A,A,H,-,A,A,0,NA,NA,NA,NA,Y,NA,A,01,0,1,1,0,0,0,0,0,0,-,-,34.136070251464844,-117.85933685302734,LOS ANGELES,GLENDORA,-117.8593292236328,34.13603591918945
9326875,2021,2021-11-01,1972,2021-09-03,2022,22167,NA,5,5,6,1972,0,0,0,NA,0,NA,CRENSHAW BL,SKYPARK DR,15,N,N,A,-,N,NA,NA,NA,NA,NA,NA,NA,NA,NA,Y,4,0,1,2,A,-,01,23152,A,N,C,-,A,A,H,-,C,A,0,NA,NA,NA,NA,Y,Y,A,NA,0,0,1,0,0,0,0,0,0,-,-,NA,NA,LOS ANGELES,TORRANCE,-118.32809448242188,33.801551818847656
9326876,2021,2021-11-01,1972,2021-09-16,1103,20418,NA,4,5,6,1972,0,0,0,NA,0,NA,SEPULVEDA BL,WALNUT ST,60,N,N,A,-,N,NA,NA,NA,NA,NA,NA,NA,NA,NA,Y,4,0,2,2,A,-,03,22350,NA,N,C,C,A,A,H,-,A,A,0,NA,NA,NA,NA,Y,NA,A,NA,0,0,2,0,0,0,0,0,0,-,-,NA,NA,LOS ANGELES,TORRANCE,-118.31259155273438,33.81832504272461
9326940,2021,2021-09-16,1900,2021-08-09,1600,602401,1124,1,5,6,1992,0,0,0,NA,0,111T2,AVENUE K,SIERRA HWY,484,W,N,A,-,N,NA,NA,NA,NA,NA,NA,NA,NA,NA,N,4,0,4,3,A,-,03,22350,NA,N,C,C,A,A,H,-,A,D,0,NA,NA,NA,NA,Y,NA,A,01,0,0,4,0,0,0,0,0,0,-,-,NA,NA,LOS ANGELES,LANCASTER,-118.13455963134766,34.67497634887695
9326964,2021,2021-10-27,1900,2021-09-01,2040,543275,1410,3,5,1,1932,0,0,0,NA,0,141T6,ROOKS RD,KELLA AV,0,NA,Y,A,-,N,NA,NA,NA,NA,NA,NA,NA,NA,NA,Y,3,0,3,2,A,-,09,21801,A,N,A,C,A,A,H,-,C,D,0,NA,NA,NA,NA,Y,NA,D,22,0,3,0,0,0,0,0,0,0,-,-,34.029788970947266,-117.03630065917967,LOS ANGELES,INDUSTRY,-118.03630828857422,34.02980041503906
9327031,2021,2021-10-13,1900,2021-07-22,1500,403161,1418,4,5,1,1932,0,0,0,NA,0,141T2,ARENTH AV,FULLERTON RD,2469,W,N,A,-,N,NA,NA,NA,NA,NA,NA,NA,NA,NA,N,4,0,1,2,A,-,21,22106,NA,N,G,B,E,A,H,-,A,D,0,Y,NA,NA,NA,Y,NA,D,22,0,0,1,0,1,0,0,0,0,-,-,NA,NA,LOS ANGELES,INDUSTRY,-117.911865234375,34.005226135253906
9327035,2021,2021-10-08,1900,2021-08-31,1415,600059,1419,2,5,1,1932,0,0,0,NA,0,141T5,BAKER PKWY,GRAND CROSSING PKWY,390,E,N,A,-,N,NA,NA,NA,NA,NA,NA,NA,NA,NA,N,3,0,1,2,A,-,08,22107,NA,N,D,C,A,A,H,-,A,D,0,NA,NA,NA,NA,Y,NA,D,22,0,1,0,0,0,0,0,0,0,-,-,34.01293182373047,-117.8357162475586,LOS ANGELES,INDUSTRY,-117.8364715576172,34.01220703125
9327039,2021,2021-10-21,1900,2021-09-03,1432,621412,1417,5,5,1,1932,0,0,0,NA,0,141T3,AZUSA AV,TEMPLE AV,640,S,N,A,-,N,NA,NA,NA,NA,NA,NA,NA,NA,NA,Y,3,0,1,2,A,-,03,22350,NA,N,E,I,A,A,H,-,A,D,0,NA,NA,NA,NA,Y,NA,A,07,0,1,0,0,0,0,0,0,0,-,-,34.022850036621094,-117.91842651367188,LOS ANGELES,INDUSTRY,-117.91838073730467,34.02302169799805
9327090,2021,2022-01-12,1942,2021-09-23,2020,38111,303,4,5,7,1942,0,0,0,NA,0,25T37,LA BREA BL,ADAMS BL,0,NA,Y,A,-,N,NA,NA,NA,NA,NA,NA,NA,NA,NA,N,2,0,1,2,A,-,10,21950,A,N,G,B,B,A,H,-,C,A,0,Y,NA,NA,NA,Y,NA,-,-,1,0,0,0,1,0,0,0,0,-,-,NA,NA,LOS ANGELES,LOS ANGELES,-118.35092926025392,34.032508850097656
9327123,2021,2021-10-13,1900,2021-09-09,1501,644588,1012,4,5,3,1995,0,0,0,NA,0,101T1,LATIGO CANYON RD,LATIGO BAY VIEW DR,15,S,N,A,-,N,NA,NA,NA,NA,NA,NA,NA,NA,NA,Y,2,0,1,2,A,-,07,21658,A,N,A,C,A,A,H,-,A,D,0,NA,NA,NA,NA,Y,NA,D,22,1,0,0,0,0,0,0,0,0,-,-,NA,NA,LOS ANGELES,MALIBU,-118.77125549316406,34.03981018066406
9327127,2021,2021-10-06,1900,2021-09-11,1809,628001,1015,6,5,3,1995,0,0,0,NA,0,101T1,RT 1,MALIBU PIER,300,E,N,A,-,Y,LA,7,1,-,-,46.6,H,-,N,Y,2,0,1,2,A,-,06,21755,A,N,B,C,A,A,H,-,A,D,0,NA,NA,Y,NA,Y,NA,C,02,1,0,0,0,0,0,0,0,1,-,-,34.037559509277344,-118.676513671875,LOS ANGELES,MALIBU,-118.67782592773438,34.03690719604492
9327159,2021,2021-10-14,1931,2021-09-09,0640,5333,1931,4,5,5,1931,0,0,0,NA,0,001,GAGE AV,MIDDLETON ST,0,NA,Y,A,-,N,NA,NA,NA,NA,NA,NA,NA,NA,NA,N,3,0,1,2,A,-,21,22106,NA,N,D,C,A,A,H,-,A,D,0,NA,NA,NA,NA,Y,NA,D,22,0,1,0,0,0,0,0,0,0,-,-,NA,NA,LOS ANGELES,HUNTINGTON PARK,-118.22903442382813,33.98164367675781
9327163,2021,2021-10-15,1900,2021-08-09,0831,621411,1616,1,5,5,1977,0,0,0,NA,0,164T,DEL AMO BL,TAJAUTA AV,552,W,N,A,-,N,NA,NA,NA,NA,NA,NA,NA,NA,NA,N,4,0,2,2,A,-,09,21804,A,N,B,C,A,A,H,-,A,D,0,NA,NA,NA,Y,Y,NA,A,01,0,0,2,0,0,0,0,0,0,-,-,33.84685134887695,-118.24565887451172,LOS ANGELES,CARSON,-118.24551391601564,33.84672927856445
9327190,2021,2021-10-05,1900,2021-08-22,1618,635989,1010,7,5,3,1995,0,0,0,NA,0,101T2,ENCINAL CANYON RD,VIA VIENTA ST,300,E,N,A,-,N,NA,NA,NA,NA,NA,NA,NA,NA,NA,N,3,0,1,2,A,-,06,21750,NA,N,-,C,A,A,H,-,A,D,0,NA,NA,Y,Y,Y,NA,C,02,0,1,0,0,0,0,0,0,1,-,-,34.044281005859375,-118.88828277587892,LOS ANGELES,MALIBU,-118.88668823242188,34.04398727416992
9327194,2021,2021-10-13,1900,2021-09-16,1950,540702,2221,4,5,3,1994,0,0,0,NA,0,222T2,REYES ADOBE RD,CANWOOD ST,0,NA,Y,A,-,N,NA,NA,NA,NA,NA,NA,NA,NA,NA,Y,3,0,2,2,A,-,08,22107,NA,N,D,C,A,A,H,-,C,A,0,NA,NA,NA,NA,Y,NA,A,NA,0,1,1,0,0,0,0,0,0,-,-,34.14802932739258,-118.78118133544922,LOS ANGELES,AGOURA HILLS,-118.78121948242188,34.14799880981445
9327226,2021,2021-11-04,1925,2021-09-07,1442,26039,226,2,5,6,1925,0,0,0,NA,0,002,ORANGE AV,WILSON AV,12,N,N,A,-,N,NA,NA,NA,NA,NA,NA,NA,NA,NA,NA,4,0,1,2,A,-,08,22100,A,M,B,C,A,A,H,-,A,A,0,NA,NA,NA,NA,Y,NA,D,22,0,0,1,0,0,0,0,0,0,-,-,34.1479606628418,-118.25640869140624,LOS ANGELES,GLENDALE,-118.25644683837892,34.14815139770508
9327235,2021,2021-11-17,1900,2021-10-01,0851,625420,1262,5,5,3,1991,0,0,0,NA,0,12IT1,OAK GROVE DR,FOOTHILL BL,1056,N,N,A,-,N,NA,NA,NA,NA,NA,NA,NA,NA,NA,N,4,0,1,2,A,-,21,22106,NA,N,C,C,A,A,H,-,A,D,0,NA,NA,NA,Y,Y,NA,F,27,0,0,1,0,0,0,0,0,0,-,-,34.197200775146484,-118.17568206787108,LOS ANGELES,LA CANADA-FLINTRIDGE,-118.17601776123048,34.19659423828125
9327238,2021,2021-10-25,1925,2021-09-14,0653,28745,282,2,5,6,1925,0,0,0,NA,0,003,BRAND BL,CYPRESS ST,257,N,N,B,-,N,NA,NA,NA,NA,NA,NA,NA,NA,NA,Y,3,0,2,2,A,-,03,22350,NA,N,C,C,A,A,H,-,A,-,0,NA,NA,NA,Y,Y,NA,A,01,0,2,0,0,0,0,0,0,0,-,-,NA,NA,LOS ANGELES,GLENDALE,-118.25496673583984,34.13054656982422
9327252,2021,2021-11-02,1920,2021-09-20,1650,13965,NA,1,5,6,1920,0,0,0,NA,0,001,FOSTER RD,BELLFLOWER BL,591,E,N,A,-,N,NA,NA,NA,NA,NA,NA,NA,NA,NA,N,3,0,3,3,A,-,08,22107,NA,N,D,C,A,A,H,-,A,A,0,NA,NA,NA,NA,Y,NA,A,01,0,3,0,0,0,0,0,0,0,-,-,NA,NA,LOS ANGELES,DOWNEY,-118.1234130859375,33.909767150878906
9327256,2021,2021-10-29,1920,2021-09-18,0056,13022,NA,6,5,6,1920,0,0,0,NA,0,002,PARAMOUNT BL,IMPERIAL HWY,0,NA,Y,A,-,N,NA,NA,NA,NA,NA,NA,NA,NA,NA,Y,4,0,5,3,A,-,17,23109,A,N,D,C,A,A,H,-,A,A,0,NA,NA,NA,NA,Y,NA,A,01,0,0,5,0,0,0,0,0,0,-,-,NA,NA,LOS ANGELES,DOWNEY,-118.15200042724608,33.9240608215332
9327262,2021,2021-10-27,1900,2021-09-03,2338,542240,2116,5,5,5,1943,0,0,0,NA,0,212T4,ALAMEDA ST,IMPERIAL HWY,0,NA,Y,A,-,N,NA,NA,NA,NA,NA,NA,NA,NA,NA,Y,2,0,2,2,A,-,12,21453,A,N,A,C,A,A,H,-,C,A,0,NA,NA,NA,NA,Y,NA,A,01,2,0,0,0,0,0,0,0,0,-,-,NA,NA,LOS ANGELES,LYNWOOD,-118.2252197265625,33.92997360229492
9327286,2021,2021-10-21,1900,2021-09-16,1355,541571,2619,4,5,6,1950,0,0,0,NA,0,264T1,SIERRA HWY,AVE N,2126,N,N,A,-,N,NA,NA,NA,NA,NA,NA,NA,NA,NA,Y,3,0,2,2,A,-,05,21651,B,N,A,C,A,A,H,-,A,D,0,NA,NA,NA,NA,Y,NA,A,01,0,1,1,0,0,0,0,0,0,-,-,34.63700866699219,-118.12687683105467,LOS ANGELES,PALMDALE,-118.12689208984376,34.63689422607422
9327293,2021,2021-10-21,1900,2021-09-05,2229,610211,NA,7,5,6,1949,0,0,0,NA,0,NA,IMPERIAL HWY,PIONEER BL,52,W,N,A,-,N,NA,NA,NA,NA,NA,NA,NA,NA,NA,N,4,0,1,2,A,-,03,22350,NA,M,C,C,A,A,H,-,C,A,0,NA,NA,NA,NA,Y,NA,D,22,0,0,1,0,0,0,0,0,0,-,-,NA,NA,LOS ANGELES,NORWALK,-118.08206939697266,33.917091369628906
9327294,2021,2021-10-21,1900,2021-09-19,0800,639633,2603,7,5,6,1950,0,0,0,NA,0,262T1,PEARBLOSSOM HWY,40TH ST EAST,45,E,N,A,-,N,NA,NA,NA,NA,NA,NA,NA,NA,NA,Y,4,0,1,4,A,-,03,22350,NA,N,C,C,A,A,H,-,A,A,0,NA,NA,NA,NA,Y,NA,-,NA,0,0,1,0,0,0,0,0,0,-,-,34.542808532714844,-118.06804656982422,LOS ANGELES,PALMDALE,-118.058349609375,34.54273986816406
9327297,2021,2021-10-21,1900,2021-09-04,1527,489533,0456,6,5,6,1949,0,0,0,NA,0,43T1,BLOOMFIELD AV,EXCELSIOR DR,0,NA,Y,A,-,N,NA,NA,NA,NA,NA,NA,NA,NA,NA,Y,4,0,2,2,A,-,12,21453,A,N,D,C,A,A,H,-,A,A,0,NA,NA,NA,NA,Y,NA,A,07,0,0,2,0,0,0,0,0,0,-,-,NA,NA,LOS ANGELES,NORWALK,-118.06412506103516,33.89500045776367
9327301,2021,2021-10-21,1900,2021-09-08,0716,647468,0453,3,5,6,1949,0,0,0,NA,0,43T1/D,VAN RUITEN ST,JERSEY AV,16,E,N,A,-,N,NA,NA,NA,NA,NA,NA,NA,NA,NA,N,4,0,1,2,A,-,11,21955,NA,N,G,B,D,A,H,-,A,D,0,Y,NA,NA,NA,Y,NA,N,60,0,0,1,0,1,0,0,0,0,-,-,NA,NA,LOS ANGELES,NORWALK,-118.08586883544922,33.90299987792969
9327309,2021,2021-10-21,1900,2021-09-10,0920,517233,0455,5,5,6,1949,0,0,0,NA,0,43T1,ALONDRA BL,MASDSTONE AV,0,NA,Y,A,-,N,NA,NA,NA,NA,NA,NA,NA,NA,NA,Y,4,0,2,2,A,-,09,21801,A,N,D,C,A,A,H,-,A,A,0,NA,NA,NA,NA,Y,NA,A,01,0,0,2,0,0,0,0,0,0,-,-,NA,NA,LOS ANGELES,NORWALK,-118.08688354492188,33.887672424316406
9327310,2021,2021-10-21,1900,2021-09-10,1202,514681,2619,5,5,6,1950,0,0,0,NA,0,261T1,RANCHO VISTA BL,FAIRWAY DR,400,E,N,A,-,N,NA,NA,NA,NA,NA,NA,NA,NA,NA,N,4,0,1,2,A,-,03,22350,NA,N,C,C,A,A,H,-,A,A,0,NA,NA,NA,NA,Y,NA,D,22,0,0,1,0,0,0,0,0,0,-,-,34.601680755615234,-118.1343231201172,LOS ANGELES,PALMDALE,-118.13287353515624,34.60173034667969
9327311,2021,2021-10-13,1955,2021-07-18,0425,42725,33,7,5,6,1955,0,0,0,NA,0,002,GAREY AV,GREVELLIA ST,25,S,N,A,-,N,NA,NA,NA,NA,NA,NA,NA,NA,NA,Y,2,0,4,1,A,-,08,22107,NA,F,E,I,A,A,H,-,C,A,0,NA,NA,NA,NA,Y,Y,D,22,1,1,2,0,0,0,0,0,0,-,-,34.092018127441406,-117.74868774414064,LOS ANGELES,POMONA,-117.74868011474608,34.09184265136719
9327313,2021,2021-11-04,1900,2021-09-14,0633,642863,0451,2,5,6,1949,0,0,0,NA,0,43T1/E,KENNEY ST,BENFIELD AV,10,E,N,A,-,N,NA,NA,NA,NA,NA,NA,NA,NA,NA,N,4,0,1,2,A,-,06,21750,A,N,B,C,A,A,H,-,A,D,0,NA,NA,NA,Y,Y,NA,A,07,0,0,1,0,0,0,0,0,0,-,-,NA,NA,LOS ANGELES,NORWALK,-118.09828948974608,33.928001403808594
9327319,2021,2021-11-03,1955,2021-08-30,0923,42490,97,1,5,6,1955,0,0,0,NA,0,004,RESERVOIR ST,MISSION BL,0,NA,Y,A,-,N,NA,NA,NA,NA,NA,NA,NA,NA,NA,Y,4,0,1,2,A,-,12,21453,A,N,D,C,A,A,H,-,A,A,0,NA,NA,NA,NA,Y,NA,A,01,0,0,1,0,0,0,0,0,0,-,-,34.05567932128906,-117.73255920410156,LOS ANGELES,POMONA,-117.73261260986328,34.0555419921875