CASE_ID,ACCIDENT_YEAR,PROC_DATE,JURIS,COLLISION_DATE,COLLISION_TIME,OFFICER_ID,REPORTING_DISTRICT,DAY_OF_WEEK,CHP_SHIFT,POPULATION,CNTY_CITY_LOC,SPECIAL_COND,BEAT_TYPE,CHP_BEAT_TYPE,CITY_DIVISION_LAPD,CHP_BEAT_CLASS,BEAT_NUMBER,PRIMARY_RD,SECONDARY_RD,DISTANCE,DIRECTION,INTERSECTION,WEATHER_1,WEATHER_2,STATE_HWY_IND,CALTRANS_COUNTY,CALTRANS_DISTRICT,STATE_ROUTE,ROUTE_SUFFIX,POSTMILE_PREFIX,POSTMILE,LOCATION_TYPE,RAMP_INTERSECTION,SIDE_OF_HWY,TOW_AWAY,COLLISION_SEVERITY,NUMBER_KILLED,NUMBER_INJURED,PARTY_COUNT,PRIMARY_COLL_FACTOR,PCF_CODE_OF_VIOL,PCF_VIOL_CATEGORY,PCF_VIOLATION,PCF_VIOL_SUBSECTION,HIT_AND_RUN,TYPE_OF_COLLISION,MVIW,PED_ACTION,ROAD_SURFACE,ROAD_COND_1,ROAD_COND_2,LIGHTING,CONTROL_DEVICE,CHP_ROAD_TYPE,PEDESTRIAN_ACCIDENT,BICYCLE_ACCIDENT,MOTORCYCLE_ACCIDENT,TRUCK_ACCIDENT,NOT_PRIVATE_PROPERTY,ALCOHOL_INVOLVED,STWD_VEHTYPE_AT_FAULT,CHP_VEHTYPE_AT_FAULT,COUNT_SEVERE_INJ,COUNT_VISIBLE_INJ,COUNT_COMPLAINT_PAIN,COUNT_PED_KILLED,COUNT_PED_INJURED,COUNT_BICYCLIST_KILLED,COUNT_BICYCLIST_INJURED,COUNT_MC_KILLED,COUNT_MC_INJURED,PRIMARY_RAMP,SECONDARY_RAMP,LATITUDE,LONGITUDE,COUNTY,CITY,POINT_X,POINT_Y
9336485,2021,2021-09-24,1900,2021-08-28,0801,546256,0542,6,5,3,1921,0,0,0,NA,0,58T1AM,HUNTINGTON DR,CRESTFIELD DR,0,NA,Y,A,-,N,NA,NA,NA,NA,NA,NA,NA,NA,NA,Y,3,0,2,2,A,-,12,21453,A,N,D,C,A,A,H,-,A,A,0,NA,NA,NA,NA,Y,NA,A,01,0,2,0,0,0,0,0,0,0,-,-,34.13972854614258,-118.95166778564452,LOS ANGELES,DUARTE,-117.95166015625,34.13970947265625
9336486,2021,2021-09-24,1900,2021-08-19,1231,529395,0532,4,5,5,1959,0,0,0,NA,0,53T1AM,NEW AV,FERN AV,0,NA,Y,A,-,N,NA,NA,NA,NA,NA,NA,NA,NA,NA,N,4,0,1,2,A,-,09,21801,A,N,D,C,A,A,H,-,A,D,0,NA,NA,NA,NA,Y,NA,A,01,0,0,1,0,0,0,0,0,0,-,-,34.05942153930664,-118.10897827148438,LOS ANGELES,ROSEMEAD,-118.10810089111328,34.05942916870117
9336487,2021,2021-09-24,1900,2021-08-27,1117,529395,0531,5,5,5,1959,0,0,0,NA,0,53T1AM,VALLEY BL,TEMPLE CITY BL,100,W,N,A,-,N,NA,NA,NA,NA,NA,NA,NA,NA,NA,N,4,0,1,2,A,-,08,22107,NA,N,B,C,A,A,H,-,A,D,0,NA,NA,NA,NA,Y,NA,A,07,0,0,1,0,0,0,0,0,0,-,-,34.08140182495117,-118.05867004394533,LOS ANGELES,ROSEMEAD,-118.05860900878906,34.08131790161133
9336492,2021,2021-09-24,1972,2021-08-22,1846,19427,NA,7,5,6,1972,0,0,0,NA,0,NA,CARSON ST,DATE AV,0,NA,Y,A,-,N,NA,NA,NA,NA,NA,NA,NA,NA,NA,Y,4,0,2,2,A,-,03,22350,NA,N,C,C,A,A,H,-,B,D,0,NA,NA,NA,NA,Y,NA,A,NA,0,0,2,0,0,0,0,0,0,-,-,NA,NA,LOS ANGELES,TORRANCE,-118.3298568725586,33.8312873840332
9336493,2021,2021-09-24,1972,2021-08-12,1817,21239,NA,4,5,6,1972,0,0,0,NA,0,NA,HAWTHORNE BL,LOMITA BL,0,NA,Y,A,-,N,NA,NA,NA,NA,NA,NA,NA,NA,NA,N,4,0,1,2,A,-,09,21804,B,N,D,G,A,-,H,-,A,D,0,NA,Y,NA,NA,Y,NA,L,NA,0,0,1,0,0,0,1,0,0,-,-,NA,NA,LOS ANGELES,TORRANCE,-118.35122680664064,33.81597137451172
9336561,2021,2021-10-18,1941,2021-09-04,2135,11568,NA,6,5,7,1941,0,0,0,NA,0,NA,ATLANTIC AV,BURLINGHALL DR,0,NA,Y,A,-,N,NA,NA,NA,NA,NA,NA,NA,NA,NA,Y,4,0,1,1,A,-,03,22350,NA,N,E,I,A,A,H,-,C,A,0,NA,NA,NA,NA,Y,NA,A,NA,0,0,1,0,0,0,0,0,0,-,-,NA,NA,LOS ANGELES,LONG BEACH,-118.18507385253906,33.834320068359375
9336562,2021,2021-10-27,1941,2021-09-05,1310,11093,NA,7,5,7,1941,0,0,0,NA,0,NA,SOUTH ST,ORANGE AV,0,NA,Y,A,-,N,NA,NA,NA,NA,NA,NA,NA,NA,NA,NA,4,0,1,3,A,-,12,21453,A,N,D,D,A,A,H,-,A,A,0,NA,NA,NA,NA,Y,NA,-,-,0,0,1,0,0,0,0,0,0,-,-,NA,NA,LOS ANGELES,LONG BEACH,-118.17729949951172,33.860107421875
9336563,2021,2021-10-18,1941,2021-09-06,0636,10908,NA,1,5,7,1941,0,0,0,NA,0,NA,10TH ST,XIMENO AV,0,NA,Y,A,-,N,NA,NA,NA,NA,NA,NA,NA,NA,NA,Y,4,0,1,2,D,-,00,NA,NA,N,D,C,A,A,H,-,A,A,0,NA,NA,NA,NA,Y,NA,-,-,0,0,1,0,0,0,0,0,0,-,-,NA,NA,LOS ANGELES,LONG BEACH,-118.14154815673828,33.77898025512695
9336564,2021,2021-10-18,1941,2021-09-10,1047,6074,NA,5,5,7,1941,0,0,0,NA,0,NA,SPRING ST,CLAREMORE,0,NA,Y,A,-,N,NA,NA,NA,NA,NA,NA,NA,NA,NA,N,4,0,1,2,A,-,08,22107,NA,N,D,C,A,A,H,-,A,A,0,NA,NA,NA,NA,Y,NA,A,NA,0,0,1,0,0,0,0,0,0,-,-,NA,NA,LOS ANGELES,LONG BEACH,-118.07820892333984,33.81039810180664
9336565,2021,2021-10-18,1941,2021-09-11,0232,11558,NA,6,5,7,1941,0,0,0,NA,0,NA,ALAMITOS AV,BROADWAY,0,NA,Y,A,-,N,NA,NA,NA,NA,NA,NA,NA,NA,NA,Y,3,0,2,2,A,-,09,21801,A,N,A,C,A,A,H,-,C,A,0,NA,NA,NA,NA,Y,NA,A,NA,0,1,1,0,0,0,0,0,0,-,-,NA,NA,LOS ANGELES,LONG BEACH,-118.18207550048828,33.769161224365234
9336566,2021,2021-10-21,1941,2021-09-11,1918,11560,NA,6,5,7,1941,0,0,0,NA,0,NA,REDONDO AV,3RD ST,0,NA,Y,A,-,N,NA,NA,NA,NA,NA,NA,NA,NA,NA,Y,2,0,1,2,A,-,09,21801,A,N,A,C,A,A,H,-,B,A,0,NA,NA,Y,NA,Y,NA,A,NA,1,0,0,0,0,0,0,0,1,-,-,NA,NA,LOS ANGELES,LONG BEACH,-118.15243530273438,33.768089294433594
9336567,2021,2021-10-27,1941,2021-09-12,0700,11003,NA,7,5,7,1941,0,0,0,NA,0,NA,5TH ST,PINE AV,0,NA,Y,A,-,N,NA,NA,NA,NA,NA,NA,NA,NA,NA,N,2,0,1,2,A,-,11,21955,NA,N,G,B,D,A,H,-,A,A,0,Y,NA,NA,NA,Y,NA,-,NA,1,0,0,0,1,0,0,0,0,-,-,NA,NA,LOS ANGELES,LONG BEACH,-118.19236755371094,33.77294921875
9336568,2021,2021-10-21,1941,2021-09-10,2337,11121,NA,5,5,7,1941,0,0,0,NA,0,NA,2ND ST,W BAYSHORE AV,50,W,N,A,-,N,NA,NA,NA,NA,NA,NA,NA,NA,NA,Y,4,0,1,2,A,-,01,23153,A,N,C,C,A,A,H,-,C,A,0,NA,NA,NA,NA,Y,Y,A,NA,0,0,1,0,0,0,0,0,0,-,-,NA,NA,LOS ANGELES,LONG BEACH,-118.13035583496094,33.758296966552734
9336569,2021,2021-10-21,1941,2021-09-11,2123,111540,NA,6,5,7,1941,0,0,0,NA,0,NA,E ANAHEIM ST,NEWPORT AV,75,W,N,A,-,N,NA,NA,NA,NA,NA,NA,NA,NA,NA,Y,4,0,3,4,A,-,01,23152,A,N,C,C,A,A,H,-,C,A,0,NA,NA,NA,NA,Y,Y,D,NA,0,0,3,0,0,0,0,0,0,-,-,NA,NA,LOS ANGELES,LONG BEACH,-118.15159606933594,33.78261184692383
9336570,2021,2021-10-21,1941,2021-09-09,1811,11540,NA,4,5,7,1941,0,0,0,NA,0,NA,EAST 2ND ST,E SORRENTO DR,0,NA,Y,A,-,N,NA,NA,NA,NA,NA,NA,NA,NA,NA,Y,2,0,1,1,A,-,01,23152,A,N,H,A,A,A,H,-,A,A,0,NA,NA,Y,NA,Y,Y,C,NA,1,0,0,0,0,0,0,0,1,-,-,NA,NA,LOS ANGELES,LONG BEACH,-118.1284408569336,33.7579460144043
9336571,2021,2021-10-22,1942,2021-09-07,2030,38326,2177,2,5,7,1942,0,0,0,NA,0,26T36,CANOGA AV,BURBANK BL,50,N,N,A,-,N,NA,NA,NA,NA,NA,NA,NA,NA,NA,N,4,0,2,2,A,-,03,22350,NA,F,C,C,A,A,H,-,C,A,0,NA,NA,NA,NA,Y,NA,-,99,0,0,2,0,0,0,0,0,0,-,-,NA,NA,LOS ANGELES,LOS ANGELES,-118.59741973876952,34.17341232299805
9336572,2021,2021-10-22,1942,2021-09-11,1410,39154,0941,6,5,7,1942,0,0,0,I,0,26TL46,BURBANK BL,SEPULVEDA BL,0,NA,Y,A,-,N,NA,NA,NA,NA,NA,NA,NA,NA,NA,N,4,0,2,2,A,-,08,22107,NA,F,B,C,A,A,H,-,A,D,0,NA,NA,NA,NA,Y,NA,-,99,0,0,2,0,0,0,0,0,0,-,-,NA,NA,LOS ANGELES,LOS ANGELES,-118.46614837646484,34.17209243774414
9336573,2021,2021-10-22,1942,2021-09-10,0200,41316,0923,5,5,7,1942,0,0,0,I,0,26T36W,VICTORY BL,VAN NUYS BL,0,NA,Y,C,-,N,NA,NA,NA,NA,NA,NA,NA,NA,NA,N,4,0,1,2,A,-,12,21453,A,F,D,C,A,B,-,-,C,A,0,NA,NA,NA,NA,Y,NA,-,99,0,0,1,0,0,0,0,0,0,-,-,NA,NA,LOS ANGELES,LOS ANGELES,-118.44873809814452,34.18667221069336
9336574,2021,2021-10-22,1942,2021-09-04,1255,39746,0914,6,5,7,1942,0,0,0,I,0,26M65,SHERMAN WAY,KESTER AV,20,W,N,A,-,N,NA,NA,NA,NA,NA,NA,NA,NA,NA,Y,3,0,1,2,A,-,09,21804,A,F,D,C,A,A,H,-,A,A,0,NA,NA,NA,NA,Y,NA,-,99,0,1,0,0,0,0,0,0,0,-,-,NA,NA,LOS ANGELES,LOS ANGELES,-118.45752716064452,34.20113754272461
9336575,2021,2021-10-22,1942,2021-09-09,1645,39701,0933,4,5,7,1942,0,0,0,I,0,26TL43,VAN NUYS BL,SYLVAN ST,0,NA,Y,A,-,N,NA,NA,NA,NA,NA,NA,NA,NA,NA,N,2,0,1,2,A,-,10,21950,A,N,G,B,B,A,H,-,A,A,0,Y,NA,NA,NA,Y,NA,A,01,1,0,0,0,1,0,0,0,0,-,-,NA,NA,LOS ANGELES,LOS ANGELES,-118.44876098632813,34.184635162353516
9336576,2021,2022-06-07,1942,2021-09-04,2015,43816,0989,6,5,7,1942,0,0,0,I,0,9A89,DIXIE CANYON AV,VENTURA BL,0,NA,Y,A,-,N,NA,NA,NA,NA,NA,NA,NA,NA,NA,N,4,0,1,2,A,-,03,22350,A,F,A,C,A,A,H,-,C,D,0,NA,NA,NA,NA,Y,NA,A,01,0,0,1,0,0,0,0,0,0,-,-,NA,NA,LOS ANGELES,LOS ANGELES,-118.42488861083984,34.14695358276367
9336577,2021,2021-10-22,1942,2021-09-08,2300,41316,1089,3,5,7,1942,0,0,0,J,0,26T32W,GREENLEAF ST,SHERMAN OAKS AV,200,E,N,A,-,N,NA,NA,NA,NA,NA,NA,NA,NA,NA,N,4,0,1,2,A,-,21,22106,NA,F,G,B,E,A,H,-,C,D,0,Y,NA,NA,NA,Y,NA,-,99,0,0,1,0,1,0,0,0,0,-,-,NA,NA,LOS ANGELES,LOS ANGELES,-118.46876525878906,34.152259826660156
9336578,2021,2021-10-22,1942,2021-09-06,0145,43965,0974,1,5,7,1942,0,0,0,I,0,9A63,VENTURA BL,WILLIS AV,0,NA,Y,A,-,N,NA,NA,NA,NA,NA,NA,NA,NA,NA,Y,4,0,2,3,A,-,01,23152,NA,N,F,C,A,A,H,-,C,A,0,NA,NA,NA,NA,Y,Y,A,01,0,0,2,0,0,0,0,0,0,-,-,NA,NA,LOS ANGELES,LOS ANGELES,-118.45529174804688,34.15200424194336
9336579,2021,2021-11-17,1942,2021-09-11,0125,42469,0964,6,5,7,1942,0,0,0,I,0,NA,RIVERSIDE DR,WOODMAN AV,0,NA,Y,A,-,N,NA,NA,NA,NA,NA,NA,NA,NA,NA,Y,3,0,4,2,A,-,12,21453,A,N,D,C,A,A,H,-,C,A,0,NA,NA,NA,NA,Y,Y,-,-,0,4,0,0,0,0,0,0,0,-,-,NA,NA,LOS ANGELES,LOS ANGELES,-118.43123626708984,34.15761184692383
9336580,2021,2021-10-22,1942,2021-09-09,1740,38017,2175,4,5,7,1942,0,0,0,NA,0,26M46,FALLBROOK AV,CALIFA ST,52,S,N,A,-,N,NA,NA,NA,NA,NA,NA,NA,NA,NA,N,2,0,1,3,A,-,17,22517,NA,F,B,G,A,A,H,-,A,D,0,NA,Y,NA,NA,Y,NA,A,01,1,0,0,0,0,0,1,0,0,-,-,NA,NA,LOS ANGELES,LOS ANGELES,-118.6233367919922,34.17722702026367
9336586,2021,2021-10-27,1941,2021-09-08,0813,11316,NA,3,5,7,1941,0,0,0,NA,0,NA,E SPRING ST,E SPRING ST 7550,0,NA,Y,A,-,N,NA,NA,NA,NA,NA,NA,NA,NA,NA,N,4,0,1,2,A,-,09,21801,A,N,D,G,A,A,H,-,A,D,0,NA,Y,Y,NA,Y,NA,C,NA,0,0,1,0,0,0,1,0,0,-,-,NA,NA,LOS ANGELES,LONG BEACH,-118.119873046875,33.81067657470703
9336587,2021,2021-10-16,1941,2021-09-09,0746,5771,NA,4,5,7,1941,0,0,0,NA,0,NA,E LURAY ST,46TH ST,318,N,N,A,-,N,NA,NA,NA,NA,NA,NA,NA,NA,NA,Y,3,0,1,3,A,-,08,22107,NA,N,A,C,A,A,H,-,A,D,0,NA,NA,NA,NA,Y,NA,A,NA,0,1,0,0,0,0,0,0,0,-,-,NA,NA,LOS ANGELES,LONG BEACH,-118.18475341796876,33.84351348876953
9336588,2021,2021-10-16,1941,2021-09-09,1717,10652,NA,4,5,7,1941,0,0,0,NA,0,NA,SPRING ST,KILROY,684,W,N,A,-,N,NA,NA,NA,NA,NA,NA,NA,NA,NA,Y,3,0,1,1,A,-,03,22350,NA,N,E,I,A,A,H,-,A,D,0,NA,NA,NA,NA,Y,Y,A,NA,0,1,0,0,0,0,0,0,0,-,-,NA,NA,LOS ANGELES,LONG BEACH,-118.14946746826172,33.810604095458984
9336589,2021,2021-10-16,1941,2021-09-10,0117,11570,NA,5,5,7,1941,0,0,0,NA,0,NA,PACIFIC COAST HWY,XIMENO AV,0,NA,Y,A,-,N,NA,NA,NA,NA,NA,NA,NA,NA,NA,Y,4,0,1,2,A,-,04,21703,NA,N,C,C,A,A,H,-,C,A,0,NA,NA,NA,NA,Y,NA,A,NA,0,0,1,0,0,0,0,0,0,-,-,NA,NA,LOS ANGELES,LONG BEACH,-118.13951873779295,33.78779220581055
9336590,2021,2021-10-16,1941,2021-09-03,0802,11568,NA,5,5,7,1941,0,0,0,NA,0,NA,67TH ST,OBISPO AV,0,NA,Y,A,-,N,NA,NA,NA,NA,NA,NA,NA,NA,NA,Y,4,0,1,2,A,-,12,22450,A,N,D,-,A,A,H,-,A,A,0,NA,NA,NA,NA,Y,NA,A,NA,0,0,1,0,0,0,0,0,0,-,-,NA,NA,LOS ANGELES,LONG BEACH,-118.15567016601564,33.87651443481445
9336591,2021,2021-10-16,1941,2021-09-05,1106,11093,NA,7,5,7,1941,0,0,0,NA,0,NA,SOUTH ST,ORANGE AV,0,NA,Y,A,-,N,NA,NA,NA,NA,NA,NA,NA,NA,NA,Y,3,0,3,4,A,-,08,22107,NA,N,A,C,A,A,H,-,A,A,0,NA,NA,NA,NA,Y,Y,D,NA,0,1,2,0,0,0,0,0,0,-,-,NA,NA,LOS ANGELES,LONG BEACH,-118.17729949951172,33.860107421875
9336592,2021,2021-10-16,1941,2021-09-07,2210,11002,NA,2,5,7,1941,0,0,0,NA,0,NA,LONG BEACH BL,POLE #LA1914,22,S,N,A,-,N,NA,NA,NA,NA,NA,NA,NA,NA,NA,Y,3,0,2,5,A,-,03,22350,NA,N,C,C,A,A,H,-,C,A,0,NA,NA,NA,NA,Y,NA,A,NA,0,1,1,0,0,0,0,0,0,-,-,NA,NA,LOS ANGELES,LONG BEACH,NA,NA
9336593,2021,2021-10-16,1941,2021-09-01,1702,6179,NA,3,5,7,1941,0,0,0,NA,0,NA,PACIFIC COAST HWY,ROSE AV,0,NA,Y,A,-,N,NA,NA,NA,NA,NA,NA,NA,NA,NA,Y,4,0,2,2,A,-,09,21801,A,N,D,C,A,A,H,-,A,A,0,NA,NA,NA,NA,Y,NA,D,NA,0,0,2,0,0,0,0,0,0,-,-,NA,NA,LOS ANGELES,LONG BEACH,-118.16986083984376,33.789859771728516
9336594,2021,2023-06-13,1941,2021-09-11,1130,11316,NA,6,5,7,1941,0,0,0,NA,0,NA,LAKEWOOD BL,STEARNS ST,0,NA,Y,A,-,N,NA,NA,NA,NA,NA,NA,NA,NA,NA,Y,3,0,1,4,A,-,12,21453,A,F,D,C,A,A,H,-,A,A,0,NA,NA,NA,NA,Y,NA,A,NA,0,1,0,0,0,0,0,0,0,-,-,NA,NA,LOS ANGELES,LONG BEACH,-118.1427764892578,33.79608154296875
9336595,2021,2021-10-16,1941,2021-09-02,1527,11134,NA,4,5,7,1941,0,0,0,NA,0,NA,ANAHEIM ST,OHIO AV,0,NA,Y,A,-,N,NA,NA,NA,NA,NA,NA,NA,NA,NA,Y,3,0,2,2,A,-,03,22350,NA,F,C,C,A,A,H,-,A,D,0,NA,NA,NA,NA,Y,NA,A,NA,0,1,1,0,0,0,0,0,0,-,-,NA,NA,LOS ANGELES,LONG BEACH,-118.16008758544922,33.78260803222656
9336596,2021,2021-10-16,1941,2021-09-12,1937,11653,NA,7,5,7,1941,0,0,0,NA,0,NA,BROADWAY,TERMINO AV,40,W,N,A,-,N,NA,NA,NA,NA,NA,NA,NA,NA,NA,Y,4,0,1,5,A,-,08,22107,NA,N,B,E,A,A,H,-,C,D,0,NA,NA,NA,NA,Y,Y,A,NA,0,0,1,0,0,0,0,0,0,-,-,NA,NA,LOS ANGELES,LONG BEACH,-118.1460418701172,33.76445007324219
9336597,2021,2021-10-16,1941,2021-09-13,1717,11545,NA,1,5,7,1941,0,0,0,NA,0,NA,GLADYS AV,8TH ST,200,N,N,A,-,N,NA,NA,NA,NA,NA,NA,NA,NA,NA,N,4,0,1,4,D,-,00,NA,NA,N,B,C,A,A,H,-,A,D,0,NA,NA,Y,NA,Y,NA,-,-,0,0,1,0,0,0,0,0,1,-,-,NA,NA,LOS ANGELES,LONG BEACH,-118.15784454345705,33.77772903442383
9336598,2021,2021-10-27,1941,2021-09-13,1239,11547,NA,1,5,7,1941,0,0,0,NA,0,NA,REDONDO AV,REDONDO AV 440,0,NA,Y,A,-,N,NA,NA,NA,NA,NA,NA,NA,NA,NA,N,4,0,1,2,A,-,-,NA,NA,N,D,G,A,A,H,-,A,D,0,NA,Y,NA,NA,Y,NA,L,NA,0,0,1,0,0,0,1,0,0,-,-,NA,NA,LOS ANGELES,LONG BEACH,-118.38304138183594,33.87940979003906
9336599,2021,2021-10-27,1941,2021-09-06,1644,11530,NA,1,5,7,1941,0,0,0,NA,0,NA,OCEAN BL,LOMA AV,0,NA,Y,A,-,N,NA,NA,NA,NA,NA,NA,NA,NA,NA,Y,4,0,2,3,A,-,09,21800,A,N,A,C,A,A,H,-,A,A,0,NA,NA,Y,NA,Y,NA,A,NA,0,0,2,0,0,0,0,0,1,-,-,NA,NA,LOS ANGELES,LONG BEACH,-118.15086364746094,33.76089096069336
9336600,2021,2021-10-16,1942,2021-09-11,0810,30452,1089,6,5,7,1942,0,0,0,J,0,26TL24,VENTURA BL,HASKELL AV,50,W,N,A,-,N,NA,NA,NA,NA,NA,NA,NA,NA,NA,N,3,0,1,1,C,-,18,NA,NA,N,E,J,A,A,A,-,A,D,0,NA,Y,NA,NA,Y,NA,-,-,0,1,0,0,0,0,1,0,0,-,-,NA,NA,LOS ANGELES,LOS ANGELES,-118.4750747680664,34.15519714355469
9336601,2021,2021-10-19,1941,2021-09-05,1328,11354,NA,7,5,7,1941,0,0,0,NA,0,NA,PACIFIC AV,23RD ST,0,NA,Y,E,-,N,NA,NA,NA,NA,NA,NA,NA,NA,NA,N,3,0,1,2,A,-,09,21802,A,F,D,C,A,A,H,-,A,A,0,NA,NA,NA,NA,Y,NA,A,NA,0,1,0,0,0,0,0,0,0,-,-,NA,NA,LOS ANGELES,LONG BEACH,-118.19377136230467,33.79892349243164
9336605,2021,2021-10-19,1942,2021-09-10,1430,41747,1822,5,5,7,1942,0,0,0,R,0,25T25,103RD AV,BROADWAY,0,NA,Y,A,-,N,NA,NA,NA,NA,NA,NA,NA,NA,NA,Y,3,0,2,2,A,-,09,21802,A,F,D,C,A,A,H,-,A,A,0,NA,NA,NA,NA,Y,NA,A,01,0,1,1,0,0,0,0,0,0,-,-,NA,NA,LOS ANGELES,LOS ANGELES,-118.27838134765624,33.94281768798828
9336606,2021,2021-10-19,1942,2021-09-09,1415,38729,1831,4,5,7,1942,0,0,0,R,0,25MQ54,EL SEGUNDO BL,FIGUEROA ST,0,NA,Y,A,-,N,NA,NA,NA,NA,NA,NA,NA,NA,NA,Y,3,0,1,2,A,-,09,21801,A,F,D,C,A,A,H,-,A,A,0,NA,NA,NA,NA,Y,NA,A,01,0,1,0,0,0,0,0,0,0,-,-,NA,NA,LOS ANGELES,LOS ANGELES,-118.28275299072266,33.916419982910156
9336608,2021,2021-10-19,1942,2021-09-08,0540,42539,0341,3,5,7,1942,0,0,0,C,0,25TL23,LA BREA,COLISEUM,35,N,N,A,-,N,NA,NA,NA,NA,NA,NA,NA,NA,NA,N,4,0,1,2,A,-,11,21956,A,F,G,B,D,A,H,-,C,A,0,Y,NA,NA,NA,Y,NA,N,60,0,0,1,0,1,0,0,0,0,-,-,NA,NA,LOS ANGELES,LOS ANGELES,-118.3555908203125,34.01840591430664
9336609,2021,2021-10-19,1942,2021-09-12,0725,37146,0529,7,5,7,1942,0,0,0,E,0,25TL25,ANAHEIM ST,HENRY FORD AV,100,E,N,A,-,N,NA,NA,NA,NA,NA,NA,NA,NA,NA,N,3,0,1,2,A,-,03,22350,NA,F,C,G,A,A,H,-,A,A,0,NA,Y,NA,NA,Y,NA,-,99,0,1,0,0,0,0,1,0,0,-,-,NA,NA,LOS ANGELES,LOS ANGELES,-118.2414093017578,33.78116226196289
9336610,2021,2021-10-19,1942,2021-09-12,1230,35393,0392,7,5,7,1942,0,0,0,C,0,25T23,VERNON AV,2ND AV,30,W,N,A,-,N,NA,NA,NA,NA,NA,NA,NA,NA,NA,Y,3,0,1,2,A,-,01,23152,A,N,B,E,A,A,H,-,A,D,0,NA,NA,NA,NA,Y,Y,A,07,0,1,0,0,0,0,0,0,0,-,-,NA,NA,LOS ANGELES,LOS ANGELES,-118.31936645507813,34.00368881225586
9336611,2021,2021-10-19,1942,2021-09-13,1640,43913,1245,1,5,7,1942,0,0,0,L,0,3A19,GAGE AV,HALLDALE AV,0,NA,Y,A,-,N,NA,NA,NA,NA,NA,NA,NA,NA,NA,Y,2,0,2,2,A,-,09,21804,A,N,D,C,A,A,H,-,A,D,0,NA,NA,NA,NA,Y,NA,A,07,1,1,0,0,0,0,0,0,0,-,-,NA,NA,LOS ANGELES,LOS ANGELES,-118.30242156982422,33.98235321044922
9336612,2021,2021-10-19,1942,2021-09-13,1440,38233,0397,1,5,7,1942,0,0,0,C,0,25MX87,W VERNON AV,KENWOOD AV,50,W,N,A,-,N,NA,NA,NA,NA,NA,NA,NA,NA,NA,Y,4,0,4,3,A,-,03,22350,NA,F,C,C,A,A,H,-,A,D,0,NA,NA,NA,NA,Y,NA,A,07,0,0,4,0,0,0,0,0,0,-,-,NA,NA,LOS ANGELES,LOS ANGELES,-118.2992935180664,34.003700256347656
9336613,2021,2021-10-19,1942,2021-09-10,1845,37724,0321,5,5,7,1942,0,0,0,C,0,25T37,OBAMA BL,LA BREA BL,400,E,N,A,-,N,NA,NA,NA,NA,NA,NA,NA,NA,NA,Y,4,0,1,2,A,-,08,22107,NA,F,B,C,A,A,H,-,A,A,0,NA,NA,NA,NA,Y,NA,-,99,0,0,1,0,0,0,0,0,0,-,-,NA,NA,LOS ANGELES,LOS ANGELES,-118.3542938232422,34.02151870727539
9336615,2021,2021-10-19,1941,2021-09-11,1331,10833,NA,6,5,7,1941,0,0,0,NA,0,NA,ATLANTIC AV,21ST ST,0,NA,Y,A,-,N,NA,NA,NA,NA,NA,NA,NA,NA,NA,Y,4,0,1,5,A,-,12,22450,A,F,D,C,A,A,H,-,A,A,0,NA,NA,NA,NA,Y,NA,A,NA,0,0,1,0,0,0,0,0,0,-,-,NA,NA,LOS ANGELES,LONG BEACH,-118.18502807617188,33.79529571533203
9336616,2021,2021-10-19,1941,2021-09-10,2300,10793,NA,5,5,7,1941,0,0,0,NA,0,NA,ORANGE AV,53RD ST,100,S,N,A,-,N,NA,NA,NA,NA,NA,NA,NA,NA,NA,N,4,0,2,5,A,-,08,22107,NA,F,B,E,A,A,H,-,C,D,0,NA,NA,NA,NA,Y,NA,A,NA,0,0,2,0,0,0,0,0,0,-,-,NA,NA,LOS ANGELES,LONG BEACH,-118.17726135253906,33.852325439453125
9336617,2021,2021-10-29,1941,2021-09-09,2039,10237,NA,4,5,7,1941,0,0,0,NA,0,NA,OCEAN BL,PINE AV,88,E,N,A,-,N,NA,NA,NA,NA,NA,NA,NA,NA,NA,N,2,0,1,2,A,-,11,21954,A,F,G,B,D,A,H,-,C,A,0,Y,NA,NA,NA,Y,NA,N,NA,1,0,0,0,1,0,0,0,0,-,-,NA,NA,LOS ANGELES,LONG BEACH,-118.19239807128906,33.7671012878418
9336643,2021,2021-09-29,1976,2021-09-12,1856,531,NA,7,5,3,1964,0,0,0,NA,0,002,FLORENCE AV,NORWALK BL,0,NA,Y,A,-,N,NA,NA,NA,NA,NA,NA,NA,NA,NA,Y,2,0,3,3,A,-,01,23152,A,N,D,C,A,A,H,-,A,A,0,NA,NA,NA,NA,Y,Y,A,01,1,1,1,0,0,0,0,0,0,-,-,NA,NA,LOS ANGELES,SANTA FE SPRINGS,-118.07271575927734,33.93534469604492
9336644,2021,2021-10-05,1900,2021-08-24,0611,476466,0611,2,5,6,1985,0,0,0,NA,0,61T1,GOLDEN VALLEY RD,CLAREMORE WY,0,NA,Y,A,-,N,NA,NA,NA,NA,NA,NA,NA,NA,NA,Y,4,0,1,2,A,-,03,22350,NA,N,C,C,A,A,H,-,B,D,0,NA,NA,NA,NA,Y,NA,D,22,0,0,1,0,0,0,0,0,0,-,-,34.43793869018555,-118.45909118652344,LOS ANGELES,SANTA CLARITA,-118.4950714111328,34.43771743774414
9336656,2021,2021-10-18,1900,2021-08-30,2145,652853,0631,1,5,6,1985,0,0,0,NA,0,61T1,SOLEDAD CANYON RD,SIERRA HWY,200,E,N,A,-,N,NA,NA,NA,NA,NA,NA,NA,NA,NA,Y,3,0,2,2,A,-,09,21804,A,N,D,C,A,A,H,-,A,D,0,NA,NA,NA,NA,Y,NA,D,22,0,2,0,0,0,0,0,0,0,-,-,34.41645812988281,-118.45497894287108,LOS ANGELES,SANTA CLARITA,-118.45536041259766,34.41638946533203
9336662,2021,2021-09-29,1942,2021-09-08,1444,42968,0329,3,5,7,1942,0,0,0,C,0,12A39,30TH ST,FLOWER ST,0,NA,Y,A,-,N,NA,NA,NA,NA,NA,NA,NA,NA,NA,N,3,0,1,2,D,-,00,NA,NA,N,H,F,A,A,H,-,A,A,0,NA,Y,NA,NA,Y,NA,-,-,0,1,0,0,0,0,0,0,0,-,-,NA,NA,LOS ANGELES,LOS ANGELES,-118.27674865722656,34.02451705932617
9336664,2021,2021-11-09,1900,2021-09-10,1123,626575,0645,5,5,6,1985,0,0,0,NA,0,63T1,NEWHALL RANCH RD,W RYE CANYON RD,0,NA,Y,A,-,N,NA,NA,NA,NA,NA,NA,NA,NA,NA,Y,3,0,2,2,A,-,12,21453,A,N,D,C,A,A,H,-,A,A,0,NA,NA,NA,NA,Y,NA,A,01,0,2,0,0,0,0,0,0,0,-,-,34.442901611328125,-118.58128356933594,LOS ANGELES,SANTA CLARITA,-118.5791244506836,34.443153381347656