CASE_ID,ACCIDENT_YEAR,PROC_DATE,JURIS,COLLISION_DATE,COLLISION_TIME,OFFICER_ID,REPORTING_DISTRICT,DAY_OF_WEEK,CHP_SHIFT,POPULATION,CNTY_CITY_LOC,SPECIAL_COND,BEAT_TYPE,CHP_BEAT_TYPE,CITY_DIVISION_LAPD,CHP_BEAT_CLASS,BEAT_NUMBER,PRIMARY_RD,SECONDARY_RD,DISTANCE,DIRECTION,INTERSECTION,WEATHER_1,WEATHER_2,STATE_HWY_IND,CALTRANS_COUNTY,CALTRANS_DISTRICT,STATE_ROUTE,ROUTE_SUFFIX,POSTMILE_PREFIX,POSTMILE,LOCATION_TYPE,RAMP_INTERSECTION,SIDE_OF_HWY,TOW_AWAY,COLLISION_SEVERITY,NUMBER_KILLED,NUMBER_INJURED,PARTY_COUNT,PRIMARY_COLL_FACTOR,PCF_CODE_OF_VIOL,PCF_VIOL_CATEGORY,PCF_VIOLATION,PCF_VIOL_SUBSECTION,HIT_AND_RUN,TYPE_OF_COLLISION,MVIW,PED_ACTION,ROAD_SURFACE,ROAD_COND_1,ROAD_COND_2,LIGHTING,CONTROL_DEVICE,CHP_ROAD_TYPE,PEDESTRIAN_ACCIDENT,BICYCLE_ACCIDENT,MOTORCYCLE_ACCIDENT,TRUCK_ACCIDENT,NOT_PRIVATE_PROPERTY,ALCOHOL_INVOLVED,STWD_VEHTYPE_AT_FAULT,CHP_VEHTYPE_AT_FAULT,COUNT_SEVERE_INJ,COUNT_VISIBLE_INJ,COUNT_COMPLAINT_PAIN,COUNT_PED_KILLED,COUNT_PED_INJURED,COUNT_BICYCLIST_KILLED,COUNT_BICYCLIST_INJURED,COUNT_MC_KILLED,COUNT_MC_INJURED,PRIMARY_RAMP,SECONDARY_RAMP,LATITUDE,LONGITUDE,COUNTY,CITY,POINT_X,POINT_Y
9343627,2021,2021-12-01,1955,2021-09-23,0655,42688,030,4,5,6,1955,0,0,0,NA,0,002,TOWNE AV,RICHMOND DR,60,N,N,A,-,N,NA,NA,NA,NA,NA,NA,NA,NA,NA,Y,4,0,3,5,A,-,08,22107,NA,N,C,E,A,A,A,-,A,A,0,NA,NA,NA,NA,Y,NA,A,01,0,0,3,0,0,0,0,0,0,-,-,NA,NA,LOS ANGELES,POMONA,-117.73681640625,34.109405517578125
9343628,2021,2021-12-01,1955,2021-09-10,0827,42688,020,5,5,6,1955,0,0,0,NA,0,002,ARROW HWY,TOWNE AV,360,W,N,A,-,N,NA,NA,NA,NA,NA,NA,NA,NA,NA,N,3,0,1,2,A,-,08,22107,NA,F,C,G,A,A,H,-,A,A,0,NA,Y,Y,NA,Y,NA,C,02,0,1,0,0,0,0,1,0,0,-,-,34.09012985229492,-117.73674774169922,LOS ANGELES,POMONA,-117.73797607421876,34.08997344970703
9343629,2021,2021-12-01,1955,2021-09-05,2136,42489,0021,7,5,6,1955,0,0,0,NA,0,002,VINTON AV,TOWNE AV,490,W,N,A,-,N,NA,NA,NA,NA,NA,NA,NA,NA,NA,Y,3,0,2,2,A,-,08,22107,NA,N,D,C,A,A,H,-,C,D,0,NA,NA,Y,NA,Y,NA,A,01,0,2,0,0,0,0,0,0,2,-,-,34.07822036743164,-117.74278259277344,LOS ANGELES,POMONA,-117.74271392822266,34.07819366455078
9343675,2021,2021-10-19,1941,2021-08-17,0820,5857,NA,2,5,7,1941,0,0,0,NA,0,NA,W ANAHEIM ST,SEABRIGHT AV,0,NA,Y,A,-,N,NA,NA,NA,NA,NA,NA,NA,NA,NA,Y,4,0,1,2,A,-,09,21801,A,N,D,C,A,A,H,-,A,D,0,NA,NA,NA,NA,Y,NA,E,NA,0,0,1,0,0,0,0,0,0,-,-,NA,NA,LOS ANGELES,LONG BEACH,-118.21768188476564,33.78276062011719
9343679,2021,2021-10-19,1944,2021-08-04,0533,316,SOUTH,3,5,4,1944,0,0,0,NA,0,003,15TH ST,MANHATTAN AV,103,E,N,A,-,Y,NA,NA,NA,NA,NA,NA,NA,NA,NA,N,3,0,1,2,A,-,08,22107,NA,N,B,E,A,A,H,-,C,D,0,NA,NA,NA,NA,Y,NA,-,NA,0,1,0,0,0,0,0,0,0,-,-,33.88737106323242,-118.41168212890624,LOS ANGELES,MANHATTAN BEACH,-118.41182708740234,33.887332916259766
9343760,2021,2021-11-09,1922,2021-09-14,1139,584,NA,2,5,6,1922,0,0,0,NA,0,NA,PECK RD,RANCHITO ST,0,NA,Y,A,-,N,NA,NA,NA,NA,NA,NA,NA,NA,NA,Y,3,0,2,4,D,-,00,NA,NA,N,A,C,A,A,H,-,A,A,0,NA,NA,NA,NA,Y,Y,-,-,0,1,1,0,0,0,0,0,0,-,-,34.08903884887695,-118.01555633544922,LOS ANGELES,EL MONTE,-118.0155029296875,34.089012145996094
9343768,2021,2021-12-16,1941,2021-09-30,0902,5946,NA,4,5,7,1941,0,0,0,NA,0,NA,CARSON ST,BELLFLOWER BL,0,NA,Y,A,-,N,NA,NA,NA,NA,NA,NA,NA,NA,NA,Y,4,0,1,2,D,-,00,NA,NA,N,D,C,A,A,H,-,A,A,0,NA,NA,NA,NA,Y,NA,-,-,0,0,1,0,0,0,0,0,0,-,-,NA,NA,LOS ANGELES,LONG BEACH,-118.12516021728516,33.83235168457031
9343769,2021,2021-12-16,1941,2021-09-28,1750,10953,NA,2,5,7,1941,0,0,0,NA,0,NA,7TH ST,SAINT LOUIS AV,0,NA,Y,A,-,N,NA,NA,NA,NA,NA,NA,NA,NA,NA,N,4,0,1,2,D,-,00,NA,NA,N,D,G,A,A,H,-,A,A,0,NA,Y,NA,NA,Y,NA,-,-,0,0,1,0,0,0,1,0,0,-,-,NA,NA,LOS ANGELES,LONG BEACH,-118.16667175292967,33.775352478027344
9343770,2021,2021-12-16,1941,2021-09-29,2045,6278,NA,3,5,7,1941,0,0,0,NA,0,NA,REDONDO AV,10TH AV,0,NA,Y,A,-,N,NA,NA,NA,NA,NA,NA,NA,NA,NA,N,4,0,1,2,B,-,22,NA,NA,N,G,B,A,A,H,-,C,D,0,NA,NA,NA,NA,Y,NA,-,-,0,0,1,0,0,0,0,0,0,-,-,NA,NA,LOS ANGELES,LONG BEACH,-118.15243530273438,33.778987884521484
9343771,2021,2021-11-04,1941,2021-09-30,2050,5572,NA,4,5,7,1941,0,0,0,NA,0,NA,CARSON ST,WOODRUFF AV,200,E,N,A,-,N,NA,NA,NA,NA,NA,NA,NA,NA,NA,N,4,0,1,2,A,-,08,22107,NA,N,B,C,A,A,H,-,C,D,0,NA,NA,NA,NA,Y,NA,A,NA,0,0,1,0,0,0,0,0,0,-,-,NA,NA,LOS ANGELES,LONG BEACH,-118.11588287353516,33.83232879638672
9343772,2021,2021-12-16,1941,2021-09-29,0912,10777,NA,3,5,7,1941,0,0,0,NA,0,NA,LOS COYOTES DIAGONAL,TERRAIN AV,76,E,N,A,-,N,NA,NA,NA,NA,NA,NA,NA,NA,NA,Y,3,0,1,1,A,-,-,NA,NA,N,-,A,A,A,H,-,A,A,0,NA,NA,Y,NA,Y,NA,C,NA,0,1,0,0,0,0,0,0,1,-,-,NA,NA,LOS ANGELES,LONG BEACH,-118.12738037109376,33.80152130126953
9343780,2021,2022-02-16,1941,2021-09-16,1440,11659,NA,4,5,7,1941,0,0,0,NA,0,NA,ANAHEIM ST,ALAMITOS AV,20,W,N,A,-,N,NA,NA,NA,NA,NA,NA,NA,NA,NA,Y,3,0,2,3,D,-,00,NA,NA,N,D,C,-,A,H,-,A,A,0,Y,NA,NA,NA,Y,NA,-,-,0,1,1,0,1,0,0,0,0,-,-,NA,NA,LOS ANGELES,LONG BEACH,-118.17803192138672,33.78260803222656
9343781,2021,2021-11-04,1941,2021-09-13,1440,11354,NA,1,5,7,1941,0,0,0,NA,0,NA,SANTA FE AV,WARDLOW RD,0,NA,Y,A,-,N,NA,NA,NA,NA,NA,NA,NA,NA,NA,Y,4,0,1,4,A,-,03,22350,NA,N,C,C,A,A,H,-,A,A,0,NA,NA,NA,NA,Y,NA,-,-,0,0,1,0,0,0,0,0,0,-,-,NA,NA,LOS ANGELES,LONG BEACH,-118.21553802490234,33.82439422607422
9343782,2021,2021-11-01,1941,2021-09-24,1702,10968,NA,5,5,7,1941,0,0,0,NA,0,NA,SPRING ST,DEL MAR AV,0,NA,Y,A,-,N,NA,NA,NA,NA,NA,NA,NA,NA,NA,N,4,0,2,4,A,-,04,21703,NA,N,C,C,A,A,H,-,A,D,0,NA,NA,NA,NA,Y,NA,A,NA,0,0,2,0,0,0,0,0,0,-,-,NA,NA,LOS ANGELES,LONG BEACH,-118.19173431396484,33.811649322509766
9343783,2021,2021-11-01,1941,2021-09-25,0943,11316,NA,6,5,7,1941,0,0,0,NA,0,NA,ANAHEIM ST,ALAMITOS AV,25,W,N,A,-,N,NA,NA,NA,NA,NA,NA,NA,NA,NA,Y,4,0,3,3,A,-,09,21801,A,N,D,E,A,A,H,-,A,A,0,NA,NA,NA,NA,Y,NA,A,NA,0,0,3,0,0,0,0,0,0,-,-,NA,NA,LOS ANGELES,LONG BEACH,-118.17805480957033,33.78260803222656
9343784,2021,2021-11-01,1941,2021-09-27,2013,11101,NA,1,5,7,1941,0,0,0,NA,0,NA,OBISPO AV,65TH ST,0,NA,Y,A,-,N,NA,NA,NA,NA,NA,NA,NA,NA,NA,N,3,0,1,2,A,-,12,22450,A,N,A,B,B,A,H,-,C,D,0,Y,NA,NA,NA,Y,NA,A,NA,0,1,0,0,1,0,0,0,0,-,-,NA,NA,LOS ANGELES,LONG BEACH,-118.15564727783205,33.87248229980469
9343785,2021,2021-11-01,1941,2021-09-26,1256,10819,NA,7,5,7,1941,0,0,0,NA,0,NA,ANAHEIM ST,ORANGE AV,0,NA,Y,A,-,N,NA,NA,NA,NA,NA,NA,NA,NA,NA,Y,3,0,1,2,A,-,12,21453,A,N,D,C,A,A,H,-,A,A,0,NA,NA,NA,NA,Y,NA,A,NA,0,1,0,0,0,0,0,0,0,-,-,NA,NA,LOS ANGELES,LONG BEACH,-118.17634582519533,33.78260803222656
9343786,2021,2021-11-01,1941,2021-09-26,1422,11568,NA,7,5,7,1941,0,0,0,NA,0,NA,ATLANTIC AV,PLEASANT ST,50,N,N,A,-,N,NA,NA,NA,NA,NA,NA,NA,NA,NA,N,4,0,1,2,A,-,04,21703,NA,N,C,C,A,A,H,-,A,D,0,NA,NA,NA,NA,Y,NA,A,NA,0,0,1,0,0,0,0,0,0,-,-,NA,NA,LOS ANGELES,LONG BEACH,-118.18502044677734,33.84723663330078
9343787,2021,2021-11-10,1941,2021-09-28,0549,11401,NA,2,5,7,1941,0,0,0,NA,0,NA,PACIFIC COAST HWY,ANAHEIM ST,0,NA,Y,A,-,Y,LA,7,1,-,-,2.751,I,5,S,Y,4,0,1,2,A,-,09,21801,A,N,D,C,A,A,-,-,A,A,0,NA,NA,NA,NA,Y,NA,D,NA,0,0,1,0,0,0,0,0,0,-,-,NA,NA,LOS ANGELES,LONG BEACH,-118.13262939453124,33.78261184692383
9343788,2021,2021-11-01,1941,2021-09-29,1822,11632,NA,3,5,7,1941,0,0,0,NA,0,NA,OCEAN BL,LINDEN AV,0,NA,Y,A,-,N,NA,NA,NA,NA,NA,NA,NA,NA,NA,Y,3,0,2,2,A,-,09,21801,A,N,H,C,A,A,H,-,B,A,0,NA,NA,NA,NA,Y,NA,A,NA,0,1,1,0,0,0,0,0,0,-,-,NA,NA,LOS ANGELES,LONG BEACH,-118.18636322021484,33.76646041870117
9343789,2021,2021-11-01,1941,2021-09-29,1956,11654,NA,3,5,7,1941,0,0,0,NA,0,NA,3RD ST,WALNUT AV,0,NA,Y,A,-,N,NA,NA,NA,NA,NA,NA,NA,NA,NA,Y,3,0,1,2,A,-,09,21802,NA,N,D,C,A,A,H,-,C,A,0,NA,NA,NA,NA,Y,NA,A,NA,0,1,0,0,0,0,0,0,0,-,-,NA,NA,LOS ANGELES,LONG BEACH,-118.17201995849608,33.76954650878906
9344195,2021,2021-10-08,1900,2021-08-19,1326,541571,2603,4,5,6,1950,0,0,0,NA,0,263T1,SIERRA HWY,HAROLD CEDAR AV,83,S,N,A,-,N,NA,NA,NA,NA,NA,NA,NA,NA,NA,Y,4,0,3,2,A,-,03,22350,A,N,C,C,A,A,D,E,A,A,0,NA,NA,NA,NA,Y,NA,A,01,0,0,3,0,0,0,0,0,0,-,-,34.5447883605957,-118.10888671875,LOS ANGELES,PALMDALE,NA,NA
9344196,2021,2021-10-08,1900,2021-08-22,2127,491337,2610,7,5,6,1950,0,0,0,NA,0,264T1,AVENUE R,SIERRA HWY,0,NA,Y,A,-,N,NA,NA,NA,NA,NA,NA,NA,NA,NA,N,3,0,1,2,A,-,03,22350,NA,N,C,C,A,A,H,-,C,A,0,NA,NA,NA,NA,Y,NA,A,07,0,1,0,0,0,0,0,0,0,-,-,34.57263946533203,-118.1152572631836,LOS ANGELES,PALMDALE,-118.11551666259766,34.57258987426758
9344197,2021,2021-10-19,1900,2021-08-13,1420,629486,2610,5,5,6,1950,0,0,0,NA,0,264T1,AVENUE Q,18TH ST EAST,0,NA,Y,A,-,N,NA,NA,NA,NA,NA,NA,NA,NA,NA,N,4,0,1,2,A,-,17,22109,NA,N,C,C,A,A,H,-,A,D,0,NA,NA,NA,NA,Y,NA,A,07,0,0,1,0,0,0,0,0,0,-,-,34.587398529052734,-118.09683990478516,LOS ANGELES,PALMDALE,-118.09647369384766,34.587432861328125
9344198,2021,2021-10-08,1900,2021-08-06,1710,527381,2619,5,5,6,1950,0,0,0,NA,0,263T1,SIERRA HWY,RANCHO VISTA BL,0,NA,Y,A,-,N,NA,NA,NA,NA,NA,NA,NA,NA,NA,N,4,0,1,2,A,-,04,21703,NA,N,C,C,A,A,H,-,A,D,0,NA,NA,NA,NA,Y,NA,A,01,0,0,1,0,0,0,0,0,0,-,-,34.601341247558594,-118.1213836669922,LOS ANGELES,PALMDALE,-118.12130737304688,34.60181427001953
9344199,2021,2021-10-08,1900,2021-08-06,1800,527381,2610,5,5,6,1950,0,0,0,NA,0,263T1,11TH ST EAST,AVENUE Q,0,NA,Y,A,-,N,NA,NA,NA,NA,NA,NA,NA,NA,NA,N,4,0,1,3,A,-,01,23152,A,N,D,C,A,A,H,-,A,A,0,NA,NA,NA,NA,Y,NA,A,01,0,0,1,0,0,0,0,0,0,-,-,34.587249755859375,-118.10973358154295,LOS ANGELES,PALMDALE,-118.10975646972656,34.58729553222656
9344200,2021,2021-10-08,1900,2021-08-21,1757,538684,2608,6,5,6,1950,0,0,0,NA,0,264T1,AVENUE R-12,35TH ST EAST,0,NA,Y,A,-,N,NA,NA,NA,NA,NA,NA,NA,NA,NA,N,3,0,1,2,A,-,08,22107,NA,M,B,C,A,A,H,-,A,A,0,NA,NA,NA,NA,Y,NA,-,99,0,1,0,0,0,0,0,0,0,-,-,NA,NA,LOS ANGELES,PALMDALE,-118.06723785400392,34.56182861328125
9344261,2021,2021-10-30,1900,2021-08-20,1820,527381,2607,5,5,6,1950,0,0,0,NA,0,264T1,47TH ST EAST,STARGAZER PL,0,NA,Y,A,-,N,NA,NA,NA,NA,NA,NA,NA,NA,NA,Y,4,0,1,3,A,-,03,22350,NA,N,C,C,A,A,H,-,A,D,0,NA,NA,NA,NA,Y,Y,D,22,0,0,1,0,0,0,0,0,0,-,-,34.5453987121582,-118.04528045654295,LOS ANGELES,PALMDALE,-118.04528045654295,34.54530334472656
9344285,2021,2021-10-28,1907,2021-07-23,0504,246,1,5,5,4,1907,0,0,0,NA,0,NA,GAGE AV,CORONA AV,70,E,N,A,-,N,NA,NA,NA,NA,NA,NA,NA,NA,NA,Y,4,0,2,2,A,-,17,23109,A,N,C,C,A,A,H,-,C,D,0,NA,NA,NA,NA,Y,NA,A,01,0,0,2,0,0,0,0,0,0,-,-,33.978858947753906,-118.19486236572266,LOS ANGELES,BELL,-118.19612884521484,33.979000091552734
9344287,2021,2021-10-21,1907,2021-09-03,0050,225,1,5,5,4,1907,0,0,0,NA,0,NA,FLORENCE AV,ATLANTIC AV,0,NA,Y,A,-,N,NA,NA,NA,NA,NA,NA,NA,NA,NA,Y,4,0,3,5,A,-,01,23152,A,M,D,C,A,A,H,-,C,A,0,NA,NA,NA,NA,Y,Y,D,22,0,0,3,0,0,0,0,0,0,-,-,33.97058868408203,-118.18843841552734,LOS ANGELES,BELL,-118.18819427490234,33.97031021118164
9344289,2021,2021-10-21,1907,2021-09-08,1300,253,2,3,5,4,1907,0,0,0,NA,0,NA,ATLANTIC AV,GAGE AV,376,S,N,A,-,N,NA,NA,NA,NA,NA,NA,NA,NA,NA,N,3,0,1,2,B,-,22,NA,NA,N,H,G,A,A,H,-,A,D,0,NA,Y,NA,NA,Y,NA,-,-,0,1,0,0,0,0,1,0,0,-,-,33.97673034667969,-118.18679809570313,LOS ANGELES,BELL,-118.18719482421876,33.976985931396484
9344290,2021,2021-10-21,1931,2021-09-27,0454,5340,1931,1,5,5,1931,0,0,0,NA,0,001,ALAMEDA ST,64TH ST,0,NA,Y,A,-,N,NA,NA,NA,NA,NA,NA,NA,NA,NA,Y,4,0,1,2,A,-,09,21802,A,N,D,C,A,A,H,-,C,A,0,NA,NA,NA,Y,Y,NA,F,26,0,0,1,0,0,0,0,0,0,-,-,NA,NA,LOS ANGELES,HUNTINGTON PARK,-118.23612213134766,33.98114776611328
9344292,2021,2021-10-21,1931,2021-02-17,2052,5333,1931,3,5,5,1931,0,0,0,NA,0,002,MAYWOOD AV,61ST PL,37,S,N,A,-,N,NA,NA,NA,NA,NA,NA,NA,NA,NA,N,3,0,1,2,A,-,11,21954,A,N,G,B,D,A,H,-,C,D,0,Y,NA,NA,NA,Y,NA,A,01,0,1,0,0,1,0,0,0,0,-,-,NA,NA,LOS ANGELES,HUNTINGTON PARK,-118.20263671875,33.984188079833984
9344321,2021,2021-10-08,1900,2021-08-17,1405,625587,2612,2,5,6,1950,0,0,0,NA,0,263T1,30TH ST WEST,AVENUE 0-8,0,NA,Y,A,-,N,NA,NA,NA,NA,NA,NA,NA,NA,NA,Y,4,0,2,2,A,-,09,21801,A,N,D,C,A,A,H,-,A,D,0,NA,NA,NA,NA,Y,NA,A,01,0,0,2,0,0,0,0,0,0,-,-,34.609100341796875,-118.18350219726564,LOS ANGELES,PALMDALE,-118.1831512451172,34.60176086425781
9344336,2021,2021-12-06,1942,2021-10-03,1515,39889,0245,7,5,7,1942,0,0,0,B,0,24MQ39,6TH ST,ALVARADO ST,211,E,N,A,-,N,NA,NA,NA,NA,NA,NA,NA,NA,NA,N,2,0,2,3,A,-,00,21952,A,N,G,B,F,A,H,-,A,D,0,Y,NA,NA,NA,Y,NA,M,94,1,1,0,0,2,0,0,0,0,-,-,NA,NA,LOS ANGELES,LOS ANGELES,-118.27425384521484,34.059268951416016
9344368,2021,2021-10-18,1900,2021-09-01,1750,526902,2924,3,5,5,1990,0,0,0,NA,0,292K3,BRIDGE GATE DR,VALLEY VISTA DR,558,E,N,A,-,N,NA,NA,NA,NA,NA,NA,NA,NA,NA,Y,4,0,1,1,A,-,03,22350,NA,N,A,I,A,A,H,-,A,-,0,NA,NA,NA,NA,Y,NA,A,01,0,0,1,0,0,0,0,0,0,-,-,33.99359893798828,-117.83859252929688,LOS ANGELES,DIAMOND BAR,-117.83848571777344,33.99428176879883
9344369,2021,2021-10-15,1900,2021-09-26,0155,516509,2917,7,5,4,1974,0,0,0,NA,0,291K3,HEATON MOOR DR,CONWAY SPRINGS RD,24,N,N,A,-,N,NA,NA,NA,NA,NA,NA,NA,NA,NA,Y,3,0,1,1,A,-,01,23152,A,N,E,I,A,A,H,-,A,D,0,NA,NA,NA,NA,Y,Y,A,01,0,1,0,0,0,0,0,0,0,-,-,34.032630920410156,-117.87628936767578,LOS ANGELES,WALNUT,-117.87630462646484,34.03269577026367
9344377,2021,2021-10-15,1961,2021-09-15,1535,10465,1961,3,5,3,1961,0,0,0,NA,0,003,SAN FERNANDO RD,WORKMAN ST,0,NA,Y,A,-,N,NA,NA,NA,NA,NA,NA,NA,NA,NA,N,3,0,1,2,A,-,09,21801,A,N,A,C,A,A,H,-,A,A,0,NA,NA,NA,NA,Y,NA,A,07,0,1,0,0,0,0,0,0,0,-,-,NA,NA,LOS ANGELES,SAN FERNANDO,-118.44544982910156,34.28649139404297
9344379,2021,2021-10-15,1961,2021-09-16,1800,10418,1961,4,5,3,1961,0,0,0,NA,0,001,NORTH MACLAY AV,GLENOAKS BL,0,NA,Y,A,-,N,NA,NA,NA,NA,NA,NA,NA,NA,NA,N,3,0,1,2,A,-,10,21950,A,N,G,G,A,A,H,-,A,A,0,NA,Y,NA,NA,Y,NA,A,01,0,1,0,0,0,0,1,0,0,-,-,NA,NA,LOS ANGELES,SAN FERNANDO,-118.43036651611328,34.29131317138672
9344380,2021,2021-11-03,1961,2021-09-25,0000,10418,1961,6,5,3,1961,0,0,0,NA,0,001,HUBBARD ST,HUBBARD ST 56,0,NA,Y,A,-,N,NA,NA,NA,NA,NA,NA,NA,NA,NA,N,2,0,1,2,D,-,00,NA,NA,F,G,G,A,A,H,-,C,D,0,NA,Y,NA,NA,Y,NA,-,-,1,0,0,0,0,0,1,0,0,-,-,NA,NA,LOS ANGELES,SAN FERNANDO,-118.45029449462892,34.28980255126953
9344426,2021,2021-10-18,1906,2021-08-04,0647,2848,EAST,3,5,5,1906,0,0,0,NA,0,001,RAMONA BL,FOSTER AV,0,NA,Y,A,-,N,NA,NA,NA,NA,NA,NA,NA,NA,NA,N,3,0,1,2,A,-,12,21453,A,N,D,C,A,A,H,-,A,A,0,NA,NA,NA,NA,Y,NA,A,07,0,1,0,0,0,0,0,0,0,-,-,NA,NA,LOS ANGELES,BALDWIN PARK,-117.98101043701172,34.0815315246582
9344437,2021,2021-11-10,1942,2021-09-28,1925,36698,0192,2,5,7,1942,0,0,0,A,0,24TL32,GRAND AV,17TH ST,0,NA,Y,B,-,N,NA,NA,NA,NA,NA,NA,NA,NA,NA,Y,3,0,1,2,A,-,17,21657,NA,M,D,C,A,-,H,-,C,A,0,NA,NA,Y,NA,Y,NA,C,02,0,1,0,0,0,0,0,0,1,-,-,NA,NA,LOS ANGELES,LOS ANGELES,-118.29022216796876,33.72877883911133
9344440,2021,2021-11-04,1942,2021-09-24,0950,33452,0143,5,5,7,1942,0,0,0,A,0,24TL22,5TH ST,SPRING ST,100,W,N,A,E,N,NA,NA,NA,NA,NA,NA,NA,NA,NA,N,4,0,1,2,A,-,06,21750,NA,N,B,C,A,A,G,-,A,D,0,NA,NA,NA,NA,Y,NA,A,01,0,0,1,0,0,0,0,0,0,-,-,NA,NA,LOS ANGELES,LOS ANGELES,-118.24988555908205,34.04756164550781
9344446,2021,2021-11-03,1942,2021-09-15,0123,38171,1367,3,5,7,1942,0,0,0,M,0,24T33,ALAMEDA ST,50TH ST,0,NA,N,A,D,N,NA,NA,NA,NA,NA,NA,NA,NA,NA,Y,3,0,1,1,A,-,01,23152,A,N,E,I,A,A,H,-,D,D,0,NA,NA,NA,NA,Y,Y,D,22,0,1,0,0,0,0,0,0,0,-,-,NA,NA,LOS ANGELES,LOS ANGELES,-118.23870086669922,33.99803924560547
9344447,2021,2021-11-04,1942,2021-09-24,1545,35273,0235,5,5,7,1942,0,0,0,B,0,24MQ33,ALVARADO ST,VALLEY BL,320,N,N,A,-,N,NA,NA,NA,NA,NA,NA,NA,NA,NA,Y,4,0,1,2,A,-,07,21658,A,N,B,E,A,A,H,-,A,A,0,NA,NA,NA,NA,Y,NA,I,20,0,0,1,0,0,0,0,0,0,-,-,NA,NA,LOS ANGELES,LOS ANGELES,-118.27101135253906,34.06561279296875
9344455,2021,2021-10-14,1900,2021-09-01,0534,531724,1513,3,5,5,1954,0,0,0,NA,0,151T3,PICO RIVERA,ROSEMEAD BL,427,W,N,A,-,N,NA,NA,NA,NA,NA,NA,NA,NA,NA,Y,3,0,1,2,A,-,08,22107,NA,F,D,C,A,A,H,-,B,D,0,NA,NA,Y,NA,Y,NA,D,22,0,1,0,0,0,0,0,0,1,-,-,33.983978271484375,-118.09832763671876,LOS ANGELES,PICO RIVERA,-118.10291290283205,33.97458267211914
9344457,2021,2021-11-02,1900,2021-09-14,0004,654611,2116,2,5,5,1943,0,0,0,NA,0,212T4,LONG BEACH BL,MARTIN LUTHER KING BL,0,NA,Y,A,-,N,NA,NA,NA,NA,NA,NA,NA,NA,NA,N,4,0,1,3,A,-,-,NA,NA,F,C,-,A,A,H,-,C,A,0,NA,NA,NA,NA,Y,NA,A,01,0,0,1,0,0,0,0,0,0,-,-,NA,NA,LOS ANGELES,LYNWOOD,-118.2136001586914,33.93684005737305
9344460,2021,2021-10-25,1900,2021-09-14,1500,618405,2112,2,5,5,1943,0,0,0,NA,0,212T3,IMPERIAL HWY,OTIS ST,0,NA,Y,A,-,N,NA,NA,NA,NA,NA,NA,NA,NA,NA,Y,3,0,2,2,A,-,09,21801,A,N,D,C,A,A,H,-,A,A,0,NA,NA,NA,NA,Y,NA,A,01,0,1,1,0,0,0,0,0,0,-,-,NA,NA,LOS ANGELES,LYNWOOD,-118.19892120361328,33.93201446533203
9344461,2021,2021-11-02,1900,2021-09-16,1536,548515,2116,4,5,5,1943,0,0,0,NA,0,212T3,LONG BEACH BL,BURTON,25,N,N,A,-,N,NA,NA,NA,NA,NA,NA,NA,NA,NA,Y,4,0,1,3,A,-,03,22350,NA,F,C,C,A,A,H,-,A,D,0,NA,NA,NA,Y,Y,NA,F,27,0,0,1,0,0,0,0,0,0,-,-,NA,NA,LOS ANGELES,LYNWOOD,-118.20936584472656,33.91593933105469
9344464,2021,2021-11-03,1900,2021-09-25,1957,548515,2111,6,5,5,1943,0,0,0,NA,0,212T3,IMPERIAL HWY,LONG BEACH BL,0,NA,Y,A,-,N,NA,NA,NA,NA,NA,NA,NA,NA,NA,Y,3,0,2,3,A,-,09,21801,A,N,D,C,A,A,H,-,C,A,0,NA,NA,NA,NA,Y,NA,D,22,0,1,1,0,0,0,0,0,0,-,-,NA,NA,LOS ANGELES,LYNWOOD,-118.21165466308594,33.930503845214844
9344477,2021,2021-11-03,1942,2021-09-04,1315,42065,2088,6,5,7,1942,0,0,0,NA,0,27TL48,WASHINGTON BL,MENLO AV,40,E,N,A,-,N,NA,NA,NA,NA,NA,NA,NA,NA,NA,N,2,0,1,2,A,-,11,21954,A,N,G,B,D,A,H,-,A,A,0,Y,NA,NA,NA,Y,NA,N,60,1,0,0,0,1,0,0,0,0,-,-,NA,NA,LOS ANGELES,LOS ANGELES,-118.29048919677734,34.040008544921875
9344526,2021,2021-12-07,1942,2021-09-03,0953,30452,9071,5,5,7,1942,0,0,0,NA,0,26TL24,VENTURA BL,SEPULVEDA BL,10,E,N,A,-,N,NA,NA,NA,NA,NA,NA,NA,NA,NA,N,4,0,1,2,A,-,07,21658,A,N,D,C,A,A,H,-,A,A,0,NA,NA,NA,NA,Y,NA,A,01,0,0,1,0,0,0,0,0,0,-,-,NA,NA,LOS ANGELES,LOS ANGELES,-118.46617126464844,34.15382385253906
9344527,2021,2021-11-16,1942,2021-09-09,0815,30452,0932,4,5,7,1942,0,0,0,I,0,26TL24,VICTORY BL,KESTER AV,390,E,N,A,-,N,NA,NA,NA,NA,NA,NA,NA,NA,NA,N,4,0,3,2,D,-,00,NA,NA,N,C,C,A,A,H,-,A,D,0,NA,NA,NA,NA,Y,NA,-,-,0,0,3,0,0,0,0,0,0,-,-,NA,NA,LOS ANGELES,LOS ANGELES,-118.45616149902344,34.18666076660156
9344529,2021,2021-11-05,1942,2021-09-20,1510,33294,1728,1,5,7,1942,0,0,0,Q,0,26M37,RESEDA AV,CHATSWORTH ST,75,N,N,A,-,N,NA,NA,NA,NA,NA,NA,NA,NA,NA,Y,4,0,1,3,A,-,03,22350,NA,N,C,C,A,A,H,-,A,A,0,NA,NA,NA,Y,Y,NA,F,27,0,0,1,0,0,0,0,0,0,-,-,NA,NA,LOS ANGELES,LOS ANGELES,-118.5361099243164,34.264747619628906
9344530,2021,2021-12-17,1942,2021-09-21,2120,44366A,2114,2,5,7,1942,0,0,0,NA,0,21A5,STRATHERN ST,TOPANGA CANYON BL,350,E,N,A,-,N,NA,NA,NA,NA,NA,NA,NA,NA,NA,N,2,0,1,2,A,-,11,21954,A,N,G,B,D,A,H,-,D,D,0,Y,NA,NA,NA,Y,NA,N,60,1,0,0,0,1,0,0,0,0,-,-,NA,NA,LOS ANGELES,LOS ANGELES,-118.60483551025392,34.21553039550781